y_real,y_pred_orig,y_pred_clean,residuo_orig,residuo_clean
893999.9999999998,755247.9081377443,804509.4782867696,138752.09186225547,89490.52171323018
165000.00000000015,133291.65174455664,126488.18486506803,31708.348255443503,38511.81513493211
1150000.0000000005,747370.2844526432,727750.469011258,402629.7155473572,422249.5309887425
202055.0,355823.0544793826,372037.11342128593,-153768.05447938258,-169982.11342128593
175000.00000000012,350643.9713965494,367118.5836443141,-175643.97139654926,-192118.58364431397
213630.00000000003,277130.5480335827,281098.55040491966,-63500.54803358266,-67468.55040491963
123050.00000000004,148960.5804351827,145754.31133459046,-25910.580435182652,-22704.311334590413
253000.0000000001,322643.5416939701,302186.874445889,-69643.54169397001,-49186.87444588894
389000.00000000035,338481.9618585735,338505.3702902125,50518.03814142686,50494.62970978784
1429999.9999999995,681711.0157509154,700420.6031256183,748288.9842490841,729579.3968743812
339999.99999999994,334562.75171972247,311348.6290416428,5437.248280277476,28651.370958357118
132990.00000000003,138421.55145384846,147903.00287455184,-5431.551453848428,-14913.002874551807
884000.0000000002,258565.7481291944,236524.95831125884,625434.2518708059,647475.0416887414
649999.9999999995,296219.6860199629,309039.5952805121,353780.31398003665,340960.4047194874
296800.00000000006,264104.3702370573,269494.98300971696,32695.629762942786,27305.016990283097
294999.9999999998,210216.8512359833,204887.8700652483,84783.14876401651,90112.12993475152
148000.00000000015,225245.96754804882,209443.14086175765,-77245.96754804868,-61443.14086175751
1200000.0000000005,485817.01398448844,495260.65286323876,714182.986015512,704739.3471367618
287999.9999999999,164312.19542750577,161054.02882355126,123687.80457249412,126945.97117644863
367500.0000000003,253896.77828591122,248052.7074376035,113603.22171408907,119447.29256239679
610000.0000000005,481223.4871655,511969.1736440361,128776.51283450046,98030.82635596435
97710.00000000001,170499.58558222384,182465.18047282525,-72789.58558222382,-84755.18047282523
99000.00000000004,167429.2458523871,156261.43783836116,-68429.24585238706,-57261.43783836112
374399.9999999999,190966.74579912508,197143.5900455478,183433.2542008748,177256.40995445207
912999.9999999992,741287.4527937168,799476.2050115998,171712.54720628238,113523.79498839937
375000.00000000006,440464.35542036034,494943.70429725654,-65464.35542036028,-119943.70429725648
225000.00000000015,363283.15585763013,373813.409638632,-138283.15585763,-148813.40963863183
588000.0,185359.12874474135,194172.7745543883,402640.8712552587,393827.2254456117
1320000.000000001,827420.3590522058,894609.9232923584,492579.6409477951,425390.0767076425
490000.0,247457.1361155288,264022.7168971751,242542.8638844712,225977.28310282488
634999.9999999997,227767.76376105918,227624.0727307366,407232.2362389405,407375.9272692631
259999.9999999998,172270.69121313601,166241.5675370457,87729.30878686378,93758.43246295411
304999.99999999977,214783.30401485832,217976.41440292922,90216.69598514144,87023.58559707055
469699.99999999977,123903.45143562694,124508.14417341277,345796.5485643728,345191.855826587
157999.99999999997,170054.78367738973,178587.82874027136,-12054.783677389758,-20587.82874027139
577500.0000000001,178132.539285912,181973.05821343677,399367.4607140881,395526.9417865634
86999.99999999994,115411.93131258493,108684.70977549198,-28411.931312584988,-21684.70977549204
471999.9999999998,349659.8500107567,369536.5075830197,122340.14998924313,102463.49241698015
440000.0000000002,441721.21619079006,418705.93572713045,-1721.2161907898844,21294.064272869728
139000.00000000003,181996.9774999658,169364.66172437975,-42996.97749996578,-30364.661724379723
1459999.999999999,662839.4102696637,694372.0774885786,797160.5897303354,765627.9225114204
142000.0,270916.2161810807,263710.63675648125,-128916.21618108067,-121710.63675648125
385000.00000000023,222441.86956923475,218747.35294710545,162558.13043076548,166252.64705289478
205000.0,201902.8253824706,204522.95699625983,3097.17461752941,477.0430037401675
1284999.999999999,904504.5577713739,941265.0904822509,380495.4422286252,343734.90951774816
311444.9999999999,312555.83994315274,308372.8908816308,-1110.8399431528524,3072.1091183690587
231999.99999999997,194104.22462293954,196915.54571316417,37895.77537706043,35084.4542868358
244600.00000000006,211060.36199184568,221824.33916311886,33539.638008154376,22775.6608368812
80000.0,89030.54161296981,85183.01688096538,-9030.541612969813,-5183.016880965384
183000.00000000012,190150.23711021655,180394.99222666692,-7150.2371102164325,2605.0077733332
624000.0000000006,294595.5083096378,321528.3055300959,329404.4916903628,302471.6944699047
159999.99999999997,128414.99025088774,122625.96848779345,31585.00974911223,37374.03151220652
215000.0,263272.37981370004,247737.9863379693,-48272.37981370004,-32737.986337969312
343000.00000000006,216675.58809673553,228967.75123632865,126324.41190326452,114032.2487636714
594999.9999999997,289855.9317324034,305403.36037695076,305144.06826759625,289596.6396230489
255000.0000000001,573249.4173279982,552420.6043374204,-318249.4173279981,-297420.6043374203
278000.0000000002,311588.4274068433,318940.9059938489,-33588.42740684311,-40940.90599384875
106499.99999999996,172955.95527089058,166746.60287725762,-66455.95527089063,-60246.60287725767
304999.99999999977,343341.8233155548,349547.47133069753,-38341.823315555055,-44547.471330697765
890999.9999999994,922858.4010598591,1002310.9920905037,-31858.401059859665,-111310.99209050427
339999.99999999994,758620.2921633256,746305.7224652605,-418620.29216332565,-406305.7224652606
390000.00000000035,150419.86996090543,153963.69304440607,239580.13003909492,236036.30695559428
354999.9999999998,344593.1455038702,358613.3966315176,10406.854496129614,-3613.396631517797
287000.0000000001,217393.06938465676,222309.2986616784,69606.93061534336,64690.70133832173
90000.00000000001,195276.9496051655,196323.6074911551,-105276.94960516547,-106323.60749115508
120000.00000000004,164782.21477477322,172214.96106402398,-44782.21477477318,-52214.96106402394
364000.00000000006,337166.4988979417,369911.48411324737,26833.501102058333,-5911.484113247308
355900.0000000001,347728.37790564424,354416.25271277234,8171.622094355873,1483.7472872277722
249999.9999999998,283882.92088494916,304400.3103716438,-33882.92088494936,-54400.31037164401
485999.9999999996,204331.97724790414,209013.80156679003,281668.0227520955,276986.19843320956
170000.00000000012,394708.08145688433,391753.82032699033,-224708.08145688422,-221753.82032699022
85500.00000000006,126965.74050266246,124042.23483875333,-41465.740502662404,-38542.23483875327
1590000.000000001,619969.3775191528,746577.1828685943,970030.6224808481,843422.8171314066
129099.99999999994,165203.1944128621,170039.7350333101,-36103.194412862154,-40939.735033310164
398999.99999999977,360619.37096617016,332809.9585886273,38380.62903382961,66190.04141137248
166400.00000000003,149953.7045911532,144087.46611156737,16446.29540884684,22312.533888432663
1140000.0000000002,853054.1075838418,847568.8950424517,286945.89241615846,292431.10495754855
250999.99999999988,209102.11952681892,221204.33316096378,41897.880473180965,29795.6668390361
289998.9999999999,282654.5789626013,284808.8155548194,7344.42103739857,5190.1844451804645
181000.00000000006,295606.1620957908,293140.163723731,-114606.16209579073,-112140.16372373095
594999.9999999997,207505.8275403446,212377.99755606946,387494.1724596551,382622.0024439302
785000.0000000006,357864.9077811956,379665.227573809,427135.092218805,405334.7724261916
121000.00000000003,132558.33527419032,125425.11179910552,-11558.335274190293,-4425.1117991054925
329000.0000000003,215991.02100412783,229784.42271516728,113008.97899587246,99215.57728483301
180000.00000000003,255879.23297017996,260631.92270842512,-75879.23297017993,-80631.92270842509
127999.99999999997,250845.36939901795,253632.47904198366,-122845.36939901797,-125632.4790419837
284999.99999999994,158000.3078269508,151111.74543071564,126999.69217304914,133888.2545692843
223650.0,237504.8164442753,254756.07534679896,-13854.81644427529,-31106.075346798956
181049.99999999985,158863.302884828,159538.30019192398,22186.697115171846,21511.69980807588
227000.0,295908.3484766732,282238.0351258494,-68908.34847667319,-55238.03512584942
341000.0000000002,473929.17396425345,465902.58439240645,-132929.17396425328,-124902.58439240628
177999.99999999994,93495.86705580499,89273.78983809245,84504.13294419495,88726.2101619075
349999.9999999997,274839.8208865379,260839.43416918954,75160.17911346181,89160.56583081017
385000.00000000023,358895.0912062942,338088.96488924837,26104.90879370604,46911.035110751865
805999.9999999997,315358.7751194923,330983.62950943434,490641.22488050733,475016.3704905653
416000.0,249789.77285398357,238339.76180765504,166210.22714601643,177660.23819234496
711000.0000000001,446436.28034752386,433099.4754541755,264563.71965247625,277900.5245458246
116999.99999999991,140333.82989270624,133943.198211241,-23333.82989270633,-16943.198211241077
780000.0000000001,368916.9979809377,366471.3525595655,411083.0020190624,413528.6474404346
343999.99999999977,243120.61333909526,245317.41097757738,100879.3866609045,98682.58902242238
554000.0,443558.3368517573,440478.08332726243,110441.66314824269,113521.91667273757
112999.99999999993,154132.17522802143,143504.85266948957,-41132.1752280215,-30504.852669489643
306499.9999999999,178132.38674049432,187184.84868204576,128367.61325950557,119315.15131795412
473000.00000000006,496199.6213307399,532680.459418151,-23199.621330739814,-59680.45941815089
790000.0000000003,348632.6024202265,356259.0865507616,441367.39757977385,433740.91344923875
714999.9999999995,304062.15599379555,294321.5839839872,410937.844006204,420678.4160160123
698999.9999999995,249737.57903930097,234258.55517305798,449262.42096069857,464741.4448269416
468999.9999999998,191192.1234183745,187628.89484170778,277807.8765816253,281371.10515829205
620000.0000000005,236525.28792733606,235075.19651653626,383474.7120726644,384924.8034834642
96999.99999999999,119835.05229468284,119640.4154763805,-22835.052294682857,-22640.415476380513
39989.99999999999,131237.23266874882,134955.3658670112,-91247.23266874882,-94965.36586701119
390999.99999999977,604425.7855252208,610013.6381212295,-213425.78552522103,-219013.6381212297
398999.99999999977,316547.12270348036,303625.5768496471,82452.87729651941,95374.42315035267
169000.00000000012,215334.69368719574,216215.88276348013,-46334.69368719563,-47215.88276348001
188999.99999999988,200747.80719152107,198465.38749927792,-11747.807191521191,-9465.387499278033
240000.00000000003,224257.14796059227,211558.9845207457,15742.852039407764,28441.015479254333
158999.99999999997,137499.92532109126,130203.07855740214,21500.074678908713,28796.921442597828
53599.99999999999,202507.8801247328,213421.3930322652,-148907.8801247328,-159821.3930322652
530000.0000000003,363000.93481803895,416413.50611286255,166999.0651819614,113586.4938871378
84499.99999999994,153107.547492139,154303.33934396104,-68607.54749213907,-69803.3393439611
263749.99999999994,317345.6808533026,333606.72305920254,-53595.68085330265,-69856.7230592026
208740.00000000015,154982.38776923213,157966.93648458915,53757.61223076802,50773.06351541099
86000.00000000001,119502.52625152303,117807.04481830302,-33502.52625152301,-31807.04481830301
212000.00000000017,165001.21804565538,167887.6737036896,46998.7819543448,44112.32629631058
249000.00000000006,274873.5828209083,274194.42007581017,-25873.582820908225,-25194.420075810107
899999.9999999995,1144801.354869461,1158013.9085841107,-244801.3548694614,-258013.90858411114
49000.00000000002,130472.55570777791,130318.14015207818,-81472.55570777788,-81318.14015207815
78840.00000000004,115063.26066913409,110200.46715713851,-36223.26066913405,-31360.467157138468
235000.0,199164.27698463178,201726.82925405356,35835.72301536822,33273.17074594644
716000.0000000003,533295.2882900775,532884.1353945569,182704.71170992288,183115.86460544344
169000.00000000012,372359.18696155935,390937.19203892356,-203359.18696155923,-221937.19203892344
132499.9999999999,233892.15990500452,223525.9373768063,-101392.1599050046,-91025.9373768064
197500.0,529783.1042584449,597480.4720852505,-332283.10425844486,-399980.47208525054
989999.9999999992,1197215.031183501,1309716.957661537,-207215.03118350182,-319716.9576615378
875000.0,471513.238066499,483762.41080583126,403486.761933501,391237.58919416874
637999.9999999997,421591.1009731741,436792.7753634561,216408.89902682556,201207.22463654354
239000.00000000003,231503.57143841079,229480.8841603762,7496.428561589244,9519.115839623817
95000.00000000001,171794.07680577147,176252.9663046738,-76794.07680577146,-81252.9663046738
249000.00000000006,301837.86361900135,304483.9233010133,-52837.86361900129,-55483.923301013245
484000.0000000002,237437.21473028036,242233.31032270295,246562.7852697198,241766.68967729722
211149.99999999994,144068.79654828596,141930.08111515446,67081.20345171398,69219.91888484548
112000.00000000004,168653.56706877702,165667.0105141173,-56653.567068776974,-53667.01051411727
283500.0000000002,194901.34523896637,192292.86964166453,88598.6547610338,91207.13035833565
379000.0000000002,195449.41869498923,191681.0574389966,183550.58130501094,187318.94256100358
649999.9999999995,355347.3360939299,400883.3504337168,294652.66390606965,249116.64956628275
175000.00000000012,126665.23076824925,120842.75004044625,48334.76923175086,54157.24995955387
157500.00000000006,242686.59803514855,257452.14419999835,-85186.59803514849,-99952.14419999829
263000.0000000002,554065.2359674698,534911.8017877222,-291065.2359674696,-271911.801787722
680000.0000000003,691414.0627514152,684375.7101443914,-11414.062751414836,-4375.710144391051
99000.00000000004,230781.47892635234,240692.1683096608,-131781.47892635228,-141692.16830966074
984999.9999999994,243199.97981107212,245500.9749105799,741800.0201889273,739499.0250894194
1115000.0000000007,1092002.950948393,1103282.2942778177,22997.049051607726,11717.70572218299
158999.99999999997,255299.3835971065,253405.42647485016,-96299.38359710653,-94405.42647485019
328000.0000000002,120208.5922514105,118450.94343264571,207791.40774858967,209549.05656735448
398999.99999999977,181993.3071444483,183913.6089344662,217006.69285555146,215086.39106553356
398999.99999999977,268884.66303949815,270550.93315285613,130115.33696050162,128449.06684714364
275000.0000000002,225486.8060013596,217883.05542630272,49513.19399864058,57116.94457369746
98000.00000000003,148099.7188464285,146558.77062379345,-50099.71884642847,-48558.77062379342
235000.0,220385.16889994877,213686.27504324677,14614.831100051233,21313.724956753227
364999.99999999977,283381.2556066334,326536.99431310367,81618.74439336639,38463.0056868961
235000.0,122223.55900574377,119800.09414395796,112776.44099425623,115199.90585604204
210000.0,272535.78380407614,280709.98123240116,-62535.78380407614,-70709.98123240116
320999.9999999999,165440.45156066722,186482.3852751688,155559.54843933266,134517.61472483107
215999.99999999985,197848.97786311005,178881.47439993283,18151.022136889806,37118.52560006702
208000.00000000003,196764.83641089566,198613.67014638282,11235.16358910437,9386.329853617208
155000.00000000012,151980.28702480096,164147.22109434532,3019.7129751991597,-9147.221094345208
435999.99999999965,381949.92781957274,390634.4299322624,54050.07218042691,45365.57006773725
1200000.0000000005,832164.4597887177,910343.2121430896,367835.5402112828,289656.78785691084
71999.99999999996,113034.7816065335,105074.99944540209,-41034.78160653355,-33074.999445402136
162999.99999999988,130251.37220806704,135386.10085357018,32748.627791932842,27613.8991464297
243000.00000000003,158193.82383594284,154598.79172191856,84806.1761640572,88401.20827808147
664999.9999999995,625038.8103393294,657800.8618018548,39961.18966067012,7199.138198144734
203999.99999999985,201947.96769472182,205695.33175199022,2052.0323052780295,-1695.3317519903649
170000.00000000012,242839.6780283116,237440.89659440905,-72839.6780283115,-67440.89659440893
780000.0000000001,608492.1785188165,656991.5031348668,171507.82148118364,123008.49686513329
394000.0000000002,461447.9500996209,448627.8770519581,-67447.95009962074,-54627.87705195794
170399.9999999999,197370.75865807847,181605.6336361927,-26970.758658078557,-11205.633636192797
695000.0,660871.0617556402,667182.3028914076,34128.9382443598,27817.697108592372
297500.0000000002,238678.2942687379,254208.24020594638,58821.70573126228,43291.759794053796
445900.00000000006,374307.17180152144,386423.2661339842,71592.82819847862,59476.73386601586
396999.9999999998,450371.1109230359,419743.2610431544,-53371.11092303606,-22743.261043154576
749999.9999999998,377150.91089782474,389208.1933975287,372849.089102175,360791.80660247104
156000.0,241142.71346550662,227136.00436089296,-85142.71346550662,-71136.00436089296
1684999.9999999988,471174.23816802,502227.10491540644,1213825.7618319788,1182772.8950845925
184000.00000000015,166699.25229484035,165149.45757017832,17300.747705159796,18850.542429821828
99000.00000000004,110472.38299226004,115405.72267175687,-11472.382992259998,-16405.722671756826
244999.99999999997,232951.5058322029,244990.42505321192,12048.494167797064,9.57494678805233
185000.00000000006,286546.74752549996,279701.0032674773,-101546.7475254999,-94701.00326747727
252449.99999999994,282069.0701409436,289773.80727320357,-29619.07014094363,-37323.80727320362
133989.99999999994,167942.56164558002,163671.128138915,-33952.56164558008,-29681.128138915054
979999.9999999997,448741.83842951024,427935.13622589177,531258.1615704894,552064.8637741079
264000.00000000006,406011.7784356974,422961.48675172904,-142011.7784356973,-158961.48675172898
390000.00000000035,256963.2394348889,245186.8969775871,133036.76056511144,144813.10302241324
529000.0,413124.9232613323,394192.6485769362,115875.07673866767,134807.35142306378
249899.9999999999,210627.6680636736,202432.3367878454,39272.331936326314,47467.663212154526
170000.00000000012,168311.15727380247,166156.55910955224,1688.8427261976467,3843.440890447877
465900.0000000004,372931.308356969,385042.26930515555,92968.69164303143,80857.73069484485
131950.0000000001,158700.03997204461,159979.02816582058,-26750.039972044528,-28029.02816582049
128100.0,104423.61462277154,100977.01780779645,23676.385377228464,27122.982192203548
95000.00000000001,145971.65759805834,133052.24825423505,-50971.65759805833,-38052.24825423503
1680000.0000000005,900455.2064946014,910831.4189471422,779544.793505399,769168.5810528583
319000.0,199292.31599944303,208516.22320478587,119707.68400055697,110483.77679521413
899999.9999999995,1143395.73379238,1156546.4828525246,-243395.73379238043,-256546.48285252508
448999.99999999994,252217.63503064238,242561.21931006198,196782.36496935756,206438.78068993796
253199.9999999999,291915.37332013476,303059.11551869405,-38715.37332013485,-49859.11551869413
504000.00000000023,499834.19748560694,529168.1741496726,4165.80251439329,-25168.174149672384
287000.0000000001,199020.5475598409,203848.52839663214,87979.45244015922,83151.47160336797
191999.99999999997,156954.34334610016,157772.21932448458,35045.656653899816,34227.78067551539
157500.00000000006,290194.4151883861,291350.5143113851,-132694.41518838605,-133850.51431138505
112000.00000000004,209394.203166264,198735.9776394605,-97394.20316626395,-86735.97763946046
850000.0000000005,643911.2695381371,662637.0481475833,206088.73046186334,187362.9518524172
124000.00000000007,197403.12112119625,187989.452289489,-73403.12112119618,-63989.45228948894
398999.99999999977,356298.3738637027,373124.841409717,42701.62613629707,25875.15859028278
43999.99999999997,95989.93968760205,92657.33018597167,-51989.93968760208,-48657.3301859717
175900.0000000001,136751.91796251523,133048.71001262282,39148.082037484855,42851.28998737727
898999.9999999995,780668.4925164301,742882.0713379465,118331.50748356944,156117.92866205308
495000.0000000004,308299.58728108206,329574.1446914402,186700.41271891835,165425.8553085602
504000.00000000023,384534.40284938476,389937.50976307463,119465.59715061547,114062.4902369256
472289.9999999997,404930.60927892197,448776.16092353384,67359.39072107774,23513.83907646587
134999.99999999997,211283.21207067958,198824.2963943217,-76283.21207067961,-63824.29639432172
85500.00000000006,117330.5496568978,115719.09760938893,-31830.54965689774,-30219.097609388875
936000.0000000008,553327.584291548,573921.8772443685,382672.4157084528,362078.12275563227
68499.99999999999,138709.6820166047,139718.5794603093,-70209.68201660471,-71218.57946030931
567010.0000000002,295003.1558557189,292284.07600086584,272006.84414428135,274725.9239991344
243000.00000000003,377843.73583881697,366132.8127803818,-134843.73583881694,-123132.81278038179
283500.0000000002,222505.13188316624,232103.29862995213,60994.86811683394,51396.701370048046
199000.0000000001,142798.75350545187,150701.02294073402,56201.24649454822,48298.977059266064
357999.99999999977,527545.3053770046,512293.7675966624,-169545.30537700478,-154293.76759666263
250480.00000000003,230849.7324166212,245971.41034240276,19630.267583378823,4508.589657597273
398999.99999999977,453634.3639463232,489813.3048870931,-54634.36394632346,-90813.30488709331
940000.0000000006,760025.7499753607,1000832.3907517182,179974.25002463988,-60832.39075171761
249000.00000000006,181459.41630683115,182958.428880943,67540.58369316891,66041.57111905704
128399.9999999999,199209.01105847833,212193.4410321688,-70809.01105847843,-83793.4410321689
171000.00000000012,207765.97645813244,205403.31722132163,-36765.976458132325,-34403.317221321515
205999.99999999988,188268.58408076174,183314.73042674904,17731.41591923815,22685.269573250844
294799.99999999994,247694.6761782444,235974.7194708889,47105.32382175553,58825.28052911104
139999.9999999999,104382.27979391879,102153.98462219795,35617.720206081125,37846.01537780196
43999.99999999997,118838.91448829198,110441.95589739858,-74838.91448829201,-66441.95589739861
133774.99999999997,144355.0987514808,147411.87132638323,-10580.098751480837,-13636.871326383261
359000.00000000023,270347.37056999776,292658.21976971865,88652.62943000247,66341.78023028158
109000.0,189158.5780210613,181483.15855214116,-80158.57802106129,-72483.15855214116
790000.0000000003,529518.4205480447,557872.9317900366,260481.57945195562,232127.06820996373
116000.0000000001,155116.59718319782,168693.55398643325,-39116.59718319772,-52693.55398643315
92500.00000000007,165703.98025670127,158440.98345810568,-73203.9802567012,-65940.9834581056
235999.9999999999,194922.29326364343,201169.2055658487,41077.706736356486,34830.794434151205
146299.99999999994,194620.06297395824,184221.9272062587,-48320.062973958295,-37921.927206258755
398999.99999999977,259790.60305673783,270818.72198724654,139209.39694326193,128181.27801275323
165000.00000000015,144330.99264832752,141000.59926481525,20669.007351672626,23999.4007351849
366999.9999999997,177148.23425803962,184959.9218492459,189851.7657419601,182040.0781507538
1199899.999999999,289732.0603020773,303542.89579098567,910167.9396979217,896357.1042090134
787499.9999999994,584733.0037580339,573586.0890908757,202766.99624196556,213913.91090912372
329940.00000000006,258967.4647555045,257319.22755634502,70972.53524449555,72620.77244365503
149900.0,161413.99564257378,159664.56689865695,-11513.995642573776,-9764.56689865695
409999.9999999997,250150.0442993593,268056.58010379766,159849.95570064042,141943.41989620205
181049.99999999985,167479.28418412822,165258.37903479853,13570.715815871634,15791.62096520132
67999.99999999999,131095.26110355955,124981.46596863291,-63095.26110355956,-56981.465968632925
210000.0,219381.8150748544,222461.19067304782,-9381.815074854414,-12461.190673047822
271999.9999999999,193304.7677374475,198833.17437921563,78695.2322625524,73166.82562078425
310000.0000000002,292725.88196048484,295681.9318246562,17274.118039515335,14318.068175343971
199999.99999999997,200295.34828102577,197375.56465646595,-295.3482810257992,2624.4353435340163
390000.00000000035,308949.2208405639,298735.02972724504,81050.77915943647,91264.97027275531
427000.00000000035,314849.8954218854,330254.9740689278,112150.10457811493,96745.02593107254
159749.99999999994,114688.88303727996,109404.70018063622,45061.116962719985,50345.29981936372
139000.00000000003,210243.88774437472,204889.8825367949,-71243.88774437469,-65889.88253679487
144000.0,155410.7876435073,151624.16431582594,-11410.787643507298,-7624.164315825939
613999.9999999997,881439.8370769314,968293.5698783351,-267439.8370769317,-354293.56987833546
142500.00000000012,243942.64217047396,245163.37636815236,-101442.64217047385,-102663.37636815224
334000.0000000002,133716.91845475542,134624.16578859548,200283.08154524476,199375.8342114047
1539999.9999999988,1348300.2957434668,1690000.0,191699.70425653202,-150000.00000000116
130000.00000000009,229597.6261197006,234365.94710925285,-99597.62611970052,-104365.94710925277
560000.0000000003,540208.6572085825,597559.8370584123,19791.342791417846,-37559.83705841191
134999.99999999997,123839.33407152489,123150.73994630783,11160.665928475079,11849.260053692138
165000.00000000015,192026.0972156059,195336.58713172405,-27026.097215605754,-30336.587131723907
127199.99999999999,168725.3456846805,170674.8788232139,-41525.34568468052,-43474.878823213905
114999.99999999991,128093.52634099648,125191.06029530962,-13093.52634099657,-10191.060295309711
371000.00000000006,348929.83228859026,340100.0862348364,22070.1677114098,30899.913765163685
1370000.0000000007,590877.1032271384,601649.7841369691,779122.8967728623,768350.2158630316
379999.9999999999,228451.98392037797,242386.56750131675,151548.0160796219,137613.43249868313
294999.9999999998,196862.36982026743,196416.14025055044,98137.6301797324,98583.85974944939
89000.00000000004,148983.3551815512,141857.65589671713,-59983.355181551146,-52857.655896717086
249000.00000000006,296509.6659536582,287396.63364979916,-47509.665953658114,-38396.6336497991
870000.0000000006,807922.040366012,834582.0491510221,62077.95963398856,35417.95084897848
375000.00000000006,221861.14518109124,208814.06339105323,153138.85481890882,166185.93660894682
278000.0000000002,223232.2397842899,212770.81139359524,54767.76021571027,65229.18860640493
259999.9999999998,218246.87117826703,214243.34047792113,41753.12882173277,45756.65952207867
360000.0000000001,266438.69532078924,258301.22942526298,93561.30467921088,101698.77057473714
444999.9999999997,379444.97235433594,384260.48795981874,65555.02764566377,60739.51204018097
330000.0000000001,335031.7150916211,318068.9399363461,-5031.715091620979,11931.060063654033
995000.0,608651.768074247,621969.3111932727,386348.23192575295,373030.6888067273
202999.9999999999,90199.31329035886,86454.4853255416,112800.68670964106,116545.51467445832
318000.0,402133.25237517053,352162.814178576,-84133.25237517053,-34162.814178575994
225000.00000000015,410692.9100576338,397369.3094194556,-185692.91005763368,-172369.30941945544
228000.00000000003,168589.72622889958,185301.36593231486,59410.273771100445,42698.63406768517
189999.9999999999,231315.31257878657,233981.5061643289,-41315.31257878666,-43981.50616432898
114999.99999999991,117852.1752669486,118763.87982371957,-2852.1752669486887,-3763.8798237196606
599000.0,490330.7776622249,475722.07749514846,108669.2223377751,123277.92250485154
223000.00000000003,223432.14441840342,226953.3636033719,-432.14441840338986,-3953.363603371865
375000.00000000006,486234.7258021614,480362.81428751926,-111234.72580216132,-105362.8142875192
420000.0,290731.71849974967,277491.55632764025,129268.28150025033,142508.44367235975
189999.9999999999,241466.70904385843,234709.6755275049,-51466.709043858515,-44709.675527504995
95999.99999999996,147844.09701430303,148908.58087598043,-51844.09701430307,-52908.58087598048
47849.99999999999,100535.64711086058,99429.80156242319,-52685.647110860584,-51579.8015624232
756000.0,677626.025840978,706918.0663962854,78373.97415902198,49081.93360371457
308000.0000000001,210080.4478304006,213496.2632772949,97919.55216959951,94503.73672270522
270000.00000000006,294429.424967434,301007.2834118802,-24429.424967433966,-31007.28341188014
299000.00000000006,306583.16276993445,304266.30431300384,-7583.162769934395,-5266.304313003784
253000.0000000001,211254.4609432707,209374.46042131126,41745.53905672938,43625.539578688826
149800.00000000003,177865.11395027686,176592.00800467556,-28065.113950276835,-26792.008004675532
299000.00000000006,370001.93558005063,364819.38154401165,-71001.93558005057,-65819.38154401159
202000.0000000001,179768.52087501928,176051.60567145102,22231.479124980804,25948.394328549068
167999.9999999999,137430.22917946306,136169.7556327161,30569.770820536854,31830.244367283827
388500.0,335494.59713347786,377512.24450397,53005.40286652214,10987.755496029975
480000.00000000006,734873.4680569586,731436.7279387858,-254873.46805695858,-251436.72793878574
119989.99999999996,322537.6374634417,343612.855357334,-202547.63746344176,-223622.85535733408
142000.0,122924.2395121219,124906.68489081235,19075.7604878781,17093.31510918765
77999.99999999994,144217.54536509514,133386.8551606066,-66217.5453650952,-55386.85516060665
435000.0,235266.2866052165,237087.93381604776,199733.7133947835,197912.06618395224
128500.00000000004,103211.84295910974,100399.42349464339,25288.157040890306,28100.576505356657
737000.0000000002,404234.60641755833,408795.332720066,332765.3935824419,328204.6672799342
222499.99999999988,246050.1962481945,246258.14336925145,-23550.19624819461,-23758.14336925157
95400.00000000003,170197.02314850054,187485.72302568812,-74797.0231485005,-92085.72302568809
568999.9999999995,344577.8080791346,340979.4868441515,224422.19192086492,228020.51315584802
479000.00000000035,458549.6348701409,490675.0893084052,20450.365129859478,-11675.08930840483
92000.00000000007,123042.46070795003,119418.53155858358,-31042.460707949955,-27418.531558583505
674999.9999999998,544479.5435813054,565511.7641354781,130520.45641869435,109488.2358645217
171999.99999999988,215966.98565178626,220969.36782508544,-43966.98565178638,-48969.36782508556
844999.9999999993,409761.8854587389,386136.19551705726,435238.1145412604,458863.80448294204
120000.00000000004,283751.280909515,264845.6146447641,-163751.28090951493,-144845.61464476405
299000.00000000006,208415.0424327081,206854.73902356924,90584.95756729195,92145.26097643081
460000.0000000002,343251.87780714873,354629.7791825444,116748.12219285144,105370.22081745579
979999.9999999997,352436.21576434793,340257.8688021619,627563.7842356517,639742.1311978378
244999.99999999997,168527.95833268884,170481.75239046686,76472.04166731113,74518.24760953311
189900.00000000015,199472.45480046718,199937.7509813812,-9572.454800467036,-10037.750981381047
84999.99999999996,135710.55359843478,138171.46737596206,-50710.553598434824,-53171.46737596211
649999.9999999995,571177.057409814,578067.9900208705,78822.94259018556,71932.00997912907
242499.99999999997,213236.05877693626,208575.56901114638,29263.94122306371,33924.43098885359
349999.9999999997,192701.1421134295,202995.07487773112,157298.85788657021,147004.92512226859
242000.00000000017,215732.6619124071,222951.99170748927,26267.33808759309,19048.0082925109
316999.9999999999,251179.49517137633,241352.79963117812,65820.50482862355,75647.20036882177
162180.0000000001,228781.36497109378,232440.6377154019,-66601.36497109369,-70260.63771540183
33999.99999999999,117817.92444524917,113776.25724870902,-83817.92444524917,-79776.25724870904
478399.99999999965,197195.47551726314,210546.45989234245,281204.5244827365,267853.5401076572
590000.0000000003,565646.7329336662,552547.9338348075,24353.26706633414,37452.06616519287
142989.99999999988,257883.50607173028,248575.50906751672,-114893.5060717304,-105585.50906751683
162999.99999999988,172033.72112273413,174867.9836478399,-9033.721122734249,-11867.98364784001
534999.9999999995,341616.5698537701,345929.27622798487,193383.43014622945,189070.72377201467
93000.00000000007,130664.43736323423,129052.16002726024,-37664.43736323416,-36052.160027260164
320000.00000000006,473923.8573457528,464060.4098774071,-153923.85734575277,-144060.40987740702
87999.99999999996,159765.86266023284,166211.6738535799,-71765.86266023289,-78211.67385357995
108000.00000000001,152084.63255897322,158419.69159202313,-44084.6325589732,-50419.69159202311
343199.9999999997,214664.27873048844,237184.24003688566,128535.72126951127,106015.75996311405
249999.9999999998,599983.0728657778,683857.937888287,-349983.072865778,-433857.93788828724
302999.9999999998,234606.02443223074,240255.5914236896,68393.97556776908,62744.408576310234
95900.00000000003,326610.2381777777,362393.2432046438,-230710.23817777765,-266493.2432046437
995000.0,642276.609008219,642378.0422498873,352723.390991781,352621.95775011275
316999.9999999999,315573.5417319884,330406.30046168977,1426.4582680114545,-13406.300461689883
195400.0,158607.96243066998,154566.52571711488,36792.037569330016,40833.474282885116
390999.99999999977,384657.1501784232,359942.6034001238,6342.849821576558,31057.396599875996
418999.9999999998,560370.6756199399,550953.8671443939,-141370.6756199401,-131953.86714439403
310000.0000000002,282655.07486733916,301435.45169751346,27344.92513266101,8564.548302486714
219999.99999999983,124425.68170864362,126996.5737081399,95574.3182913562,93003.42629185993
199000.0000000001,289430.31286352576,300269.72146473016,-90430.31286352567,-101269.72146473007
444999.9999999997,308798.03465256124,327389.13916480925,136201.96534743847,117610.86083519045
880000.0,307091.8118826936,328162.3376038559,572908.1881173064,551837.6623961441
199000.0000000001,219789.61804942507,242321.35947218965,-20789.618049424986,-43321.359472189564
265000.00000000006,233475.84747284566,228944.45928942537,31524.152527154394,36055.540710574685
332800.00000000023,203311.00319626104,219771.57508799725,129488.9968037392,113028.42491200299
279450.0,307998.0748360537,319523.84506440297,-28548.07483605371,-40073.845064402965
398500.00000000023,468452.69355664356,482437.38431926863,-69952.69355664332,-83937.3843192684
890000.0000000002,369657.76286857884,367111.29867596895,520342.2371314214,522888.7013240313
674999.9999999998,341270.2041300576,320711.8485185055,333729.7958699422,354288.15148149425
1150000.0000000005,864390.822303728,910585.4207262807,285609.1776962725,239414.5792737198
159999.99999999997,174695.0005503174,188408.7329724991,-14695.000550317432,-28408.73297249913
294000.0000000001,297405.54189480044,306656.1071630696,-3405.5418948003207,-12656.107163069479
99899.99999999996,186135.04087854104,191766.5759574285,-86235.04087854108,-91866.57595742853
222599.99999999997,240269.9020402375,231884.6705893328,-17669.90204023753,-9284.670589332818
549999.9999999998,469071.8863409694,475154.1146197824,80928.11365903035,74845.88538021734
138000.00000000006,326422.52819220745,327759.746414451,-188422.5281922074,-189759.74641445093
794999.9999999998,564803.1603888301,609687.5191947814,230196.83961116965,185312.48080521834
450999.99999999965,328373.9807800454,341485.78606885416,122626.01921995427,109514.2139311455
75000.00000000004,114617.00889373079,104861.36943675864,-39617.008893730745,-29861.3694367586
749000.0,797446.8402068645,829434.535254214,-48446.84020686452,-80434.53525421396
409039.99999999977,178172.9134631829,172008.36083299667,230867.08653681687,237031.6391670031
91800.00000000007,204554.33384120066,203070.16786161024,-112754.33384120058,-111270.16786161017
870000.0000000006,385491.62898249057,382294.8647670272,484508.37101751,487705.1352329734
624000.0000000006,477804.16765845864,539500.1955831922,146195.83234154194,84499.80441680842
99000.00000000004,140492.69484681377,132755.0363516762,-41492.69484681373,-33755.03635167614
287000.0000000001,378490.4525499802,388516.09302001086,-91490.45254998008,-101516.09302001074
649000.0000000006,724701.9656691677,758876.930392884,-75701.96566916711,-109876.93039288337
428000.00000000023,257602.66594395274,263134.7765676718,170397.3340560475,164865.22343232844
433000.0000000001,235653.2575198753,248923.9378742144,197346.7424801248,184076.0621257857
278000.0000000002,325772.0025909117,307583.7498561278,-47772.00259091152,-29583.7498561276
129000.0000000001,191971.66997957445,172528.49851612592,-62971.66997957435,-43528.49851612582
68999.99999999997,127934.94387964488,126303.93884542864,-58934.94387964491,-57303.93884542867
60000.000000000015,142296.2201689663,142787.7993213764,-82296.22016896629,-82787.79932137638
235000.0,235920.3370653328,224528.94285179206,-920.337065332802,10471.05714820794
275000.0000000002,186882.51795028377,201429.5810047988,88117.4820497164,73570.41899520138
64999.999999999956,136884.35295739342,136689.8051326246,-71884.35295739346,-71689.80513262465
296399.9999999999,209646.49409077925,216390.17334274296,86753.50590922064,80009.82665725693
1380000.0000000005,797862.2441221694,853222.0512095571,582137.755877831,526777.9487904434
323949.9999999997,326090.50191419775,321459.69323469314,-2140.5019141980447,2490.3067653065664
280000.0,335711.84639643825,321497.0715487982,-55711.84639643825,-41497.07154879818
287999.9999999999,232483.51585257822,246136.73165575444,55516.48414742167,41863.26834424544
357899.9999999998,478918.1555977823,482926.46227801417,-121018.15559778246,-125026.46227801434
145899.99999999994,179513.61971288192,178659.72331307607,-33613.61971288198,-32759.72331307613
231999.99999999997,153812.05351355643,154122.60302845543,78187.94648644354,77877.39697154454
1200000.0000000005,705088.3280206008,721382.0877343473,494911.67197939963,478617.91226565314
356160.0000000003,467325.66484608414,496623.2191845114,-111165.66484608385,-140463.2191845111
96800.00000000003,84233.67777144337,82293.44390643755,12566.322228556659,14506.556093562482
320000.00000000006,231913.08034501606,220433.77928992716,88086.919654984,99566.2207100729
259000.0,273624.8562545928,251133.5004218227,-14624.856254592829,7866.499578177289
120910.00000000009,137247.94215181904,129904.0499199056,-16337.942151818948,-8994.04991990552
339000.00000000023,338348.0228997988,330732.71240322466,651.9771002014168,8267.287596775568
106000.00000000001,171851.98930519974,170062.57610654106,-65851.98930519972,-64062.57610654105
215000.0,265718.05378690414,272798.74217012007,-50718.05378690414,-57798.742170120066
175000.00000000012,260313.9427055281,267630.89660325146,-85313.942705528,-92630.89660325134
534999.9999999995,420772.49228367454,407298.77610633674,114227.507716325,127701.2238936628
311700.0000000002,354488.37296528736,331840.0253703112,-42788.372965287184,-20140.02537031105
138000.00000000006,196219.63462045553,193495.3861036466,-58219.63462045547,-55495.38610364654
66000.0,161592.6133141027,154497.66227711822,-95592.6133141027,-88497.66227711822
141750.00000000006,150849.57353257152,149986.07775189553,-9099.573532571463,-8236.077751895471
204750.00000000006,359488.18297246675,340434.28924888757,-154738.1829724667,-135684.2892488875
197000.00000000015,177819.12772928976,171619.69582059624,19180.872270710388,25380.3041794039
330000.0000000001,398462.62007447757,412733.4504761553,-68462.62007447745,-82733.45047615521
144000.0,161931.20280504038,165321.31245943037,-17931.202805040375,-21321.312459430366
530000.0000000003,551165.869809579,538654.031494325,-21165.86980957864,-8654.031494324678
77350.00000000003,103648.82101054747,106175.21743212626,-26298.821010547443,-28825.21743212623
165989.9999999999,490952.852647504,484640.7066239944,-324962.85264750407,-318650.7066239945
299900.0,255215.98405531797,250384.79683646426,44684.01594468203,49515.20316353574
515000.00000000006,246687.8979448503,249130.3411297086,268312.10205514973,265869.65887029143
540000.0000000001,453895.5552447138,462649.3441422698,86104.44475528633,77350.65585773031
719999.9999999995,329373.4523748944,325631.1468610922,390626.54762510513,394368.85313890735
367500.0000000003,285989.09691771015,298402.8689171991,81510.90308229014,69097.1310828012
265000.00000000006,221300.08457366592,218243.3656671521,43699.91542633413,46756.634332847956
294999.9999999998,299386.40505039616,300306.53970497043,-4386.405050396337,-5306.539704970608
749000.0,427191.7714936515,460986.2561188238,321808.2285063485,288013.7438811762
188999.99999999988,251079.27561042376,242382.60892263628,-62079.27561042388,-53382.6089226364
1338999.999999999,496546.9414949827,506441.1731879147,842453.0585050164,832558.8268120843
735000.0000000005,394213.16138324357,385211.1180139619,340786.8386167569,349788.8819860386
270000.00000000006,373689.09857558593,369075.73098053085,-103689.09857558587,-99075.73098053079
156000.0,1690000.0,1690000.0,-1534000.0,-1534000.0
759999.9999999999,983086.5039985006,1056843.4443308269,-223086.50399850076,-296843.444330827
242000.00000000017,205075.0150179989,210419.9069843152,36924.984982001275,31580.09301568498
139750.0000000001,90335.91117190853,87092.53064194096,49414.08882809155,52657.46935805913
315000.0000000002,371562.7860291978,381541.7128334971,-56562.786029197625,-66541.71283349692
215000.0,203630.8725888412,190402.22683872483,11369.127411158814,24597.773161275167
182000.00000000003,366795.2774388038,365834.29806074844,-184795.27743880378,-183834.2980607484
534999.9999999995,341624.1919336001,345951.74436535896,193375.80806639942,189048.25563464058
420000.0,331879.1279623745,328895.27363792446,88120.87203762552,91104.72636207554
164299.99999999988,193572.35331663807,190205.21939766943,-29272.353316638182,-25905.21939766954
397999.99999999977,452623.70442122093,506243.2856646463,-54623.70442122116,-108243.28566464654
850000.0000000005,785722.6984680217,886676.1910144964,64277.30153197877,-36676.19101449591
291000.00000000006,272993.90606743627,284780.572179378,18006.09393256379,6219.427820622048
364999.99999999977,320640.31629123405,316396.48450806475,44359.68370876572,48603.51549193502
195000.00000000006,170530.6444416002,167069.44004493163,24469.355558399868,27930.559955068427
84000.00000000003,105122.51053110468,106596.92020910612,-21122.51053110465,-22596.920209106087
349999.9999999997,327578.5450926566,296110.35370762384,22421.454907343083,53889.646292375866
721000.0000000006,436114.03767084825,457525.59299835126,284885.96232915233,263474.4070016493
270000.00000000006,348632.66216072947,347794.5005396342,-78632.66216072941,-77794.50053963414
1190000.0000000002,388043.7795512283,404722.3036605234,801956.220448772,785277.6963394769
371000.00000000006,522802.7323597359,545944.6227952563,-151802.73235973582,-174944.62279525626
90999.99999999991,163621.42441988556,159399.63974997948,-72621.42441988565,-68399.63974997957
218999.99999999988,202131.41793195877,200042.0704543927,16868.582068041113,18957.929545607185
1129999.999999999,770553.8112782283,763451.5259325496,359446.18872177077,366548.47406744945
261999.99999999994,177675.07479178187,195930.77167899586,84324.92520821808,66069.22832100408
354999.9999999998,353349.9311287509,347205.6943611462,1650.068871248921,7794.305638853635
349999.9999999997,531591.8496047513,519858.50296735216,-181591.84960475162,-169858.50296735246
409999.9999999997,418155.0053001325,436516.5680936916,-8155.005300132791,-26516.568093691894
1090000.0000000002,1276906.0374351607,1322636.679015424,-186906.03743516048,-232636.67901542387
310000.0000000002,288553.917510162,293973.6261680039,21446.082489838183,16026.373831996287
349999.9999999997,268859.5399903728,265159.20089476835,81140.46000962693,84840.79910523136
90000.00000000001,138463.9726824363,140150.28938759887,-48463.97268243627,-50150.28938759885
166384.00000000006,262463.953539651,259201.75178775957,-96079.95353965095,-92817.75178775951
217499.9999999998,129204.3988565091,122952.55659795471,88295.6011434907,94547.44340204509
271999.9999999999,247885.00906580113,241951.15644338363,24114.99093419875,30048.84355661625
198000.00000000006,190059.16944018952,189968.3842017806,7940.830559810536,8031.615798219456
449999.99999999994,304745.689477187,318223.7754862202,145254.31052281294,131776.22451377974
225750.00000000003,154597.45204187385,169547.6955253304,71152.54795812618,56202.304474669625
122000.00000000003,125789.75591141656,129148.00127803846,-3789.755911416534,-7148.001278038428
139000.00000000003,190066.85052053726,195027.52581804278,-51066.850520537235,-56027.52581804275
183000.00000000012,288421.71285461675,264678.25507187255,-105421.71285461664,-81678.25507187244
124999.9999999999,196971.4084904577,191836.47983646655,-71971.40849045779,-66836.47983646665
163499.99999999988,195199.57559576884,187434.6006928817,-31699.575595768954,-23934.600692881824
231250.00000000006,215748.49267131253,209708.26869363047,15501.507328687527,21541.73130636959
304999.99999999977,231521.3506563486,222233.30883988886,73478.64934365117,82766.6911601109
192999.99999999985,223042.05970393252,227366.4072015274,-30042.059703932668,-34366.40720152756
1050000.0000000007,562337.3142976438,583016.9882521172,487662.68570235686,466983.0117478835
642000.0000000006,273776.22990677395,289677.61407364055,368223.77009322663,352322.38592636003
192150.00000000015,172638.28166720222,163377.91854283292,19511.71833279793,28772.081457167224
1450000.0000000002,395452.30707934155,421662.130683263,1054547.6929206587,1028337.8693167372
420000.0,514301.8303516135,488629.51391154825,-94301.83035161352,-68629.51391154825
248000.0000000002,312957.330331725,324328.7639261351,-64957.33033172481,-76328.76392613488
233999.9999999999,223760.3189796916,217057.8006290543,10239.681020308315,16942.1993709456
299250.00000000023,472836.257031183,474110.3984081335,-173586.25703118276,-174860.39840813325
163799.99999999997,149410.3598492334,142569.12496592684,14389.640150766558,21230.875034073135
177999.99999999994,161250.18307969635,164687.3167665787,16749.816920303594,13312.683233421238
195500.00000000006,198130.23535495138,198383.39993146868,-2630.235354951321,-2883.3999314686225
444999.9999999997,556236.0246249512,552344.7470732222,-111236.02462495147,-107344.74707322248
252000.0000000001,218552.919046405,222670.5721918103,33447.08095359508,29329.427808189794
600000.0000000003,519381.23810661177,536755.4287558061,80618.76189338858,63244.57124419429
435000.0,268329.7946656268,275613.5616670853,166670.20533437323,159386.43833291472
530000.0000000003,338340.1603630354,362675.9656480819,191659.83963696496,167324.03435191844
134999.99999999997,160310.6665325195,162762.3408149642,-25310.666532519535,-27762.340814964235
577500.0000000001,338543.26385447814,350902.75139615,238956.73614552198,226597.24860385014
409999.9999999997,427419.4624188487,424039.5795673422,-17419.462418848998,-14039.579567342473
95000.00000000001,227876.70976958616,230127.49698295604,-132876.70976958616,-135127.496982956
820000.0000000005,527873.2427899971,557912.5957419312,292126.7572100033,262087.40425806923
208000.00000000003,226158.29421895766,220579.22369085762,-18158.294218957628,-12579.223690857587
245999.99999999983,186697.29220494983,184834.0042378324,59302.707795049995,61165.99576216741
460000.0000000002,248372.0683684526,251157.15656007704,211627.93163154757,208842.84343992313
96500.00000000003,167347.94022518498,155036.82938645195,-70847.94022518495,-58536.82938645192
471999.9999999998,332501.3825199324,333376.5662879996,139498.61748006742,138623.4337120002
261000.00000000012,157161.05874306703,162859.50794429393,103838.94125693309,98140.49205570619
364999.99999999977,260285.17777115433,265866.9206258582,104714.82222884544,99133.07937414158
133999.9999999999,421040.878923089,437189.5982759001,-287040.8789230891,-303189.59827590024
99899.99999999996,174957.23268050206,165191.49604892277,-75057.2326805021,-65291.49604892281
170000.00000000012,180119.0955980534,171128.0369442709,-10119.095598053274,-1128.0369442707743
1690000.0000000007,423181.57037398365,460112.76265953976,1266818.429626017,1229887.237340461
76999.99999999997,142963.85497615556,134334.20739975586,-65963.85497615559,-57334.20739975589
398999.99999999977,202911.61326168492,215509.27466999565,196088.38673831485,183490.72533000412
316999.9999999999,258897.07949709252,268869.68205519323,58102.920502907364,48130.31794480665
249000.00000000006,276860.1704267806,301677.7022531752,-27860.170426780533,-52677.70225317514
244000.00000000003,177511.53187276024,173767.44764598415,66488.46812723979,70232.55235401588
1075000.0,660942.8504697653,674774.2284907679,414057.14953023475,400225.7715092321
126999.99999999991,139737.2955420411,140307.22842005792,-12737.295542041189,-13307.228420058003
1364999.9999999993,314851.94914556894,316867.4709287841,1050148.0508544303,1048132.5290712152
198000.00000000006,289703.43916727806,284504.43117079156,-91703.439167278,-86504.4311707915
139999.9999999999,203283.34552824282,197442.4940192942,-63283.345528242906,-57442.494019294274
405120.00000000006,308040.9892666209,358508.37674504553,97079.01073337917,46611.623254954524
508000.0,243855.5714941942,262917.41648275935,264144.4285058058,245082.58351724065
798999.9999999997,313478.71812277526,314586.47214607405,485521.2818772244,484413.5278539256
364999.99999999977,143224.9832845632,138771.94129989436,221775.01671543656,226228.0587001054
136999.9999999999,233547.89876920957,238237.75272306675,-96547.89876920966,-101237.75272306683
106000.00000000001,242787.50919515672,247785.44452571764,-136787.5091951567,-141785.44452571764
142900.00000000003,136933.8101989463,131725.69728610973,5966.189801053726,11174.302713890298
95000.00000000001,144053.56554560468,137986.93231407914,-49053.565545604666,-42986.932314079124
322600.00000000023,480444.91528583976,496902.8769680696,-157844.91528583952,-174302.87696806935
86800.00000000006,99435.96407394049,93332.37085025143,-12635.964073940428,-6532.370850251376
416000.0,454239.87620517623,443995.6385518749,-38239.87620517623,-27995.6385518749
68999.99999999997,143163.8549853918,141851.77352794952,-74163.85498539184,-72851.77352794955
454499.9999999996,300242.2659110865,312361.1213648699,154257.73408891307,142138.87863512972
249000.00000000006,245817.866418746,256040.4538552329,3182.133581254049,-7040.45385523283
364999.99999999977,254628.0113565506,285938.1907882682,110371.98864344918,79061.80921173154
367500.0000000003,240428.84554927048,245409.7523165336,127071.15445072981,122090.2476834667
244000.00000000003,213286.34835125686,233322.81171478395,30713.651648743165,10677.188285216078
210000.0,149492.33439884504,145681.80967241077,60507.665601154964,64318.190327589225
265000.00000000006,220928.74333493644,228157.09827348095,44071.256665063614,36842.90172651911
574750.0000000005,331622.72494401823,391140.9898943704,243127.27505598223,183609.0101056301
259000.0,204637.63678923808,224210.85270751762,54362.36321076192,34789.147292482376
490000.0,241686.626654441,257226.45249215604,248313.373345559,232773.54750784396
423530.0,369645.70482280554,393201.10506872373,53884.295177194464,30328.89493127627
518133.9999999997,240393.97301351276,257018.8422137425,277740.026986487,261115.15778625722
337999.99999999977,291485.9147107729,309027.3857799904,46514.085289226845,28972.61422000936
90999.99999999991,114659.63672279868,113121.63787114671,-23659.636722798765,-22121.6378711468
107000.00000000003,121264.3533870843,120539.87772150747,-14264.353387084266,-13539.877721507437
39000.0,142135.59490172213,144735.7626269805,-103135.59490172213,-105735.76262698049
138000.00000000006,179033.6697737986,183677.35782330265,-41033.66977379855,-45677.35782330259
685000.0000000005,598576.4128699484,638026.5993200103,86423.58713005204,46973.40067999018
320000.00000000006,318647.2651436434,320606.1287393354,1352.7348563566338,-606.1287393353414
563999.9999999997,652655.4801082497,656006.1472414901,-88655.48010825005,-92006.14724149043
307899.99999999994,329287.1062227672,323913.8170789533,-21387.106222767266,-16013.817078953376
288999.9999999999,298279.2416043978,289677.53741993615,-9279.241604397888,-677.5374199362705
86000.00000000001,91561.38553851907,87808.11759653833,-5561.3855385190545,-1808.1175965383154
159999.99999999997,205977.98901456333,213773.73879038286,-45977.989014563354,-53773.73879038289
369999.99999999977,338772.417427491,350037.59630942834,31227.582572508778,19962.40369057143
439800.00000000035,173819.54314335622,174410.8010873474,265980.45685664413,265389.1989126529
177999.99999999994,154382.78994577713,143627.03738537148,23617.210054222815,34372.96261462846
238499.99999999985,286103.5169996781,295769.778033465,-47603.51699967825,-57269.77803346512
119599.99999999999,82530.8009390523,76514.86283116355,37069.19906094769,43085.13716883643
669499.9999999994,358132.1384623834,353393.08827712276,311367.861537616,316106.91172287666
278000.0000000002,201519.84838251112,212370.81348871317,76480.15161748906,65629.186511287
286000.00000000023,269583.543019503,308079.7421852975,16416.456980497227,-22079.742185297247
436799.9999999999,278626.89822452376,269917.5137463367,158173.10177547613,166882.4862536632
420000.0,213405.28973445867,203977.45457996466,206594.71026554133,216022.54542003534
552699.9999999997,250779.23089496157,256355.10051496435,301920.7691050381,296344.89948503533
159999.99999999997,193351.7681452064,202613.41608949844,-33351.76814520644,-42613.41608949847
390000.00000000035,621336.0391902125,649970.702517908,-231336.03919021215,-259970.7025179076
243800.0,213044.54905388405,220780.62629222366,30755.450946115947,23019.373707776336
143000.0000000001,121707.008538067,125396.26709329932,21292.99146193308,17603.732906700767
147200.00000000012,202585.55251240553,212749.08238634313,-55385.55251240541,-65549.08238634301
124500.00000000003,223247.14397813563,225151.943162048,-98747.1439781356,-100651.94316204797
291000.00000000006,205194.6967086579,208104.27414893638,85805.30329134216,82895.72585106367
445375.00000000035,364403.3321852348,388707.3165034852,80971.66781476553,56667.68349651515
229299.99999999994,324122.1545836989,322008.9395260766,-94822.15458369895,-92708.93952607666
184000.00000000015,126211.33525882007,131622.28709911244,57788.66474118008,52377.71290088771
252000.0000000001,347399.7558544466,343705.6982901569,-95399.75585444653,-91705.69829015681
330000.0000000001,345830.9077165698,365818.94783307676,-15830.907716569665,-35818.94783307664
218999.99999999988,216073.56904415478,207922.46744475848,2926.430955845106,11077.5325552414
164299.99999999988,184590.89947295972,173677.37662673695,-20290.899472959834,-9377.376626737067
349899.99999999994,287936.2667790088,294916.28953984345,61963.733220991155,54983.71046015649
330000.0000000001,261715.76149020603,272677.5742839209,68284.23850979409,57322.42571607919
1194999.999999999,864862.8584008296,872962.6623825546,330137.14159916947,322037.33761744446
49000.00000000002,185861.87068578685,203532.63194489432,-136861.87068578682,-154532.6319448943
555000.0000000002,277907.47867398214,308626.8358125637,277092.5213260181,246373.16418743652
714999.9999999995,615267.7632192246,591762.0735452548,99732.2367807749,123237.92645474477
210000.0,215573.22229385993,203048.93007192118,-5573.22229385993,6951.069928078825
379999.9999999999,299390.91382836265,307195.81045532634,80609.08617163723,72804.18954467354
148640.0000000001,102659.04250060226,93990.5305945137,45980.95749939783,54649.469405486394
541000.0,459115.9516556961,522266.56256666244,81884.04834430391,18733.43743333756
249999.9999999998,258628.53787469916,234798.18536211413,-8628.537874699367,15201.814637885662
409999.9999999997,662859.6127779381,658230.3665807473,-252859.61277793843,-248230.3665807476
188000.00000000012,503974.8852962853,468306.95523469936,-315974.8852962852,-280306.95523469924
199000.0000000001,284346.0251175942,264171.9547913797,-85346.02511759414,-65171.9547913796
529890.0000000002,472884.47174107155,529755.2470684507,57005.52825892868,134.75293154956307
498999.9999999996,468602.4120920556,444323.8675753879,30397.58790794399,54676.132424611715
118000.00000000009,186751.48939471284,185455.18682676667,-68751.48939471276,-67455.18682676658
125999.99999999993,196849.14261341913,182961.00631122923,-70849.1426134192,-56961.0063112293
111000.00000000004,163394.12055684722,165495.9978961356,-52394.12055684718,-54495.99789613557
446770.0000000001,245354.01086704814,255322.33715631728,201415.98913295197,191447.66284368283
39000.0,145446.53589661798,150257.64319872548,-106446.53589661798,-111257.64319872548
645000.0,667179.7341809302,671284.0768985668,-22179.734180930187,-26284.076898566796
551100.0000000003,294339.03805412044,306297.035719322,256760.9619458799,244802.96428067837
1200000.0000000005,605032.5798212795,663540.8863728283,594967.420178721,536459.1136271722
139999.9999999999,331183.3543205322,335843.355190234,-191183.35432053226,-195843.3551902341
394000.0000000002,308269.9973142506,303980.2272629396,85730.00268574955,90019.77273706056
325999.00000000023,308290.6088665321,316043.97650184284,17708.391133468132,9955.023498157389
99500.00000000001,132196.02293391156,131425.22198007948,-32696.022933911547,-31925.22198007947
76000.0,80854.89555965137,76214.41702190824,-4854.89555965137,-214.41702190824435
166400.00000000003,119957.43555854978,116691.00911476246,46442.564441450246,49708.99088523757
349999.9999999997,400925.0466639744,383490.7214461608,-50925.0466639747,-33490.7214461611
380500.00000000035,451479.0652457548,433059.5811049326,-70979.06524575443,-52559.58110493224
385500.0,316522.92258672195,335580.3332117306,68977.07741327805,49919.66678826942
434499.9999999999,160864.12481914746,170855.7531889926,273635.8751808524,263644.24681100727
430000.00000000023,480619.9852046024,522513.2655513401,-50619.985204602184,-92513.2655513399
230000.0000000001,510568.69490197365,537482.3103001926,-280568.6949019736,-307482.31030019245
474999.99999999977,279136.81113691255,256270.91269121986,195863.1888630872,218729.0873087799
249000.00000000006,204894.01799761606,202264.58002741236,44105.982002384,46735.4199725877
714999.9999999995,722674.9287121509,723533.3102638884,-7674.928712151363,-8533.31026388891
1650000.0000000007,891080.6265590983,936500.4221724452,758919.3734409024,713499.5778275555
76999.99999999997,158031.60607806707,145432.27853896594,-81031.6060780671,-68432.27853896597
275000.0000000002,252307.6590738657,250342.21339178126,22692.340926134464,24657.786608218914
376999.99999999977,522588.7388744641,496994.89682556025,-145588.73887446435,-119994.89682556049
235999.9999999999,225897.0497546391,244112.08135846886,10102.950245360815,-8112.081358468946
341499.99999999977,253714.88602685544,252787.68584061312,87785.11397314433,88712.31415938665
166000.00000000003,167091.4286356628,167726.96048473814,-1091.4286356627708,-1726.9604847381124
204405.99999999985,233986.54982548318,236862.3373465125,-29580.549825483322,-32456.33734651265
669999.9999999998,517029.75937141007,497691.32049536635,152970.2406285897,172308.67950463342
1247999.9999999995,425593.20876623585,438424.18519655726,822406.7912337637,809575.8148034422
135999.99999999997,186030.68415208798,189332.7572735499,-50030.68415208801,-53332.75727354994
600000.0000000003,330298.9194556205,337652.27673587616,269701.08054437983,262347.7232641242
299000.00000000006,208486.5939247172,229548.20850410138,90513.40607528287,69451.79149589868
196000.0000000001,335242.5146473252,326003.03770683875,-139242.51464732512,-130003.03770683866
1450000.0000000002,1029818.0489621699,1100799.1555030646,420181.9510378303,349200.8444969356
995000.0,945287.6289895442,959006.1144589602,49712.37101045577,35993.88554103975
549899.9999999998,384922.07107470685,397736.46808133856,164977.92892529292,152163.5319186612
185000.00000000006,211315.01437331882,210664.0343131371,-26315.014373318758,-25664.034313137032
239199.99999999985,300824.25296532415,315234.9680819624,-61624.2529653243,-76034.96808196252
249000.00000000006,147952.44917357893,147344.55637715463,101047.55082642112,101655.44362284543
185499.99999999994,136229.45415275544,139814.9018373911,49270.5458472445,45685.09816260883
349999.9999999997,572265.7489492889,593415.9608974226,-222265.74894928915,-243415.96089742292
245900.00000000003,400011.08596156124,400263.2306296349,-154111.0859615612,-154363.2306296349
258000.00000000015,258718.8095663256,258631.42721172134,-718.8095663254499,-631.4272117211949
1529999.9999999988,650269.6786389048,633123.5780190551,879730.321361094,896876.4219809438
120000.00000000004,216857.87254567078,214310.49247462535,-96857.87254567073,-94310.49247462531
175000.00000000012,175200.29427876108,172682.65218373996,-200.29427876096452,2317.347816260153
280900.0000000002,249741.72779784314,234784.5013155886,31158.272202157037,46115.49868441158
106000.00000000001,148568.0802507539,148447.25712461618,-42568.08025075389,-42447.25712461617
270000.00000000006,172837.82686408146,164801.18735198464,97162.1731359186,105198.81264801542
375000.00000000006,273736.7659155487,294177.44685699546,101263.23408445134,80822.5531430046
280000.0,417443.676707896,404655.4994396263,-137443.676707896,-124655.49943962629
85990.00000000007,114827.37472748171,114330.90616031774,-28837.37472748164,-28340.906160317667
474999.99999999977,257274.0681349184,269068.4513072392,217725.93186508137,205931.54869276058
120000.00000000004,224625.23867938202,219024.56365972687,-104625.23867938198,-99024.56365972683
66800.00000000004,230264.87416918628,224984.02193705895,-163464.87416918622,-158184.0219370589
588000.0,294630.3481729075,291004.9384482047,293369.6518270925,296995.0615517953
349999.9999999997,917686.5127371728,1161041.053681745,-567686.5127371731,-811041.0536817452
884999.9999999998,584978.9442324324,694147.0010761067,300021.05576756736,190852.9989238931
469999.9999999998,379474.26202873734,375715.92641635117,90525.73797126248,94284.07358364866
254309.99999999985,212860.05287856905,201779.43628862145,41449.9471214308,52530.5637113784
198000.00000000006,256899.2902149982,236779.4834686074,-58899.29021499815,-38779.48346860733
407999.99999999965,348453.8333045386,373228.0914532398,59546.16669546103,34771.90854675986
579999.9999999997,411907.7032141286,398750.783877849,168092.29678587103,181249.21612215065
264899.99999999994,243512.66147152966,235088.06619610777,21387.33852847028,29811.93380389217
178499.99999999985,235295.99185082124,230264.1390032461,-56795.99185082139,-51764.13900324624
263000.0000000002,233364.35518005776,241169.06106785362,29635.64481994242,21830.938932146557
426000.0000000002,277384.9514406785,272547.83104478876,148615.04855932167,153452.1689552114
235000.0,269904.98710974836,283114.7956654011,-34904.987109748356,-48114.79566540109
599000.0,362229.2853902635,391209.29133745056,236770.71460973652,207790.70866254944
192600.00000000017,168466.09089657554,167625.64014380818,24133.909103424638,24974.359856191993
658999.9999999997,192164.33621812207,194119.51146704913,466835.6637818776,464880.4885329505
241000.00000000003,523937.95355243335,527659.9380510822,-282937.9535524333,-286659.9380510822
440000.0000000002,333684.7575516392,336223.746737351,106315.24244836095,103776.25326264917
100000.00000000004,177968.07954709383,165461.11702513773,-77968.07954709379,-65461.11702513769
99990.00000000003,155924.4191331843,158243.203347885,-55934.419133184274,-58253.20334788496
263000.0000000002,173594.2448370657,181744.53511632312,89405.75516293448,81255.46488367705
259499.99999999985,242883.78465169872,240560.59501753983,16616.215348301135,18939.404982460022
375000.00000000006,317894.42669708503,345399.03095255734,57105.57330291503,29600.96904744272
124899.99999999993,155437.63679706966,155146.01231024062,-30537.636797069732,-30246.012310240694
218999.99999999988,228577.79148451143,248982.3245944318,-9577.791484511545,-29982.324594431906
794999.9999999998,368630.72636788845,390722.732479949,426369.2736321113,404277.26752005075
645000.0,655183.1985443304,661170.5789291086,-10183.19854433043,-16170.578929108568
1069999.9999999998,687764.7343893718,688039.1887492407,382235.26561062795,381960.81125075906
780000.0000000001,267914.52845011104,270733.53081520274,512085.4715498891,509266.4691847974
75500.00000000006,283629.32025634125,321776.32437514357,-208129.3202563412,-246276.3243751435
192999.99999999985,209682.64233388423,225803.5879711991,-16682.642333884374,-32803.587971199246
192600.00000000017,111437.38334992796,113114.42323020505,81162.61665007222,79485.57676979512
1490000.0000000002,849096.3726172498,904069.1276561352,640903.6273827504,585930.872343865
339900.00000000006,278522.4658082298,278460.54467651393,61377.534191770246,61439.45532348612
219999.99999999983,115055.10267917035,108584.73027300366,104944.89732082948,111415.26972699616
444999.9999999997,325048.86157656723,348998.9963861903,119951.13842343248,96001.00361380941
1459000.0000000002,579654.658298321,644605.889664103,879345.3417016793,814394.1103358972
108000.00000000001,135156.3134188274,130237.3933321906,-27156.313418827383,-22237.39333219058
850000.0000000005,635881.1231846168,660825.7546236144,214118.87681538367,189174.2453763861
422000.00000000006,238846.190172471,246105.52358232834,183153.80982752907,175894.4764176717
148730.00000000012,209969.06200044003,208175.30632047786,-61239.06200043991,-59445.30632047774
214000.00000000017,321924.05065698485,316794.91410736594,-107924.05065698468,-102794.91410736577
152000.00000000006,149844.73582797457,162706.43680493822,2155.2641720254906,-10706.43680493816
323000.0000000003,337971.7064039791,336466.0221743674,-14971.70640397881,-13466.022174367099
134999.99999999997,325062.48395292583,304539.82861151075,-190062.48395292586,-169539.82861151078
312000.0000000001,203849.54261946035,209236.91655313992,108150.45738053977,102763.0834468602
275000.0000000002,343564.20986088907,345803.8427752858,-68564.20986088889,-70803.84277528565
337999.99999999977,342902.9812227579,330965.909142849,-4902.981222758128,7034.09085715079
348999.99999999994,380662.27339840156,367928.1327390659,-31662.273398401623,-18928.13273906597
205999.99999999988,324618.6439612975,317378.9982464548,-118618.64396129764,-111378.99824645492
167999.9999999999,229722.27775872505,221524.45651792377,-61722.27775872513,-53524.456517923856
90000.00000000001,119003.71940487355,114790.87032154477,-29003.71940487354,-24790.87032154476
88500.0,175484.13627844612,174721.20818500113,-86984.13627844612,-86221.20818500113
444999.9999999997,210648.26590644201,208313.34688710768,234351.7340935577,236686.65311289203
385000.00000000023,216733.6651721822,221195.39332761234,168266.33482781803,163804.6066723879
185000.00000000006,193438.35651157633,184400.91713810098,-8438.356511576276,599.0828618990781
66000.0,125711.83288632688,120751.12706823449,-59711.83288632688,-54751.12706823449
1080000.0000000002,777106.5500172148,824946.7859381859,302893.4499827854,255053.21406181436
362000.0,429122.6550721379,488613.9905748185,-67122.65507213789,-126613.99057481851
219999.99999999983,242849.88907064483,239784.60408830395,-22849.889070645004,-19784.604088304128
39000.0,142561.40703163584,148181.67210062244,-103561.40703163584,-109181.67210062244
425000.0000000002,280731.0309261094,297123.92749510374,144268.96907389077,127876.07250489644
379800.0,252874.3329373264,306922.3440423684,126925.6670626736,72877.65595763159
235000.0,247114.03010076826,234429.36665895832,-12114.030100768257,570.6333410416846
608999.9999999999,304878.1417595851,306259.7538922863,304121.85824041476,302740.2461077136
393750.0000000003,322623.1134954517,329387.38732361316,71126.8865045486,64362.61267638713
387999.9999999999,180571.56926479284,183537.43609169792,207428.43073520705,204462.56390830196
135999.99999999997,125059.0946770662,127787.39952036264,10940.905322933773,8212.60047963733
240000.00000000003,211186.00498373178,218665.3330748195,28813.99501626825,21334.66692518053
89000.00000000004,203236.70137217786,198964.68472318279,-114236.70137217782,-109964.68472318274
294999.9999999998,265597.34276732063,278273.94671567046,29402.657232679194,16726.053284329362
177999.99999999994,232169.48464066288,248637.06504274765,-54169.48464066294,-70637.06504274771
451739.9999999997,348817.26243067114,339490.55425447645,102922.73756932857,112249.44574552326
191000.00000000015,172896.96205771583,170864.9707361308,18103.03794228431,20135.029263869335
151000.00000000006,151696.87743419217,148817.97476892138,-696.8774341921089,2182.0252310786746
189699.99999999985,260245.05004609734,248902.5896236328,-70545.05004609749,-59202.58962363296
181049.99999999985,135019.11133783977,135772.28161434951,46030.88866216008,45277.71838565034
278000.0000000002,404756.36984642065,430821.87351273705,-126756.36984642048,-152821.87351273687
302000.00000000006,265183.7020746473,285938.793650655,36816.29792535276,16061.20634934504
315000.0000000002,483653.4842272009,527187.1688457652,-168653.48422720074,-212187.168845765
218999.99999999988,274064.4773177395,278363.59635224246,-55064.47731773963,-59363.59635224257
794999.9999999998,583519.0791282826,619762.2721134485,211480.92087171716,175237.7278865513
330000.0000000001,290944.195292321,299385.1941188564,39055.80470767914,30614.805881143722
240200.0000000001,181214.73554883857,178771.30392104902,58985.26445116152,61428.69607895106
223650.0,143588.61363242767,142787.5811170019,80061.38636757233,80862.41888299811
315000.0000000002,243393.34813611855,244175.32762908083,71606.65186388162,70824.67237091935
294699.9999999998,215063.47905285348,214936.68880219173,79636.52094714635,79763.3111978081
287999.9999999999,252598.862777876,261464.0228254986,35401.137222123885,26535.977174501284
77999.99999999994,202661.69064317743,212635.1446503877,-124661.69064317748,-134635.14465038775
117659.99999999991,201836.3654228939,211557.43405798962,-84176.36542289398,-93897.43405798971
114900.00000000007,204224.05771995842,214792.93363773703,-89324.05771995835,-99892.93363773696
81000.00000000007,162634.7255724793,161112.95700966966,-81634.72557247923,-80112.95700966958
1519999.9999999998,705545.1004197105,711064.9403734934,814454.8995802893,808935.0596265064
420000.0,215609.75065240893,205838.11399394725,204390.24934759107,214161.88600605275
678000.0000000002,455285.6602649239,474188.1217571198,222714.33973507636,203811.87824288046
577000.0000000003,335401.4501526675,331446.3668190364,241598.54984733288,245553.63318096392
472500.00000000035,452307.96710133855,485227.1496166253,20192.032898661797,-12727.149616624927
232979.00000000012,335502.9235164554,349285.8279523078,-102523.92351645528,-116306.8279523077
354999.9999999998,350896.04780819436,336528.38741081354,4103.952191805467,18471.61258918629
320000.00000000006,309798.7428784137,317953.2520522926,10201.257121586357,2046.7479477074812
520000.0,454574.3818868901,452726.4847822486,65425.6181131099,67273.51521775138
213000.00000000015,179924.57558563483,181052.9912595398,33075.42441436532,31947.008740460355
162749.99999999994,106735.64074648054,110042.15537245994,56014.359253519404,52707.844627540006
240000.00000000003,179591.88375390114,187276.32581133588,60408.116246098885,52723.674188664154
275000.0000000002,258171.77593197895,247732.5794409138,16828.224068021227,27267.42055908637
488999.9999999996,360973.9461791226,347171.27987574815,128026.05382087699,141828.72012425144
360000.0000000001,453655.5447592152,457939.05903341615,-93655.54475921509,-97939.05903341604
299499.99999999977,366041.597386129,391999.2445172434,-66541.59738612926,-92499.24451724364
150000.00000000006,333777.2469131165,339293.51868315774,-183777.24691311643,-189293.5186831577
109000.0,198749.00033300905,204945.89187183342,-89749.00033300905,-95945.89187183342
425899.99999999977,480841.58171027096,484778.3362817259,-54941.58171027119,-58878.33628172614
420000.0,516935.59479845804,543190.2113913348,-96935.59479845804,-123190.21139133477
106000.00000000001,158541.13635821463,156327.29647836994,-52541.136358214615,-50327.29647836993
319000.0,199462.75083372343,208706.71930256343,119537.24916627657,110293.28069743657
966000.0000000006,829428.3831615362,878625.3611126695,136571.6168384644,87374.63888733112
287999.9999999999,229031.8093152961,226976.16498463054,58968.19068470379,61023.83501536935
719999.9999999995,609985.4800904472,616815.175729464,110014.5199095523,103184.8242705355
116499.99999999991,162062.30627500114,164176.39104536298,-45562.30627500123,-47676.39104536307
259000.0,261698.4550103136,254847.30211879915,-2698.455010313599,4152.697881200846
413959.9999999998,202734.37009375604,195556.67087679496,211225.6299062438,218403.32912320487
210000.0,262451.5264883092,253421.77791461413,-52451.5264883092,-43421.777914614126
426000.0000000002,274434.4453741202,295723.3454518809,151565.55462587997,130276.65454811929
540000.0000000001,381836.54376460414,374144.1002299206,158163.45623539598,165855.89977007953
420000.0,206303.7430184139,216730.94812046355,213696.2569815861,203269.05187953645
199999.99999999997,97519.6581213147,93338.74721768626,102480.34187868527,106661.2527823137
174900.00000000006,272735.31962783996,266260.1163707061,-97835.3196278399,-91360.11637070606
150800.00000000006,153671.96502418342,161283.04173803495,-2871.9650241833588,-10483.041738034895
159999.99999999997,360744.320857628,351801.44119375234,-200744.32085762804,-191801.44119375237
644000.0000000003,522281.8412731175,569385.0940224391,121718.15872688283,74614.90597756125
49000.00000000002,145226.14074841666,148080.34590499484,-96226.14074841663,-99080.34590499481
289999.9999999999,297237.3911203133,295215.4492108467,-7237.391120313434,-5215.449210846797
177000.00000000006,162237.51644084236,153473.20523406845,14762.4835591577,23526.794765931612
324999.9999999999,333634.40215214365,337015.46859621,-8634.402152143768,-12015.468596210121
695000.0,329969.5779271382,326241.0925235784,365030.4220728618,368758.9074764216
145000.00000000012,290703.9470276087,312845.0161381888,-145703.94702760858,-167845.01613818866
88500.0,163971.20713119674,166851.3752719898,-75471.20713119674,-78351.37527198979
334999.9999999998,218131.96441249168,226115.73663054724,116868.03558750814,108884.26336945259
137500.00000000012,169770.75414255,170440.59617920857,-32270.75414254988,-32940.596179208456
322600.00000000023,479450.40930551675,495857.8630944683,-156850.4093055165,-173257.86309446808
498999.9999999996,291774.11257942376,298897.1386785566,207225.88742057583,200102.861321443
114999.99999999991,157537.07553157446,147837.87806762755,-42537.07553157455,-32837.87806762764
349999.9999999997,268191.984620375,264700.7407770124,81808.01537962473,85299.25922298728
167499.99999999997,190816.83206649477,208896.97481768398,-23316.832066494797,-41396.97481768401
613403.0000000005,720572.3144404814,919960.2560301005,-107169.3144404809,-306557.25603010005
94250.00000000007,184693.77699214112,176616.829387214,-90443.77699214105,-82366.82938721393
457999.99999999965,316412.88451892394,304331.5613836806,141587.1154810757,153668.43861631904
249999.9999999998,237756.583033609,238745.83150306126,12243.416966390796,11254.168496938539
127999.99999999997,185431.08223830187,182034.39066332616,-57431.0822383019,-54034.390663326194
676000.0000000001,519923.565193412,513611.32965587295,156076.4348065881,162388.67034412717
150000.00000000006,212623.39795149365,232599.48144721522,-62623.39795149359,-82599.48144721516
216299.9999999999,183634.33624477344,184474.57000163957,32665.663755226473,31825.42999836034
541840.0000000001,379976.32149272994,398526.40750377893,161863.67850727018,143313.5924962212
895000.0000000007,405515.49201691704,420567.49582329433,489484.50798308366,474432.50417670637
366999.9999999997,344239.9090370056,376100.3808652355,22760.090962994087,-9100.380865235813
225000.00000000015,205159.10203100668,182978.08042783866,19840.897968993464,42021.91957216148
659999.9999999995,360681.8822357564,387444.27493797493,299318.11776424316,272555.7250620246
299000.00000000006,311145.1047263038,313473.2802896327,-12145.104726303718,-14473.280289632617
698999.9999999995,517450.5615766878,540088.0236706485,181549.43842331175,158911.97632935108
794999.9999999998,678775.1027820437,712751.5263916778,116224.89721795602,82248.47360832198
96999.99999999999,174195.40258470707,164564.9617465827,-77195.40258470709,-67564.96174658272
259000.0,241723.0689405102,258689.5421622139,17276.931059489812,310.45783778608893
291200.00000000006,323255.9161588369,321977.06870881433,-32055.91615883686,-30777.068708814273
259000.0,155074.38433987185,159100.8095501705,103925.61566012815,99899.1904498295
228000.00000000003,242092.17560458698,235557.77886447826,-14092.175604586955,-7557.778864478227
126999.99999999991,185140.15786187138,168723.62761672228,-58140.15786187147,-41723.62761672237
759999.9999999999,550274.821107391,592214.8397463184,209725.17889260885,167785.16025368148
474999.99999999977,240328.33290328897,250258.61797628595,234671.6670967108,224741.3820237138
109000.0,163443.97839825295,162366.49678537113,-54443.97839825295,-53366.49678537113
414000.00000000023,381863.7164541708,404152.56434263714,32136.283545829414,9847.435657363094
210000.0,293043.9430519572,300393.0601035221,-83043.94305195718,-90393.06010352209
107500.00000000003,588119.9563842975,855825.0617736207,-480619.95638429746,-748325.0617736207
199000.0000000001,204654.5801671928,204472.54344540776,-5654.580167192704,-5472.543445407675
342000.0000000002,400857.7241936647,427961.1597863496,-58857.7241936645,-85961.15978634945
321999.99999999994,318525.7969945353,327259.0708679102,3474.203005464631,-5259.070867910283
448000.0000000002,254132.76452162064,270872.34898281697,193867.23547837953,177127.6510171832
136999.9999999999,199543.30755601556,196771.30753047895,-62543.30755601564,-59771.30753047904
395000.00000000035,282220.9070050399,286750.2305905665,112779.09299496043,108249.76940943382
449999.99999999994,152816.77332819652,143197.10683852513,297183.2266718034,306802.89316147484
169499.99999999985,320114.5438613451,312695.9649544649,-150614.54386134524,-143195.96495446502
379800.0,470355.47109831823,549182.0081392295,-90555.47109831823,-169382.0081392295
275000.0000000002,322598.383622039,321684.1357722493,-47598.38362203882,-46684.13577224914
186899.9999999999,161689.77147169958,170926.70162475287,25210.22852830033,15973.298375247046
195174.99999999985,228748.40728837549,241403.05669520303,-33573.40728837563,-46228.05669520318
153238.99999999997,209661.55050983897,215975.54356683072,-56422.550509839,-62736.54356683075
974999.9999999999,591297.8760547398,567486.2645114831,383702.1239452601,407513.73548851674
198000.00000000006,210323.92873036631,211941.35869433006,-12323.928730366257,-13941.358694330003
645000.0,475511.0630371465,509730.8327433432,169488.93696285348,135269.1672566568
244999.99999999997,188784.34577458457,190424.6823411615,56215.654225415405,54575.31765883847
265400.00000000006,246463.87649159657,261745.92949857406,18936.123508403485,3654.070501426002
398999.99999999977,304992.6578476366,309179.69344110135,94007.34215236316,89820.30655889842
315000.0000000002,389681.52036742837,446911.63810765505,-74681.5203674282,-131911.63810765487
1350000.0,682555.6853613514,852352.4534507402,667444.3146386486,497647.5465492598
392200.00000000006,486179.2763323949,457312.49034102116,-93979.27633239486,-65112.4903410211
748000.0000000001,573314.194101088,572539.0183253333,174685.80589891213,175460.98167466687
93074.99999999999,258741.85711579543,280131.114115722,-165666.85711579543,-187056.114115722
440000.0000000002,450527.39216563635,471711.4302651078,-10527.392165636178,-31711.4302651076
496999.9999999997,336419.479853903,324004.51578984474,160580.5201460967,172995.48421015497
469999.9999999998,315019.95812393486,294442.5880267597,154980.04187606496,175557.41197324015
416999.9999999998,397338.3755843334,391956.6698314987,19661.624415666447,25043.330168501125
395000.00000000035,317327.93870916544,329870.71757893445,77672.06129083491,65129.2824210659
702000.0000000003,575825.8266883219,569676.1313972326,126174.17331167846,132323.8686027677
356999.99999999994,552403.7464855616,551217.5583993141,-195403.74648556166,-194217.55839931412
259750.00000000012,236159.94094901904,220116.06028447166,23590.05905098107,39633.93971552845
144450.0,173251.1556130006,166549.448855905,-28801.155613000592,-22099.448855905008
236765.0000000002,361415.95111854543,341820.7335903784,-124650.95111854523,-105055.73359037822
369999.99999999977,332987.88614123134,352749.7719644485,37012.113858768425,17250.228035551263
294000.0000000001,266579.2919504107,261128.87214352703,27420.70804958942,32871.12785647309
156999.99999999994,177682.91186152844,175265.37401669778,-20682.911861528497,-18265.37401669784
355300.00000000023,246750.21129357623,239239.52570483528,108549.788706424,116060.47429516495
89000.00000000004,105519.31168720011,104297.14342216964,-16519.31168720007,-15297.143422169596
1539999.9999999988,543962.3596703236,552820.6438671482,996037.6403296753,987179.3561328506
270000.00000000006,191766.28211049395,191397.9951878803,78233.71788950611,78602.00481211976
109000.0,159605.94388069867,150633.72882045928,-50605.94388069867,-41633.72882045928
384000.00000000006,341708.7406797086,342318.2077397273,42291.25932029146,41681.79226027278
339999.99999999994,224880.7848228794,226115.41669448555,115119.21517712055,113884.58330551439
336500.0000000001,293690.8985524789,302187.6528267724,42809.10144752124,34312.347173227696
214600.00000000015,176233.03885885797,186761.00557046762,38366.96114114218,27838.994429532526
176550.00000000006,185245.26444049244,176968.11403579218,-8695.264440492378,-418.1140357921249
296800.00000000006,264562.52972340846,267524.8021805024,32237.4702765916,29275.19781949767
172999.9999999999,207724.74583535228,211638.3579753026,-34724.74583535237,-38638.3579753027
605999.9999999994,582592.0490379077,629934.2262793629,23407.95096209168,-23934.2262793635
354999.9999999998,580216.1968277884,634571.0957676814,-225216.19682778855,-279571.09576768155
570000.0000000001,197137.20584195634,196499.14753710487,372862.7941580438,373500.8524628952
139499.9999999999,151496.39167733488,152952.64805142058,-11996.391677334963,-13452.648051420663
198955.0,262031.25288437298,270782.0816898814,-63076.25288437298,-71827.0816898814
210000.0,327223.2555186462,307618.8790042069,-117223.25551864621,-97618.87900420692
319000.0,241568.81734112487,272905.6178376257,77431.18265887513,46094.38216237433
293000.0000000001,186025.06430890667,188559.59573885094,106974.93569109344,104440.40426114917
525000.0000000003,390139.80627865717,382421.29009423027,134860.19372134318,142578.70990577008
223000.00000000003,253628.80557345803,238210.8454437672,-30628.805573457998,-15210.845443767175
188000.00000000012,183192.3345303227,171291.65884425674,4807.66546967742,16708.341155743372
339999.99999999994,254355.2802035937,260489.84101660678,85644.71979640625,79510.15898339316
568999.9999999995,246019.70599907762,275552.0343680872,322980.2940009219,293447.96563191235
749000.0,410692.9030807795,479788.5845863818,338307.0969192205,269211.4154136182
139000.00000000003,215434.96314457952,212841.67654827575,-76434.9631445795,-73841.67654827572
242000.00000000017,147187.33436087784,149957.79540205907,94812.66563912234,92042.2045979411
739999.9999999999,359268.57791392633,426683.28628185845,380731.42208607355,313316.71371814143
297999.9999999998,258438.7783046362,260703.1170858054,39561.22169536364,37296.88291419443
130999.99999999997,172402.55677930475,172029.32485936914,-41402.55677930478,-41029.32485936917
122000.00000000003,139738.82334743225,131363.31092939267,-17738.82334743222,-9363.310929392639
171999.99999999988,320852.98598923546,308098.6263758668,-148852.98598923557,-136098.62637586694
649999.9999999995,293179.3102290026,284465.64159770653,356820.6897709969,365534.358402293
639999.9999999998,675650.588006731,700727.1561868056,-35650.58800673124,-60727.156186805805
214000.00000000017,127853.8210790987,119671.4072572748,86146.17892090147,94328.59274272538
250999.99999999988,305623.235794433,297342.9656302795,-54623.2357944331,-46342.96563027962
198000.00000000006,173751.13381427235,170731.35751677497,24248.866185727704,27268.642483225092
371999.9999999998,509208.09998955316,555306.5586641764,-137208.09998955333,-183306.55866417655
165000.00000000015,141888.8465935134,139983.02578554183,23111.15340648676,25016.974214458314
235000.0,237982.00954514567,232804.61480536798,-2982.0095451456727,2195.385194632021
176000.00000000006,333102.98945490184,305097.1052003461,-157102.98945490178,-129097.10520034604
287999.9999999999,317230.45274085895,318356.8204829165,-29230.452740859066,-30356.820482916606
311500.0000000001,524467.460386616,526311.1431837806,-212967.46038661583,-214811.14318378048
241500.0,747587.1695142821,731131.0669491332,-506087.16951428214,-489631.0669491332
273999.99999999994,236325.26850191745,236882.7601840632,37674.73149808249,37117.239815936744
228000.00000000003,199411.7010171701,198502.78097458414,28588.298982829932,29497.219025415892
43000.00000000002,143502.01893547698,141749.58988078588,-100502.01893547695,-98749.58988078585
299000.00000000006,468127.3081886599,445698.9068265409,-169127.30818865984,-146698.90682654083
238000.0,175120.00146744153,173828.85547537723,62879.99853255847,64171.14452462277
247000.00000000006,295000.83537928516,338984.823120776,-48000.8353792851,-91984.82312077592
249000.00000000006,226363.40285818183,225391.21567085455,22636.59714181823,23608.784329145506
129000.0000000001,159909.80281288098,152774.31804457764,-30909.80281288088,-23774.318044577536
630000.0000000006,374709.44491949544,393655.1426783477,255290.55508050515,236344.85732165287
697999.9999999995,671831.039886814,734867.7803223348,26168.960113185574,-36867.78032233531
416999.9999999998,261303.42214650512,275442.0114386618,155696.5778534947,141557.98856133805
115989.99999999994,128065.3127527338,125140.7648647554,-12075.312752733851,-9150.76486475546
224000.0,304076.3072174751,317160.5839587297,-80076.30721747509,-93160.5839587297
213499.99999999994,304541.138322064,332041.2644991078,-91041.13832206407,-118541.26449910784
379999.9999999999,311455.60814042896,297098.9356597893,68544.39185957093,82901.06434021058
148000.00000000015,134451.42181524876,130683.51954428968,13548.578184751386,17316.480455710465
289999.9999999999,374053.9331410997,372911.2179801489,-84053.93314109981,-82911.21798014903
151000.00000000006,122777.69570886382,121008.04986388305,28222.304291136243,29991.95013611701
124000.00000000007,227531.15609962805,226562.5775946878,-103531.15609962797,-102562.57759468774
439000.0000000001,419691.25322292204,422772.1441160756,19308.74677707808,16227.855883924523
155000.00000000012,262983.61067101284,266762.07630181767,-107983.61067101272,-111762.07630181755
748000.0000000001,812356.1587835292,832127.467167304,-64356.15878352907,-84127.4671673039
483553.99999999977,351969.8066058969,375325.154145435,131584.19339410285,108228.84585456474
59900.00000000002,106837.60469925335,99784.16545801362,-46937.60469925333,-39884.1654580136
56000.000000000044,97598.25656521933,90874.9168632231,-41598.256565219286,-34874.91686322306
372299.99999999977,179079.0116819684,180005.23660534655,193220.98831803136,192294.76339465322
205000.0,154377.29875901068,151794.29556924792,50622.70124098932,53205.704430752085
502999.9999999999,494133.74766056717,508624.50222261087,8866.252339432715,-5624.502222610987
540000.0000000001,792161.3856302008,875799.0582101834,-252161.38563020073,-335799.0582101833
382999.9999999997,258213.54190879362,253118.8971549338,124786.45809120609,129881.1028450659
223000.00000000003,396807.3503577348,371537.825653779,-173807.35035773474,-148537.82565377894
1295000.0000000007,1043164.3373389154,1297577.0969343039,251835.66266108525,-2577.0969343031757
231000.0000000001,225640.43877528477,229922.4205141617,5359.5612247153185,1077.5794858383888
1299999.9999999993,701093.1069633074,699032.3335298676,598906.8930366919,600967.6664701317
375000.00000000006,192417.25005038932,189301.78911474117,182582.74994961073,185698.2108852589
199000.0000000001,302905.6017207324,319921.2033028649,-103905.60172073232,-120921.20330286483
86999.99999999994,177006.48491618515,192173.18873181837,-90006.4849161852,-105173.18873181843
209499.9999999999,280008.68795430515,265131.72116355755,-70508.68795430523,-55631.72116355764
402999.9999999999,492340.37039090873,475123.3508137753,-89340.37039090885,-72123.35081377544
515000.00000000006,427968.8851149813,434582.57620740985,87031.11488501873,80417.42379259021
630000.0000000006,644373.840816088,622545.7382389085,-14373.840816087439,7454.261761092115
1165999.999999999,1236066.9454356465,1433669.2081633804,-70066.94543564739,-267669.2081633813
280000.0,316503.7700244809,313521.68846823747,-36503.77002448088,-33521.688468237466
113999.99999999996,251598.3587761972,245754.20464435866,-137598.35877619724,-131754.20464435872
375000.00000000006,270637.03213869064,281879.24353809294,104362.96786130941,93120.75646190712
169000.00000000012,165467.04575174346,158541.8569775537,3532.9542482566612,10458.143022446427
895000.0000000007,723499.8965123013,732644.3216316734,171500.1034876994,162355.67836832732
402000.0000000001,203106.55260172972,219811.70155918397,198893.4473982704,182188.29844081614
128100.0,104373.89609542089,100944.78125799893,23726.10390457911,27155.218742001074
359000.00000000023,364585.97848764213,367041.915237627,-5585.9784876419,-8041.915237626759
589000.0,557938.8146450077,559223.9622233416,31061.18535499228,29776.037776658428
1550000.0000000012,397976.856145788,423009.9543902905,1152023.1438542132,1126990.0456097107
92000.00000000007,152643.80553156804,143124.2735173231,-60643.80553156797,-51124.27351732303
174900.00000000006,301696.9792744227,290398.83190212405,-126796.97927442263,-115498.83190212399
616000.0000000005,184087.36360505287,184007.24781051496,431912.6363949476,431992.7521894855
809999.9999999995,534071.9094451827,527841.0277043883,275928.0905548169,282158.9722956113
124999.9999999999,189392.66681967792,173222.7040176606,-64392.66681967802,-48222.70401766071
395000.00000000035,324389.5020253235,329049.7545759951,70610.49797467684,65950.24542400526
259000.0,300455.31348235364,302844.76517241093,-41455.31348235364,-43844.76517241093
1389999.9999999988,561051.3551396006,618054.013393509,828948.6448603983,771945.9866064899
753999.9999999997,242024.69977907866,243297.70582630558,511975.300220921,510702.2941736941
104999.99999999997,95942.16152178394,94910.81801603125,9057.838478216028,10089.181983968723
585000.0000000003,356497.1202575354,349662.38182151236,228502.87974246492,235337.618178488
390000.00000000035,323320.2610483458,345141.5814703223,66679.73895165452,44858.41852967808
244999.99999999997,233798.15621120174,249533.35666206077,11201.843788798229,-4533.3566620608035
299000.00000000006,341768.66352944,344314.8725349179,-42768.663529439946,-45314.87253491784
356999.99999999994,380259.28866047325,369987.1618344942,-23259.288660473307,-12987.161834494269
640625.0000000001,328189.44538048323,347145.93591636274,312435.5546195169,293479.0640836374
149000.0,212205.02295405086,207498.48015430954,-63205.02295405086,-58498.48015430954
205000.0,210674.79121495853,214112.24578291818,-5674.791214958532,-9112.24578291818
90000.00000000001,134834.94091368697,131925.05058579403,-44834.94091368695,-41925.050585794015
548500.0000000001,365857.52045351785,376081.7270576552,182642.47954648227,172418.2729423449
151000.00000000006,223201.98132507273,224050.94713734652,-72201.98132507267,-73050.94713734646
259200.0000000002,229880.74254249514,228902.31334172285,29319.257457505068,30297.68665827735
121000.00000000003,188137.0450911599,189178.40146621157,-67137.04509115987,-68178.40146621154
840000.0000000005,613185.919195561,580569.941806283,226814.0808044395,259430.0581937175
229900.00000000006,269573.6349864964,276107.9469054374,-39673.634986496356,-46207.94690543733
349999.9999999997,360675.00700740586,354163.00603975286,-10675.007007406151,-4163.006039753149
420000.0,388351.0801717258,405959.39209789236,31648.91982827423,14040.607902107644
689999.9999999995,543240.4606466137,503120.69659494795,146759.5393533858,186879.30340505159
615000.0,291006.4789147934,294223.8395904955,323993.5210852066,320776.1604095045
175000.00000000012,123131.10374826776,122475.20008528435,51868.89625173235,52524.79991471577
153999.99999999988,137716.54854581255,129743.90799443281,16283.451454187336,24256.092005567072
247925.0000000002,177534.3033736835,184410.9582256327,70390.6966263167,63514.041774367506
281000.0000000001,241072.52521032092,237014.6190011921,39927.474789679196,43985.38099880802
210000.0,332387.7161226091,319241.6900456376,-122387.7161226091,-109241.6900456376
289999.9999999999,324119.37192247336,317223.53407844965,-34119.37192247348,-27223.534078449768
895000.0000000007,798299.9515210392,827643.4300003073,96700.04847896146,67356.56999969343
332000.0,424875.0913908591,468192.4621390215,-92875.0913908591,-136192.4621390215
384000.00000000006,384401.49728341255,387953.6159467507,-401.49728341249283,-3953.6159467506222
323999.9999999999,259842.51867267018,272052.5392172755,64157.481327329704,51947.460782724374
440000.0000000002,296950.4601077869,283951.0571087213,143049.5398922133,156048.9428912789
169990.00000000006,162277.41992688575,169378.85186173394,7712.58007311431,611.148138266115
208999.99999999988,194659.01255618985,201148.81787581227,14340.987443810038,7851.182124187617
430000.00000000023,551560.6560643186,537231.5042386926,-121560.65606431838,-107231.50423869235
115500.00000000009,164896.8621065068,171243.84360081266,-49396.86210650671,-55743.84360081257
228000.00000000003,161422.46806181606,155836.94375433566,66577.53193818397,72163.05624566437
181000.00000000006,273151.93282165285,267983.16663166165,-92151.9328216528,-86983.16663166159
127999.99999999997,121469.76486712659,113575.88966551308,6530.2351328733785,14424.11033448689
173999.99999999997,259857.1012827754,260721.19163791672,-85857.10128277543,-86721.19163791675
129900.00000000012,160517.09548585594,155246.18862919492,-30617.095485855825,-25346.188629194803
66000.0,168294.28068975187,184093.52899021615,-102294.28068975187,-118093.52899021615
312999.9999999999,548505.6185753806,547884.3756072766,-235505.61857538077,-234884.37560727668
219500.00000000012,469991.84568108304,470798.2994828287,-250491.84568108292,-251298.2994828286
299979.99999999994,325806.93359690375,323649.27428968385,-25826.933596903807,-23669.274289683904
280000.0,290177.3221664922,286761.89594873664,-10177.322166492173,-6761.895948736637
289999.9999999999,306076.78038942855,301899.24340319633,-16076.780389428663,-11899.243403196451
390000.00000000035,329671.9378872931,335482.2942099825,60328.06211270724,54517.70579001785
330000.0000000001,236932.80485664008,248280.06581499882,93067.19514336003,81719.9341850013
70999.99999999994,123561.13156231557,118041.2436772239,-52561.131562315626,-47041.24367722396
233199.99999999994,117730.63183208789,121791.45771638915,115469.36816791205,111408.54228361079
280000.0,228870.2504747721,252214.9983362238,51129.749525227904,27785.001663776202
480000.00000000006,224491.16506835265,229162.8730840711,255508.8349316474,250837.12691592897
289999.9999999999,401128.5365512538,426843.4637240485,-111128.53655125393,-136843.46372404863
655199.9999999995,1221007.121478839,1367439.8746796215,-565807.1214788395,-712239.874679622
230000.0000000001,200459.2419929099,194658.22347254347,29540.75800709019,35341.77652745662
240000.00000000003,244175.47491222757,242840.64786184198,-4175.474912227539,-2840.6478618419496
212000.00000000017,261279.6852153726,270208.85193177476,-49279.68521537242,-58208.85193177458
1140200.0000000002,705841.6622803253,754945.2063174917,434358.3377196749,385254.7936825085
174499.99999999994,334667.7040853391,331297.13164891733,-160167.70408533915,-156797.1316489174
279000.0000000001,258727.20490234083,268124.6442483804,20272.795097659284,10875.355751619732
280000.0,413470.03100064106,409818.0978791775,-133470.03100064106,-129818.09787917748
684000.0000000001,287893.0607370548,300671.42673627107,396106.9392629453,383328.57326372905
310000.0000000002,180645.78258828394,202260.93521086074,129354.21741171624,107739.06478913943
214000.00000000017,141296.38634889756,144541.8450477882,72703.61365110261,69458.15495221197
1329999.9999999998,601059.0554402197,633793.0376002293,728940.9445597801,696206.9623997705
590000.0000000003,422288.0835444126,481660.0089064942,167711.91645558772,108339.99109350616
235000.0,307970.0067064882,297530.0967906948,-72970.0067064882,-62530.096790694806
122000.00000000003,131037.97310137842,127407.2931820873,-9037.97310137839,-5407.293182087276
239000.00000000003,286992.5695985738,275109.68917402485,-47992.569598573755,-36109.689174024825
181899.99999999988,144452.19457339452,144762.45262140114,37447.805426605366,37137.54737859874
120000.00000000004,169131.91518759885,156081.84692359436,-49131.9151875988,-36081.84692359432
91800.00000000007,128714.7710286377,129752.51127339501,-36914.771028637624,-37952.511273394935
133000.00000000012,139318.75317748636,127707.11809346703,-6318.753177486244,5292.88190653309
495699.99999999994,138410.1383380311,151631.7346918707,357289.86166196887,344068.26530812925
689699.9999999998,281467.4239949979,287246.7660346451,408232.57600500184,402453.2339653547
590000.0000000003,682141.8867904609,709530.5890080555,-92141.88679046056,-119530.58900805516
120000.00000000004,291383.4293498702,324063.23701896763,-171383.42934987013,-204063.23701896757
540000.0000000001,290487.7311341226,286846.15771586966,249512.26886587753,253153.84228413046
64999.999999999956,125531.24014003332,119800.29396675568,-60531.24014003336,-54800.29396675572
343500.0000000003,292054.5215877442,276475.88826785306,51445.47841225611,67024.11173214723
76000.0,173940.19673067148,178145.48076262066,-97940.19673067148,-102145.48076262066
38600.0,91399.66489279114,89482.51009854427,-52799.664892791145,-50882.51009854427
165000.00000000015,176840.17467212462,179775.90734920828,-11840.17467212447,-14775.907349208137
114999.99999999991,102784.76919807396,100206.15049371497,12215.23080192595,14793.84950628494
495000.0000000004,363645.6378565023,351562.7132091352,131354.3621434981,143437.28679086518
413000.00000000006,465459.8244211398,485108.1563351975,-52459.824421139725,-72108.15633519745
229000.00000000006,174093.40588462635,165699.86518550495,54906.59411537371,63300.134814495104
195000.00000000006,161410.6195225785,157648.48281829982,33589.38047742157,37351.51718170024
57699.99999999998,86630.62738617061,80218.83596144924,-28930.627386170636,-22518.83596144926
195000.00000000006,447136.94036567555,422467.03218018066,-252136.9403656755,-227467.0321801806
96999.99999999999,140305.67187399184,136717.3815699996,-43305.67187399186,-39717.381569999605
239499.99999999983,180163.7278488784,188479.02027125168,59336.27215112143,51020.97972874815
468000.0000000003,206458.00423068006,230628.43969177033,261541.99576932023,237371.56030822996
727999.9999999999,358891.88362917176,391136.46041113103,369108.1163708281,336863.53958886885
222850.00000000017,304628.0266716685,315073.85119998007,-81778.02667166834,-92223.8511999799
165000.00000000015,142788.40252810065,135152.7544321469,22211.5974718995,29847.245567853242
122499.99999999996,142780.4987185042,140156.9082747022,-20280.498718504256,-17656.908274702248
219900.00000000015,336348.60178842896,304691.6122240676,-116448.60178842882,-84791.61222406747
217999.99999999988,297464.1662625977,305221.31895716314,-79464.16626259784,-87221.31895716325
155000.00000000012,216484.10341670224,216996.93924088072,-61484.10341670213,-61996.9392408806
157500.00000000006,156878.69235426496,152038.68573762325,621.307645735098,5461.314262376807
449999.99999999994,283387.70559685514,309262.8118949367,166612.2944031448,140737.18810506322
158999.99999999997,235500.41328955145,234637.2178006071,-76500.41328955148,-75637.21780060712
93999.99999999997,127784.48036228119,126647.75288454196,-33784.48036228122,-32647.752884541987
529000.0,303562.3638167076,301346.1258764148,225437.63618329237,227653.87412358518
658999.9999999997,680930.7182650449,719934.0542122065,-21930.7182650452,-60934.05421220686
249000.00000000006,146844.0434347999,145429.84847523193,102155.95656520015,103570.15152476812
299900.0,306305.7883206497,308890.5206980337,-6405.788320649706,-8990.52069803368
55000.00000000004,119586.85680444975,116635.38401472548,-64586.856804449715,-61635.384014725445
769599.9999999999,424479.4969101249,485067.0601537128,345120.503089875,284532.9398462871
374500.0000000001,297158.3765902268,305740.1947912314,77341.62340977334,68759.8052087687
139999.9999999999,171430.75989982564,158744.53729350612,-31430.75989982573,-18744.537293506204
1340000.0000000002,1690000.0,1690000.0,-349999.99999999977,-349999.99999999977
682499.9999999995,277055.1660676367,291209.81100329524,405444.83393236285,391290.1889967043
537300.0000000003,254428.71959252222,252235.72374225338,282871.2804074781,285064.27625774697
755000.0000000005,296013.8976998336,326782.1367765937,458986.10230016685,428217.8632234068
188999.99999999988,180005.30371967936,168756.62101124157,8994.696280320524,20243.37898875831
180000.00000000003,164638.74313981272,156338.78430390666,15361.256860187306,23661.215696093364
210000.0,163996.3664427462,160143.10585653406,46003.63355725381,49856.894143465935
593600.0000000002,903472.423283043,891988.4587772572,-309872.42328304274,-298388.458777257
575000.0000000001,417056.76600873144,435166.6860676196,157943.23399126867,139833.31393238052
175000.00000000012,369114.42681607744,382923.0172938307,-194114.42681607732,-207923.01729383058
231999.99999999997,134307.57258034564,138238.4722335621,97692.42741965433,93761.52776643788
344999.9999999997,765676.9440142255,750874.5041720421,-420676.9440142258,-405874.5041720424
144499.99999999994,188366.77963034253,190198.47471277096,-43866.779630342586,-45698.474712771014
240900.00000000006,288646.9041534405,300638.3608034842,-47746.90415344044,-59738.36080348416
530000.0000000003,210513.95541908272,215977.1195930563,319486.04458091763,314022.8804069441
236199.99999999985,344267.8582637808,379063.1233140954,-108067.85826378097,-142863.12331409557
217000.00000000012,203561.91438480243,187710.27192868217,13438.085615197691,29289.72807131795
120749.99999999994,146491.23081080755,147069.77264812117,-25741.23081080761,-26319.77264812123
509000.0000000002,241600.92023082552,232238.5559788491,267399.0797691747,276761.44402115105
389000.00000000035,250147.91251235578,263000.71995169437,138852.08748764457,125999.28004830598
80500.00000000001,168305.27174305156,169647.58460864038,-87805.27174305155,-89147.58460864036
471999.9999999998,296619.76650929655,296159.4382789073,175380.23349070328,175840.5617210925
219999.99999999983,158984.4655065595,166945.47972442146,61015.534493440326,53054.52027557837
231500.00000000006,146901.67913635145,150505.4260142177,84598.32086364861,80994.57398578236
221999.99999999983,419783.7637597685,474714.28317103744,-197783.76375976868,-252714.28317103762
259999.9999999998,254774.22320277235,258811.0200554415,5225.776797227445,1188.9799445582903
255000.0000000001,393790.56044300576,399793.71466791787,-138790.56044300567,-144793.71466791778
165000.00000000015,172874.5430901328,163600.16026789477,-7874.543090132647,1399.839732105378
919999.9999999998,816935.9140308338,812348.5397426316,103064.08596916602,107651.46025736816
798000.0000000002,357097.0008485478,351095.26849093783,440902.99915145244,446904.7315090624
940000.0000000006,380355.7054742266,409198.3750628655,559644.294525774,530801.624937135
467955.00000000023,360511.011056182,384125.42332240695,107443.98894381826,83829.57667759329
177000.00000000006,135209.08882006965,130594.48813336034,41790.91117993041,46405.51186663972
203500.0,267304.9991520675,285155.21539721766,-63804.999152067525,-81655.21539721766
224675.00000000017,331138.93151050986,364744.68681999587,-106463.93151050969,-140069.6868199957
450777.0000000002,220699.39566214322,224334.55134774867,230077.60433785696,226442.4486522515
1380000.0000000005,345152.93467508495,337915.2687048389,1034847.0653249156,1042084.7312951616
249000.00000000006,274820.38640885876,263124.4909889345,-25820.3864088587,-14124.49098893447
353999.99999999977,249823.19771029233,248944.70782690935,104176.80228970744,105055.29217309042
223599.99999999997,198026.40786873727,214056.6178591957,25573.592131262703,9543.382140804257
218999.99999999988,204312.11521368686,215221.6548967065,14687.884786313021,3778.3451032933954
127899.99999999993,219981.71930840422,210870.00486474697,-92081.7193084043,-82970.00486474704
59499.99999999996,110471.62536196753,110073.42439852275,-50971.62536196756,-50573.42439852279
320000.00000000006,177649.8448255735,180878.40418861381,142350.15517442656,139121.59581138624
348999.99999999994,250677.28628371956,265770.4040982788,98322.71371628038,83229.59590172116
35999.99999999998,147560.6716062953,152727.040737653,-111560.67160629533,-116727.04073765303
190799.99999999994,343333.5733333424,346932.25952549715,-152533.57333334244,-156132.2595254972
80500.00000000001,150063.7498154626,147833.97731958545,-69563.74981546258,-67333.97731958544
192600.00000000017,316204.7225356683,333856.5114989504,-123604.72253566812,-141256.51149895025
142000.0,210848.67016881087,206422.34997099338,-68848.67016881087,-64422.34997099338
112000.00000000004,159949.0299197532,175539.6781399285,-47949.02991975316,-63539.67813992845
798000.0000000002,479446.20384473837,530346.2596740096,318553.79615526187,267653.7403259906
90000.00000000001,127379.61687446956,115273.75786402366,-37379.616874469546,-25273.757864023646
357999.99999999977,505366.7049639718,532608.8155175563,-147366.70496397204,-174608.8155175565
299000.00000000006,225670.1862636916,230463.4373334623,73329.81373630845,68536.56266653776
400999.99999999994,315316.70983021334,324750.30741823476,85683.2901697866,76249.69258176518
275000.0000000002,213749.95919641072,209250.44441190572,61250.04080358945,65749.55558809446
557999.9999999995,381060.38788618305,381882.89588598424,176939.6121138165,176117.1041140153
748800.0000000003,294763.884626383,291429.9598210096,454036.11537361733,457370.04017899075
171000.00000000012,215354.76685079944,207945.62049186236,-44354.76685079932,-36945.62049186224
1199998.9999999998,368599.26361399423,397172.5975256579,831399.7363860055,802826.4024743419
167000.0000000001,212890.7947760228,212560.78637291992,-45890.794776022725,-45560.78637291983
210000.0,483302.27014279517,469269.81811040576,-273302.27014279517,-259269.81811040576
716000.0000000003,194096.56671054626,192292.14562318506,521903.4332894541,523707.85437681526
101000.00000000003,146271.7945250347,147364.22838440488,-45271.79452503467,-46364.22838440485
590000.0000000003,366276.3787148774,408022.03772353276,223723.62128512294,181977.9622764676
579999.9999999997,520875.5225649125,520240.69982331386,59124.477435087145,59759.30017668579
667000.0000000002,269409.34917797445,285666.6172182082,397590.6508220258,381333.382781792
178999.99999999994,206383.88920613186,225126.66654161914,-27383.88920613192,-46126.6665416192
168879.99999999994,138985.71529539072,138445.7181045251,29894.28470460922,30434.28189547485
100000.00000000004,312621.6216228681,303390.21663140017,-212621.62162286806,-203390.2166314001
257000.00000000015,207655.2056951496,206266.33659420224,49344.79430485054,50733.66340579791
1370000.0000000007,694991.7000487342,657443.6245753488,675008.2999512665,712556.3754246519
352000.0000000003,302655.4656367979,319153.36333979067,49344.5343632024,32846.636660209624
527000.0,284675.6914807464,314617.662518745,242324.30851925362,212382.337481255
169599.99999999988,200936.67861673818,197674.8650315971,-31336.678616738296,-28074.865031597205
284999.99999999994,627105.2364658188,676904.8650753977,-342105.2364658189,-391904.8650753977
271000.0000000002,241468.9543224492,242477.64328756472,29531.04567755098,28522.35671243546
484999.99999999965,472465.13923590025,474729.66247877857,12534.860764099401,10270.337521221081
159999.99999999997,170924.23092990124,168349.0305678714,-10924.23092990127,-8349.030567871436
472500.00000000035,416526.1045697076,390687.634326949,55973.89543029276,81812.36567305133
575000.0000000001,328572.43251095724,354841.98539805505,246427.56748904288,220158.01460194506
225000.00000000015,219466.21798174063,218937.33641194057,5533.782018259517,6062.663588059571
63555.000000000015,104528.50172259068,102326.17143061389,-40973.50172259066,-38771.171430613875
1495000.000000001,629098.7738213462,647378.1410172079,865901.2261786547,847621.858982793
118000.00000000009,249583.06568527,252069.9637804613,-131583.06568526992,-134069.9637804612
463500.0000000001,353815.9498762207,385705.96431935375,109684.0501237794,77794.03568064637
420000.0,752731.3610740845,922872.8423765446,-332731.36107408453,-502872.8423765446
649999.9999999995,675530.4752554417,668718.3715443257,-25530.4752554422,-18718.37154432619
149000.0,110282.26474042682,103380.67176449561,38717.73525957318,45619.32823550439
579999.9999999997,657583.7423952789,681831.1155473053,-77583.74239527923,-101831.11554730567
261000.00000000012,157450.39455165068,161323.52992684237,103549.60544834944,99676.47007315775
49000.00000000002,87716.1561960431,85668.78817323867,-38716.15619604308,-36668.78817323865
520000.0,330824.6444582044,358944.5030216818,189175.3555417956,161055.4969783182
199499.99999999994,248418.98842175043,255606.1959752589,-48918.98842175049,-56106.19597525895
819000.0000000002,1222233.6316434576,1422276.8058626873,-403233.63164345734,-603276.8058626871
149900.0,223518.69344616798,208237.18063142162,-73618.69344616798,-58337.18063142162
185000.00000000006,165153.51438012774,165301.14345153907,19846.485619872314,19698.856548460986
249999.9999999998,201494.8702148153,222758.1441015521,48505.12978518449,27241.855898447684
163999.99999999988,152838.38685148707,155095.03222167655,11161.613148512813,8904.967778323335
215000.0,381371.1499050961,358326.7576384676,-166371.1499050961,-143326.7576384676
191499.99999999988,174437.3281026882,171050.65089562928,17062.671897311695,20449.3491043706
279000.0000000001,303729.40050825174,312913.09002435533,-24729.400508251623,-33913.09002435522
123000.00000000009,223159.8528558435,209987.41457611066,-100159.8528558434,-86987.41457611058
60000.000000000015,142381.68292113408,147420.82888239287,-82381.68292113407,-87420.82888239286
146999.99999999988,314023.3010782086,301661.94348134456,-167023.30107820872,-154661.94348134467
95000.00000000001,221833.73558298717,248995.62640041212,-126833.73558298715,-153995.62640041212
351000.0000000001,161983.94813906308,165497.4545160122,189016.05186093703,185502.54548398792
265500.0000000001,248173.68960133812,251191.3782888911,17326.310398661997,14308.621711109008
249000.00000000006,206154.7682365385,200985.105335549,42845.23176346155,48014.89466445107
416999.9999999998,343184.4129599588,343470.47727667197,73815.58704004105,73529.52272332786
156999.99999999994,144778.0190149472,142438.48016481515,12221.980985052738,14561.519835184794
387999.9999999999,523127.4399752841,504436.0338068854,-135127.43997528421,-116436.03380688553
367500.0000000003,411893.66927904304,437620.88686022384,-44393.66927904275,-70120.88686022355
409499.9999999997,273310.1677388908,270943.53703992395,136189.8322611089,138556.46296007576
180000.00000000003,177315.07408066027,186586.7398660172,2684.9259193397593,-6586.73986601716
129000.0000000001,252439.06142247395,265152.78423104214,-123439.06142247385,-136152.78423104202
284999.99999999994,301421.9062468389,312151.8068648557,-16421.906246838975,-27151.806864855753
330000.0000000001,525361.1373981357,518279.9334176362,-195361.13739813562,-188279.9334176361
915000.0000000002,768697.1287936149,768256.469758194,146302.87120638532,146743.53024180618
235999.9999999999,219950.66920667017,215787.16042633422,16049.330793329747,20212.839573665697
449999.99999999994,390132.60368368955,392926.65063269826,59867.39631631039,57073.34936730168
192999.99999999985,208183.82073903014,204268.03496155093,-15183.820739030285,-11268.034961551079
469999.9999999998,644313.6737464392,683003.4872343608,-174313.67374643934,-213003.48723436095
225000.00000000015,179975.7640027946,168758.3222972345,45024.23599720554,56241.67770276565
266249.99999999994,433872.5163379581,466255.3275000933,-167622.51633795816,-200005.32750009338
181899.99999999988,168075.1842050951,177202.98833488234,13824.815794904775,4697.011665117549
219999.99999999983,535446.2656066464,519410.0548345675,-315446.2656066466,-299410.05483456765
218999.99999999988,265433.2575175371,260736.4043611394,-46433.25751753722,-41736.40436113952
139800.00000000003,331981.76348621654,343630.0814070467,-192181.7634862165,-203830.08140704667
120000.00000000004,237294.0192714205,229573.00297077338,-117294.01927142045,-109573.00297077333
387999.9999999999,283749.04126117233,303446.77987426484,104250.95873882755,84553.22012573504
484999.99999999965,285882.30037458154,278754.26530505734,199117.6996254181,206245.7346949423
759999.9999999999,638372.234528517,656551.4858890095,121627.76547148288,103448.51411099033
549899.9999999998,376952.92769667995,360364.7587689658,172947.07230331982,189535.241231034
198000.00000000006,180269.4224109517,177283.2262704539,17730.577589048364,20716.77372954617
749999.9999999998,660425.0402430799,675232.9113604579,89574.95975691988,74767.08863954188
218999.99999999988,367800.9840345223,376049.84539158415,-148800.98403452244,-157049.84539158427
320000.00000000006,555509.1964984138,534482.6483998434,-235509.19649841374,-214482.6483998433
599899.9999999997,629245.0023906339,811566.1494049378,-29345.00239063427,-211666.1494049381
169000.00000000012,255907.4459702443,244534.55123536097,-86907.44597024418,-75534.55123536085
320999.9999999999,196118.95785549484,205248.34842360733,124881.04214450505,115751.65157639256
202999.9999999999,289304.4203116263,279108.7584457941,-86304.42031162637,-76108.7584457942
175000.00000000012,179774.15056061465,173152.46928980877,-4774.1505606145365,1847.5307101913495
120000.00000000004,305367.8397848518,313932.73841089336,-185367.83978485176,-193932.7384108933
67999.99999999999,133914.7313547768,132867.30608372236,-65914.73135477681,-64867.306083722375
114400.00000000004,106806.1072179898,105930.05776264194,7593.89278201024,8469.942237358104
1196999.9999999993,968833.4985767831,1083726.4925911427,228166.5014232162,113273.50740885665
193499.99999999985,215287.89440564238,221613.68224098228,-21787.894405642524,-28113.682240982424
583999.9999999995,335470.5457982652,375784.3548477501,248529.45420173433,208215.64515224943
262500.00000000023,257452.19363069715,280346.9524134441,5047.806369303085,-17846.952413443883
385000.00000000023,289533.94889396423,310371.0301536255,95466.051106036,74628.9698463747
264000.00000000006,291414.22089370224,300120.4509174535,-27414.22089370218,-36120.45091745345
452000.0000000001,611209.0413301653,593335.3856501951,-159209.04133016523,-141335.38565019495
238000.0,204806.42770630165,202306.85417288195,33193.57229369835,35693.145827118045
184625.00000000015,184428.4219502659,185980.4674784328,196.5780497342348,-1355.4674784326635
334999.9999999998,462834.01538994006,449590.6086765952,-127834.01538994024,-114590.60867659538
570000.0000000001,187789.0508619197,188647.73146799058,382210.9491380804,381352.26853200956
490000.0,296491.17507303535,309576.59495622444,193508.82492696465,180423.40504377556
271000.0000000002,318460.5701605124,305434.27377197903,-47460.57016051223,-34434.27377197886
360000.0000000001,337735.9534509685,321605.69301438954,22264.046549031627,38394.30698561057
368000.00000000023,242098.847803234,249972.46601791526,125901.15219676623,118027.53398208498
768999.9999999997,757703.9559456237,853240.1759466543,11296.044054375961,-84240.17594665464
231000.0000000001,170402.91565608614,167108.9172114954,60597.08434391394,63891.08278850469
69499.99999999996,123619.29720525413,120168.76687518133,-54119.29720525417,-50668.766875181376
235000.0,304969.7226717663,306870.98280499486,-69969.7226717663,-71870.98280499486
164500.00000000012,200719.3554032065,200332.35132466402,-36219.35540320637,-35832.351324663905
139999.9999999999,176480.55206007918,166838.27171470973,-36480.552060079266,-26838.271714709816
148000.00000000015,141481.93084026608,131565.21549028263,6518.069159734063,16434.784509717516
180000.00000000003,163771.53424329674,153597.0627149076,16228.465756703285,26402.937285092426
199999.99999999997,226825.88963946432,216493.63117062475,-26825.889639464353,-16493.63117062478
249999.9999999998,464232.8424133276,458738.4565180403,-214232.8424133278,-208738.45651804048
272999.9999999998,122711.54817584623,122743.82599750908,150288.4518241536,150256.17400249076
235000.0,238758.02974195592,236148.87941815384,-3758.029741955921,-1148.8794181538397
834000.0,217784.9722686057,218806.74241060452,616215.0277313943,615193.2575893955
430359.9999999998,373124.5023887222,401300.27465908433,57235.49761127762,29059.725340915495
288999.9999999999,324286.9066334477,327762.19644452166,-35286.9066334478,-38762.196444521775
435999.99999999965,374292.3669751912,386522.5503989618,61707.63302480843,49477.449601037835
649000.0000000006,599939.9531694045,616332.1402692302,49060.04683059605,32667.859730770346
299999.99999999977,155996.90508431324,153014.67640001563,144003.09491568652,146985.32359998414
288999.9999999999,273144.2657252694,260597.5398665764,15855.734274730494,28402.460133423476
253949.99999999988,229089.0220269915,239461.40394001952,24860.977973008383,14488.596059980366
170000.00000000012,102762.69967874825,101124.81376262273,67237.30032125187,68875.18623737739
249449.99999999997,148106.8940921339,158317.85763770487,101343.10590786606,91132.1423622951
133000.00000000012,223549.39868098946,208067.64421389904,-90549.39868098934,-75067.64421389892
178999.99999999994,307059.47440903867,328634.2623619269,-128059.47440903872,-149634.26236192696
112999.99999999993,214433.3211409777,229709.43798292114,-101433.32114097777,-116709.43798292121
685000.0000000005,595198.973747082,656131.6411330114,89801.02625291841,28868.35886698903
178499.99999999985,216428.79136343652,227496.41258284642,-37928.79136343667,-48996.41258284656
293000.0000000001,215443.4647806855,216799.28612255162,77556.53521931462,76200.71387744849
186000.00000000012,167220.04312354483,173074.97909584804,18779.956876455282,12925.020904152072
247000.00000000006,333710.8851143637,348655.24838411337,-86710.88511436363,-101655.2483841133
134800.0000000001,172672.39689231262,172201.16076303742,-37872.396892312536,-37401.16076303733
96999.99999999999,182613.60240858738,192758.79502387534,-85613.6024085874,-95758.79502387535
196000.0000000001,181355.9240537968,176660.68245073836,14644.075946203287,19339.31754926173
798999.9999999997,515276.22236490896,562443.1344661886,283723.7776350907,236556.86553381104
578000.0000000005,806412.9407946221,924725.5865619773,-228412.9407946216,-346725.5865619768
81000.00000000007,193212.89725042385,186572.284575254,-112212.89725042378,-105572.28457525391
79000.00000000006,326357.59600911697,380744.00486122805,-247357.5960091169,-301744.004861228
163499.99999999988,223242.0785871166,219838.74704564209,-59742.0785871167,-56338.7470456422
199999.99999999997,235874.54936803057,228287.58773981364,-35874.549368030595,-28287.587739813665
390350.00000000023,267528.1577900991,274379.5963213407,122821.84220990114,115970.40367865952
275000.0000000002,336611.07182195556,349006.3453872865,-61611.07182195538,-74006.34538728633
351272.0000000001,391532.1293826019,393346.25122068246,-40260.129382601765,-42074.251220682345
95999.99999999996,149566.34826099384,142539.50014444822,-53566.34826099388,-46539.50014444826
168900.00000000015,207287.20873295935,207147.54011002762,-38387.2087329592,-38247.540110027476
117699.99999999994,146034.7058560738,148474.26572890862,-28334.70585607385,-30774.26572890868
342000.0000000002,364861.76664579404,367629.8003932234,-22861.76664579386,-25629.80039322324
649000.0000000006,456806.0229996276,414149.49272083235,192193.977000373,234850.50727916823
928999.9999999995,1175937.1334693092,1301723.81508681,-246937.13346930966,-372723.8150868104
1549000.0000000002,818493.9066564791,809675.9300732608,730506.0933435211,739324.0699267394
178499.99999999985,111979.3394360178,117281.93359483658,66520.66056398205,61218.06640516328
315000.0000000002,438114.4050834305,452640.2263187793,-123114.40508343035,-137640.2263187791
1590000.000000001,966908.1961425871,1046757.3282657498,623091.8038574138,543242.6717342511
362999.9999999999,346781.57723265287,350869.36448240513,16218.422767347016,12130.635517594754
222499.99999999988,246243.12931301256,239883.32852810365,-23743.129313012672,-17383.328528103768
231999.99999999997,136312.10144544896,131749.0084423062,95687.89855455101,100250.99155769378
337999.99999999977,252218.07104303784,246816.8506440558,85781.92895696193,91183.14935594396
275599.9999999998,307962.9745431171,336139.83837087447,-32362.974543117278,-60539.83837087464
157999.99999999997,160921.22703906283,149124.7270629343,-2921.2270390628546,8875.27293706566
339000.00000000023,331925.37642325374,319135.5043494675,7074.623576746497,19864.495650532714
275000.0000000002,341406.43352785136,336215.9123956012,-66406.43352785119,-61215.912395601044
279499.9999999999,132493.61553654485,121138.8467958903,147006.38446345503,158361.15320410958
149000.0,181928.6512947637,186356.4859847887,-32928.651294763695,-37356.48598478871
1350000.0,497930.51045609836,561576.6082925817,852069.4895439016,788423.3917074183
698999.9999999995,416471.94605492713,422807.8464557298,282528.0539450724,276192.15354426973
729999.9999999998,288825.04298325715,299695.9134025104,441174.9570167426,430304.08659748937
299000.00000000006,275723.2341327927,293495.3101379571,23276.765867207374,5504.6898620429565
203999.99999999985,206085.73309807974,200260.27974281626,-2085.733098079887,3739.720257183595
188999.99999999988,185583.05877710233,187028.07141556905,3416.941222897556,1971.9285844308324
175421.99999999988,261990.29788254682,254553.265181312,-86568.29788254693,-79131.2651813121
320000.00000000006,167252.7656634795,172499.69109292058,152747.23433652055,147500.30890707948
319000.0,227965.34593675585,241998.64900020917,91034.65406324415,77001.35099979083
254400.00000000006,254968.22273910296,273821.7162683243,-568.222739102901,-19421.716268324235
301000.00000000023,201735.33810281145,204078.6849766205,99264.66189718878,96921.31502337972
166384.00000000006,211548.23916208762,207089.6876752125,-45164.23916208756,-40705.68767521245
534999.9999999995,464782.76632551936,477236.9068944838,70217.23367448017,57763.093105515756
388500.0,277832.6399591364,290603.1861620818,110667.36004086363,97896.81383791822
570000.0000000001,167017.43238373657,167522.70580855897,402982.5676162635,402477.29419144115
259999.9999999998,347842.43730567663,351168.56105035,-87842.43730567684,-91168.56105035022
191000.00000000015,205326.01091646304,183715.97186279812,-14326.010916462896,7284.028137202025
387999.9999999999,405929.8279817336,394518.739793789,-17929.827981733717,-6518.739793789107
143000.0000000001,176278.43232242984,169676.21980641395,-33278.432322429755,-26676.219806413865
272631.9999999998,190840.24606647386,194538.25779133796,81791.75393352596,78093.74220866186
158799.99999999994,120936.39629807841,127149.72938184292,37863.60370192153,31650.270618157025
146999.99999999988,169698.53072530348,163073.1600243703,-22698.5307253036,-16073.160024370416
594999.9999999997,590049.2128718931,563706.1342625656,4950.7871281065745,31293.86573743401
334999.9999999998,209451.35583212585,213908.91006320165,125548.64416787398,121091.08993679818
114499.99999999991,187938.37551921787,192241.24722723244,-73438.37551921795,-77741.24722723252
122000.00000000003,125893.70406086546,125436.93703445593,-3893.704060865435,-3436.9370344558993
176800.00000000003,221984.97529432474,231387.7401295802,-45184.975294324715,-54587.74012958017
364999.99999999977,126162.78910483037,123855.5586047067,238837.2108951694,241144.44139529305
288999.9999999999,258736.9383158188,252352.10987427743,30263.06168418107,36647.89012572245
379999.9999999999,371918.687308157,348409.12756655243,8081.312691842904,31590.872433447454
202350.00000000003,250318.8863273086,243506.77144381774,-47968.88632730857,-41156.771443817706
166499.99999999997,189087.60126109925,188568.97965989934,-22587.601261099277,-22068.97965989937
185000.00000000006,338624.38061372814,362161.0949593828,-153624.38061372808,-177161.09495938272
199000.0000000001,169800.9656304157,164011.22578302503,29199.034369584377,34988.774216975056
134999.99999999997,151650.4026035735,159835.28632995478,-16650.402603573515,-24835.286329954804
344999.9999999997,189760.79844580765,182622.02263264672,155239.20155419206,162377.97736735299
346500.0000000003,236000.22143328618,245982.80399130582,110499.77856671411,100517.19600869447
741000.0000000006,676431.8680840025,754309.3487653338,64568.13191599806,-13309.348765333183
334999.9999999998,287815.1090977123,305630.8794050086,47184.8909022875,29369.120594991196
86000.00000000001,173435.0005088545,170011.72262827848,-87435.00050885447,-84011.72262827847
320000.00000000006,363974.9445936743,331674.78567801905,-43974.94459367427,-11674.78567801899
497999.9999999996,436169.77481411595,469365.63369189645,61830.22518588364,28634.36630810314
249000.00000000006,239606.12042310563,232221.7954288629,9393.879576894426,16778.204571137147
591999.9999999995,729101.9129465969,683742.6302809423,-137101.91294659732,-91742.63028094277
264499.9999999999,191347.80350599048,181611.35174434815,73152.1964940094,82888.64825565173
294000.0000000001,319221.2841193948,302171.17185446504,-25221.284119394666,-8171.171854464919
585000.0000000003,293937.3267538806,292083.6886532642,291062.67324611975,292916.31134673615
93500.00000000009,105289.38406343493,108717.97047068964,-11789.384063434845,-15217.970470689557
288999.9999999999,329278.4568922336,316552.64022459934,-40278.45689223369,-27552.640224599454
75000.00000000004,114921.51514890477,112655.34872941909,-39921.51514890473,-37655.34872941904
339999.99999999994,503180.1279346502,469755.4100484028,-163180.12793465029,-129755.41004840285
680000.0000000003,664110.9307268894,670501.863625191,15889.069273110945,9498.136374809314
270000.00000000006,231166.92564613197,246385.92623274858,38833.07435386808,23614.07376725148
594999.9999999997,380972.6446044911,397208.7906454292,214027.35539550852,197791.20935457043
330000.0000000001,155757.6406146014,162194.16322966758,174242.3593853987,167805.83677033253
599000.0,324834.58469500067,330398.48032025795,274165.41530499933,268601.51967974205
259000.0,392319.7323047324,378477.4095789567,-133319.73230473237,-119477.40957895672
434990.0000000003,310787.06210508425,326702.4850964106,124202.93789491605,108287.51490358968
124999.9999999999,178405.9884431399,166614.6775910964,-53405.98844314001,-41614.67759109651
126999.99999999991,160173.3212473271,167283.90474157804,-33173.3212473272,-40283.904741578124
567000.0000000005,303190.34322304756,317271.0726582217,263809.6567769529,249728.92734177876
158999.99999999997,123123.2628210997,124961.17146971857,35876.737178900265,34038.828530281404
549000.0000000005,552002.2893453044,540954.2014574202,-3002.2893453038996,8045.798542580218
230000.0000000001,372161.39672501286,374348.1357527807,-142161.39672501278,-144348.13575278062
149000.0,178430.51983752524,170406.17521201674,-29430.519837525237,-21406.175212016737
628800.0000000003,370692.8414732979,377285.16329792555,258107.15852670243,251514.8367020748
498999.9999999996,342629.3334540454,331376.3348179073,156370.66654595418,167623.66518209229
174900.00000000006,238221.8765298829,235294.7654000626,-63321.87652988284,-60394.76540006255
515000.00000000006,406260.39288578444,406180.80568132387,108739.60711421561,108819.1943186762
80000.0,138658.4810609092,133709.69638692864,-58658.481060909195,-53709.69638692864
294999.9999999998,209614.16471296872,214992.30533302453,85385.8352870311,80007.6946669753
210000.0,226948.29801940903,228529.87264698054,-16948.298019409034,-18529.87264698054
234899.99999999985,189772.00291370697,177568.81137224805,45127.99708629289,57331.188627751806
199000.0000000001,138956.69905042285,135865.17339457176,60043.30094957724,63134.82660542833
199999.99999999997,200440.1341186378,190013.53352762555,-440.13411863782676,9986.46647237442
639000.0000000006,415184.56906028214,436311.1783973267,223815.43093971844,202688.8216026739
140999.99999999994,174349.98118553375,160449.1269676288,-33349.981185533805,-19449.126967628865
96750.00000000004,212900.29404918264,230019.84676467083,-116150.2940491826,-133269.8467646708
318000.0,291170.10005772946,297225.35973944375,26829.89994227054,20774.640260556247
80249.99999999994,175231.18850255813,172024.48254585205,-94981.18850255819,-91774.48254585211
177999.99999999994,168686.95365819402,168784.5760867558,9313.046341805923,9215.423913244129
238499.99999999985,149459.48938229764,157324.31696115955,89040.51061770221,81175.6830388403
560000.0000000003,599279.3094527576,579230.5117741033,-39279.30945275724,-19230.511774102924
1314999.9999999998,597805.9713890209,629440.7896730626,717194.0286109789,685559.2103269371
375000.00000000006,319128.2785813451,360559.239660551,55871.72141865495,14440.760339449043
284999.99999999994,170098.75967344278,167081.35093197456,114901.24032655716,117918.64906802538
1175000.0,825337.8636257366,906460.7502033273,349662.13637426344,268539.2497966727
287999.9999999999,273757.5603889134,289521.400139374,14242.439611086505,-1521.4001393741346
253000.0000000001,181032.38007624433,177453.05224295985,71967.61992375576,75546.94775704024
188999.99999999988,248911.43092683618,250477.3246236784,-59911.4309268363,-61477.32462367852
409000.0000000001,441760.4042603929,458112.19441336056,-32760.404260392766,-49112.19441336044
818000.0000000003,267849.08286326006,276864.3091844038,550150.9171367403,541135.6908155966
458999.99999999977,339255.53222831857,347227.67539260583,119744.4677716812,111772.32460739394
318000.0,160290.49994606097,166567.54356440587,157709.50005393903,151432.45643559413
332800.00000000023,168835.84343289153,166069.9449370849,163964.1565671087,166730.05506291534
420000.0,187285.39677815815,179110.39371967854,232714.60322184185,240889.60628032146
134500.00000000006,169371.99166957106,175131.63725174786,-34871.991669571,-40631.6372517478
235000.0,180597.3640402372,187101.2560874641,54402.63595976279,47898.743912535894
409999.9999999997,569407.2987331515,559326.1944327247,-159407.2987331518,-149326.19443272502
189999.9999999999,211460.64078325802,202522.6346193003,-21460.640783258103,-12522.6346193004
225750.00000000003,223786.3231591625,218109.72585914083,1963.676840837521,7640.274140859197
525000.0000000003,328247.76873532333,326752.81847279775,196752.23126467702,198247.1815272026
231000.0000000001,178144.9486246136,173137.76947719787,52855.05137538648,57862.230522802216
321999.99999999994,522878.12783007155,533930.4056411454,-200878.1278300716,-211930.40564114548
155000.00000000012,179606.40430539142,178303.41155099252,-24606.404305391305,-23303.4115509924
64999.999999999956,188015.41500191434,190321.03919281787,-123015.41500191439,-125321.03919281792
122641.99999999999,132190.2416347816,125509.38873352238,-9548.241634781603,-2867.388733522399
178999.99999999994,243269.92393390043,251819.06786602913,-64269.923933900485,-72819.06786602919
147990.0,185850.49281803422,172328.4800757622,-37860.492818034225,-24338.4800757622
625000.0000000002,730682.8385790052,759969.8502713614,-105682.83857900498,-134969.85027136118
999999.9999999997,1090637.8544247355,1385697.3117561203,-90637.85442473588,-385697.31175612065
798999.9999999997,332662.85642898316,331302.2454280275,466337.1435710165,467697.7545719721
622000.0,260024.08759150276,284229.5864048588,361975.91240849724,337770.4135951412
402000.0000000001,244483.11440545254,250492.1754171875,157516.88559454758,151507.8245828126
199499.99999999994,160702.98810835864,157092.48795590483,38797.011891641305,42407.512044095114
99000.00000000004,180062.85002234258,178544.443630204,-81062.85002234254,-79544.44363020397
280000.0,285513.84931465675,262987.05634802923,-5513.849314656749,17012.943651970767
249000.00000000006,353396.34070297045,377666.3532744442,-104396.3407029704,-128666.35327444412
188000.00000000012,230069.6055646768,235273.69696032468,-42069.60556467669,-47273.69696032457
463000.0000000004,261267.69837995034,274673.8290838312,201732.30162005007,188326.17091616918
461999.9999999998,227958.458017785,231060.45982581427,234041.54198221484,230939.54017418556
334999.9999999998,319844.2213276722,285621.0396349354,15155.778672327637,49378.96036506444
995999.9999999999,662130.8668090297,649990.8233587008,333869.13319097017,346009.17664129904
139099.99999999997,155612.0634997217,155094.18367443257,-16512.063499721728,-15994.1836744326
178718.99999999997,135730.41462804104,145305.9744721775,42988.585371958936,33413.025527822465
244999.99999999997,138469.57317718424,133705.55524097814,106530.42682281573,111294.44475902183
149000.0,190380.1236973384,187455.63512050413,-41380.12369733839,-38455.63512050413
440000.0000000002,497571.3900459559,481966.7426026496,-57571.39004595572,-41966.742602649436
149900.0,201266.75918047084,200000.86375530268,-51366.759180470835,-50100.86375530268
261000.00000000012,199842.17651773605,191242.35245207325,61157.823482264066,69757.64754792687
50000.000000000015,153329.99989590442,160982.38163197297,-103329.9998959044,-110982.38163197295
187000.00000000012,116494.68053558945,110601.7927133592,70505.31946441067,76398.20728664091
727999.9999999999,351432.2193150986,386685.5583443733,376567.7806849013,341314.4416556266
239000.00000000003,324766.7608542369,306795.4242960376,-85766.76085423687,-67795.42429603756
259999.9999999998,325618.0362162325,339589.207583683,-65618.03621623272,-79589.20758368322
1198999.9999999998,1012754.1743977822,1093839.781445438,186245.82560221758,105160.21855456172
156999.99999999994,177238.58393087378,183379.90963411354,-20238.583930873836,-26379.909634113603
249000.00000000006,239324.89775456837,238485.64705344124,9675.102245431684,10514.352946558822
265000.00000000006,207929.4435266963,224178.29242199904,57070.55647330376,40821.70757800102
354500.0,201143.0454655672,200904.78327269343,153356.9545344328,153595.21672730657
406199.9999999997,265644.6837359235,279916.26043986523,140555.31626407622,126283.73956013448
184600.0000000001,239575.91858740617,230138.90821027517,-54975.91858740608,-45538.90821027508
588000.0,580783.6809823968,589958.8099566248,7216.3190176031785,-1958.8099566247547
290899.9999999998,232130.27348765873,238354.23893156537,58769.72651234109,52545.761068434455
418999.9999999998,412057.19318360975,426075.0724472912,6942.806816390075,-7075.072447291401
388500.0,168694.03037694047,166054.33328966086,219805.96962305953,222445.66671033914
870000.0000000006,471878.82712247205,485372.26477057603,398121.17287752853,384627.73522942455
240000.00000000003,391780.685206883,396683.47723960056,-151780.68520688298,-156683.47723960053
479000.00000000035,296616.6323812105,278334.3482263835,182383.36761878984,200665.65177361685
275000.0000000002,228567.7215018771,221733.4125648711,46432.27849812308,53266.58743512907
127500.00000000001,147994.40972175242,139583.92579245695,-20494.40972175241,-12083.92579245694
439000.0000000001,314961.935022168,314247.423080926,124038.06497783214,124752.57691907411
230000.0000000001,277089.8688508226,276885.74957266223,-47089.86885082253,-46885.74957266214
369999.99999999977,387904.82369371847,388781.30807943374,-17904.823693718703,-18781.308079433977
269000.0,210690.24203992673,207344.58856786342,58309.75796007327,61655.41143213658
210000.0,192427.81198341856,185516.88916045832,17572.188016581436,24483.11083954168
213000.00000000015,254107.06874921318,268890.5754608767,-41107.06874921304,-55890.57546087654
259700.00000000003,244287.40473322695,263515.5129488155,15412.595266773074,-3815.512948815449
86899.99999999997,160722.97491524814,165752.34530575864,-73822.97491524817,-78852.34530575867
280000.0,135629.6697090553,135822.26037313652,144370.3302909447,144177.73962686348
452000.0000000001,306480.8886121073,312082.05506925663,145519.1113878928,139917.94493074348
630999.9999999999,666021.6382853352,706890.8097789587,-35021.63828533527,-75890.80977895879
189999.9999999999,183596.8260602202,190411.0443897406,6403.173939779721,-411.04438974068034
385000.00000000023,813735.5502320648,791534.6560907247,-428735.55023206456,-406534.6560907245
390999.99999999977,424071.0139904853,427019.3030602197,-33071.01399048552,-36019.303060219914
369899.9999999998,295055.00927172636,301569.5813564738,74844.99072827346,68330.41864352603
599000.0,300516.18740611797,308211.3512581199,298483.81259388203,290788.6487418801
385000.00000000023,607005.4892526262,716709.109576949,-222005.48925262596,-331709.1095769488
310000.0000000002,509081.9610531881,509079.1418680734,-199081.9610531879,-199079.1418680732
255999.99999999985,200659.67399869874,198371.21340105677,55340.32600130112,57628.78659894309
449900.00000000035,212759.91775998214,223915.53722176794,237140.0822400182,225984.4627782324
270000.00000000006,277104.8062422765,262860.633051975,-7104.806242276449,7139.366948025068
177999.99999999994,144095.97979293336,152467.01047173928,33904.020207066584,25532.98952826066
231999.99999999997,171261.4279416703,174138.64892457644,60738.57205832968,57861.35107542353
1020000.0000000005,595536.8598105365,569452.9350902578,424463.140189464,450547.0649097427
106399.99999999991,137492.15437568954,131910.06572198897,-31092.154375689628,-25510.065721989056
520000.0,246907.75226206987,249250.92223448196,273092.24773793016,270749.07776551804
131999.9999999999,253778.05423820077,242289.70168284012,-121778.05423820086,-110289.70168284021
336000.00000000006,215825.3023485754,212864.57741333352,120174.69765142465,123135.42258666654
198500.00000000006,232993.7022362881,240592.9932819507,-34493.70223628805,-42092.99328195065
399500.00000000035,292301.77477575967,325382.9425162591,107198.22522424068,74117.05748374126
175000.00000000012,217317.10804425544,205837.33686617343,-42317.10804425532,-30837.33686617331
304999.99999999977,395800.2006610764,399978.8003024491,-90800.20066107664,-94978.80030244932
172999.9999999999,217949.11490480448,231868.88348800075,-44949.11490480456,-58868.883488000836
224000.0,335658.2190348244,343851.1056745992,-111658.2190348244,-119851.10567459918
435000.0,385197.8114812281,380250.18361958617,49802.1885187719,54749.81638041383
198000.00000000006,141084.61914375387,133849.569923571,56915.38085624619,64150.43007642907
71999.99999999996,158826.85279633364,152161.23376062463,-86826.85279633368,-80161.23376062467
239000.00000000003,279662.27448692895,278687.6309067605,-40662.274486928916,-39687.63090676049
366999.9999999997,363956.98419507185,364490.94500633056,3043.0158049278543,2509.054993669153
669000.0000000006,578747.9058073395,585168.2115832398,90252.09419266111,83831.78841676074
527999.9999999999,434510.40757552185,453199.29033209616,93489.59242447803,74800.70966790372
337999.99999999977,206287.0405176573,201997.4867226858,131712.95948234247,136002.51327731396
46999.99999999999,182488.34507116568,183346.52414296137,-135488.34507116568,-136346.52414296137
99000.00000000004,185677.27488165972,175580.85299349096,-86677.27488165967,-76580.85299349092
488999.9999999996,379231.16772369924,388562.0043147068,109768.83227630035,100437.99568529282
230000.0000000001,122349.4724488139,126906.43755035354,107650.52755118618,103093.56244964655
492737.99999999994,1202402.2424429068,1509601.076116391,-709664.2424429068,-1016863.076116391
364999.99999999977,504940.9525597212,482639.33223871794,-139940.95255972142,-117639.33223871817
136500.00000000006,166354.9478036383,165117.1440567579,-29854.947803638235,-28617.144056757854
133999.9999999999,218736.8614274758,214853.1713014164,-84736.86142747587,-80853.1713014165
287000.0000000001,179749.38039786898,180903.36835809782,107250.61960213113,106096.63164190229
172999.9999999999,175778.4858901571,178383.87178728945,-2778.4858901572006,-5383.871787289536
136500.00000000006,142977.1369109918,147672.35809003338,-6477.136910991743,-11172.358090033318
96299.99999999997,142132.95440479892,148642.76440079845,-45832.95440479895,-52342.76440079848
323999.9999999999,230558.86317302726,230585.15793669,93441.13682697262,93414.84206330989
286199.9999999998,283012.4009051408,297315.7134216553,3187.5990948590334,-11115.71342165547
144450.0,177040.47667456415,195149.5246183119,-32590.476674564154,-50699.5246183119
560000.0000000003,416525.8416278737,439127.8564960114,143474.15837212664,120872.14350398898
56000.000000000044,121936.57729500814,120204.7139040416,-65936.5772950081,-64204.71390404155
134999.99999999997,195109.3324474393,190043.674382585,-60109.332447439316,-55043.67438258504
379999.9999999999,285587.9718816792,278177.8957193297,94412.02811832068,101822.10428067017
319000.0,266306.70654451184,253463.86258918184,52693.293455488165,65536.13741081816
885999.9999999999,230056.46419154594,239853.45695301954,655943.5358084539,646146.5430469804
59499.99999999996,166415.04563463049,168005.88963102843,-106915.04563463051,-108505.88963102846
1077999.9999999998,910268.3924244975,894061.2293021809,167731.60757550225,183938.77069781884
349499.99999999977,351435.9490381871,354340.2400661567,-1935.949038187333,-4840.240066156955
498999.9999999996,692851.1004235274,685111.9329917252,-193851.10042352782,-186111.93299172557
287999.9999999999,197017.44848517512,205951.03782626585,90982.55151482477,82048.96217373403
438900.00000000006,533617.8112033745,633131.4168582314,-94717.81120337447,-194231.41685823136
157500.00000000006,192721.63448257413,191292.53284453272,-35221.63448257407,-33792.53284453266
219999.99999999983,205892.36834145413,202988.29176149587,14107.631658545695,17011.708238503954
499499.99999999994,512287.61774356593,514294.9262442836,-12787.617743565992,-14794.926244283677
645000.0,267849.9852175921,283991.6230318217,377150.0147824079,361008.3769681783
145000.00000000012,369417.6592887335,383614.2822617608,-224417.65928873338,-238614.28226176067
305950.0000000002,216014.22803525047,209458.69090493,89935.7719647497,96491.30909507017
198000.00000000006,168257.2268770104,167063.4573098874,29742.77312298966,30936.542690112663
238100.00000000003,319928.54293622467,307059.4095800459,-81828.54293622464,-68959.40958004587
546999.9999999999,465459.44537871936,432458.0050242279,81540.55462128052,114541.99497577199
515000.00000000006,301227.2822509904,315596.31296988303,213772.71774900967,199403.68703011703
139850.0000000001,159064.80968997188,169079.66067640975,-19214.809689971793,-29229.660676409665
420000.0,654937.9182825641,656626.5065911253,-234937.91828256415,-236626.50659112528
113999.99999999996,106463.23512594322,105410.73038674585,7536.764874056738,8589.269613254102
689000.0000000006,952977.833943455,1204712.294596233,-263977.83394345443,-515712.29459623236
195000.00000000006,168387.50716428086,152724.70311490126,26612.492835719197,42275.296885098796
616000.0000000005,184378.6380944016,184342.09684966883,431621.3619055989,431657.90315033164
814999.9999999993,714536.9225449985,717970.4441069926,100463.07745500084,97029.55589300673
331550.0000000003,221044.56312021468,229072.3625586149,110505.43687978562,102477.63744138539
799499.9999999995,366270.57709267683,371967.27594208845,433229.4229073227,427532.7240579111
394500.00000000006,322464.71776136366,352657.7751991957,72035.2822386364,41842.22480080434
58000.00000000003,101820.47123261992,98160.43389569403,-43820.47123261989,-40160.433895694005
185499.99999999994,212395.4802141374,223729.90884699277,-26895.480214137468,-38229.908846992825
197410.00000000015,243821.3344791711,241687.94380185215,-46411.33447917097,-44277.943801852
180000.00000000003,205392.46271950976,213989.13169792853,-25392.462719509727,-33989.131697928504
768999.9999999997,986190.6848121778,1177798.2810851291,-217190.68481217814,-408798.2810851295
93000.00000000007,119813.67751519142,127339.18904726657,-26813.677515191346,-34339.189047266496
197599.99999999985,259215.4948577448,251578.96899623465,-61615.494857744954,-53978.96899623479
286000.00000000023,252599.56293002222,283169.5260867673,33400.43706997801,2830.4739132329123
596500.0000000005,414341.33185351704,424376.16710707685,182158.66814648343,172123.83289292362
606999.9999999995,728536.5882758561,757774.3748838836,-121536.58827585657,-150774.3748838841
233999.9999999999,263739.74138779443,262187.40143997106,-29739.741387794522,-28187.401439971145
170000.00000000012,277877.17884108657,282593.1145719924,-107877.17884108645,-112593.11457199231
131900.00000000012,254460.51300638966,246837.7567543858,-122560.51300638955,-114937.75675438569
567000.0000000005,316579.1569207995,299491.9360026242,250420.84307920095,267508.06399737624
229000.00000000006,319281.9105444878,323611.7683202896,-90281.91054448776,-94611.76832028956
1165999.999999999,522722.61333848763,576099.4213318038,643277.3866615114,589900.5786681953
127199.99999999999,201310.97782519474,192525.20101434007,-74110.97782519476,-65325.201014340084
122000.00000000003,139367.43061853133,134627.98318868424,-17367.430618531303,-12627.983188684215
341000.0000000002,309695.1028015526,312269.4169400891,31304.89719844755,28730.583059911092
180000.00000000003,255796.23445415447,247137.30774906225,-75796.23445415444,-67137.30774906222
615000.0,267679.33496522694,263509.8188386396,347320.66503477306,351490.1811613604
271999.9999999999,548684.2270119707,699548.3083170326,-276684.2270119708,-427548.30831703276
249000.00000000006,321437.8508387116,330815.57403680496,-72437.85083871154,-81815.5740368049
449899.00000000006,400206.8435765487,416571.08641355584,49692.15642345138,33327.91358644422
43999.99999999997,138860.65111237476,129265.75019623069,-94860.65111237479,-85265.75019623071
398999.99999999977,472617.3845495055,494021.62977623567,-73617.38454950572,-95021.6297762359
235399.99999999985,169143.01703302076,178609.75799172712,66256.98296697909,56790.24200827273
280000.0,330764.78471806785,313087.7315841807,-50764.78471806785,-33087.73158418073
385000.00000000023,175874.21408260753,182405.75718674055,209125.7859173927,202594.24281325968
149000.0,214861.54208196024,213143.7476652776,-65861.54208196024,-64143.747665277595
139999.9999999999,168988.79353757206,182246.5469517906,-28988.793537572143,-42246.54695179069
395960.0000000003,238084.460859512,262446.59433406626,157875.53914048828,133513.40566593403
242499.99999999997,225497.2543429691,226930.44291854574,17002.74565703087,15569.55708145423
129000.0000000001,223787.07302035374,229155.97575114763,-94787.07302035364,-100155.97575114753
199999.99999999997,385371.44679654564,424627.1223347567,-185371.44679654567,-224627.12233475674
265000.00000000006,229501.87386957236,228029.92602200524,35498.1261304277,36970.07397799482
164500.00000000012,201220.17374726324,188966.4814536467,-36720.17374726312,-24466.481453646586
269899.99999999977,210038.37354657316,227236.26460873793,59861.62645342661,42663.73539126184
515999.9999999997,256309.9866578682,269600.6859722028,259690.0133421315,246399.3140277969
495000.0000000004,363467.30249614397,358847.08593928197,131532.69750385644,136152.91406071844
1190000.0000000002,285266.1483277009,291560.43711457343,904733.8516722993,898439.5628854268
27499.99999999998,105030.04126951614,101733.94426878096,-77530.04126951615,-74233.94426878098
649999.9999999995,865765.0554576607,1005010.6204892219,-215765.05545766116,-355010.62048922235
495000.0000000004,610538.8821186648,619069.2571242364,-115538.88211866439,-124069.25712423603
472500.00000000035,464983.67895301664,448560.0966487766,7516.321046983707,23939.903351223737
285450.0000000001,322529.1352870932,328948.5358069564,-37079.13528709306,-43498.53580695629
225000.00000000015,352864.05149267876,335219.65276769083,-127864.05149267861,-110219.65276769068
418999.9999999998,452809.7669258968,474142.535486037,-33809.76692589698,-55142.5354860372
645000.0,573697.3640423799,583722.3616383945,71302.6359576201,61277.638361605466
597939.9999999999,803150.3174953779,1022707.8360098244,-205210.31749537797,-424767.83600982453
420000.0,232877.71197223678,242642.6100636242,187122.28802776322,177357.3899363758
165989.9999999999,540565.4658661174,555650.2327929216,-374575.4658661175,-389660.2327929217
165649.99999999988,181909.21851481305,186659.84813774689,-16259.218514813168,-21009.848137747
265000.00000000006,180833.70913688853,179669.73126961433,84166.29086311153,85330.26873038572
249000.00000000006,378521.91936082864,408117.0424391079,-129521.91936082859,-159117.04243910784
460000.0000000002,299997.4379663774,304406.78420352045,160002.56203362276,155593.21579647972
152899.99999999997,120629.21289509624,112218.72485106853,32270.787104903735,40681.27514893144
199000.0000000001,244018.84742824885,254701.0647644588,-45018.84742824876,-55701.064764458715
566799.9999999997,638084.6970168166,708229.2647025471,-71284.69701681694,-141429.26470254746
219900.00000000015,223243.8910072091,220519.71896472434,-3343.891007208964,-619.7189647241903
188999.99999999988,207700.30776044677,197435.8060451141,-18700.307760446885,-8435.806045114208
415000.00000000006,357669.71167329716,355434.48879236024,57330.288326702896,59565.51120763982
410999.9999999997,719328.0917002117,773200.5986999718,-308328.09170021204,-362200.5986999721
56000.000000000044,126877.80846892548,126681.88434486302,-70877.80846892543,-70681.88434486298
189999.9999999999,229486.70020287787,226451.70356866956,-39486.70020287795,-36451.70356866965
87999.99999999996,287186.8288467101,273701.9229787376,-199186.82884671015,-185701.92297873768
549999.9999999998,443129.2769529351,488523.1849149322,106870.72304706468,61476.81508506759
628299.9999999999,353538.88436506974,381373.3203042859,274761.11563493015,246926.67969571397
241500.0,255401.50110186657,263716.16992511717,-13901.501101866568,-22216.169925117167
1529999.9999999988,815724.9638221993,849854.5443438964,714275.0361777996,680145.4556561024
844999.9999999993,757400.7480018205,741999.2388134262,87599.25199817878,103000.76118657307
398999.99999999977,207142.27581022857,208681.5928102491,191857.7241897712,190318.40718975067
385000.00000000023,289559.21845060185,309446.80509740737,95440.78154939838,75553.19490259286
152999.9999999999,158439.82598073082,155181.96936236756,-5439.825980730908,-2181.969362367643
258474.9999999999,131949.68451130783,127480.20335837467,126525.31548869208,130994.79664162525
509999.9999999998,571122.6542137794,623786.2703648689,-61122.65421377955,-113786.2703648691
604500.0000000005,202232.20037359348,207676.1174470381,402267.799626407,396823.8825529624
543400.0000000002,493642.55403971754,524833.3370372683,49757.4459602827,18566.662962731905
306999.99999999994,295852.47961575014,307239.332999274,11147.520384249801,-239.33299927407643
230000.0000000001,313625.53771857044,318276.75520052895,-83625.53771857035,-88276.75520052886
719999.9999999995,566383.863910561,576871.7451598531,153616.13608943857,143128.2548401464
230000.0000000001,109520.69369185074,112154.96724051745,120479.30630814935,117845.03275948264
919900.0,844159.9028032143,829969.4608695742,75740.09719678573,89930.53913042578
153999.99999999988,193665.7585333205,195965.85614550786,-39665.75853332062,-41965.856145507976
170000.00000000012,192517.70786800922,190255.83809196323,-22517.707868009107,-20255.838091963116
360000.0000000001,209746.31930123986,202130.0995570045,150253.68069876026,157869.90044299563
649999.9999999995,497456.72887889075,496625.02875784144,152543.2711211088,153374.9712421581
67999.99999999999,99204.91242768032,94123.22416566923,-31204.912427680334,-26123.22416566925
375000.00000000006,416076.5108827495,472924.793949568,-41076.510882749455,-97924.79394956795
569250.0000000003,221335.41319890745,225211.56141170693,347914.5868010929,344038.4385882934
1099999.9999999998,623691.2665338588,603818.5315523602,476308.7334661409,496181.4684476396
249000.00000000006,275239.48131161736,269728.8563116233,-26239.481311617303,-20728.85631162324
284000.00000000023,320547.2098234628,309446.03398277046,-36547.20982346259,-25446.033982770226
859999.9999999997,699448.6415791382,709760.3800658459,160551.35842086142,150239.61993415374
46999.99999999999,153723.44518257154,154933.17465045367,-106723.44518257154,-107933.17465045367
486400.0000000004,258575.31947224974,262717.1839843878,227824.68052775066,223682.81601561263
199799.99999999983,198024.4501722982,210627.32677774018,1775.5498277016159,-10827.326777740353
239000.00000000003,406368.41801164596,388620.7577008155,-167368.41801164593,-149620.75770081548
169000.00000000012,184455.97665910935,190400.9708148104,-15455.976659109234,-21400.97081481028
240000.00000000003,215734.27147238897,217348.85539636004,24265.728527611063,22651.144603639987
28500.0,127658.661618459,140227.91241651645,-99158.661618459,-111727.91241651645
426000.0000000002,260444.05887768045,252521.2999804229,165555.94112231972,173478.70001957729
58999.99999999997,166037.81712508434,160698.36702410318,-107037.81712508437,-101698.36702410321
520000.0,298757.64416314976,294382.6611643397,221242.35583685024,225617.3388356603
208999.99999999988,341425.6276195626,334396.70182760054,-132425.62761956273,-125396.70182760066
149000.0,151366.94976941135,167002.6197098226,-2366.9497694113525,-18002.61970982261
169900.00000000003,140715.44944599608,137283.7833648744,29184.550554003945,32616.21663512563
287000.0000000001,164213.78488526825,177168.3385009977,122786.21511473187,109831.66149900242
194500.0,183961.54648512177,181642.64872008338,10538.45351487823,12857.35127991662
368000.00000000023,298534.66553005046,308039.14039641275,69465.33446994977,59960.85960358748
249999.9999999998,383446.70190848195,375155.74030078645,-133446.70190848215,-125155.74030078665
270000.00000000006,257862.83887076666,252951.49079664118,12137.161129233398,17048.509203358873
343000.00000000006,334860.4229122491,350377.9945877818,8139.577087750949,-7377.994587781723
294000.0000000001,298175.29468500725,298821.8757763172,-4175.294685007131,-4821.875776317087
205000.0,311622.081513984,326775.35400877404,-106622.08151398401,-121775.35400877404
1249999.999999999,982952.3639627009,1037116.5391106935,267047.6360372981,212883.46088930557
249999.9999999998,219420.55722499272,232002.21565951666,30579.442775007075,17997.784340483136
157289.99999999994,183474.5796989904,183855.46759882878,-26184.57969899045,-26565.467598828836
264000.00000000006,247222.86998690217,259801.0540436961,16777.130013097893,4198.945956303971
177999.99999999994,111274.72479889091,103731.85952669542,66725.27520110903,74268.14047330452
157500.00000000006,276302.71481919795,301364.4488294678,-118802.71481919789,-143864.44882946776
682999.9999999995,543466.8755204139,564425.1684709103,139533.12447958568,118574.83152908925
420000.0,382112.48087018053,363641.525635919,37887.51912981947,56358.47436408099
218999.99999999988,166316.48241329956,177396.19405923775,52683.51758670033,41603.80594076213
67000.0,174784.45903830018,167818.19890907904,-107784.45903830018,-100818.19890907904
217499.9999999998,192508.7005747129,197285.98708657376,24991.29942528691,20214.012913426035
68999.99999999997,169277.96459139962,165603.049897295,-100277.96459139965,-96603.04989729502
1065999.9999999998,319529.3269468138,327270.1820784549,746470.6730531859,738729.8179215449
439000.0000000001,204722.13830152835,198882.05925349114,234277.86169847177,240117.94074650898
382999.9999999997,483109.08351237496,475457.43981839,-100109.08351237525,-92457.4398183903
259999.9999999998,238890.49188593053,237835.1366596629,21109.508114069264,22164.863340336888
600000.0000000003,391393.800544741,405157.9633946578,208606.19945525937,194842.03660534252
136999.9999999999,142803.75233998123,140799.1100511986,-5803.752339981322,-3799.110051198688
169000.00000000012,224591.17246997188,232790.52942504344,-55591.17246997176,-63790.52942504332
210000.0,350941.7774638086,315678.94421664334,-140941.7774638086,-105678.94421664334
582000.0000000003,603334.2037482633,628378.2213124359,-21334.203748262953,-46378.22131243558
468999.9999999998,629899.5114989773,690679.5716190721,-160899.5114989775,-221679.5716190723
332000.0,255884.75960711623,270798.93112650985,76115.24039288377,61201.06887349015
323120.0000000003,440396.58514892723,552742.4539279388,-117276.58514892694,-229622.45392793854
198000.00000000006,269807.8423438115,284745.8344418695,-71807.84234381147,-86745.83444186946
357999.99999999977,256249.78441954876,245599.2386114801,101750.21558045101,112400.76138851966
455000.0,299316.21379595605,283965.79705162963,155683.78620404395,171034.20294837037
468000.0000000003,303745.26558614697,336095.43472271936,164254.73441385332,131904.56527728093
364000.00000000006,768170.1042394725,1045385.8281999816,-404170.1042394725,-681385.8281999815
308000.0000000001,343199.4738332556,315084.72892171924,-35199.47383325547,-7084.728921719128
270000.00000000006,116921.08969674882,114092.05521822514,153078.91030325124,155907.94478177492
187600.0000000001,265538.3728328102,253392.53544506617,-77938.37283281013,-65792.53544506608
534999.9999999995,618333.4958323403,615164.0413195945,-83333.49583234079,-80164.04131959495
645000.0,566988.1435142951,560940.1645133942,78011.85648570489,84059.83548660576
283000.0000000001,257227.48177524816,251937.85727618771,25772.518224751955,31062.1427238124
375000.00000000006,250016.85423459226,250021.3579970031,124983.1457654078,124978.64200299696
189999.9999999999,209476.3173966178,217094.690608681,-19476.317396617873,-27094.690608681092
472500.00000000035,401070.6705031853,404052.6124877252,71429.32949681504,68447.38751227513
234499.99999999983,202622.72653932526,199523.22130696443,31877.273460674565,34976.77869303539
185000.00000000006,253996.18195332825,252609.5075647565,-68996.1819533282,-67609.50756475644
415000.00000000006,370137.21729792707,393625.6408315032,44862.78270207299,21374.359168496856
203999.99999999985,166950.7345590359,157558.01995152642,37049.265440963965,46441.98004847343
375000.00000000006,205321.39091883515,227949.3932216915,169678.6090811649,147050.60677830855
269000.0,278943.7143223747,292766.0899608433,-9943.714322374726,-23766.089960843325
800000.0000000005,399716.90919760684,403497.82645347645,400283.0908023936,396502.173546524
122000.00000000003,172502.3974084067,158255.54958394574,-50502.39740840666,-36255.549583945714
725000.0000000006,462834.49787552387,496382.7348620881,262165.5021244767,228617.26513791247
119839.99999999994,130897.42058749788,130538.7820630114,-11057.420587497938,-10698.782063011458
654999.9999999995,334094.76270491624,333215.03008098947,320905.2372950833,321784.96991901007
395999.9999999999,658080.6516877166,677553.5504361317,-262080.65168771672,-281553.5504361318
136500.00000000006,182566.59813918587,181854.81960418943,-46066.59813918581,-45354.81960418937
579999.9999999997,459847.30629232107,455754.1064069016,120152.69370767858,124245.89359309804
530000.0000000003,539252.0542290864,517397.873282411,-9252.054229086032,12602.12671758933
396999.9999999998,240968.94796257323,249627.30103249347,156031.0520374266,147372.69896750635
327050.00000000023,276900.16589556413,266227.45416469895,50149.8341044361,60822.54583530128
177999.99999999994,242762.92753204977,238133.26089428537,-64762.92753204983,-60133.26089428543
174499.99999999994,240280.0458119492,256737.72356147217,-65780.04581194927,-82237.72356147223
1160000.0000000002,616853.3558133078,634061.5414373539,543146.6441866924,525938.4585626463
205000.0,191553.8758132712,193886.08716924468,13446.12418672879,11113.912830755318
507000.0000000003,368423.8148146327,368554.8598436337,138576.1851853676,138445.14015636657
780000.0000000001,721923.3099200017,739636.1589185473,58076.69007999846,40363.84108145279
348999.99999999994,254949.9415319898,266380.8317976272,94050.05846801013,82619.16820237273
240000.00000000003,257245.48710712418,259458.77170410263,-17245.48710712415,-19458.771704102604
89590.0,205456.6697758779,207700.1157376784,-115866.6697758779,-118110.1157376784
118000.00000000009,129424.99977614044,127800.88091449872,-11424.99977614035,-9800.88091449863
1179999.9999999993,672630.1568128536,746120.0726806612,507369.84318714566,433879.9273193381
126999.99999999991,148173.96068151444,142587.77473764887,-21173.960681514523,-15587.774737648957
378099.9999999997,200056.22282952763,213759.7061474073,178043.77717047208,164340.2938525924
685000.0000000005,380474.21866942657,393625.51185777056,304525.7813305739,291374.4881422299
271999.9999999999,262616.29824690777,265981.0087544998,9383.701753092115,6018.991245500103
135999.99999999997,115060.88664090952,113281.11965550428,20939.11335909045,22718.880344495687
468999.9999999998,352971.5473722804,345141.05599102867,116028.45262771944,123858.94400897116
314000.0,155192.00950625938,163747.82286218205,158807.99049374062,150252.17713781795
448000.0000000002,341086.26669254113,381489.08217643166,106913.73330745904,66510.91782356851
272999.9999999998,182879.49365970067,184329.4768338379,90120.50634029915,88670.52316616193
260499.99999999983,172739.47172848278,173588.86100248995,87760.52827151705,86911.13899750987
157999.99999999997,182149.04557174575,178583.92288057835,-24149.04557174578,-20583.92288057838
360299.99999999994,297654.85942159157,277275.10236317175,62645.140578408376,83024.89763682819
284000.00000000023,264462.2079085521,268007.09910530486,19537.79209144815,15992.900894695369
529990.0000000005,434491.7154806085,418498.1313091828,95498.28451939195,111491.86869081768
430499.99999999994,365682.89962002105,363866.5117022224,64817.10037997889,66633.48829777754
1279999.9999999988,757750.6598948378,844154.9663554836,522249.34010516107,435845.0336445152
794999.9999999998,629435.7065672068,590098.168180772,165564.293432793,204901.83181922778
390000.00000000035,461589.4903406839,440395.14288639167,-71589.49034068355,-50395.14288639132
461000.00000000023,358495.87290930573,396287.09985217394,102504.1270906945,64712.900147826294
545800.0000000005,197414.39895860167,206352.62613212367,348385.6010413988,339447.3738678768
243650.0000000002,254045.01817194052,266748.5722134908,-10395.018171940319,-23098.57221349058
480000.00000000006,336910.6145559359,342088.46865746874,143089.38544406416,137911.53134253132
695000.0,652505.0114152806,730215.7624868937,42494.988584719365,-35215.762486893684
374399.9999999999,363332.00998136983,395555.7808089545,11067.990018630051,-21155.780808954616
97650.0,137676.89942633195,134893.29614009865,-40026.89942633195,-37243.29614009865
124199.99999999996,107934.85001163933,99072.95742844777,16265.14998836063,25127.042571552185
352224.99999999977,264761.05749042315,270331.8327148745,87463.94250957662,81893.1672851253
288999.9999999999,376002.4909571906,383457.4663797848,-87002.49095719069,-94457.46637978492
1485000.0000000012,935557.0586802386,1036755.2689437723,549442.9413197626,448244.73105622886
858999.9999999997,567056.3575858795,578130.7545609799,291943.64241412014,280869.24543901975
229000.00000000006,205935.71044729574,209693.11521404484,23064.289552704315,19306.88478595522
269000.0,279235.51019998203,282321.24363734294,-10235.510199982033,-13321.243637342937
305280.00000000006,226022.09201467573,234465.30098232967,79257.90798532433,70814.69901767038
84999.99999999996,138654.9719398891,131929.03640731002,-53654.97193988915,-46929.036407310065
599899.9999999997,422345.7726837275,474097.8222787188,177554.22731627215,125802.17772128084
356600.0000000001,303077.2877037014,321463.9137229975,53522.712296298705,35136.08627700264
169290.00000000006,164717.32586660396,166516.97588918576,4572.674133396096,2773.0241108142945
339999.99999999994,304091.9715814081,335494.97831459076,35908.02841859183,4505.021685409185
76900.00000000003,210379.45364930615,193994.38723944718,-133479.45364930612,-117094.38723944715
248499.99999999994,297293.2822690555,283263.2016801543,-48793.28226905555,-34763.201680154365
158999.99999999997,122332.39696543255,126247.27110235591,36667.60303456742,32752.72889764406
167999.9999999999,236484.96768564777,249961.3642128367,-68484.96768564786,-81961.36421283678
233000.0000000001,253717.27389378214,253299.47198641233,-20717.273893782054,-20299.471986412245
387999.9999999999,490766.8983561873,499629.16030419414,-102766.89835618739,-111629.16030419426
149099.99999999994,150628.4494645939,153618.94576096747,-1528.4494645939558,-4518.94576096753
191000.00000000015,172921.0533234229,170913.81960204194,18078.946676577238,20086.180397958204
261999.99999999994,369787.6911157888,453891.2851677575,-107787.69111578888,-191891.28516775754
299900.0,236877.70187118935,243873.6759413687,63022.29812881065,56026.32405863129
697000.0,458505.20997530746,497173.0730213245,238494.79002469254,199826.92697867547
998000.0000000008,886649.4752761117,902346.5142866964,111350.52472388907,95653.48571330437
187000.00000000012,181633.42868156676,177785.75839610232,5366.571318433358,9214.241603897797
190779.99999999988,137348.0449606129,132977.71608102447,53431.95503938699,57802.283918975416
517999.9999999999,346432.1026494381,361801.2015778993,171567.8973505618,156198.7984221006
319000.0,289696.8810405218,305283.21646514523,29303.11895947822,13716.783534854767
529000.0,343443.4576709726,342122.28361987893,185556.54232902738,186877.71638012107
254000.0000000002,154462.2698615332,157752.24725919325,99537.73013846701,96247.75274080696
288999.9999999999,207061.28921367394,200237.21862842512,81938.71078632594,88762.78137157476
74990.00000000003,155944.2754380278,154068.52092946522,-80954.27543802778,-79078.52092946519
497999.9999999996,454733.4501394546,462781.55632467626,43266.54986054497,35218.44367532333
112590.00000000004,246526.1517732803,259677.96354236512,-133936.15177328023,-147087.96354236506
152000.00000000006,223751.9646308499,221915.3339172893,-71751.96463084983,-69915.33391728924
186799.99999999988,239133.29368310317,240488.69954036982,-52333.293683103286,-53688.69954036994
315999.99999999994,418434.88745952863,414644.91242166836,-102434.88745952869,-98644.91242166841
206499.99999999994,212208.213081422,211112.99956024348,-5708.213081422058,-4612.999560243537
124899.99999999993,250017.47396125988,246529.42864065294,-125117.47396125995,-121629.42864065302
86999.99999999994,167276.59625064165,176765.72956235136,-80276.59625064171,-89765.72956235142
159999.99999999997,243905.6521936337,226964.97386551666,-83905.65219363372,-66964.97386551669
129950.00000000001,149932.82551878333,149856.66552446884,-19982.825518783313,-19906.66552446883
178999.99999999994,209468.2477409337,214096.24419085542,-30468.24774093376,-35096.244190855476
1302999.999999999,309996.8871845122,315479.03899553133,993003.1128154868,987520.9610044677
178999.99999999994,528172.6256704532,645027.3561207876,-349172.62567045324,-466027.3561207876
420000.0,171715.21638538237,187121.53316033742,248284.78361461763,232878.46683966258
126199.99999999996,230662.25997644587,234871.16883059527,-104462.25997644592,-108671.16883059531
364000.00000000006,226582.94526034355,238941.7813334512,137417.0547396565,125058.21866654887
520000.0,436063.41437018296,435799.80802352773,83936.58562981704,84200.19197647227
175000.00000000012,195593.25594715934,192533.8545004638,-20593.255947159225,-17533.854500463698
1214000.0000000002,746094.0859046718,754654.9510144988,467905.9140953284,459345.0489855014
540800.0000000003,368146.4593027995,368925.42515644355,172653.54069720086,171874.5748435568
794999.9999999998,364565.2686182821,427628.39043788525,430434.73138171766,367371.6095621145
177999.99999999994,155038.79418600758,158780.09490947792,22961.20581399236,19219.90509052202
210000.0,215631.06186483815,216531.4285288896,-5631.06186483815,-6531.428528889606
43999.99999999997,164905.65343188978,177807.38761013365,-120905.6534318898,-133807.38761013368
265000.00000000006,232628.37956450853,225621.93524483283,32371.620435491524,39378.06475516723
214000.00000000017,329028.1191939465,320855.9041863755,-115028.1191939463,-106855.90418637532
354999.9999999998,205194.00155913763,205421.11834436638,149805.9984408622,149578.88165563345
364999.99999999977,387571.3982800968,393567.9038419035,-22571.398280097055,-28567.903841903724
87999.99999999996,137416.21970502698,141203.6469943609,-49416.21970502702,-53203.64699436094
430000.00000000023,541487.4490284086,524722.3486260065,-111487.44902840839,-94722.34862600628
324999.9999999999,268007.31482002494,263148.8233275904,56992.68517997494,61851.17667240946
217999.99999999988,191847.87702023902,191793.4771459302,26152.12297976087,26206.522854069684
294999.9999999998,270467.06411491043,272116.2235755444,24532.93588508939,22883.7764244554
198000.00000000006,242938.4109481674,240557.3634906062,-44938.41094816735,-42557.363490606134
187199.99999999997,249208.12102833696,263698.7704487434,-62008.12102833699,-76498.77044874345
224600.0000000001,159059.80712570917,158537.88227129023,65540.19287429092,66062.11772870985
261000.00000000012,297946.88978257246,309961.9524229686,-36946.88978257234,-48961.95242296846
233999.9999999999,322816.9426990208,319873.8530721438,-88816.94269902087,-85873.85307214389
435000.0,366927.5439889404,387117.20550497214,68072.45601105958,47882.79449502786
124999.9999999999,205886.01104408453,218880.10901348878,-80886.01104408463,-93880.10901348888
570000.0000000001,982897.0655707043,1231062.7802281543,-412897.0655707042,-661062.7802281542
232500.00000000017,223526.0276015682,242492.3377248637,8973.972398431972,-9992.337724863522
348149.99999999994,186530.53574519465,193941.07779675012,161619.4642548053,154208.92220324982
1389999.9999999988,896845.8171296887,944867.6637075183,493154.18287031015,445132.3362924806
158499.99999999997,169941.66275793235,170902.0437587042,-11441.662757932383,-12402.04375870424
108000.00000000001,177737.38923990773,183393.01855204612,-69737.38923990772,-75393.01855204611
759999.9999999999,533868.5332671123,508581.17186455504,226131.46673288755,251418.82813544484
749999.9999999998,970526.3370399666,1060700.6134162375,-220526.33703996683,-310700.61341623776
60999.999999999956,131808.12347710988,130557.85995284599,-70808.12347710993,-69557.85995284603
769999.9999999997,635572.2578147991,597303.7099009277,134427.74218520056,172696.29009907192
253199.9999999999,212779.11039517543,219312.16645298537,40420.88960482448,33887.83354701454
324999.9999999999,279299.8905786945,282989.9251248811,45700.10942130536,42010.07487511879
556010.0,302024.47020382073,309541.2015253859,253985.52979617927,246468.7984746141
188999.99999999988,258561.66611776408,266813.33105572243,-69561.6661177642,-77813.33105572255
249990.00000000006,295649.916862592,288098.70707244036,-45659.91686259193,-38108.7070724403
499999.99999999977,844063.942557559,799664.7985374372,-344063.94255755923,-299664.79853743745
269000.0,368963.23880088446,366243.9583208809,-99963.23880088446,-97243.95832088089
104999.99999999997,242030.28970462587,241980.0534939365,-137030.2897046259,-136980.05349393652
56499.99999999996,169837.80958155353,177534.94170501042,-113337.80958155356,-121034.94170501045
131999.9999999999,153795.73690255097,150702.82787232817,-21795.736902551056,-18702.827872328256
134999.99999999997,227663.2340987058,224136.92710064462,-92663.23409870584,-89136.92710064465
384499.9999999999,192998.18256792577,195999.6579740662,191501.8174320741,188500.34202593367
322400.0000000002,1158571.7222951557,1690000.0,-836171.7222951555,-1367599.9999999998
305950.0000000002,301673.699524861,303086.73685445695,4276.300475139171,2863.2631455432274
539000.0000000001,435295.59590976604,413689.42630987806,103704.40409023408,125310.57369012205
604000.0000000002,468327.5788519357,468560.07865193224,135672.42114806455,135439.921348068
217999.99999999988,195496.90101979728,192279.86776018265,22503.0989802026,25720.132239817234
769999.9999999997,377666.82145681395,354036.80525876355,392333.1785431857,415963.1947412361
480000.00000000006,350002.2973668646,356896.3332045402,129997.70263313549,123103.66679545987
315000.0000000002,319442.6705147128,329762.0884883108,-4442.670514712634,-14762.088488310634
182799.9999999999,257350.2736853609,267921.80908809276,-74550.273685361,-85121.80908809285
420000.0,330597.2437915401,312625.0773205968,89402.7562084599,107374.92267940321
310000.0000000002,190221.73681137097,194048.01497631203,119778.26318862921,115951.98502368815
649999.9999999995,504591.74936888565,566830.5319728382,145408.2506311139,83169.46802716132
68999.99999999997,143574.85796885606,133287.84507833474,-74574.85796885609,-64287.845078334765
243800.0,284061.01864095766,287429.09335893934,-40261.018640957656,-43629.09335893934
369999.99999999977,249852.4850385715,262742.56227202114,120147.51496142827,107257.43772797863
225999.9999999998,232550.91943007286,219485.2151857014,-6550.91943007306,6514.784814298386
124999.9999999999,486032.2216764865,484803.3015995734,-361032.2216764866,-359803.3015995735
233999.9999999999,144299.33487203374,148483.8164524817,89700.66512796617,85516.18354751822
252000.0000000001,267115.03319123504,296164.56679275626,-15115.03319123495,-44164.56679275617
299000.00000000006,218434.20384435772,209067.3091434428,80565.79615564234,89932.69085655725
99500.00000000001,192449.9713093262,198012.5630559368,-92949.9713093262,-98512.56305593679
577000.0000000003,165922.56212444193,164495.08616605922,411077.4378755584,412504.9138339411
43000.00000000002,130462.6727335617,124805.56532306201,-87462.67273356169,-81805.56532306198
225000.00000000015,209237.62594930688,240405.03052973535,15762.374050693266,-15405.030529735202
320000.00000000006,406819.4755009507,375780.47869887325,-86819.47550095065,-55780.478698873194
336000.00000000006,372866.8193559413,385362.8298823142,-36866.81935594126,-49362.82988231414
362000.0,139102.99433455637,140791.21522449635,222897.00566544363,221208.78477550365
100000.00000000004,156723.3095560287,167094.6332800241,-56723.309556028646,-67094.63328002406
270400.0000000002,251408.20347774817,250510.11222872193,18991.796522252,19889.88777127824
116999.99999999991,192844.60774780958,182887.77078543685,-75844.60774780967,-65887.77078543694
324237.0,232997.6023680289,249748.82613566305,91239.39763197111,74488.17386433695
214799.99999999983,251655.62233920855,231547.56803030334,-36855.62233920873,-16747.56803030352
315000.0000000002,344023.23668045446,380485.1535071727,-29023.236680454283,-65485.15350717254
293000.0000000001,203959.45742395738,225805.7685502589,89040.54257604273,67194.23144974123
224000.0,352671.35512431856,347615.15607874875,-128671.35512431856,-123615.15607874875
189999.9999999999,326212.58933432,315042.581187758,-136212.58933432007,-125042.5811877581
430000.00000000023,278602.00568672793,301548.13825664396,151397.9943132723,128451.86174335628
695000.0,717027.5911444576,783487.1662876519,-22027.591144457576,-88487.16628765187
232900.00000000015,120524.18481795341,114682.04090296476,112375.81518204673,118217.95909703539
129599.99999999994,103033.0078870421,98729.03087198304,26566.992112957843,30870.969128016906
175000.00000000012,263513.1325586764,258898.49243412193,-88513.1325586763,-83898.49243412181
195000.00000000006,224109.40816029662,215083.93706204055,-29109.40816029656,-20083.937062040495
270000.00000000006,684371.6770695118,770695.2122402304,-414371.6770695118,-500695.21224023035
439000.0000000001,646578.7667207557,687162.183405228,-207578.7667207556,-248162.18340522784
197000.00000000015,178953.1975050129,172155.31620506474,18046.802494987234,24844.68379493541
379999.9999999999,294381.70835029363,288818.01374256617,85618.29164970625,91181.98625743372
233000.0000000001,247813.92836487608,245503.29871676042,-14813.928364875988,-12503.298716760328
294999.9999999998,490021.05757386354,507126.21069678577,-195021.0575738637,-212126.21069678594
69989.99999999997,157872.20018107342,162791.95848538104,-87882.20018107345,-92801.95848538107
366999.9999999997,385254.82242002664,384505.7197576771,-18254.822420026932,-17505.719757677405
97400.00000000004,190122.59314076853,180360.8964143155,-92722.59314076848,-82960.89641431546
122000.00000000003,141498.21240700068,132615.26704888704,-19498.212407000654,-10615.267048887006
147900.0,170826.31348981828,164346.3187842597,-22926.313489818276,-16446.318784259696
89000.00000000004,176719.61350225154,167753.56504664102,-87719.6135022515,-78753.56504664097
418999.9999999998,353043.7867734725,357353.54509672977,65956.21322652732,61646.45490327006
969999.9999999999,431364.79318979627,469150.3140538586,538635.2068102036,500849.6859461413
155000.00000000012,260805.9642030043,286978.79102096666,-105805.96420300417,-131978.79102096654
440000.0000000002,419410.8394326994,420157.77288316184,20589.1605673008,19842.22711683833
124999.9999999999,201408.91075931452,200904.6420704932,-76408.91075931462,-75904.6420704933
136999.9999999999,139149.58191928852,143036.04800076524,-2149.581919288612,-6036.048000765324
337000.0,317728.73135193123,338461.40507751214,19271.26864806877,-1461.4050775121432
376999.99999999977,253696.86402433531,249765.93084346282,123303.13597566445,127234.06915653695
93074.99999999999,176516.21092292896,170664.8141360559,-83441.21092292898,-77589.81413605592
245600.0000000002,306503.70146719005,304593.10026423883,-60903.70146718985,-58993.10026423863
156999.99999999994,177364.61772445834,182233.6766692128,-20364.617724458396,-25233.676669212844
310500.00000000006,261388.0928752147,273296.83720621595,49111.90712478536,37203.16279378411
212000.00000000017,202517.71226954358,198546.08872084247,9482.287730456592,13453.911279157706
468000.0000000003,433652.45583351474,446072.62289617397,34347.544166485546,21927.377103826322
48499.99999999998,124485.14217954999,128541.2885020429,-75985.14217955002,-80041.28850204291
219999.99999999983,266279.5260344125,259740.48309392735,-46279.52603441267,-39740.48309392753
497999.9999999996,263041.95482775476,267832.0786687078,234958.04517224483,230167.9213312918
139999.9999999999,159477.772495495,152611.54906297725,-19477.772495495097,-12611.549062977341
408719.99999999977,480145.646684412,498782.40733206685,-71425.6466844122,-90062.40733206709
379999.9999999999,274247.9354386768,275641.7306496091,105752.06456132309,104358.26935039076
205000.0,206198.18829476016,203975.74345858276,-1198.1882947601553,1024.2565414172423
261999.99999999994,190922.8370772651,196492.84201282158,71077.16292273483,65507.15798717836
402800.0,154818.1264176932,163521.4122276832,247981.8735823068,239278.5877723168
134999.99999999997,121786.30714529993,115580.95774849954,13213.692854700043,19419.042251500432
125999.99999999993,220507.45680964788,232539.33920686928,-94507.45680964795,-106539.33920686935
306652.0,271734.7976286513,293455.9137630592,34917.202371348685,13196.086236940813
284999.99999999994,171119.04624208636,173242.8180547906,113880.95375791358,111757.18194520933
649999.9999999995,338106.2817446376,332648.8190850171,311893.71825536195,317351.18091498245
439000.0000000001,353545.5587379372,342129.7815849446,85454.44126206293,96870.21841505554
180000.00000000003,146601.0839923527,139003.92403369112,33398.91600764732,40996.07596630891
391229.00000000006,605972.9610119017,651438.0057167463,-214743.96101190167,-260209.00571674627
139000.00000000003,250280.58498240673,257077.10153353174,-111280.5849824067,-118077.1015335317
446999.9999999999,636168.4371082785,718220.6576609196,-189168.43710827862,-271220.6576609197
158999.99999999997,136924.56661767414,138261.5666713611,22075.433382325835,20738.433328638872
395000.00000000035,376628.0017819738,381127.4816704822,18371.998218026536,13872.518329518149
267999.99999999977,353179.11273765855,365009.8932603564,-85179.11273765878,-97009.89326035662
444999.9999999997,314194.9180976461,313709.7579706009,130805.08190235362,131290.2420293988
1400000.0000000007,572790.7231394423,582375.8803001526,827209.2768605584,817624.1196998481
224000.0,183726.72594250864,177121.83513822875,40273.27405749136,46878.16486177125
371999.9999999998,371370.9398356463,390217.92120183125,629.0601643535192,-18217.92120183143
240000.00000000003,640128.9330148972,699191.3848751005,-400128.93301489716,-459191.38487510046
284999.99999999994,190569.4122254519,205025.56778419524,94430.58777454804,79974.4322158047
249999.9999999998,158778.45678593946,154201.44794440395,91221.54321406034,95798.55205559585
323000.0000000003,411720.68180685275,420691.53735048935,-88720.68180685246,-97691.53735048906
430000.00000000023,356894.82490667165,365383.65554654755,73105.17509332858,64616.34445345268
674999.9999999998,327160.6253276417,355315.58846815105,347839.37467235804,319684.4115318487
149000.0,196222.50932409367,187383.77633817223,-47222.50932409367,-38383.77633817223
579999.9999999997,364386.9567396093,391040.4775152417,215613.04326039035,188959.52248475794
398999.99999999977,474382.7919681486,495403.7883967721,-75382.79196814884,-96403.78839677235
384000.00000000006,233018.07788946474,241709.09216536334,150981.92211053532,142290.90783463672
71999.99999999996,105364.40188576,105040.0846115789,-33364.401885760046,-33040.084611578946
360000.0000000001,167698.99828132297,153720.03013742887,192301.00171867714,206279.96986257125
273999.99999999994,235677.45838687514,226150.89266393744,38322.541613124806,47849.1073360625
239000.00000000003,166249.97736126828,164136.48565894488,72750.02263873175,74863.51434105515
108000.00000000001,172340.40599666603,168154.41765431175,-64340.40599666601,-60154.417654311736
499999.99999999977,221492.54414044565,232438.15579229064,278507.4558595541,267561.84420770913
197000.00000000015,281695.99372293084,286938.26251490123,-84695.9937229307,-89938.26251490109
310000.0000000002,405396.3655170007,400574.0844963151,-95396.36551700055,-90574.08449631493
148000.00000000015,202345.01747831758,202100.4858827641,-54345.01747831743,-54100.485882763955
315000.0000000002,224747.55660302,225155.82472676606,90252.44339698018,89844.17527323411
430000.00000000023,431687.44388937403,455432.0740216263,-1687.443889373797,-25432.07402162609
76000.0,198976.36896160417,214808.47255349092,-122976.36896160417,-138808.47255349092
575000.0000000001,444195.46998615976,431070.50573754817,130804.53001384035,143929.49426245195
369000.0000000001,308075.4633131848,307895.53771887894,60924.53668681532,61104.462281121174
225000.00000000015,210467.16932726762,192495.39938516697,14532.830672732525,32504.60061483318
362249.99999999977,199660.71731326348,200158.6392675571,162589.2826867363,162091.36073244267
70659.99999999996,100060.080596021,92686.71829846119,-29400.080596021042,-22026.71829846123
176699.9999999999,186646.94201741513,189183.94240720378,-9946.942017415218,-12483.942407203867
429500.00000000023,340926.0404754366,395498.7026765089,88573.95952456363,34001.29732349131
369000.0000000001,548341.231757869,538180.8157704263,-179341.2317578689,-169180.81577042618
206999.99999999994,200388.28671848128,194186.10917240308,6611.713281518663,12813.890827596857
698999.9999999995,925100.7694136616,997736.0324479544,-226100.76941366203,-298736.0324479549
116999.99999999991,183874.85231543297,182860.32473786565,-66874.85231543306,-65860.32473786574
171600.00000000015,183469.72263501855,174462.3203508372,-11869.722635018406,-2862.32035083705
369999.99999999977,285080.159932379,274824.4228842069,84919.84006762074,95175.57711579284
769999.9999999997,411966.95599560527,441232.72780601936,358033.0440043944,328767.2721939803
210000.0,225945.1607479595,244364.9578847084,-15945.160747959511,-34364.95788470839
136999.9999999999,159801.72993963765,154256.4857543494,-22801.729939637735,-17256.4857543495
188999.99999999988,198192.4718557618,194605.68817114795,-9192.47185576192,-5605.688171148067
155499.9999999999,124601.41967432718,118298.153592466,30898.580325672738,37201.846407533914
177000.00000000006,319816.91697834164,341735.04683933244,-142816.9169783416,-164735.04683933238
175000.00000000012,134162.05655981236,130883.5378533452,40837.94344018775,44116.462146654914
259999.9999999998,288751.8873570732,285820.2339810563,-28751.8873570734,-25820.233981056517
145999.99999999997,206425.64254111928,192398.67215629955,-60425.642541119305,-46398.67215629958
206699.99999999988,135757.97624394417,136592.1178630113,70942.02375605571,70107.88213698857
385000.00000000023,299434.3312886812,306111.94993112463,85565.66871131904,78888.0500688756
375700.00000000006,400332.29601529526,392144.59301915596,-24632.2960152952,-16444.593019155902
330000.0000000001,403640.0291589624,391844.03699843044,-73640.02915896231,-61844.036998430325
188999.99999999988,307444.0360617376,297710.06108765304,-118444.03606173774,-108710.06108765316
339999.99999999994,235006.7981425711,237516.96978438157,104993.20185742885,102483.03021561838
233999.9999999999,241982.70189729214,239656.78705762202,-7982.701897292223,-5656.787057622103
294999.9999999998,472093.5498771603,487570.89231728355,-177093.54987716046,-192570.89231728372
249500.0000000002,310891.87784203567,335583.4125084496,-61391.877842035465,-86083.41250844937
465000.00000000023,575030.5433124962,561070.7767447104,-110030.54331249592,-96070.77674471017
513999.9999999996,459693.85211911437,510022.4634323292,54306.147880885226,3977.5365676704096
86500.00000000003,135911.46620894194,130671.55786878464,-49411.466208941914,-44171.557868784614
206999.99999999994,327733.2933333617,338867.3697619247,-120733.29333336174,-131867.36976192478
461999.9999999998,228450.53558488548,230880.14283709205,233549.46441511434,231119.85716290778
255999.99999999985,251576.16712433822,246841.84092720685,4423.832875661639,9158.159072793002
138200.00000000006,225082.17226986794,220573.59583088188,-86882.17226986788,-82373.59583088182
375000.00000000006,162553.31829931118,166574.74710065415,212446.68170068887,208425.2528993459
167839.9999999999,135602.91114615442,137621.00813336126,32237.08885384549,30218.99186663865
435999.99999999965,540867.5620586562,548687.5496136921,-104867.5620586566,-112687.54961369245
98900.00000000003,136682.6888331549,134582.668737609,-37782.68883315488,-35682.66873760897
249000.00000000006,223062.60182510363,212381.13053652475,25937.39817489643,36618.869463475305
130000.00000000009,196037.33815480693,189898.01207077608,-66037.33815480684,-59898.01207077599
1150000.0000000005,1534400.0891698285,1544611.3191359623,-384400.089169828,-394611.3191359618
199999.99999999997,293160.9464988673,284414.83464172547,-93160.94649886733,-84414.8346417255
388500.0,205793.58068398276,198617.46603447152,182706.41931601724,189882.53396552848
362000.0,747974.5571865556,733906.6045837017,-385974.5571865556,-371906.6045837017
379989.99999999977,327749.03236673435,355008.3805899241,52240.96763326542,24981.619410075655
253199.9999999999,227566.1373155502,227201.60674065643,25633.862684449705,25998.393259343487
202999.9999999999,211420.80170045292,219749.30470276464,-8420.801700453012,-16749.304702764726
66000.0,202027.40453486805,213658.6737030897,-136027.40453486805,-147658.6737030897
729999.9999999998,365537.0475933812,374917.5428999245,364462.95240661857,355082.45710007526
478124.99999999977,378542.37387047254,351577.54342564463,99582.62612952723,126547.45657435514
597999.9999999998,331094.47909341665,352722.61973284057,266905.5209065831,245277.3802671592
86000.00000000001,255647.27729933223,269732.62775141845,-169647.2772993322,-183732.62775141845
125999.99999999993,147374.9152941413,147945.50917846477,-21374.915294141378,-21945.50917846484
302999.9999999998,324383.41248318215,323745.08683296596,-21383.41248318233,-20745.08683296613
162500.00000000012,122663.00009193344,124797.11728520601,39836.999908066675,37702.882714794105
409999.9999999997,315370.565162265,311052.7260996898,94629.43483773473,98947.27390030993
294999.9999999998,337945.1015381154,329706.77438917325,-42945.10153811559,-34706.77438917343
377999.99999999994,322366.1367845475,319229.2467581666,55633.86321545247,58770.75324183336
312000.0000000001,252951.5281890058,240547.93207983536,59048.47181099432,71452.06792016476
1200000.0000000005,742847.1993116961,729898.5529865719,457152.80068830436,470101.44701342855
318000.0,227065.60547033898,213784.41585808634,90934.39452966102,104215.58414191366
70999.99999999994,130246.87277541943,121570.84378549339,-59246.872775419484,-50570.843785493445
387999.9999999999,484718.19541360444,466759.8581413721,-96718.19541360455,-78759.85814137221
38000.000000000015,162347.83664754085,155738.06603031364,-124347.83664754084,-117738.06603031362
329000.0000000003,287854.49782503024,298428.0215276008,41145.50217497005,30571.978472399467
136999.9999999999,178342.42902978323,176538.41736907326,-41342.42902978332,-39538.417369073344
224000.0,151996.3020354502,138853.80984762762,72003.69796454979,85146.19015237238
525000.0000000003,413433.2406304015,425209.0884986646,111566.75936959888,99790.91150133574
213000.00000000015,244547.37066684154,243869.11751698056,-31547.370666841394,-30869.11751698042
239000.00000000003,280321.93491317827,267933.2742061385,-41321.93491317824,-28933.274206138478
313862.9999999997,241173.57024446657,257490.1049816766,72689.42975553314,56372.89501832312
288340.9999999998,333916.84977744066,349734.9800127094,-45575.84977744083,-61393.980012709566
552000.0000000003,394447.948862491,395922.0464126788,157552.05113750935,156077.95358732156
180000.00000000003,165634.59436944066,169663.1179479088,14365.40563055937,10336.882052091241
149000.0,177662.32693228594,169484.49027186356,-28662.32693228594,-20484.490271863557
425000.0000000002,243336.27630539864,252946.14525653858,181663.72369460153,172053.8547434616
129599.99999999994,134796.35919690286,129997.41439556332,-5196.359196902922,-397.4143955633772
525000.0000000003,272999.2959183345,274174.4181405301,252000.70408166584,250825.58185947023
163160.0000000001,180165.38917772763,168483.032076885,-17005.389177727542,-5323.032076884905
195000.00000000006,286538.1730617341,280849.4412405476,-91538.17306173407,-85849.44124054752
255000.0000000001,440562.2398610757,442639.61067607114,-185562.23986107562,-187639.61067607105
189999.9999999999,566664.3634217882,625637.6217664806,-376664.3634217883,-435637.62176648073
71249.99999999994,93559.72548523585,90597.44572605325,-22309.725485235904,-19347.44572605331
332324.9999999999,611535.5126692657,631710.9605535482,-279210.51266926585,-299385.9605535483
155000.00000000012,126480.34269774579,125334.8256126944,28519.65730225433,29665.174387305713
398999.99999999977,334045.3823514432,345451.6360419776,64954.617648556596,53548.36395802215
1260000.0,553397.4818733215,580758.8313761309,706602.5181266785,679241.1686238691
385000.00000000023,440346.29917457205,441723.68690450635,-55346.29917457182,-56723.68690450612
285600.0000000001,368642.09639972815,356157.55918122246,-83042.09639972803,-70557.55918122234
299979.99999999994,270089.9679602529,287801.1166433307,29890.03203974705,12178.88335666922
149000.0,318096.57690365677,315692.6110706572,-169096.57690365677,-166692.6110706572
820799.9999999997,481273.02301116445,496859.85930196906,339526.9769888352,323940.1406980306
324899.99999999977,501162.2911519083,500024.9424911327,-176262.29115190852,-175124.94249113294
520000.0,496511.3663988864,498290.0697268725,23488.63360111357,21709.93027312751
213199.99999999985,362899.538913174,373837.488711448,-149699.53891317415,-160637.48871144812
367500.0000000003,251693.5522168539,258344.0760722463,115806.4477831464,109155.92392775399
183000.00000000012,188373.75685368705,176769.93660522258,-5373.756853686937,6230.063394777535
155989.99999999988,241322.37689668644,251659.48301606058,-85332.37689668656,-95669.4830160607
231999.99999999997,193054.78923251826,216617.87887522034,38945.21076748171,15382.121124779631
89900.00000000007,131464.03627758025,125133.73507879737,-41564.03627758018,-35233.7350787973
320000.00000000006,297450.6862850622,290894.2255589531,22549.31371493783,29105.77444104693
1039499.9999999995,803609.0808105395,844983.053979412,235890.91918946,194516.94602058758
54000.00000000001,237396.8371879877,248420.39567845422,-183396.8371879877,-194420.39567845422
330000.0000000001,183876.18726011022,195949.2003997879,146123.8127398899,134050.79960021222
246980.0000000001,267162.1375823068,278239.49671239377,-20182.13758230672,-31259.49671239368
147499.99999999997,174868.71649739152,173748.38979467293,-27368.71649739155,-26248.389794672956
315000.0000000002,313330.86409325193,343790.2421136825,1669.1359067482408,-28790.242113682325
210999.99999999994,156256.4203321448,155314.24125487354,54743.57966785514,55685.7587451264
191999.99999999997,235879.69701965706,233002.27532840305,-43879.69701965709,-41002.27532840308
315000.0000000002,313288.7700158483,318226.6514687684,1711.229984151898,-3226.65146876825
769999.9999999997,1690000.0,1690000.0,-920000.0000000003,-920000.0000000003
389000.00000000035,416386.2463095147,416500.7516584724,-27386.246309514332,-27500.751658472058
679249.9999999994,536939.6220455159,556180.6360312529,142310.3779544835,123069.3639687465
56000.000000000044,112705.4996104521,112966.41202188915,-56705.499610452054,-56966.412021889104
527000.0,376659.72355518426,374854.8812485185,150340.27644481574,152145.11875148152
230000.0000000001,266689.73441409325,241128.41837091534,-36689.73441409317,-11128.418370915257
159999.99999999997,261322.16948738843,259233.59221188945,-101322.16948738846,-99233.59221188948
490000.0,386361.098670559,390831.5631065604,103638.901329441,99168.43689343962
463500.0000000001,296251.5770777478,310137.1225887179,167248.42292225233,153362.8774112822
546999.9999999999,845717.6609762788,891177.5490208844,-298717.66097627894,-344177.54902088456
198000.00000000006,202914.3890817027,188231.9974750847,-4914.389081702655,9768.002524915355
590000.0000000003,727944.1300364212,744659.3891726251,-137944.1300364209,-154659.3891726248
1176000.000000001,487777.07196426427,510733.22784090054,688222.9280357367,665266.7721591004
138400.0,179268.64962432365,180335.0874534518,-40868.64962432365,-41935.08745345179
153500.0,150717.48167505034,143712.20070440503,2782.518324949662,9787.799295594974
320999.9999999999,312612.2447496682,318856.3625372146,8387.755250331655,2143.637462785293
178999.99999999994,250311.36976443935,269457.31384482555,-71311.36976443941,-90457.3138448256
357899.9999999998,352553.62556473544,339783.1963593432,5346.374435264384,18116.80364065664
118749.9999999999,86597.83583827148,84595.78632153486,32152.16416172842,34154.213678465036
225000.00000000015,288939.8999765914,278892.95199469035,-63939.89997659126,-53892.9519946902
455000.0,461534.520223236,509538.8296104036,-6534.5202232360025,-54538.82961040363
473575.00000000035,260037.2219738656,267928.7936586141,213537.77802613474,205646.20634138625
116000.0000000001,193709.98694799276,190805.59360389932,-77709.98694799266,-74805.59360389922
299999.99999999977,240895.54590195447,234511.49262655727,59104.4540980453,65488.507373442495
890000.0000000002,854541.4798546119,928046.0085567934,35458.52014538832,-38046.00855679321
287000.0000000001,323368.8399264341,328141.29158240434,-36368.83992643398,-41141.29158240423
143000.0000000001,226441.8933686451,218664.72359100584,-83441.89336864502,-75664.72359100575
392000.0,300217.5268314395,272514.2733658137,91782.47316856048,119485.72663418629
574000.0000000001,384929.4488707427,381368.84770944115,189070.55112925742,192631.15229055897
239000.00000000003,166326.19038004964,175089.26530424642,72673.80961995039,63910.73469575361
55000.00000000004,173991.78644800733,165049.37887474365,-118991.7864480073,-110049.37887474362
416000.0,276413.63197420764,304874.90046223515,139586.36802579236,111125.09953776485
247000.00000000006,166260.6942105517,164505.39274698021,80739.30578944835,82494.60725301984
173999.99999999997,173743.80078593432,163739.11634473078,256.1992140656512,10260.883655269194
249000.00000000006,144068.776369243,139100.5217376257,104931.22363075707,109899.47826237435
320000.00000000006,194925.0472931593,192025.21864936902,125074.95270684076,127974.78135063103
1099999.9999999998,301570.50652601884,322746.425706684,798429.4934739809,777253.5742933158
60000.000000000015,109671.25097858217,105994.83893675265,-49671.25097858216,-45994.83893675264
1420000.0000000012,903389.2779760372,913698.8484197711,516610.7220239639,506301.1515802301
398475.00000000023,559280.213890726,551420.3580590634,-160805.21389072575,-152945.3580590632
299000.00000000006,412277.4316204281,387985.6408259044,-113277.43162042805,-88985.64082590432
710000.0,690868.1333677489,686774.0731183982,19131.86663225107,23225.9268816018
304999.99999999977,250801.0643103257,251964.10010145858,54198.93568967408,53035.89989854119
392000.0,286951.6852876235,302176.3391177236,105048.31471237651,89823.66088227642
1590000.000000001,529981.899500378,512121.080465975,1060018.100499623,1077878.919534026
367500.0000000003,643158.0155599728,648545.9472208455,-275658.01555997255,-281045.9472208452
775000.0000000007,665622.1498107971,673888.9232379737,109377.85018920363,101111.07676202699
135999.99999999997,189450.70456806367,178711.2737822716,-53450.704568063695,-42711.27378227163
369999.99999999977,457400.8828684314,466080.3635271514,-87400.88286843162,-96080.36352715164
326000.0,167368.25315124006,174207.1207904366,158631.74684875994,151792.8792095634
310350.00000000006,310119.49296071706,333440.6021676682,230.5070392829948,-23090.60216766817
249999.9999999998,328999.6592175149,346982.88341694395,-78999.65921751512,-96982.88341694415
430000.00000000023,311745.5345227639,317178.9861541432,118254.46547723631,112821.01384585706
157992.00000000015,188591.20022392937,187193.6651336772,-30599.20022392922,-29201.665133677045
1298999.999999999,772008.800649316,752640.6737813421,526991.199350683,546359.326218657
120000.00000000004,327924.2735565183,317777.46875380096,-207924.27355651825,-197777.4687538009
549999.9999999998,257485.39902693842,260408.9354789828,292514.60097306134,289591.06452101696
457600.0000000002,747984.6876144572,787522.3666424594,-290384.68761445704,-329922.36664245924
157999.99999999997,283219.1979926498,297727.0244431354,-125219.19799264983,-139727.02444313545
1129999.999999999,700306.1866995333,763702.9920322153,429693.8133004658,366297.0079677837
564900.0000000003,323506.6620338868,338027.9939041052,241393.33796611353,226872.00609589514
195000.00000000006,176652.82841756326,172683.49580843456,18347.1715824368,22316.504191565502
43999.99999999997,84986.44065892888,84860.88868495612,-40986.440658928914,-40860.88868495615
426000.0000000002,332972.6629777694,321803.3353996107,93027.33702223079,104196.66460038949
299000.00000000006,284413.2576900082,283474.06077986036,14586.742309991852,15525.939220139699
157560.00000000015,167145.42353333926,167724.34546179968,-9585.423533339112,-10164.34546179953
293000.0000000001,285362.3045901212,287694.45486800786,7637.695409878914,5305.545131992258
599000.0,337081.0518469132,360519.6046014114,261918.94815308682,238480.39539858862
377999.99999999994,712659.9893998542,690565.9420541679,-334659.98939985427,-312565.9420541679
457799.9999999996,411866.8370572862,390743.74501759076,45933.16294271342,67056.25498240883
254000.0000000002,271614.65708171215,259364.44302143969,-17614.65708171195,-5364.4430214394815
116599.99999999991,167388.03241678354,162750.94548336443,-50788.03241678362,-46150.945483364514
748000.0000000001,571819.3127898758,571006.8005291004,176180.68721012434,176993.19947089977
644799.9999999995,451854.0696621963,475564.6230474068,192945.9303378032,169235.37695259275
244999.99999999997,156941.24204661066,150451.43121334986,88058.75795338931,94548.56878665011
315000.0000000002,325615.30805581773,349226.52291151066,-10615.308055817557,-34226.52291151049
225750.00000000003,188075.80546992467,191521.13783816513,37674.19453007536,34228.8621618349
655624.9999999998,578576.2253096547,595803.0839571278,77048.77469034505,59821.916042872006
269000.0,206609.9738698501,211066.0865849396,62390.0261301499,57933.91341506041
383250.0000000001,275249.5403990313,303764.4902404062,108000.45960096881,79485.50975959393
123000.00000000009,258141.5364229478,249989.9700433285,-135141.5364229477,-126989.97004332842
555000.0000000002,463037.4816546473,483997.78454092814,91962.51834535296,71002.21545907209
1525000.0000000005,713396.2534347617,772643.4676428029,811603.7465652388,752356.5323571976
217999.99999999988,504617.787944238,497150.7214258076,-286617.7879442381,-279150.72142580774
279899.99999999994,190975.6244086872,189960.7158361912,88924.37559131274,89939.28416380874
798999.9999999997,307130.3346057351,297502.3836184506,491869.66539426456,501497.61638154904
199000.0000000001,264920.0853731039,256715.68008983653,-65920.08537310382,-57715.680089836445
283000.0000000001,391034.232729728,368822.5727972538,-108034.23272972787,-85822.57279725367
169299.9999999999,168214.55277890502,159101.78386706676,1085.447221094888,10198.216132933157
362999.9999999999,346295.23660290585,354278.01224481047,16704.763397094037,8721.987755189417
1220000.0000000002,641898.6490765982,711151.5894823633,578101.350923402,508848.4105176369
312000.0000000001,240086.81605656524,243001.6258973501,71913.18394343488,68998.37410265
359000.00000000023,668009.9081257519,662344.6494086786,-309009.90812575165,-303344.6494086784
269000.0,241092.56294381464,241334.560876593,27907.437056185358,27665.439123407006
359900.0000000002,129984.41679932352,130262.81344082937,229915.58320067666,229637.1865591708
178999.99999999994,248342.6482311849,236630.4404724495,-69342.64823118495,-57630.440472449554
41999.99999999999,98883.60932903599,98739.27076285673,-56883.60932903599,-56739.27076285674
92500.00000000007,123145.29232301544,121715.50548470813,-30645.29232301537,-29215.50548470806
126199.99999999996,183961.28580337611,194290.0775259796,-57761.28580337616,-68090.07752597965
227900.00000000006,254242.63872156464,257955.59759848414,-26342.63872156458,-30055.597598484077
315000.0000000002,367364.2527503396,415944.50262236135,-52364.25275033945,-100944.50262236118
241000.00000000003,256737.49832751963,241956.28565502368,-15737.4983275196,-956.2856550236465
103549.99999999999,88461.50771962997,81351.67932933327,15088.492280370017,22198.32067066671
198000.00000000006,274013.8436826422,285792.4751853532,-76013.84368264215,-87792.47518535313
210000.0,159152.43911055016,156271.29082573028,50847.560889449844,53728.70917426972
497124.99999999965,349538.0372131198,363609.91719676426,147586.96278687986,133515.0828032354
239199.99999999985,437117.1041406878,446194.4983028729,-197917.10414068794,-206994.49830287302
532999.9999999998,305842.13906719466,310358.7727538869,227157.8609328051,222641.2272461129
243000.00000000003,216910.42945586823,208608.1859506688,26089.5705441318,34391.81404933124
669499.9999999994,348103.10389856296,337245.7643648473,321396.89610143646,332254.23563515214
560000.0000000003,316191.7594953878,318087.4592077102,243808.24050461256,241912.54079229012
315000.0000000002,181079.9397660223,185066.0284059969,133920.06023397789,129933.97159400326
202702.0,167932.82925044766,155796.2229980435,34769.170749552344,46905.77700195651
199000.0000000001,234283.49391107357,217354.05263383396,-35283.493911073485,-18354.052633833868
162999.99999999988,248403.80839349973,246457.98122117078,-85403.80839349984,-83457.98122117089
294000.0000000001,323151.80525516416,317431.45355854457,-29151.805255164043,-23431.453558544454
141500.0000000001,185589.95842883587,182272.53660989914,-44089.95842883579,-40772.53660989905
248804.0000000002,245827.84346603585,250836.0774937849,2976.1565339643566,-2032.0774937846872
76999.99999999997,126880.91211734484,125659.42935284322,-49880.912117344866,-48659.429352843246
354999.9999999998,328484.37277033326,329468.1532836517,26515.62722966657,25531.84671634814
1469999.999999999,544879.548193231,567398.0103481939,925120.4518067681,902601.9896518051
171199.99999999985,222022.14396099973,224361.30948532402,-50822.14396099988,-53161.309485324164
124999.9999999999,161868.72934019915,148479.81234469355,-36868.72934019925,-23479.81234469365
344999.9999999997,337812.09082695947,325367.36500483856,7187.909173040243,19632.63499516115
649000.0000000006,524599.3041125594,541123.9427684974,124400.69588744116,107876.05723150319
727999.9999999999,673459.4946022051,734609.3197705966,54540.50539779477,-6609.319770596689
448999.99999999994,526387.5012789988,533687.4972908589,-77387.50127899885,-84687.49729085894
137800.0000000001,349602.8616874348,348598.1841649458,-211802.8616874347,-210798.1841649457
199499.99999999994,240767.92947826063,248960.34363184898,-41267.92947826069,-49460.34363184904
116599.99999999991,133553.5902081913,138519.00877022475,-16953.590208191396,-21919.008770224842
225000.00000000015,167764.78757380944,170810.6606482912,57235.2124261907,54189.33935170894
297824.99999999977,138060.89675004306,148464.4468410863,159764.1032499567,149360.55315891348
578000.0000000005,613427.7095394013,597916.2481570021,-35427.70953940088,-19916.248157001683
199400.00000000003,137682.9648257191,138262.7529178844,61717.03517428093,61137.24708211562
327000.0000000001,272277.00727140397,269845.40924466547,54722.992728596146,57154.59075533465
384000.00000000006,294242.96052180836,313396.3435362242,89757.0394781917,70603.65646377584
369999.99999999977,720455.0720350822,721426.5554923954,-350455.0720350824,-351426.55549239565
98550.00000000006,106048.53755495118,106881.74278701552,-7498.537554951123,-8331.742787015464
120000.00000000004,217788.26787539254,217290.78899083872,-97788.2678753925,-97290.78899083867
252000.0000000001,260555.1074507661,265840.0321594509,-8555.107450766023,-13840.032159450784
244999.99999999997,350083.9265422532,316444.5386676996,-105083.9265422532,-71444.53866769964
267000.0,259311.54353658127,251076.65848648507,7688.456463418726,15923.341513514926
382000.0000000002,385022.860282398,382781.46510162385,-3022.860282397829,-781.4651016236749
99509.99999999991,159164.63707177792,156500.59717300453,-59654.63707177801,-56990.597173004615
369999.99999999977,385819.882665119,388222.99452055496,-15819.88266511925,-18222.994520555192
359000.00000000023,539642.6749172718,535201.7594912514,-180642.6749172716,-176201.7594912512
336000.00000000006,376179.2992941566,378048.4472211235,-40179.299294156546,-42048.44722112344
188999.99999999988,299127.28332706814,303925.2187817272,-110127.28332706826,-114925.21878172731
95000.00000000001,167572.12972362724,170660.9889164324,-72572.12972362722,-75660.98891643238
238000.0,250748.0779940866,266236.13146525185,-12748.077994086605,-28236.13146525185
597999.9999999998,451305.42404546397,497282.2517470381,146694.5759545358,100717.74825296167
448999.99999999994,424448.23136863153,490211.68552206806,24551.76863136841,-41211.68552206812
344999.9999999997,347117.2230179209,340070.52504966746,-2117.2230179212056,4929.474950332253
162500.00000000012,185748.36719926613,184724.6088571487,-23248.36719926601,-22224.60885714859
995000.0,577190.8346135933,558658.2258012304,417809.1653864067,436341.7741987696
555000.0000000002,523336.9918655661,576172.9762291204,31663.008134434116,-21172.976229120162
1284999.999999999,859946.2859689865,897646.4152481895,425053.7140310126,387353.5847518096
261400.00000000012,371316.8151912391,333747.63162812346,-109916.815191239,-72347.63162812334
1310000.000000001,761793.2961944268,915154.5284743663,548206.7038055741,394845.47152563464
152300.00000000003,166274.44635428503,175882.72976149034,-13974.446354284999,-23582.729761490307
579999.9999999997,709190.5163347317,717237.1793327847,-129190.51633473206,-137237.17933278508
158499.99999999997,375509.6794279019,389688.5523771376,-217009.67942790195,-231188.55237713762
127199.99999999999,233643.22962340812,253247.46127601602,-106443.22962340813,-126047.46127601604
104903.99999999997,158831.38782968983,155219.21377198832,-53927.38782968986,-50315.21377198835
995000.0,586329.0971119396,628059.8766750938,408670.90288806043,366940.1233249062
319998.9999999998,373096.65393643425,375984.3994970102,-53097.65393643442,-55985.399497010396
312000.0000000001,273639.3310552451,298040.51360329543,38360.668944755045,13959.486396704684
232100.0000000001,237671.70071213497,261767.15357424744,-5571.700712134887,-29667.15357424735
153700.0,143478.1927252569,151487.5231553406,10221.8072747431,2212.4768446593953
596500.0000000005,266390.37423452723,283338.2060476992,330109.62576547323,313161.79395230126
318000.0,404842.295836785,387150.418006916,-86842.295836785,-69150.418006916
195000.00000000006,228087.56289262688,229359.47066546427,-33087.562892626825,-34359.47066546421
783749.9999999995,386766.7667622849,401757.8660416141,396983.2332377146,381992.13395838544
119899.9999999999,133628.0030974832,130008.9699446193,-13728.003097483292,-10108.969944619399
216899.99999999983,343789.7240936599,341136.032681106,-126889.72409366007,-124236.03268110618
332499.9999999998,334900.27423048933,325293.351858968,-2400.2742304895073,7206.648141031852
82199.99999999996,125394.13808615734,114737.2963322837,-43194.138086157385,-32537.296332283746
224000.0,262565.19375633786,249194.1507226668,-38565.19375633786,-25194.15072266679
430359.9999999998,423489.9219255107,447461.3747283592,6870.078074489138,-17101.3747283594
259900.00000000012,182376.52264548984,174925.79172358554,77523.47735451028,84974.20827641457
80960.00000000001,164335.73156688845,156429.5699535543,-83375.73156688844,-75469.5699535543
493499.9999999999,309133.41561177257,316219.27071712125,184366.58438822732,177280.72928287863
1190800.0000000005,1093961.554390757,1285396.2300167447,96838.44560924335,-94596.23001674423
515999.9999999997,158232.43134162438,159271.50725792794,357767.5686583753,356728.49274207174
126500.00000000006,201245.80707233882,203033.08161458166,-74745.80707233876,-76533.0816145816
145000.00000000012,157591.323086257,160114.75465257224,-12591.323086256889,-15114.754652572126
159999.99999999997,223041.52895587575,218573.37525408829,-63041.52895587578,-58573.375254088314
189999.9999999999,276496.8168930131,270177.3919824587,-86496.81689301317,-80177.3919824588
480000.00000000006,277532.0540654004,307688.5784508015,202467.94593459967,172311.42154919857
534999.9999999995,547549.1703001492,595878.5063087523,-12549.170300149708,-60878.50630875281
305999.9999999998,238105.2993668277,257491.243875089,67894.70063317212,48508.75612491081
228000.00000000003,185748.76768775756,176853.9259931334,42251.23231224247,51146.074006866635
112999.99999999993,146412.12455098177,153889.62832925026,-33412.12455098184,-40889.628329250336
119899.9999999999,147052.76125651965,148624.64860783683,-27152.76125651975,-28724.648607836934
37000.00000000001,146494.28157158874,152538.6934663269,-109494.28157158874,-115538.69346632689
498750.00000000035,225431.07761536463,246514.47807499638,273318.9223846357,252235.52192500397
1229999.9999999995,586176.8879799432,632399.4004674875,643823.1120200563,597600.599532512
332480.0000000002,168769.92956418448,167095.26782242794,163710.0704358157,165384.73217757224
59400.000000000044,172924.88234035205,183626.15407580984,-113524.88234035201,-124226.1540758098
249899.9999999999,179716.879636054,180015.69862408622,70183.12036394593,69884.3013759137
249500.0000000002,248448.10484954878,258050.00598049336,1051.8951504514262,-8550.005980493152
259200.0000000002,226312.1627071946,224539.3292660412,32887.837292805605,34660.67073395901
184000.00000000015,181104.02357759097,187523.0212472016,2895.9764224091778,-3523.0212472014537
749999.9999999998,577186.2826659346,612270.994016327,172813.71733406512,137729.0059836728
50000.000000000015,146661.55278017398,145973.62326105664,-96661.55278017397,-95973.62326105662
649999.9999999995,434131.8821123055,444842.6933158918,215868.11788769404,205157.30668410775
139000.00000000003,182301.43727135786,178788.59069711211,-43301.437271357834,-39788.590697112086
1235999.999999999,597583.3732368246,620787.4149825792,638416.6267631744,615212.5850174199
275000.0000000002,138268.68294024555,142433.9566349423,136731.31705975463,132566.04336505788
599000.0,380184.7542566396,367975.0617449816,218815.24574336043,231024.93825501838
142000.0,196325.41713667187,190427.38069685435,-54325.417136671866,-48427.38069685435
77760.00000000004,97106.9345668901,91852.5458326147,-19346.93456689005,-14092.545832614662
103000.00000000001,99586.62167106083,99323.03576071831,3413.3783289391868,3676.964239281704
192999.99999999985,228408.40200473167,225217.40998999227,-35408.40200473182,-32217.40998999242
1600000.0000000012,1237511.608543202,1293681.9292508047,362488.3914567991,306318.07074919646
294999.9999999998,294280.5114852205,302652.4292005904,719.4885147793102,-7652.429200590588
376999.99999999977,213829.06172740928,208868.00010328458,163170.9382725905,168131.9998967152
280000.0,199081.51408223686,193935.90336155912,80918.48591776314,86064.09663844088
940000.0000000006,364915.1727028358,351692.74040997704,575084.8272971648,588307.2595900235
149000.0,159100.35329272543,154691.37319579054,-10100.353292725427,-5691.37319579054
376000.0000000003,243206.21660464883,241459.60124208304,132793.78339535146,134540.39875791725
539000.0000000001,668321.3994133906,796523.3137774848,-129321.39941339043,-257523.3137774847
139000.00000000003,258307.99521057605,241097.48293218124,-119307.99521057602,-102097.48293218121
199999.99999999997,326515.8969765822,339688.8467910016,-126515.89697658221,-139688.84679100165
140400.00000000012,118140.30653636862,116074.66006261793,22259.693463631498,24325.33993738219
729999.9999999998,701165.3078463968,706738.4052350314,28834.692153602955,23261.59476496838
258000.00000000015,377072.64507493284,366949.9927124428,-119072.64507493269,-108949.99271244268
1600000.0000000012,966275.1096989126,1058938.132761458,633724.8903010886,541061.8672385432
630000.0000000006,258106.87685977857,253350.3462029967,371893.12314022204,376649.6537970039
199499.99999999994,149572.794781809,151276.8225220646,49927.20521819094,48223.17747793533
388500.0,213887.682756457,220856.8776110895,174612.317243543,167643.1223889105
172999.9999999999,141731.1760730161,141662.47737259782,31268.82392698381,31337.522627402097
175000.00000000012,258834.52442541986,258789.45784976316,-83834.52442541975,-83789.45784976304
468999.9999999998,324024.2673470005,370960.9315362623,144975.73265299934,98039.06846373755
510999.9999999999,518860.13412393164,536296.4027981408,-7860.134123931755,-25296.402798140887
269000.0,488353.05451451417,470604.77908033377,-219353.05451451417,-201604.77908033377
221550.0,128440.60511446238,124463.85151657254,93109.39488553762,97086.14848342746
70500.0,116741.49909756453,118266.83694208415,-46241.499097564534,-47766.83694208415
208000.00000000003,288716.24317983416,302750.5281142523,-80716.24317983413,-94750.52811425229
385000.00000000023,221633.94873295235,220171.55534032907,163366.05126704788,164828.44465967116
93000.00000000007,152498.91202657632,144854.98754745658,-59498.91202657625,-51854.987547456505
148000.00000000015,176763.91008443796,175704.75763765073,-28763.91008443781,-27704.75763765059
129538.0,103937.38986005673,108888.11818465027,25600.610139943266,20649.881815349727
244999.99999999997,315322.15485967,309781.3896725111,-70322.15485967,-64781.38967251111
202999.9999999999,313836.69749705354,318114.57882162696,-110836.69749705362,-115114.57882162704
159499.00000000006,214648.1349277888,213896.45401809455,-55149.13492778875,-54397.45401809449
276000.0000000002,193546.7307806574,199467.029870343,82453.26921934276,76532.97012965719
149800.00000000003,112988.09017443296,107642.25406183652,36811.90982556707,42157.74593816351
356999.99999999994,326872.31530909595,356911.98401437484,30127.68469090399,88.01598562509753
379000.0000000002,248621.84084373584,262044.44796159441,130378.15915626433,116955.55203840576
249984.00000000017,282770.97237937356,272675.9529058683,-32786.97237937339,-22691.952905868122
656909.9999999999,218730.4130214756,228602.3269438018,438179.5869785243,428307.67305619805
409999.9999999997,395057.8013618556,392160.4989538552,14942.198638144124,17839.50104614452
135999.99999999997,141181.30641379327,137156.81467895934,-5181.306413793296,-1156.8146789593739
460000.0000000002,487398.992659046,454129.76988479146,-27398.99265904585,5870.230115208717
499999.99999999977,792442.618467227,779675.1246404495,-292442.6184672272,-279675.12464044977
238739.9999999999,203381.71400445173,195627.77468749802,35358.28599554818,43112.22531250189
157999.99999999997,268675.0498640373,271589.86379412824,-110675.04986403734,-113589.86379412826
299000.00000000006,384230.80567566276,381480.38847124274,-85230.8056756627,-82480.38847124268
219999.99999999983,178346.22930695862,175156.6144988943,41653.77069304121,44843.38550110551
590000.0000000003,242642.66708507622,241231.36452993582,347357.33291492413,348768.63547006453
390350.00000000023,488681.7618131952,533746.0839927362,-98331.76181319496,-143396.08399273595
535600.0000000002,324696.8043582842,330451.0528278103,210903.195641716,205148.94717218995
291999.9999999998,277595.7689287191,266910.70369303925,14404.231071280723,25089.296306960576
729999.9999999998,663519.0068805562,675580.1449824823,66480.99311944353,54419.85501751746
240000.00000000003,328117.71079923824,333091.4877121861,-88117.71079923821,-93091.48771218609
231999.99999999997,205420.0257789286,206107.14347188696,26579.974221071374,25892.856528113014
328000.0000000002,388998.78597895574,396978.04234200786,-60998.785978955566,-68978.04234200768
271999.9999999999,244180.23475917746,244069.04784967474,27819.765240822424,27930.952150325145
271999.9999999999,212120.42033126327,209814.43345054478,59879.57966873661,62185.56654945511
159899.9999999999,157009.45880251334,155303.87567085287,2890.541197486571,4596.1243291470455
850000.0000000005,220912.62843500418,228151.79725081768,629087.3715649963,621848.2027491828
162000.00000000012,202457.9436249737,231922.91771214272,-40457.94362497359,-69922.9177121426
134999.99999999997,185744.2064296845,170865.83773414005,-50744.206429684535,-35865.83773414008
198899.99999999997,311375.28592629527,273938.6972448961,-112475.2859262953,-75038.69724489612
74899.99999999999,170976.46507326234,178509.03329195429,-96076.46507326236,-103609.0332919543
55000.00000000004,125098.65437603983,129342.22015299273,-70098.6543760398,-74342.2201529927
304999.99999999977,213994.63381055277,217618.81443610092,91005.366189447,87381.18556389885
288749.9999999999,573738.4646239836,550334.0767861027,-284988.4646239837,-261584.07678610284
520000.0,357920.7209843439,371344.58453038597,162079.2790156561,148655.41546961403
249999.9999999998,252084.6212934877,250098.42326358266,-2084.6212934879004,-98.42326358286664
289999.9999999999,429741.3233190679,418081.0728100509,-139741.323319068,-128081.07281005103
749000.0,378082.7696312951,403375.7298876463,370917.2303687049,345624.2701123537
816999.9999999993,267684.9347558293,282117.1018903239,549315.06524417,534882.8981096754
371999.9999999998,420824.5386446134,437705.18807298644,-48824.53864461358,-65705.18807298661
309000.00000000006,334236.60919812514,312187.5364627557,-25236.60919812508,-3187.536462755641
145999.99999999997,252523.68088195546,240176.8917746945,-106523.68088195549,-94176.89177469452
228000.00000000003,194245.93410715277,186254.86421192728,33754.065892847255,41745.135788072745
249999.9999999998,207119.5654336034,195227.79319256774,42880.434566396405,54772.206807432056
359500.0000000002,356108.26527853316,352938.796057533,3391.7347214670153,6561.2039424671675
196000.0000000001,233951.33078860928,228460.05902802854,-37951.33078860919,-32460.059028028452
118000.00000000009,188136.62797958765,191834.4097504369,-70136.62797958756,-73834.40975043681
420000.0,267208.01178353,261687.69228858076,152791.98821647,158312.30771141924
379999.9999999999,456836.5441745535,460098.24584521656,-76836.5441745536,-80098.24584521668
1039000.0000000002,640815.5058905543,620805.3902122248,398184.49410944595,418194.60978777544
630000.0000000006,503892.93815065874,502690.40440882614,126107.06184934184,127309.59559117444
336000.00000000006,295942.19389801356,287468.75394020864,40057.8061019865,48531.24605979142
232100.0000000001,199440.46865840195,201491.65786421634,32659.531341598136,30608.34213578375
98550.00000000006,135916.52477098574,146263.36808045983,-37366.52477098568,-47713.36808045977
310000.0000000002,229676.9379538942,215012.58866211097,80323.06204610597,94987.4113378892
281599.9999999999,298295.1125731737,341248.03364930546,-16695.11257317383,-59648.03364930558
337999.99999999977,422092.79823660594,397661.2876954385,-84092.79823660618,-59661.28769543872
137800.0000000001,139500.26567535097,129676.20317784426,-1700.2656753508782,8123.796822155826
109999.99999999991,307319.54508040333,291207.1478919198,-197319.54508040342,-181207.1478919199
188000.00000000012,296025.995871272,275617.47919414996,-108025.99587127188,-87617.47919414984
355300.00000000023,349038.52102459443,380438.8458616394,6261.4789754058,-25138.845861639187
1129999.999999999,1129866.9955954943,1236487.611857651,133.00440450478345,-106487.61185765197
252699.99999999985,409039.7961827478,422414.58677459706,-156339.79618274796,-169714.5867745972
139099.99999999997,193667.27740246212,203448.87856645635,-54567.27740246215,-64348.87856645638
649999.9999999995,543777.1954243268,536975.8563820394,106222.80457567272,113024.14361796016
198000.00000000006,140916.48491436927,133687.55969694478,57083.51508563079,64312.44030305528
184000.00000000015,251503.3810565614,239213.51996364008,-67503.38105656125,-55213.519963639934
225000.00000000015,143937.7137257079,142344.52487992047,81062.28627429224,82655.47512007967
802999.9999999998,324149.9184336859,346679.7453415157,478850.08156631386,456320.2546584841
372999.9999999999,254015.05923880867,272085.6953849478,118984.94076119122,100914.30461505207
155000.00000000012,217982.1322600121,214340.1820803431,-62982.132260011975,-59340.18208034299
155900.00000000012,290950.762868218,304567.30049945763,-135050.7628682179,-148667.30049945752
291000.00000000006,285596.1709288289,287191.482996369,5403.829071171174,3808.5170036310446
240000.00000000003,243900.9457611133,242556.2385500711,-3900.945761113282,-2556.2385500710807
267500.00000000006,325945.4754884771,317365.764922121,-58445.47548847704,-49865.76492212096
798999.9999999997,718396.6720224402,740950.4940079137,80603.32797755941,58049.505992085906
397999.99999999977,204884.87413710894,214468.25948101262,193115.12586289083,183531.74051898715
173250.00000000012,223703.34249534996,216262.91287255398,-50453.34249534985,-43012.91287255386
177999.99999999994,279954.2727284633,295811.8166416142,-101954.27272846334,-117811.81664161425
254000.0000000002,303126.1585646296,297800.83010131493,-49126.15856462941,-43800.83010131473
118000.00000000009,146371.0033255988,144847.4858462539,-28371.003325598722,-26847.48584625381
117659.99999999991,202114.8366336506,211923.4299131377,-84454.83663365067,-94263.42991313778
1190000.0000000002,567086.8485860263,572635.9084023429,622913.1514139739,617364.0915976573
1275000.0000000002,978698.546286627,1098966.243371674,296301.4537133733,176033.75662832614
135100.00000000003,283764.7470045395,312775.8005826115,-148664.74700453944,-177675.8005826115
420000.0,383816.57864580886,373459.9833508761,36183.421354191145,46540.01664912392
244999.99999999997,299723.4538530125,300194.91706784465,-54723.45385301256,-55194.91706784468
525299.9999999998,349153.5344762067,373915.10041951906,176146.46552379307,151384.8995804807
254000.0000000002,163824.6654759753,162697.7342841082,90175.33452402492,91302.26571589199
130999.99999999997,164193.9628318168,173010.27339901068,-33193.96283181684,-42010.27339901071
249754.99999999997,208140.22226123078,212082.42771188743,41614.77773876919,37672.57228811254
130000.00000000009,108415.25298695957,101404.56111856348,21584.747013040513,28595.43888143661
149000.0,241824.76674323654,257520.54803021878,-92824.76674323654,-108520.54803021878
575000.0000000001,840836.7197811295,818905.1766161405,-265836.7197811294,-243905.1766161404
225999.9999999998,182543.3675151886,182728.72987258443,43456.63248481118,43271.270127415366
396999.9999999998,158191.0308238035,159568.13836354614,238808.96917619632,237431.8616364537
262351.99999999977,180680.84984067507,168857.2592035266,81671.1501593247,93494.74079647317
218379.0000000001,198832.10599757923,202977.73634941186,19546.894002420857,15401.263650588226
153999.99999999988,161550.2277999784,163245.61588441953,-7550.227799978515,-9245.615884419647
183000.00000000012,191266.0695903457,192726.60773278787,-8266.069590345578,-9726.607732787757
329900.0000000001,175607.74000984558,169177.88631283378,154292.25999015453,160722.11368716633
899999.9999999995,529607.5786443809,532959.2100150101,370392.42135561863,367040.78998498945
111480.0000000001,185046.94449127995,176302.19200055473,-73566.94449127985,-64822.19200055463
120000.00000000004,160342.43179151113,154912.3580632705,-40342.43179151109,-34912.35806327047
749000.0,487931.1658339148,515027.4743063492,261068.83416608517,233972.52569365082
474999.99999999977,357102.962511131,385164.73860508204,117897.03748886875,89835.26139491773
495000.0000000004,445019.31462876796,428281.9138719777,49980.68537123245,66718.0861280227
139999.9999999999,180038.1842916912,189869.15332936562,-40038.18429169129,-49869.15332936571
138000.00000000006,131368.23741642307,123047.88036597757,6631.762583576987,14952.119634022485
348999.99999999994,321063.9142202793,323277.1681694517,27936.085779720626,25722.83183054824
189999.9999999999,228730.69855674094,221045.54716039562,-38730.69855674103,-31045.547160395712
88500.0,108108.12444302063,105053.7296121379,-19608.124443020628,-16553.729612137904
565000.0000000003,382435.45537277067,383420.0409867893,182564.54462722968,181579.95901321108
969000.0000000008,296195.7999879085,312449.79178040096,672804.2000120922,656550.2082195999
402000.0000000001,226494.4097322384,239421.48670819573,175505.59026776173,162578.51329180438
329688.00000000023,562156.5065722973,587915.6300978465,-232468.50657229708,-258227.63009784627
289999.9999999999,409439.9130072533,410306.39078210527,-119439.91300725343,-120306.39078210539
87999.99999999996,213731.55204955259,260212.60905974053,-125731.55204955263,-172212.60905974056
175000.00000000012,162994.58891814266,168187.3186825299,12005.411081857455,6812.681317470211
58999.99999999997,207798.76444705907,225239.05308277305,-148798.7644470591,-166239.05308277308
798999.9999999997,589161.8668033746,646028.0108380225,209838.13319662504,152971.9891619772
183300.0,183167.5808818264,192628.52007139844,132.41911817359505,-9328.520071398438
165000.00000000015,188322.5818896856,191618.8384751641,-23322.581889685447,-26618.838475163968
295500.0,255341.09968276828,246077.10333370874,40158.90031723172,49422.89666629126
280000.0,141806.98515348008,147312.24900542776,138193.01484651992,132687.75099457224
106174.99999999991,147455.8006857369,142082.6274601696,-41280.80068573699,-35907.62746016969
446999.9999999999,520372.3708958549,536521.3522702612,-73372.37089585501,-89521.35227026127
349999.9999999997,321219.8869103971,320637.7778362056,28780.113089602615,29362.222163794097
152499.9999999999,196758.4094593008,191160.74194048025,-44258.40945930089,-38660.74194048034
40490.000000000015,86570.39109541755,83008.79623264821,-46080.39109541754,-42518.796232648194
188999.99999999988,302716.2673473289,297381.28533216496,-113716.267347329,-108381.28533216508
240000.00000000003,251654.8762254039,260664.73379121372,-11654.87622540386,-20664.733791213686
1249999.999999999,666640.5608785744,716052.5449424769,583359.4391214247,533947.4550575222
294999.9999999998,317237.11464570765,310413.4485432966,-22237.11464570783,-15413.448543296778
189999.9999999999,372749.8650998951,353436.0149521636,-182749.8650998952,-163436.0149521637
286000.00000000023,258024.26081833802,249118.10034996207,27975.73918166221,36881.89965003816
136999.9999999999,175246.82907230468,178518.60018388048,-38246.82907230477,-41518.60018388057
364000.00000000006,268239.83322920254,266767.2693785929,95760.16677079751,97232.73062140716
1350000.0,467799.59386585234,460244.5987411228,882200.4061341477,889755.4012588772
56000.000000000044,116495.22921350127,114160.75757622802,-60495.229213501225,-58160.757576227974
474999.99999999977,290688.0189261243,308415.7675890108,184311.98107387545,166584.23241098895
93000.00000000007,97545.75961835949,95625.13453872463,-4545.759618359414,-2625.134538724553
297000.0000000002,245041.85887103883,252611.84230795965,51958.141128961346,44388.15769204052
219999.99999999983,293994.88216999354,283794.6708664752,-73994.88216999371,-63794.67086647538
109061.0000000001,79381.25620792314,76991.4430446167,29679.74379207696,32069.556955383407
449999.99999999994,625218.4311726372,637251.3380460789,-175218.4311726372,-187251.33804607898
144450.0,179017.79041885227,178604.757549676,-34567.790418852266,-34154.757549676
599000.0,591386.0215219468,571723.6347850634,7613.978478053235,27276.36521493655
257000.00000000015,317521.1618953683,331392.6613398611,-60521.16189536816,-74392.66133986096
190600.0,205794.28965315805,204407.87592812785,-15194.289653158048,-13807.875928127847
199499.99999999994,136742.26409325283,132321.73916884456,62757.73590674711,67178.26083115538
76000.0,252271.89985866126,250283.35119317225,-176271.89985866126,-174283.35119317225
239499.99999999983,204254.23543920054,202637.77908335853,35245.76456079929,36862.220916641294
696500.0000000005,538509.2503054937,575780.624485587,157990.74969450675,120719.37551441346
390000.00000000035,449494.7834543022,501442.8158293167,-59494.783454301825,-111442.81582931633
386999.99999999994,313476.15699018317,330059.3534784939,73523.84300981677,56940.646521506016
940000.0000000006,845202.8698678144,884629.1218474411,94797.13013218623,55370.87815255951
129000.0000000001,227603.8532261109,224244.0908747475,-98603.85322611079,-95244.09087474739
51499.99999999996,165107.63537522944,156458.2606114706,-113607.63537522947,-104958.26061147064
244999.99999999997,352349.1035980815,335850.23445966153,-107349.10359808154,-90850.23445966156
213000.00000000015,290539.48446370027,290545.82957180956,-77539.48446370012,-77545.82957180942
649999.9999999995,633561.0281686804,666838.605534078,16438.971831319155,-16838.605534078437
334999.9999999998,622009.1232175161,656197.8316292189,-287009.1232175163,-321197.83162921906
343000.00000000006,253037.81388156742,272475.9880283459,89962.18611843264,70524.01197165414
325500.0000000002,434244.3536705384,417210.8204168593,-108744.35367053823,-91710.82041685912
783749.9999999995,386512.3532048064,401466.05259553186,397237.64679519314,382283.9474044677
95000.00000000001,116886.21975491694,115037.0399134418,-21886.21975491692,-20037.039913441782
232100.0000000001,243096.9167220873,247054.35027966686,-10996.916722087219,-14954.350279666774
102000.00000000001,157520.43219142285,153515.42353953133,-55520.432191422835,-51515.423539531315
327000.0000000001,267320.0178795524,275991.7058077896,59679.982120447734,51008.29419221054
215000.0,347053.6852661902,333978.74820764863,-132053.6852661902,-118978.74820764863
329000.0000000003,530023.3317031619,518103.6327532927,-201023.33170316165,-189103.6327532924
497120.00000000035,597862.5084512833,639541.8349655642,-100742.50845128298,-142421.83496556384
323000.0000000003,411572.7013027363,420532.69232709956,-88572.70130273601,-97532.69232709927
239000.00000000003,288143.2699093807,289178.175566705,-49143.26990938067,-50178.17556670497
537999.9999999998,548747.4498499717,571644.4807276449,-10747.44984997192,-33644.4807276451
493250.0000000003,790422.6625300148,959208.4221877207,-297172.66253001447,-465958.42218772037
176783.00000000006,233409.47593355528,224867.70768896572,-56626.47593355522,-48084.70768896566
105950.00000000009,230811.9488428317,204598.10564194355,-124861.94884283163,-98648.10564194346
448999.99999999994,822565.4653140013,784200.3223854855,-373565.46531400137,-335200.3223854856
225000.00000000015,292858.83718643885,269675.32467459765,-67858.8371864387,-44675.324674597505
844999.9999999993,859260.6703667323,883993.216286199,-14260.670366732986,-38993.21628619975
458400.0,397484.26879549096,433000.66077474144,60915.73120450904,25399.33922525856
1450000.0000000002,836847.7898837499,874427.2963604543,613152.2101162503,575572.703639546
379000.0000000002,316275.6491346331,308821.35400902707,62724.3508653671,70178.6459909731
344999.9999999997,118408.61284029705,124461.0475499746,226591.38715970266,220538.95245002513
270900.00000000006,294426.6185553174,273150.657633608,-23526.61855531734,-2250.657633607916
242000.00000000017,169549.46610062502,166101.68697575378,72450.53389937515,75898.3130242464
478000.0000000002,654049.4221212774,662109.5098668277,-176049.42212127725,-184109.50986682758
115989.99999999994,168014.77243916414,177401.69815622937,-52024.7724391642,-61411.698156229424
198000.00000000006,349778.4939882641,346603.74718288344,-151778.49398826406,-148603.74718288338
282150.0,207948.47693331027,209021.5541699837,74201.52306668973,73128.44583001631
259990.00000000012,280923.34055342816,288328.3862680595,-20933.340553428046,-28338.386268059374
89900.00000000007,154792.43119212778,145767.3231723926,-64892.43119212771,-55867.32317239251
575000.0000000001,671347.4363196958,669310.6837499549,-96347.43631969567,-94310.6837499548
373999.99999999977,324610.7582085118,337064.97520170506,49389.24179148796,36935.024798294704
415900.0000000002,571795.4026824831,611282.1372248041,-155895.4026824829,-195382.13722480397
86999.99999999994,241773.09321269183,230218.11872207368,-154773.0932126919,-143218.11872207373
359000.00000000023,391761.86874152464,404930.56926168647,-32761.868741524406,-45930.569261686236
269000.0,285565.57183064974,274257.542701094,-16565.571830649744,-5257.542701094004
680000.0000000003,701963.3849005318,723402.72894892,-21963.3849005315,-43402.728948919685
409999.9999999997,439658.0050482753,435409.8838160359,-29658.005048275576,-25409.883816036163
729999.9999999998,334724.2046199714,331318.90103680734,395275.7953800284,398681.09896319243
295999.99999999977,198388.16981317938,196169.0637234556,97611.83018682039,99830.93627654418
256279.99999999994,382450.497188622,387659.25462899456,-126170.49718862207,-131379.25462899462
272999.9999999998,210493.7530370789,225592.9100101103,62506.24696292094,47407.08998988953
279000.0000000001,267599.8639236757,260087.75537895874,11400.136076324445,18912.244621041376
364999.99999999977,358761.6812378333,386919.74049737595,6238.318762166484,-21919.740497376188
218999.99999999988,511796.82704317477,507014.1456324079,-292796.8270431749,-288014.14563240804
244999.99999999997,199625.18653737486,201826.04913377602,45374.81346262511,43173.95086622395
297500.0000000002,228511.45026603114,230479.65642585573,68988.54973396903,67020.34357414444
294999.9999999998,328164.8408241208,331006.66178511863,-33164.84082412097,-36006.661785118806
230000.0000000001,221909.9493728398,231601.96805393614,8090.0506271602935,-1601.968053936056
93999.99999999997,152414.02482500242,149539.2831334735,-58414.024825002445,-55539.28313347354
620000.0000000005,379761.1751077023,382749.1946108192,240238.82489229814,237250.80538918125
234530.0000000002,210050.05956473108,204286.14220784025,24479.94043526912,30243.85779215995
590000.0000000003,512749.2389400111,593429.420990528,77250.76105998922,-3429.4209905276075
39500.00000000001,130643.81245257384,136182.0443161163,-91143.81245257382,-96682.04431611631
159499.9999999999,239717.47275963056,246079.95176373242,-80217.47275963065,-86579.9517637325
488999.9999999996,601862.7461925435,587568.2523221787,-112862.74619254394,-98568.25232217909
769999.9999999997,994069.4024232408,992794.1560356859,-224069.40242324118,-222794.15603568626
169000.00000000012,218574.6189619959,227559.1778695499,-49574.61896199579,-58559.17786954978
594999.9999999997,254159.66638875433,268125.2983830904,340840.3336112453,326874.70161690924
259999.9999999998,197027.84037550952,180697.8232066649,62972.159624490276,79302.17679333489
157999.99999999997,168529.4960449826,155085.1760813058,-10529.496044982632,2914.8239186941646
369000.0000000001,632345.6292812714,610299.0194448333,-263345.62928127125,-241299.01944483316
369000.0000000001,302532.3686277551,334201.64145202766,66467.63137224503,34798.35854797246
143000.0000000001,207678.435510973,197481.9640212817,-64678.43551097292,-54481.9640212816
925000.0000000007,340034.9184016148,350787.6292612737,584965.0815983859,574212.370738727
218999.99999999988,165081.79745628012,176004.27630192632,53918.20254371976,42995.72369807356
315000.0000000002,705444.2701654424,713212.85639425,-390444.2701654422,-398212.8563942498
375000.00000000006,725492.4619564284,729367.4367910576,-350492.4619564283,-354367.4367910575
341000.0000000002,498420.9909427895,513810.3165339782,-157420.9909427893,-172810.31653397804
173999.99999999997,138614.05125358555,143739.6159111918,35385.94874641442,30260.384088808176
312000.0000000001,184459.28254160055,191179.31217648392,127540.71745839957,120820.6878235162
530000.0000000003,368885.6696593314,372234.5838059739,161114.33034066897,157765.41619402647
388500.0,191039.43569119283,194682.22997743703,197460.56430880717,193817.77002256297
319000.0,320419.6246189028,347682.9209170287,-1419.6246189028025,-28682.920917028678
89000.00000000004,91119.46083657871,85995.28937584005,-2119.46083657867,3004.7106241599977
1490000.0000000002,583570.7009927843,689066.0451127973,906429.2990072159,800933.9548872029
169000.00000000012,200518.06577716896,201435.8604106079,-31518.065777168842,-32435.86041060777
318000.0,229416.4436133699,245397.42688339797,88583.55638663011,72602.57311660203
430000.00000000023,289200.43710066687,295132.550648477,140799.56289933337,134867.44935152325
339000.00000000023,221421.0944650548,227757.13205981732,117578.90553494543,111242.86794018291
306799.99999999977,495918.96774272324,494534.26206796145,-189118.96774272347,-187734.26206796168
242199.99999999994,217751.5211430866,205440.76269117207,24448.478856913338,36759.23730882787
371699.99999999994,322603.0404592943,350634.7466442817,49096.95954070566,21065.253355718218
50000.000000000015,302233.03173723177,323008.5233539699,-252233.03173723177,-273008.5233539699
189999.9999999999,438756.75456139527,428910.2486619923,-248756.75456139536,-238910.2486619924
213000.00000000015,175001.00289778484,179713.60500971484,37998.997102215304,33286.394990285306
178999.99999999994,213127.88137477092,211924.0747312889,-34127.88137477098,-32924.07473128897
235000.0,262114.46025636166,261357.60762464177,-27114.460256361665,-26357.607624641765
207989.00000000003,185844.10913920015,187674.6321977473,22144.890860799875,20314.36780225273
159999.99999999997,190683.39761077263,185799.84509037124,-30683.397610772663,-25799.845090371266
230000.0000000001,274154.8202483126,279579.099666626,-44154.82024831252,-49579.09966662593
312000.0000000001,203839.3171034722,209236.206802223,108160.68289652793,102763.79319777712
294974.9999999998,297612.10348123277,301925.36120105366,-2637.1034812329453,-6950.3612010538345
449999.99999999994,520846.71172687644,532307.8635697395,-70846.7117268765,-82307.86356973957
355999.99999999994,208698.12309509597,207489.69091815007,147301.87690490397,148510.30908184987
590000.0000000003,299773.7495962465,306412.66159199015,290226.25040375383,283587.3384080102
249000.00000000006,243004.26382100864,232674.9669080832,5995.736178991414,16325.033091916848
637999.9999999997,273719.9381328525,277122.3618824167,364280.06186714716,360877.63811758294
659899.9999999998,632866.9845235958,661245.2997997773,27033.01547640399,-1345.2997997775674
364999.99999999977,387805.1640235193,403718.73949680635,-22805.164023519552,-38718.73949680658
639000.0000000006,590653.411721587,611929.2974360851,48346.588278413634,27070.702563915518
425000.0000000002,410203.41636120674,415866.5075690269,14796.58363879344,9133.492430973274
194500.0,125333.76678944172,129379.13944036009,69166.23321055828,65120.860559639914
124999.9999999999,125010.96736911318,117533.88127067212,-10.967369113277528,7466.118729327776
555000.0000000002,280517.4283435345,311040.41374847875,274482.5716564657,243959.58625152148
162000.00000000012,313691.9941832277,300884.84276615595,-151691.9941832276,-138884.84276615584
177000.00000000006,151645.25399012782,149132.21824347452,25354.746009872237,27867.78175652554
398999.99999999977,267879.7841633331,274426.3070405498,131120.21583666664,124573.69295944995
377999.99999999994,270995.78489227034,282196.01366226125,107004.2151077296,95803.9863377387
490000.0,900682.8872654539,993145.9668492653,-410682.88726545393,-503145.96684926527
347760.00000000023,153134.4674213237,164395.54521447571,194625.53257867653,183364.45478552452
371000.00000000006,323865.0315141738,312471.4934053074,47134.96848582628,58528.50659469265
452000.0000000001,383404.94424527657,409071.8974488612,68595.05575472355,42928.1025511389
280000.0,273907.11403911386,270915.52534751233,6092.8859608861385,9084.474652487668
90000.00000000001,155893.23673889437,149252.0498358633,-65893.23673889435,-59252.049835863276
448999.99999999994,320227.18447435275,280028.9234436118,128772.8155256472,168971.0765563881
115590.00000000003,143059.30364681338,137110.23117152377,-27469.30364681335,-21520.231171523745
513999.9999999996,244147.43743126057,255703.71501808238,269852.56256873906,258296.2849819172
685000.0000000005,462199.80311455746,478364.31607238285,222800.196885443,206635.68392761762
590900.0000000002,659605.5984323181,674267.2397492552,-68705.59843231784,-83367.23974925501
58999.99999999997,105208.66159126203,98902.89136779515,-46208.66159126206,-39902.89136779518
375000.00000000006,508065.2338628151,541916.4455657298,-133065.23386281502,-166916.4455657297
220500.00000000012,363197.59196899383,436251.3347132147,-142697.5919689937,-215751.3347132146
387999.9999999999,461275.4941895156,480154.59660104325,-73275.49418951571,-92154.59660104336
119500.00000000009,388284.24725597916,383010.34321629343,-268784.2472559791,-263510.3432162934
240000.00000000003,287120.49100061966,282011.6097760043,-47120.49100061963,-42011.60977600425
240000.00000000003,318476.40598432434,340667.19253866177,-78476.40598432432,-100667.19253866174
319814.99999999977,227031.14059554538,231462.45692205805,92783.85940445439,88352.54307794172
163999.99999999988,197153.27638303,193416.5840121802,-33153.27638303011,-29416.584012180305
241500.0,275186.320954321,274518.62810958544,-33686.32095432101,-33018.628109585436
219999.99999999983,219330.003608481,242691.65335085726,669.9963915188273,-22691.653350857436
270000.00000000006,191379.80992110062,183034.51043369342,78620.19007889944,86965.48956630664
544999.9999999997,418013.0363961593,429479.3918946388,126986.96360384033,115520.60810536088
243000.00000000003,238431.7888235237,223355.17393788527,4568.211176476325,19644.826062114764
152999.9999999999,320408.1276292892,307606.09156392043,-167408.12762928932,-154606.09156392052
116000.0000000001,240546.21329719698,237336.7939835273,-124546.21329719688,-121336.79398352721
1024999.9999999995,725310.931105221,747714.00155,299689.0688947785,277285.9984499995
423000.0,353861.88691289804,354832.7717275156,69138.11308710196,68167.22827248438
235000.0,384840.2505816127,384173.0163086554,-149840.2505816127,-149173.01630865538
365500.0000000002,236537.50149689248,238664.38742575576,128962.4985031077,126835.61257424441
170000.00000000012,158990.13299076108,156348.22776800967,11009.867009239038,13651.772231990442
265999.9999999998,200918.0433221417,210716.47630426084,65081.956677858136,55283.523695738986
134999.99999999997,154518.71586787794,149555.52351949725,-19518.715867877967,-14555.523519497277
223449.99999999997,241962.62933458976,236752.64184705395,-18512.629334589787,-13302.64184705398
175099.9999999999,246083.2928824663,243557.28150877723,-70983.2928824664,-68457.28150877732
263000.0000000002,284006.05789834866,271159.75725963525,-21006.05789834849,-8159.75725963508
199000.0000000001,207418.9230935577,203207.8197456298,-8418.92309355762,-4207.819745629706
324999.9999999999,219467.68875844937,204110.29293642918,105532.31124155052,120889.7070635707
321999.99999999994,242987.7877051956,250895.47652674347,79012.21229480434,71104.52347325647
40000.0,128166.17349415919,132726.62860577684,-88166.17349415919,-92726.62860577684
225000.00000000015,350211.737940155,376818.2555619123,-125211.73794015488,-151818.25556191217
253899.9999999999,224486.50559585073,216255.42635089578,29413.494404149184,37644.57364910413
299998.9999999999,253589.07334559498,249050.69215753206,46409.9266544049,50948.307842467824
188999.99999999988,263224.9829587569,272344.4586986761,-74224.98295875703,-83344.4586986762
523000.00000000035,512541.4963207379,544755.6248190239,10458.503679262474,-21755.624819023535
448999.99999999994,402159.8991826784,408426.5027029473,46840.10081732157,40573.49729705264
349999.9999999997,295340.6228881274,302915.3856004081,54659.37711187231,47084.614399591635
217000.00000000012,476385.92760055617,488627.1898489962,-259385.92760055605,-271627.18984899606
64800.000000000044,92000.1432959123,87858.61735849609,-27200.14329591226,-23058.61735849605
273999.99999999994,247631.35700541752,239486.62021759836,26368.64299458242,34513.37978240158
1023999.9999999999,778142.0011740731,802727.0818456964,245857.9988259268,221272.91815430345
389000.00000000035,252577.5766661495,251163.81133149308,136422.42333385083,137836.18866850727
197000.00000000015,415666.40607717534,433307.19571376225,-218666.4060771752,-236307.1957137621
289999.9999999999,349176.055014202,350790.7734361498,-59176.05501420214,-60790.77343614993
284247.00000000006,344209.8499707265,351977.52541989676,-59962.84997072641,-67730.5254198967
334999.9999999998,409203.0295586489,384296.04321631126,-74203.02955864905,-49296.04321631143
177500.00000000015,237866.1613857383,235613.15927537993,-60366.161385738145,-58113.15927537979
213000.00000000015,309106.79266111134,283115.1940020302,-96106.79266111119,-70115.19400203004
347000.00000000023,257507.95544497346,245267.69666972538,89492.04455502678,101732.30333027485
309750.0000000001,267276.41927874443,289904.235809359,42473.58072125568,19845.764190641115
187500.0,224103.31041230477,228083.91367273513,-36603.31041230477,-40583.91367273513
525199.9999999998,312632.25756087695,320359.7547220878,212567.7424391228,204840.24527791195
235000.0,120844.22286683456,122230.0218137838,114155.77713316544,112769.9781862162
527000.0,287801.34140117466,316009.2258107146,239198.65859882534,210990.7741892854
89000.00000000004,181355.8447583193,174640.94568622854,-92355.84475831925,-85640.9456862285
105989.99999999996,128151.23511258341,122265.17751736131,-22161.235112583454,-16275.177517361357
106499.99999999996,106070.6575929761,102573.087087887,429.3424070238543,3926.9129121129517
210999.99999999994,187975.4589132888,186336.93817617788,23024.541086711135,24663.061823822063
208999.99999999988,519289.0476675045,508566.2064225674,-310289.04766750464,-299566.20642256754
625000.0000000002,506776.0537312111,511592.4749375696,118223.94626878912,113407.52506243065
348999.99999999994,328441.5296883736,353901.1162362176,20558.470311626326,-4901.116236217669
104900.00000000007,164392.10659275678,162778.22552389937,-59492.10659275671,-57878.225523899295
435000.0,363711.07252384693,379184.0336262168,71288.92747615307,55815.96637378319
219399.99999999983,226794.38001102192,239958.00977478846,-7394.380011022091,-20558.009774788632
183199.99999999997,223449.8737624078,240264.8395622128,-40249.873762407835,-57064.839562212816
229900.00000000006,250188.9402562257,241348.12227499325,-20288.940256225644,-11448.122274993191
144499.99999999994,172904.50155057234,173306.42958050122,-28404.5015505724,-28806.42958050128
249999.9999999998,330189.64635044284,344966.59050220874,-80189.64635044304,-94966.59050220894
255000.0000000001,265353.4313131892,262752.34961024503,-10353.431313189125,-7752.349610244943
754339.9999999995,442562.4799449521,482044.99081511685,311777.5200550474,272295.0091848827
525000.0000000003,406551.03485322435,392863.1700218049,118448.965146776,132136.82997819543
372999.9999999999,267074.2684083275,288143.198281354,105925.7315916724,84856.8017186459
54899.99999999996,255949.1955646603,268738.66708884295,-201049.19556466033,-213838.66708884298
305950.0000000002,289893.3875338831,290551.240179356,16056.612466117076,15398.759820644162
244999.99999999997,161130.6182631423,168766.31151309374,83869.38173685767,76233.68848690623
600000.0000000003,656685.5591274168,664346.1285246033,-56685.55912741646,-64346.12852460297
348999.99999999994,184579.31905874144,193738.86448669742,164420.6809412585,155261.13551330252
217049.9999999999,347641.5302080171,359903.430941712,-130591.53020801718,-142853.43094171208
145999.99999999997,264479.0490745494,256277.23929893613,-118479.04907454943,-110277.23929893615
296399.9999999999,363689.50286240404,363872.1556052546,-67289.50286240416,-67472.1556052547
284999.99999999994,318476.3941557791,305111.0741862412,-33476.394155779155,-20111.074186241254
117699.99999999994,206629.72646464373,222688.518335313,-88929.72646464378,-104988.51833531307
299728.00000000023,189309.82129156607,192279.57904956606,110418.17870843416,107448.42095043417
146999.99999999988,184455.30981606734,171556.9579165891,-37455.309816067456,-24556.95791658922
240000.00000000003,439642.14925125864,421758.3476944862,-199642.1492512586,-181758.34769448618
409000.0000000001,271297.74148635735,292275.61300525506,137702.25851364277,116724.38699474506
48000.00000000004,164428.21317651158,162945.6672563909,-116428.21317651155,-114945.66725639088
188999.99999999988,215404.67304344164,215474.19563362343,-26404.673043441755,-26474.195633623545
1440000.0000000002,882781.4620201112,960131.5145626913,557218.5379798891,479868.4854373089
109000.0,163859.22705273575,163080.96571772895,-54859.22705273575,-54080.96571772895
95999.99999999996,162278.52063251325,159784.49665499636,-66278.52063251329,-63784.4966549964
74549.99999999996,231480.90615165833,236200.87723422816,-156930.9061516584,-161650.8772342282
233100.00000000017,183047.75985062835,181832.47608901764,50052.24014937182,51267.523910982534
118000.00000000009,197693.1489180024,192973.69911782333,-79693.14891800232,-74973.69911782324
73000.00000000003,196980.94627605498,213991.0171997077,-123980.94627605495,-140991.01719970768
230000.0000000001,227954.24707904123,215805.10643679084,2045.7529209588538,14194.893563209247
92500.00000000007,139442.9523632212,133309.03893608882,-46942.952363221135,-40809.03893608875
288999.9999999999,258059.1947435382,252175.3119341002,30940.805256461696,36824.68806589968
188999.99999999988,382680.7335193792,366277.086474603,-193680.73351937934,-177277.0864746031
832000.0000000006,752557.6166788046,749352.7193029335,79442.38332119596,82647.28069706704
72150.00000000003,211082.69344179428,207500.35379930414,-138932.69344179425,-135350.3537993041
244000.00000000003,269206.605104166,264509.4752332949,-25206.605104165996,-20509.475233294856
265999.9999999998,203867.06078870592,198432.0484887113,62132.93921129391,67567.95151128853
93050.00000000001,131817.94297589417,125477.5034123673,-38767.942975894155,-32427.50341236728
334000.0000000002,314588.3980202369,310776.3476531685,19411.601979763247,23223.65234683169
137500.00000000012,253405.9063912714,242386.36993888536,-115905.90639127127,-104886.36993888524
127199.99999999999,133771.89596299216,133019.49459576796,-6571.895962992174,-5819.494595767974
129000.0000000001,252380.88386454902,265113.7459593727,-123380.88386454892,-136113.7459593726
375000.00000000006,393086.2882800313,408931.90911777713,-18086.288280031236,-33931.909117777075
185000.00000000006,210438.1921078009,211912.2846711667,-25438.19210780083,-26912.28467116665
241000.00000000003,206785.75461369238,206821.30517562432,34214.24538630765,34178.69482437571
185000.00000000006,239574.99347658642,237453.46483651936,-54574.99347658636,-52453.4648365193
469999.9999999998,233287.63394257193,237987.99899356565,236712.3660574279,232012.00100643418
242000.00000000017,238077.71190568843,232179.34001926464,3922.288094311749,9820.659980735538
138499.9999999999,216718.83108150968,216448.3180806945,-78218.83108150976,-77948.31808069459
243800.0,205648.01752519334,196623.25767879147,38151.98247480666,47176.74232120853
116000.0000000001,184712.0412197239,175447.9445531734,-68712.0412197238,-59447.94455317331
488999.9999999996,372602.3057532088,404664.33147490764,116397.69424679078,84335.66852509195
28999.999999999996,77229.33789049987,72657.12840768424,-48229.33789049987,-43657.12840768424
385813.0000000002,150919.8528571551,147617.62547114078,234893.14714284506,238195.3745288594
297000.0000000002,217463.25472658194,203162.36318357353,79536.74527341823,93837.63681642665
199000.0000000001,169613.38510098745,181434.71809380455,29386.61489901264,17565.281906195538
294000.0000000001,210563.53088285844,206000.4726170465,83436.46911714168,87999.52738295362
295200.0,224959.663585812,238074.85987885043,70240.336414188,57125.14012114957
127500.00000000001,152161.4327584235,154226.0836991749,-24661.432758423485,-26726.08369917488
158999.99999999997,235942.11159664023,218095.10976994966,-76942.11159664026,-59095.10976994969
142399.99999999988,181356.74899312606,181901.98158947405,-38956.74899312618,-39501.98158947416
143000.0000000001,136661.01752269285,133773.39385969573,6338.982477307232,9226.606140304357
380999.99999999977,540215.9042607779,627627.6487116006,-159215.9042607781,-246627.6487116008
315000.0000000002,357656.2686583856,329416.19433660316,-42656.26865838544,-14416.194336602988
772000.0000000001,327013.5341207393,349740.4550181824,444986.4658792608,422259.5449818177
269000.0,332313.521173465,326580.2895588407,-63313.52117346501,-57580.28955884068
162999.99999999988,267934.5073874984,259755.39088950862,-104934.50738749851,-96755.39088950874
568999.9999999995,211769.0104201931,215174.48890745128,357230.98957980645,353825.51109254826
169000.00000000012,296554.2885061911,295001.90314652625,-127554.28850619099,-126001.90314652614
126999.99999999991,161843.01537220454,166935.17850239333,-34843.01537220462,-39935.17850239342
212000.00000000017,212060.90055783547,225774.69694579358,-60.90055783529533,-13774.696945793403
155699.99999999994,143091.0171067634,139848.4299537184,12608.982893236534,15851.57004628153
59900.00000000002,112644.315253954,106783.33559654675,-52744.31525395398,-46883.33559654673
257000.00000000015,236460.1041278261,235452.14220220927,20539.895872174035,21547.85779779087
312000.0000000001,428668.8435351678,462865.8363392847,-116668.84353516769,-150865.8363392846
626200.0,740567.1226432683,792978.283326183,-114367.12264326832,-166778.28332618298
136500.00000000006,191729.14516838372,189357.4456182667,-55229.145168383664,-52857.44561826665
68999.99999999997,173968.95698419068,175475.34747742722,-104968.9569841907,-106475.34747742725
348000.0000000002,310302.35939566244,318686.7994030226,37697.640604337736,29313.20059697755
219999.99999999983,299086.05147952406,292713.9987013402,-79086.05147952423,-72713.9987013404
1097999.9999999993,533110.0539502408,580097.359597957,564889.9460497585,517902.6404020423
213000.00000000015,218970.4194435931,215560.9415791854,-5970.419443592953,-2560.9415791852516
890000.0000000002,458712.6649043718,490524.352486849,431287.33509562846,399475.6475131512
129500.00000000006,277354.5641866516,306402.5664596499,-147854.56418665155,-176902.56645964982
339999.99999999994,340444.76406879304,332068.4029957583,-444.764068793098,7931.597004241659
145600.00000000012,160115.61303436232,156071.9685115053,-14515.613034362206,-10471.968511505198
191999.99999999997,181825.6362320594,184314.5166415432,10174.36376794058,7685.483358456782
241500.0,161335.7774984043,156247.53487201658,80164.22250159571,85252.46512798342
765000.0000000003,421638.2563494652,406448.7954376621,343361.7436505351,358551.20456233824
229000.00000000006,211600.224448421,198979.07118187225,17399.77555157905,30020.92881812781
276000.0000000002,469336.73076650064,466548.15810315404,-193336.73076650046,-190548.15810315387
320000.00000000006,1314123.2022049318,1690000.0,-994123.2022049318,-1370000.0
189999.9999999999,268438.5710907465,281193.9091984427,-78438.57109074658,-91193.9091984428
362999.9999999999,712318.8410459947,731163.7544832609,-349318.8410459948,-368163.75448326103
240000.00000000003,339479.5766973406,335042.433755187,-99479.57669734056,-95042.433755187
349999.9999999997,162898.8598796025,171337.228580179,187101.1401203972,178662.7714198207
195000.00000000006,193834.98964928483,195505.71674874896,1165.0103507152235,-505.71674874890596
334999.9999999998,209171.31522742164,207218.14711889028,125828.68477257818,127781.85288110955
75000.00000000004,125512.87756376769,120016.02960874105,-50512.877563767644,-45016.02960874101
177000.00000000006,271243.7544371341,272659.2638747878,-94243.75443713402,-95659.26387478772
420000.0,273640.7734793033,290072.21848584764,146359.2265206967,129927.78151415236
312000.0000000001,262033.8487886841,255853.21185456234,49966.15121131603,56146.78814543778
280900.0000000002,167573.99449572104,166414.6065621743,113326.00550427914,114485.39343782587
349999.9999999997,365469.4020556791,361083.3690214662,-15469.402055679413,-11083.369021466468
395000.00000000035,429402.1040508829,410373.42435988196,-34402.10405088257,-15373.42435988161
199000.0000000001,226502.61998264102,234776.36588686134,-27502.61998264093,-35776.365886861255
202999.9999999999,324135.1732525419,345264.8471141564,-121135.17325254201,-142264.8471141565
221500.0000000002,182552.8751134141,189887.36809578276,38947.1248865861,31612.631904217444
294999.9999999998,188674.62193882163,198615.17922976866,106325.3780611782,96384.82077023116
336000.00000000006,206489.49887017815,205993.79251036127,129510.5011298219,130006.2074896388
271662.9999999999,433553.50809363,429998.94813544606,-161890.50809363014,-158335.94813544618
219999.99999999983,176606.9045463439,175771.7311418233,43393.09545365593,44228.26885817654
574000.0000000001,330597.3846101835,312203.86346261186,243402.61538981664,261796.13653738826
284999.99999999994,383235.57462213625,359939.0265430274,-98235.57462213631,-74939.02654302743
405000.0000000001,558189.4846209289,542390.218025663,-153189.48462092876,-137390.21802566294
265000.00000000006,243666.9315142395,247790.29751685378,21333.068485760567,17209.702483146277
375000.00000000006,290376.7231074171,298611.7454934341,84623.27689258294,76388.25450656598
112000.00000000004,250943.1116152647,240049.9435147716,-138943.11161526467,-128049.94351477157
339999.99999999994,575088.4366536341,561623.8965333907,-235088.43665363413,-221623.8965333908
101000.00000000003,230626.48916017258,226204.00984811826,-129626.48916017255,-125204.00984811824
490000.0,228207.03959586786,223460.53607975025,261792.96040413214,266539.4639202497
343999.99999999977,346817.47037902335,368520.7445582078,-2817.47037902358,-24520.74455820804
233199.99999999994,297281.8311382309,292019.9575048934,-64081.83113823098,-58819.95750489348
651000.0000000001,321124.14645391563,331249.07808664127,329875.8535460845,319750.92191335885
460000.0000000002,279654.3612856915,281621.62338415394,180345.63871430868,178378.37661584624
167999.9999999999,293773.9353875579,294510.462119513,-125773.93538755798,-126510.4621195131
710000.0,378428.742314581,380925.3870798037,331571.257685419,329074.6129201963
337600.0000000003,459451.19874096196,518080.5142058455,-121851.19874096167,-180480.5142058452
497999.9999999996,457261.3968881006,424548.56525978213,40738.60311189899,73451.43474021746
134500.00000000006,131706.16972766587,129994.89434587034,2793.8302723341912,4505.105654129715
590800.0000000002,171423.72871949695,178051.7236215784,419376.27128050325,412748.2763784218
1450000.0000000002,574885.1247774421,600440.1865981572,875114.8752225582,849559.8134018431
1099999.9999999998,681709.2337353446,698536.2732802964,418290.76626465516,401463.7267197034
375839.9999999999,312881.68666864646,298985.9899969094,62958.31333135342,76854.01000309049
367500.0000000003,380582.98051181715,413714.82435338735,-13082.980511816859,-46214.824353387055
272999.9999999998,316805.79021041084,323441.17905519216,-43805.79021041101,-50441.17905519233
590000.0000000003,403388.30729059124,405492.48495518486,186611.6927094091,184507.5150448155
1148999.9999999998,632084.3657714053,651077.9683310933,516915.6342285945,497922.03166890645
150000.00000000006,191014.92813176432,183093.23372608988,-41014.92813176426,-33093.23372608982
289999.9999999999,377300.0242574704,362336.2099360212,-87300.0242574705,-72336.2099360213
320000.00000000006,147379.63749229495,138865.08510540592,172620.3625077051,181134.91489459414
28000.00000000002,157063.9865827374,164092.93778468776,-129063.98658273737,-136092.93778468773
112999.99999999993,247118.0570459567,267938.72350028635,-134118.05704595678,-154938.7235002864
509999.9999999998,347676.2581723453,346346.9925816272,162323.74182765454,163653.0074183726
182350.00000000015,295738.5482082664,304343.3154762981,-113388.54820826623,-121993.31547629795
680000.0000000003,268199.9961178863,284343.0830956759,411800.0038821141,395656.91690432443
275599.9999999998,284851.0047313766,315196.39705105795,-9251.004731376772,-39596.39705105813
217999.99999999988,301978.05997098144,284953.57296443684,-83978.05997098156,-66953.57296443696
758999.9999999998,480807.90239123453,565491.1006542839,278192.09760876524,193508.89934571588
259999.9999999998,258714.83997875729,256115.4126239719,1285.160021242511,3884.587376027892
299000.00000000006,230966.65693526968,221187.32402458135,68033.34306473038,77812.67597541871
224000.0,445395.8948218241,477483.1450092746,-221395.8948218241,-253483.1450092746
495999.99999999994,347458.8605346904,372876.4175987947,148541.13946530956,123123.58240120526
336000.00000000006,336442.51110000117,374815.5499119879,-442.5111000011093,-38815.54991198785
179500.00000000015,251532.61922049575,233408.3218059019,-72032.6192204956,-53908.32180590177
199000.0000000001,176238.06097402828,183855.00707411845,22761.939025971806,15144.992925881641
395000.00000000035,297374.2699861085,303823.0906294027,97625.73001389182,91176.90937059763
238000.0,294591.39709196857,294623.06881006353,-56591.39709196857,-56623.06881006353
157999.99999999997,233566.47893771465,233881.39399687928,-75566.47893771468,-75881.39399687931
178999.99999999994,182292.39559097384,178459.39943802977,-3292.3955909739016,540.6005619701755
127199.99999999999,159826.30883626835,154514.57952010786,-32626.308836268363,-27314.579520107873
264000.00000000006,232669.37220656965,213044.17208556496,31330.62779343041,50955.827914435096
798999.9999999997,370202.2271606617,390023.4026993708,428797.77283933794,408976.59730062884
197000.00000000015,316084.79337797983,323101.0798019183,-119084.79337797969,-126101.07980191815
214899.99999999983,252172.24620028594,280013.4586647262,-37272.246200286114,-65113.45866472635
319000.0,314954.9478283134,310068.1571974607,4045.052171686606,8931.842802539293
223000.00000000003,223115.74354906607,226631.64652005807,-115.74354906604276,-3631.6465200580424
178999.99999999994,263768.6092404054,263949.6311213091,-84768.60924040544,-84949.63112130918
142000.0,160126.55507344732,158102.09620768498,-18126.55507344732,-16102.096207684983
210000.0,184128.87419045463,195015.920459675,25871.125809545367,14984.079540325009
311500.0000000001,179291.80945859465,191003.01210955603,132208.19054140546,120496.98789044408
177500.00000000015,157758.4066196191,153269.14249511523,19741.593380381033,24230.857504884916
31000.000000000015,121808.69843624257,120539.22569495854,-90808.69843624256,-89539.22569495853
525000.0000000003,398082.3737942533,391180.11076442583,126917.62620574707,133819.88923557452
261000.00000000012,409368.19466901873,436797.0044638059,-148368.19466901862,-175797.00446380576
56000.000000000044,175669.3531068497,180074.37052681707,-119669.35310684967,-124074.37052681703
229000.00000000006,371710.0075334068,395762.88924697484,-142710.00753340672,-166762.88924697478
645000.0,573876.4297419603,583889.8626050787,71123.57025803975,61110.13739492127
148499.99999999988,150803.93386057793,142726.40100675522,-2303.9338605780504,5773.598993244668
332000.0,412413.9726005534,413136.0713408865,-80413.97260055342,-81136.07134088653
369999.99999999977,382244.53562235215,401750.03945954057,-12244.535622352385,-31750.0394595408
669000.0000000006,531495.8240597077,605373.0684229989,137504.1759402929,63626.9315770017
558999.9999999998,460242.6007746486,507235.22606175655,98757.39922535117,51764.77393824322
441000.00000000006,143339.0835740234,138815.19975647266,297660.91642597667,302184.8002435274
512000.00000000023,403486.3223353244,405647.2342920642,108513.67766467581,106352.76570793602
188999.99999999988,453532.15572103526,538241.0034918935,-264532.1557210354,-349241.00349189364
212000.00000000017,179417.51790782367,161478.10417579906,32582.482092176506,50521.895824201114
312000.0000000001,146388.57662921332,137125.9037872497,165611.4233707868,174874.09621275042
446250.00000000035,310960.4705416301,359799.42323104263,135289.52945837023,86450.57676895772
794999.9999999998,731178.9528708863,725129.9552814169,63821.04712911346,69870.04471858288
549999.9999999998,615732.1592121474,616459.5968721114,-65732.15921214758,-66459.59687211167
661592.0,735174.2720074257,764680.6831199795,-73582.27200742566,-103088.68311997945
192999.99999999985,262489.29653052293,252526.5309489358,-69489.29653052308,-59526.53094893595
850000.0000000005,393814.1197522475,397342.88431493426,456185.88024775294,452657.1156850662
98000.00000000003,106026.17443441505,103452.91160624602,-8026.174434415021,-5452.911606245994
275599.9999999998,222511.95600332724,221410.2702709087,53088.04399667258,54189.72972909114
441000.00000000006,330931.91163249704,319820.7123968423,110068.08836750302,121179.28760315775
474999.99999999977,329457.5571511519,322802.4220616974,145542.4428488479,152197.57793830236
151000.00000000006,279661.545041179,269106.0642591529,-128661.54504117894,-118106.06425915286
113999.99999999996,135754.33829009437,139450.8687738241,-21754.338290094413,-25450.868773824142
148000.00000000015,177797.98311064814,195435.41925663315,-29797.983110647998,-47435.419256633
399999.0000000002,450805.9394385444,453882.25683014066,-50806.939438544214,-53883.25683014048
288999.9999999999,256097.97344746543,253912.24669493007,32902.02655253446,35087.75330506981
194000.00000000006,115694.92740067397,109912.97057116094,78305.07259932609,84087.02942883912
177650.00000000015,201138.8601729877,190535.5535992399,-23488.860172987566,-12885.553599239764
820000.0000000005,610881.4231999781,595917.7433977693,209118.5768000224,224082.25660223118
161599.99999999988,112330.33300619276,109415.3365811078,49269.66699380713,52184.66341889209
276000.0000000002,191224.02441501475,208039.1921972908,84775.97558498543,67960.80780270937
159499.9999999999,295058.55989616713,292368.15927575284,-135558.55989616722,-132868.15927575293
349999.9999999997,270873.98221458204,277180.2065726761,79126.01778541767,72819.79342732363
504999.99999999977,358238.89057566406,367305.52487599326,146761.1094243357,137694.4751240065
219999.99999999983,196717.1025566073,192033.1185418839,23282.897443392518,27966.88145811594
199499.99999999994,328734.99833657214,336581.0879224609,-129234.9983365722,-137081.08792246098
79500.00000000004,188933.54633058756,188696.14943651066,-109433.54633058752,-109196.14943651062
449999.99999999994,151593.85392610892,143752.96824452456,298406.146073891,306247.0317554754
385000.00000000023,434884.00387382857,442347.591695151,-49884.00387382833,-57347.59169515077
351000.0000000001,165401.43431153873,164301.12086553607,185598.56568846139,186698.87913446405
63999.99999999997,114883.4220466431,116456.54354455722,-50883.42204664313,-52456.54354455725
455999.99999999977,274304.3320145466,284324.3184654564,181695.66798545315,171675.68153454334
1579999.9999999998,649595.7889717544,705686.9192801954,930404.2110282454,874313.0807198044
339000.00000000023,248243.4008805181,241661.15543405386,90756.59911948213,97338.84456594638
319000.0,275056.93292273406,261022.14155399578,43943.067077265936,57977.85844600422
276999.9999999998,201458.78805436066,199359.9839873808,75541.21194563917,77640.01601261902
968500.0000000006,900851.1845607595,1026803.1017106792,67648.81543924112,-58303.10171067866
632000.0,330263.82173258846,341764.035981841,301736.17826741154,290235.964018159
484999.99999999965,666882.9695873936,715675.039753803,-181882.96958739392,-230675.0397538034
461000.00000000023,358509.9892581708,396280.1245608879,102490.0107418294,64719.87543911231
230000.0000000001,178891.49626368587,177231.6110317121,51108.50373631422,52768.388968287996
133000.00000000012,148228.03945909376,153364.46342127683,-15228.039459093648,-20364.463421276712
759999.9999999999,444943.7531220248,478547.4972089601,315056.24687797506,281452.50279103976
995000.0,566085.7978970282,623862.2924138405,428914.20210297185,371137.70758615946
315999.99999999994,267146.34412899986,262755.3316495777,48853.65587100008,53244.66835042223
299999.99999999977,218333.0987216005,239179.06274750608,81666.90127839928,60820.93725249369
29799.999999999975,194664.15147346153,188713.20299925748,-164864.15147346156,-158913.2029992575
155000.00000000012,293631.1513765707,294672.42222286196,-138631.15137657057,-139672.42222286185
330000.0000000001,438213.5756174601,447796.139563607,-108213.57561746001,-117796.13956360688
267999.99999999977,165679.43947646586,158807.20504886287,102320.5605235339,109192.7949511369
289999.9999999999,235702.97372410947,243832.77477683665,54297.026275890414,46167.22522316323
173999.99999999997,152193.63964126227,160613.9682055485,21806.3603587377,13386.031794451468
561799.9999999999,627579.176596171,769136.3899649698,-65779.1765961711,-207336.38996496995
199999.99999999997,208683.46391208077,211270.13016797398,-8683.463912080799,-11270.130167974014
56000.000000000044,96719.1866655405,91914.37714516273,-40719.18666554046,-35914.37714516268
35999.99999999998,149196.00130643122,145921.3814551177,-113196.00130643125,-109921.38145511772
159999.99999999997,302304.203939595,294805.4154412237,-142304.20393959506,-134805.41544122374
124999.9999999999,157070.34962211183,145267.7541217197,-32070.349622111928,-20267.754121719816
469999.9999999998,385393.82590162754,387443.79772854154,84606.17409837228,82556.20227145829
369999.99999999977,216390.3004140486,221622.76259220287,153609.69958595117,148377.2374077969
241000.00000000003,255374.02939418092,262947.22402532696,-14374.029394180892,-21947.224025326926
455000.0,533870.2428715713,530718.6619104292,-78870.24287157133,-75718.66191042925
449999.99999999994,475083.5057604415,491883.16621036263,-25083.505760441534,-41883.16621036269
880000.0,810534.4718367648,788301.4460645743,69465.52816323517,91698.5539354257
261000.00000000012,257558.7687114315,263975.0545140149,3441.2312885686115,-2975.0545140148024
1350000.0,466240.75413239433,486974.5019364075,883759.2458676057,863025.4980635925
95000.00000000001,285099.51001004747,336259.6325923787,-190099.51001004747,-241259.6325923787
413799.99999999965,253931.82755886664,243890.66218035738,159868.172441133,169909.33781964227
570000.0000000001,146520.39030737634,140479.30435278852,423479.6096926238,429520.6956472116
549200.0000000002,674297.9086885741,665471.4075524476,-125097.90868857387,-116271.4075524474
126999.99999999991,248047.7376058269,256213.3745228822,-121047.73760582699,-129213.37452288228
430000.00000000023,213815.63402710925,209225.1873032221,216184.36597289098,220774.81269677813
449999.99999999994,294515.260167064,307890.2481459564,155484.7398329359,142109.75185404357
800000.0000000005,444934.77216168295,460005.81416066596,355065.2278383175,339994.1858393345
332999.99999999977,199949.30794925138,204376.6425797224,133050.6920507484,128623.35742027737
191999.99999999997,166176.87316511295,162089.412524262,25823.12683488702,29910.587475737964
84999.99999999996,151198.67666526593,152187.69501146057,-66198.67666526597,-67187.69501146062
198000.00000000006,196119.9020405341,191897.66722216908,1880.0979594659584,6102.332777830976
259974.99999999983,292982.81344515085,323093.75083643,-33007.81344515103,-63118.750836430176
139000.00000000003,110916.67050970158,112680.241226102,28083.32949029845,26319.758773898022
156999.99999999994,189944.98700226948,181919.52004709834,-32944.98700226954,-24919.5200470984
334000.0000000002,193726.2936901374,201217.70918569656,140273.70630986278,132782.29081430362
129599.99999999994,143847.11615404746,138985.59759463085,-14247.116154047515,-9385.597594630904
248499.99999999994,272379.8428615819,267655.70954534307,-23879.842861581943,-19155.709545343125
171590.00000000012,156471.26345453778,160438.35867728223,15118.736545462336,11151.641322717885
610000.0000000005,324549.8148570341,340814.9328281302,285450.18514296634,269185.06717187027
49000.00000000002,146559.18216743405,150591.34219584463,-97559.18216743402,-101591.3421958446
188999.99999999988,220148.23914308334,220565.05015452858,-31148.239143083454,-31565.050154528697
139999.9999999999,199128.51858359412,209856.36004324208,-59128.51858359421,-69856.36004324217
363444.9999999997,328187.6985143756,368777.8836314222,35257.301485624106,-5332.883631422475
149000.0,166088.38504016204,166170.5545326442,-17088.385040162044,-17170.554532644193
396999.9999999998,255634.29651633807,276596.0374148586,141365.70348366175,120403.96258514124
239900.0000000001,233165.61128196528,238942.59580267096,6734.38871803481,957.4041973291314
180000.00000000003,139456.64971025076,140181.30895059995,40543.35028974927,39818.69104940008
884000.0000000002,505154.8639588183,581174.3786444687,378845.1360411819,302825.6213555315
249999.9999999998,170785.3834266475,173561.74106291996,79214.61657335231,76438.25893707984
1295000.0000000007,738259.9730898262,802417.4673330783,556740.0269101745,492582.53266692243
280000.0,262555.05686194025,268307.58852272975,17444.943138059753,11692.411477270245
187500.0,124111.17297474995,129860.72785782319,63388.82702525005,57639.27214217681
225500.0000000001,295872.52699568897,300787.32828223496,-70372.52699568888,-75287.32828223487
312000.0000000001,205688.08567958436,210461.08722353456,106311.91432041576,101538.91277646556
649999.9999999995,436838.5467820262,423302.62565786164,213161.45321797335,226697.3743421379
678999.9999999995,643116.8419786701,620814.0253912657,35883.15802132944,58185.974608733784
218999.99999999988,181218.12860541008,180017.02232158766,37781.871394589805,38982.97767841222
138730.00000000006,139452.9816305871,139865.7743366378,-722.9816305870481,-1135.7743366377545
343000.00000000006,606703.091475827,627890.0474143293,-263703.091475827,-284890.0474143292
191000.00000000015,166139.00089502567,177270.5788784584,24860.99910497447,13729.42112154176
228974.99999999983,213354.23359561554,217918.56809919403,15620.766404384281,11056.431900805794
171999.99999999988,164769.8743480083,162575.61161345072,7230.125651991577,9424.388386549166
273999.99999999994,342154.9753531096,327304.33626374975,-68154.97535310965,-53304.33626374981
117400.00000000006,133878.7062919719,130167.41972545144,-16478.706291971845,-12767.419725451386
81499.99999999996,152426.4674126751,149587.3972415617,-70926.46741267513,-68087.39724156175
124999.9999999999,172642.6128151296,172835.3742203883,-47642.6128151297,-47835.3742203884
345840.0000000002,311571.9356790697,308061.2342316036,34268.064320930454,37778.76576839655
85100.0,121048.63524988851,114951.05794107441,-35948.63524988851,-29851.05794107441
208999.99999999988,140224.49893658125,136849.25546161085,68775.50106341863,72150.74453838903
315000.0000000002,492412.4852900016,517012.0077347221,-177412.48529000144,-202012.00773472193
145000.00000000012,295640.2150800723,282661.8204742636,-150640.21508007217,-137661.82047426346
425000.0000000002,310403.5583716967,312305.96063198644,114596.4416283035,112694.03936801373
98000.00000000003,144524.5787958441,134516.9155824105,-46524.57879584408,-36516.91558241047
513999.9999999996,481218.65264992655,499015.93075006374,32781.34735007305,14984.069249935856
148000.00000000015,189994.31596888704,196443.1745843056,-41994.31596888689,-48443.17458430547
86000.00000000001,214478.78621996808,209682.35009002764,-128478.78621996807,-123682.35009002763
698999.9999999995,292104.5880232935,307528.9726287651,406895.41197670606,391471.02737123444
96399.99999999997,147670.6324956439,156387.78097177978,-51270.63249564392,-59987.78097177981
850000.0000000005,381351.78212746995,362230.5970762179,468648.2178725305,487769.4029237826
398999.99999999977,465350.3839287211,579849.7448283527,-66350.3839287213,-180849.74482835294
534917.0000000003,667728.5358019728,665779.3216716609,-132811.5358019725,-130862.32167166052
369000.0000000001,320304.2321538489,295636.72062874935,48695.7678461512,73363.27937125077
244999.99999999997,198828.181455133,198461.96098776138,46171.81854486698,46538.03901223859
339999.99999999994,279089.29724736785,276984.8105225085,60910.70275263209,63015.189477491425
259999.9999999998,301342.22949806927,327246.5404685254,-41342.22949806947,-67246.54046852558
195000.00000000006,213417.96381788692,211966.85232296563,-18417.963817886863,-16966.85232296557
120850.00000000003,179393.08607110352,172652.6233594008,-58543.08607110349,-51802.62335940078
109724.9999999999,83934.58240222531,82502.80025918066,25790.41759777459,27222.19974081924
107000.00000000003,145367.32049483332,136492.0186961971,-38367.320494833286,-29492.018696197076
157999.99999999997,172313.52275171588,176058.55262037902,-14313.522751715907,-18058.55262037905
237299.9999999999,186660.25219614338,171918.50725603985,50639.74780385653,65381.49274396006
77200.00000000004,120495.6049013658,111493.37813773118,-43295.60490136576,-34293.37813773114
484999.99999999965,323722.7386686205,347970.0016667638,161277.26133137912,137029.99833323585
682499.9999999995,892492.9678151088,1040680.3470708171,-209992.9678151093,-358180.3470708176
169000.00000000012,184735.08980854586,182175.17072037584,-15735.089808545745,-13175.170720375725
157500.00000000006,170720.5271822115,176534.16121084656,-13220.52718221143,-19034.161210846505
178999.99999999994,194945.34521229108,193874.90899328637,-15945.34521229114,-14874.90899328643
71999.99999999996,198654.3656587537,183283.03513605474,-126654.36565875374,-111283.03513605478
1445000.0000000012,743995.7757999407,722808.8757208314,701004.2242000605,722191.1242791697
84000.00000000003,145553.00480203787,136770.0595609525,-61553.004802037845,-52770.059560952475
402800.0,331173.38620858046,349613.5765262787,71626.61379141954,53186.42347372131
294999.9999999998,415681.06838097813,419687.56840222166,-120681.06838097831,-124687.56840222183
215999.99999999985,193600.64991879382,198609.06102908775,22399.350081206037,17390.938970912102
210000.0,167746.66397020812,167473.5631106623,42253.336029791884,42526.436889337696
123624.99999999999,150758.6410979963,154855.22287194728,-27133.64109799631,-31230.22287194729
187000.00000000012,179098.9263650525,171387.8492839785,7901.073634947621,15612.150716021628
196000.0000000001,197769.99317650514,186035.7243792167,-1769.993176505057,9964.275620783388
364999.99999999977,285604.3469641763,287167.5490044251,79395.65303582349,77832.45099557465
439800.00000000035,173869.91440769928,174455.36104551758,265930.0855923011,265344.63895448274
169335.0000000001,170102.41523511405,174154.5040166104,-767.4152351139637,-4819.504016610299
504000.00000000023,206872.19229821445,201291.21440118,297127.8077017858,302708.7855988202
279000.0000000001,247703.635080085,238816.00688666286,31296.364919915126,40183.99311333726
379000.0000000002,364585.36569138867,363649.376180487,14414.634308611508,15350.623819513188
145000.00000000012,204884.92637749488,201778.18626437645,-59884.92637749476,-56778.18626437633
84999.99999999996,145707.74149598446,141636.23331795455,-60707.741495984505,-56636.2333179546
249999.9999999998,281014.1037017,282421.8650890632,-31014.103701700195,-32421.865089063387
90999.99999999991,157941.00976975635,146893.6334981178,-66941.00976975643,-55893.63349811788
148000.00000000015,272773.54819745553,260847.9529828897,-124773.54819745538,-112847.95298288955
198300.0,201804.83834921382,203215.83696974895,-3504.8383492138237,-4915.836969748954
1299999.9999999993,988801.6475769222,1192611.0393931046,311198.3524230771,107388.96060689469
219999.99999999983,330417.0348237735,345547.5686590673,-110417.03482377366,-125547.5686590675
649999.9999999995,480704.67786533013,485149.1542352351,169295.3221346694,164850.8457647644
267000.0,130472.14948417437,118938.99411685897,136527.85051582562,148061.005883141
178999.99999999994,161040.11625776094,168698.73321837542,17959.883742239006,10301.266781624523
275000.0000000002,361716.0196175301,369463.0833638399,-86716.01961752994,-94463.08336383972
189999.9999999999,309889.81278365763,299694.69340121513,-119889.81278365772,-109694.69340121522
545999.9999999999,453009.005954399,443603.96438749874,92990.99404560088,102396.03561250115
372340.0000000002,401727.54864328506,381710.70631193457,-29387.548643284885,-9370.706311934395
191999.99999999997,177670.30796951748,197067.02138016946,14329.692030482489,-5067.021380169492
409900.00000000006,261635.0928652535,271584.2915065524,148264.90713474655,138315.70849344763
302000.00000000006,247730.98266547397,262079.45174543737,54269.017334526085,39920.54825456269
275000.0000000002,313459.53022071975,310008.3544873065,-38459.53022071958,-35008.35448730632
199999.99999999997,263189.02307358803,245913.76267922393,-63189.02307358806,-45913.76267922396
1220000.0000000002,318697.2631608324,333010.71357171185,901302.7368391678,886989.2864282883
654999.9999999995,626541.2701082111,719392.8468523528,28458.729891788447,-64392.84685235331
749999.9999999998,418834.8380947212,482700.8945666723,331165.16190527857,267299.1054333275
481000.00000000035,351236.8039579456,333807.97711670765,129763.19604205474,147192.0228832927
169499.99999999985,266126.74728664616,280208.0004732593,-96626.7472866463,-110708.00047325945
321999.99999999994,505871.54170267814,524443.9650200033,-183871.5417026782,-202443.96502000332
465000.00000000023,613847.6010439968,599751.9482271693,-148847.60104399652,-134751.9482271691
735000.0000000005,396895.09546583943,386599.7092768916,338104.90453416103,348400.29072310886
206699.99999999988,153611.8051552089,154505.44109975596,53088.194844790996,52194.55890024392
452999.99999999977,351091.43949059857,356388.4961243346,101908.5605094012,96611.50387566519
52000.000000000044,231489.17438418936,223356.64729080079,-179489.1743841893,-171356.64729080076
259999.9999999998,272423.53794404416,265518.4369573554,-12423.537944044365,-5518.436957355618
534999.9999999995,334651.33604498877,316740.25742658204,200348.66395501076,218259.7425734175
297000.0000000002,194798.05808636217,189213.6822023249,102201.941913638,107786.31779767526
244999.99999999997,169030.3526327475,172558.44331294863,75969.64736725247,72441.55668705134
214000.00000000017,344275.9718115105,347595.05967214727,-130275.97181151033,-133595.0596721471
64999.999999999956,153851.0543399744,149739.72563844398,-88851.05433997443,-84739.72563844403
68499.99999999999,109771.68899476045,112611.47618469612,-41271.688994760465,-44111.476184696134
142975.00000000012,183269.9580673837,176029.76129652417,-40294.95806738359,-33054.761296524055
180200.0,144267.46070638573,129772.36423151378,35932.539293614274,50427.635768486216
269880.0000000001,226160.5107219192,231451.37078303055,43719.4892780809,38428.629216969566
294000.0000000001,568235.185538631,636711.0037115447,-274235.18553863093,-342711.00371154456
95000.00000000001,144262.65668766492,142716.34508665357,-49262.6566876649,-47716.34508665356
575000.0000000001,583840.8718621369,556596.4473092442,-8840.871862136759,18403.552690755925
235000.0,238986.11448842596,261845.87761223278,-3986.1144884259556,-26845.877612232784
199000.0000000001,173571.87845969162,184104.42072059045,25428.121540308464,14895.579279409634
228249.99999999985,196316.98707067387,208050.09688432407,31933.01292932598,20199.903115675785
265000.00000000006,179008.68368369027,190112.70696329538,85991.31631630979,74887.29303670468
183000.00000000012,183981.0703977985,185566.94468071795,-981.0703977983794,-2566.944680717832
116999.99999999991,174710.45997233526,171350.18043358764,-57710.459972335346,-54350.180433587724
466650.0,307165.76250599883,321320.93602493394,159484.23749400117,145329.06397506606
790000.0000000003,701528.0771194479,701971.8189943219,88471.92288055248,88028.18100567849
315000.0000000002,250417.0509898549,256703.17651211008,64582.94901014527,58296.8234878901
276999.9999999998,334229.1730870268,340755.5504920346,-57229.17308702698,-63755.55049203476
373087.9999999998,325703.4838836567,343873.2143052998,47384.51611634315,29214.785694700025
229000.00000000006,343686.98997049825,321913.2678090801,-114686.9899704982,-92913.26780908002
315999.99999999994,221361.90042956095,227903.09903509798,94638.099570439,88096.90096490196
144724.99999999988,97102.08169773589,99003.60280125195,47622.91830226399,45721.39719874793
289999.9999999999,275861.4216705438,293682.27910336456,14138.578329456097,-3682.279103364679
458999.99999999977,625987.7864479395,659318.8697091768,-166987.7864479397,-200318.86970917706
329000.0000000003,314551.35567494045,318147.9513921986,14448.644325059839,10852.04860780167
294000.0000000001,239416.40912842168,244886.8824351953,54583.59087157843,49113.11756480482
241500.0,331557.0504291533,325917.18286449584,-90057.05042915331,-84417.18286449584
104860.0,94620.09385914405,92149.84464496453,10239.90614085595,12710.155355035473
545999.9999999999,162138.37938299382,164124.76556944373,383861.6206170061,381875.2344305562
70999.99999999994,121835.16750957067,119077.11745873021,-50835.16750957073,-48077.11745873027
680000.0000000003,842087.9786984292,825256.3640878898,-162087.97869842884,-145256.36408788944
280000.0,288276.4795044229,288490.89864049153,-8276.479504422925,-8490.898640491534
195000.00000000006,260767.34136579346,275681.36081891967,-65767.3413657934,-80681.36081891961
239499.99999999983,305099.0177099329,310225.82771386794,-65599.01770993305,-70725.82771386812
229000.00000000006,252050.95501286574,241913.78495927458,-23050.955012865685,-12913.784959274519
170000.00000000012,137699.75745092804,129544.4049562443,32300.242549072078,40455.59504375582
219999.99999999983,143691.41386692712,147704.06402516848,76308.5861330727,72295.93597483134
360000.0000000001,397821.7747365464,402963.5822286208,-37821.77473654627,-42963.58222862071
473000.00000000006,426298.27085006464,426886.9100571799,46701.72914993542,46113.08994282014
264000.00000000006,223558.3961137561,213318.92261166716,40441.603886243945,50681.077388332895
228700.00000000006,241503.11068426963,255452.94051518905,-12803.110684269574,-26752.940515188995
796950.0000000006,454860.6654531532,466431.7907540364,342089.3345468474,330518.2092459642
148050.0000000001,165373.9953428537,160690.36045410152,-17323.995342853625,-12640.360454101436
339000.00000000023,308783.4495838707,304728.4875983896,30216.550416129525,34271.51240161061
1389999.9999999988,754697.7385020455,743054.8172945946,635302.2614979533,646945.1827054042
299900.0,175925.80171233107,178627.93823672208,123974.19828766893,121272.06176327792
367500.0000000003,391561.188758065,404824.5074097922,-24061.1887580647,-37324.50740979193
212000.00000000017,206061.758883458,199467.99901368804,5938.241116542165,12532.000986312138
139999.9999999999,169296.33428281106,159534.97197992614,-29296.33428281115,-19534.971979926224
225999.9999999998,325109.3537118745,320673.3693583677,-99109.35371187472,-94673.3693583679
423999.9999999998,555136.8806716021,603073.6401777834,-131136.88067160227,-179073.6401777836
181049.99999999985,166909.3083053108,161947.24408653335,14140.691694689041,19102.755913466506
133000.00000000012,179946.3916691278,172988.62110980228,-46946.39166912768,-39988.62110980216
238000.0,213374.65646803708,214604.30688615594,24625.34353196292,23395.693113844056
724500.0000000003,765141.2795377198,745571.6665372463,-40641.27953771944,-21071.66653724597
197000.00000000015,358544.8372635234,339946.65265524917,-161544.83726352328,-142946.65265524902
352000.0000000003,313899.2859556735,318002.0720669847,38100.7140443268,33997.92793301557
149990.00000000012,117436.47150172637,117039.90790085625,32553.52849827375,32950.09209914386
84999.99999999996,130800.47776410017,132845.4327413047,-45800.477764100215,-47845.43274130476
339999.99999999994,510838.4369209074,514253.28339727037,-170838.43692090746,-174253.28339727042
276000.0000000002,149823.29292865965,143267.22299578856,126176.70707134053,132732.77700421162
231000.0000000001,158510.1965027821,157482.924482762,72489.80349721797,73517.07551723809
544999.9999999997,324113.3037104831,337553.8398970137,220886.69628951658,207446.16010298597
202350.00000000003,234568.82823855,231687.7948511201,-32218.828238549962,-29337.794851120067
1295000.0000000007,100483.7400050434,106491.1694986632,1194516.2599949574,1188508.8305013375
124999.9999999999,234269.81362217246,244519.6706792676,-109269.81362217256,-119519.67067926771
233199.99999999994,155381.59141846286,165858.9255176653,77818.40858153708,67341.07448233463
651000.0000000001,541384.7121148658,588827.4347532558,109615.28788513434,62172.565246744314
444999.9999999997,300841.00663849723,312861.6797033961,144158.99336150248,132138.3202966036
354999.9999999998,199930.13874632298,194863.25684196924,155069.86125367685,160136.7431580306
177500.00000000015,228670.7639004856,229511.92870168234,-51170.76390048544,-52011.92870168219
103000.00000000001,281091.9503569093,350007.1286008518,-178091.9503569093,-247007.1286008518
324999.9999999999,284691.451590784,275315.3042518401,40308.54840921587,49684.69574815978
99000.00000000004,213957.6494155359,229377.2039331433,-114957.64941553587,-130377.20393314325
386900.0000000003,269103.210376415,257477.3537117366,117796.7896235853,129422.6462882637
244999.99999999997,269387.0939740598,267216.29972369137,-24387.093974059826,-22216.299723691394
1299999.9999999993,1120167.5988512,1203409.8891318897,179832.40114879934,96590.11086810962
315000.0000000002,298973.0261057183,300955.3243867166,16026.973894281895,14044.675613283587
457000.0000000003,263009.6140676302,264527.26054365205,193990.3859323701,192472.73945634824
472500.00000000035,203592.31701917914,207161.1541107914,268907.68298082124,265338.84588920895
185000.00000000006,232334.11869594755,242328.986093345,-47334.11869594749,-57328.98609334495
55000.00000000004,90027.54197643901,81909.02898513069,-35027.54197643897,-26909.02898513065
809999.9999999995,646339.9732860561,664606.3542970761,163660.02671394346,145393.64570292342
86000.00000000001,314496.8083794265,303359.4523406917,-228496.80837942648,-217359.4523406917
259000.0,237635.4895904615,236425.0616579959,21364.51040953849,22574.938342004112
509999.9999999998,398165.4767955627,448347.1525678173,111834.52320443711,61652.84743218252
422000.00000000006,371296.41955498693,418806.9629238507,50703.580445013125,3193.0370761493687
280000.0,477743.5734638013,474106.8523991739,-197743.5734638013,-194106.8523991739
142000.0,184561.13341345938,178865.2733721623,-42561.13341345938,-36865.27337216231
271999.9999999999,166069.02417180393,155926.27834795855,105930.97582819595,116073.72165204133
540000.0000000001,501784.1081680138,519313.3429413092,38215.891831986315,20686.657058690907
244999.99999999997,200259.00461977813,203615.38080057103,44740.99538022184,41384.61919942894
291999.9999999998,289593.4328759521,304305.69800340396,2406.567124047724,-12305.698003404133
225000.00000000015,532697.6017899765,531492.7273527109,-307697.60178997635,-306492.7273527108
1200000.0000000005,212203.7301244859,204961.55916168226,987796.2698755146,995038.4408383182
275000.0000000002,201365.38087128784,199280.5696238277,73634.61912871234,75719.43037617247
435000.0,324135.61610702635,344779.9389354177,110864.38389297365,90220.06106458232
259000.0,283468.927113524,286744.9315428027,-24468.927113523998,-27744.93154280272
334999.9999999998,213378.86119153924,205038.06430236658,121621.13880846059,129961.93569763325
230000.0000000001,191922.37746013954,207735.21774404502,38077.622539860546,22264.78225595507
187000.00000000012,144287.40840939924,136573.88986514427,42712.591590600874,50426.110134855844
129000.0000000001,138693.92577703795,130979.94125328738,-9693.925777037846,-1979.9412532872811
99000.00000000004,162473.30515873482,150013.02053601484,-63473.30515873477,-51013.020536014796
375000.00000000006,458497.10890093155,445464.09665855806,-83497.10890093149,-70464.096658558
434499.9999999999,423294.59210376814,402340.9403667559,11205.407896231744,32159.059633244004
271999.9999999999,252338.9455243271,241020.06198571733,19661.054475672776,30979.938014282554
360000.0000000001,284912.44790506613,295321.9101558735,75087.55209493398,64678.0898441266
199999.99999999997,223392.09658492054,223472.4355685267,-23392.096584920568,-23472.435568526736
163999.99999999988,142512.30412283778,139274.92444478036,21487.6958771621,24725.07555521952
625000.0000000002,215270.6534276466,225411.31670558438,409729.3465723536,399588.6832944158
339000.00000000023,423707.76702266687,414192.69057181355,-84707.76702266664,-75192.69057181332
415959.99999999994,375454.91128705756,418196.32901028934,40505.08871294238,-2236.3290102893952
1024999.9999999995,325787.08246739395,345700.4889459838,699212.9175326056,679299.5110540157
221899.9999999999,227857.27059300995,222037.21831621876,-5957.270593010035,-137.21831621884485
367500.0000000003,415317.4730633749,437910.17789633217,-47817.47306337464,-70410.17789633188
599000.0,331357.07224553433,349045.2125293012,267642.92775446567,249954.78747069882
124999.9999999999,150252.97335865014,152367.0175004535,-25252.97335865024,-27367.017500453614
79000.00000000006,190849.44095079467,200976.11148692342,-111849.44095079461,-121976.11148692336
320000.00000000006,309954.95542367303,313212.7755026434,10045.044576327025,6787.224497356685
1099999.9999999998,834644.0046009035,836805.588277945,265355.9953990963,263194.4117220548
86500.00000000003,102330.50301952558,97830.51502071782,-15830.503019525553,-11330.515020717794
281000.0000000001,323017.8799578965,330414.48620474915,-42017.879957896366,-49414.48620474903
76999.99999999997,200763.94419764532,212644.7192222574,-123763.94419764535,-135644.71922225744
689999.9999999995,506371.27358668606,607587.8164506225,183628.72641331347,82412.18354937702
242000.00000000017,191035.1782294806,200808.76842808787,50964.82177051957,41191.2315719123
259999.9999999998,206156.62163081323,206325.60423696932,53843.37836918657,53674.39576303048
89000.00000000004,138061.07247549508,136907.97147553574,-49061.072475495035,-47907.9714755357
141450.00000000003,283777.79884430266,291002.7329966689,-142327.79884430263,-149552.73299666887
64999.999999999956,135437.5476334376,134140.4710404793,-70437.54763343766,-69140.47104047933
570000.0000000001,489215.4819131657,481853.45705432305,80784.5180868344,88146.54294567707
150000.00000000006,227768.85405066458,232749.70586399728,-77768.85405066452,-82749.70586399722
998000.0000000008,570867.5614289995,599672.4153533104,427132.4385710013,398327.5846466904
120050.00000000009,167845.14476410515,164184.7967860295,-47795.14476410506,-44134.796786029416
334999.9999999998,172401.81886607868,165543.3691462565,162598.18113392114,169456.63085374332
1200000.0000000005,804082.8715309538,760315.4108529155,395917.1284690467,439684.589147085
398999.99999999977,638212.3163078632,646628.652510156,-239212.31630786345,-247628.65251015627
597999.9999999998,333313.4435103689,353877.83248045814,264686.5564896309,244122.16751954163
267999.99999999977,190120.66185379776,192626.35135819376,77879.338146202,75373.64864180601
182000.00000000003,249387.7241707365,253685.7064006631,-67387.72417073647,-71685.70640066307
243000.00000000003,235951.5247425871,228125.8423393301,7048.475257412938,14874.157660669938
392500.0,386675.196558104,377437.73083423515,5824.803441895987,15062.269165764854
84999.99999999996,128344.00796513187,127872.15552139754,-43344.00796513191,-42872.15552139758
281000.0000000001,433669.0818365444,490650.2770640159,-152669.08183654427,-209650.2770640158
104300.00000000004,241754.355981962,242029.86144078564,-137454.35598196194,-137729.86144078558
682499.9999999995,473855.36202816037,530067.0174139354,208644.63797183917,152432.98258606414
198500.00000000006,217086.26186354767,215715.16284718568,-18586.26186354761,-17215.162847185624
255800.0000000002,215482.6757420349,224817.52856003074,40317.324257965316,30982.471439969464
743999.9999999993,738770.6425050566,768418.6637544797,5229.3574949427275,-24418.663754480425
247045.0000000001,166819.3490790316,166550.03768397894,80225.65092096847,80494.96231602115
116499.99999999991,152568.04701207773,149888.63500742745,-36068.04701207782,-33388.63500742754
279000.0000000001,298368.35018211626,300848.98618313344,-19368.350182116148,-21848.986183133326
110249.99999999994,178167.8818456991,173401.76343503868,-67917.88184569916,-63151.76343503874
386999.99999999994,572952.5169706144,553741.8507823186,-185952.5169706145,-166741.85078231868
129000.0000000001,207065.0582209506,213364.7806805299,-78065.0582209505,-84364.78068052979
649999.9999999995,376863.285472689,374351.66978357005,273136.7145273105,275648.3302164295
80000.0,233644.1835955579,249646.72382074004,-153644.1835955579,-169646.72382074004
298200.0000000002,221508.93446665272,226099.33929319688,76691.06553334746,72100.66070680329
167000.0000000001,237713.04898793105,238991.2462852538,-70713.04898793096,-71991.2462852537
360000.0000000001,577310.8043274868,705167.6361844772,-217310.80432748666,-345167.63618447713
259499.99999999985,168788.53713480436,166314.0347408365,90711.4628651955,93185.96525916335
409000.0000000001,340298.5337296548,325513.3418656855,68701.46627034532,83486.65813431464
765999.9999999997,359189.0160092461,381951.8161376345,406810.98399075354,384048.18386236514
491999.99999999965,551654.5806025726,543586.2885157121,-59654.580602573,-51586.288515712484
320000.00000000006,321606.8729879191,329423.85810401477,-1606.8729879190214,-9423.858104014711
240000.00000000003,436948.07017493306,435764.0613042107,-196948.07017493303,-195764.06130421066
231999.99999999997,261699.70366502515,261161.0697458933,-29699.703665025183,-29161.06974589333
379500.0000000001,146433.90055823053,144276.08035156966,233066.0994417696,235223.91964843046
921149.9999999994,428390.20397607965,464401.7605392777,492759.7960239198,456748.2394607217
332000.0,336835.7011146885,349742.2091291037,-4835.701114688476,-17742.209129103692
360000.0000000001,199932.37748623532,202708.93826170682,160067.6225137648,157291.0617382933
160500.00000000003,265543.3633160352,263167.38982037274,-105043.36331603516,-102667.38982037271
219999.99999999983,232836.96056164784,243713.01027736728,-12836.960561648011,-23713.01027736746
67990.0,285821.9595119507,270423.95549410925,-217831.95951195073,-202433.95549410925
224128.0,126584.27997483712,126689.48983423463,97543.72002516288,97438.51016576537
219999.99999999983,277813.7895711204,265513.01399826625,-57813.78957112058,-45513.013998266426
178999.99999999994,158384.83673147034,152057.4833499322,20615.163268529606,26942.51665006773
70000.00000000001,213420.20899521126,213292.82359784152,-143420.20899521123,-143292.8235978415
85500.00000000006,99866.41402681117,97060.29483378695,-14366.414026811108,-11560.294833786887
129000.0000000001,273132.89985533006,262384.8146120643,-144132.89985532995,-133384.81461206416
53500.00000000004,147253.1367553521,140377.39085473464,-93753.13675535208,-86877.3908547346
348149.99999999994,364392.3041730067,376427.83482391085,-16242.304173006734,-28277.834823910904
448999.99999999994,391515.70095469005,406426.0098545189,57484.29904530989,42573.99014548102
788400.0000000005,376043.02124679455,424663.654838982,412356.9787532059,363736.3451610185
228689.99999999988,458717.0183776968,485398.2162718824,-230027.01837769692,-256708.21627188253
49200.00000000002,144519.07112278958,144961.3139356078,-95319.07112278955,-95761.31393560776
280000.0,188589.91017850055,197075.09321015136,91410.08982149945,82924.90678984864
540300.0000000003,409983.1799122086,410336.12172926473,130316.82008779177,129963.87827073561
28000.00000000002,200903.0204102018,220533.16772274236,-172903.02041020177,-192533.16772274234
235199.99999999983,209787.91267781134,201065.12321657105,25412.087322188483,34134.87678342877
73000.00000000003,131588.2754710812,126799.48953318008,-58588.27547108117,-53799.48953318005
316999.9999999999,273522.30670274777,283618.9191274464,43477.69329725212,33381.08087255346
385999.99999999977,137865.4247306991,133498.34669065737,248134.57526930067,252501.6533093424
429000.00000000006,216806.77916706976,225842.91833640073,212193.2208329303,203157.08166359933
230000.0000000001,238572.98262757887,244188.42950262848,-8572.982627578778,-14188.429502628394
1479999.999999999,700826.8870878309,736564.9393165882,779173.1129121681,743435.0606834108
155000.00000000012,125966.09588420029,126653.15155138866,29033.90411579983,28346.84844861146
353600.0000000002,198921.6921146936,197486.48058360312,154678.30788530657,156113.51941639706
319000.0,182913.34033277573,193096.14992029537,136086.65966722427,125903.85007970463
239000.00000000003,465902.9304978657,501209.1698345124,-226902.9304978657,-262209.1698345124
698999.9999999995,278536.55760617537,307435.73444231815,420463.44239382417,391564.2655576814
349999.9999999997,271436.61492057383,280838.90113285714,78563.38507942588,69161.09886714257
1299999.9999999993,601587.2283356439,656232.161608399,698412.7716643554,643767.8383916003
178999.99999999994,188237.32237322498,180737.12580498197,-9237.322373225034,-1737.1258049820317
579999.9999999997,439278.2900695849,458786.61943254434,140721.70993041474,121213.38056745532
269000.0,214674.09093541265,209100.93028069206,54325.90906458735,59899.06971930794
254400.00000000006,265434.3254040107,291176.14782084187,-11034.325404010655,-36776.14782084181
286000.00000000023,248251.46118345854,275307.1172486339,37748.538816541695,10692.882751366356
299999.99999999977,232898.40905380953,240793.87116549298,67101.59094619023,59206.12883450679
314900.0000000001,209747.8757640298,205323.71930424767,105152.12423597032,109576.28069575244
244000.00000000003,205316.41720219463,207516.3417525151,38683.5827978054,36483.65824748494
270000.00000000006,349385.03849628265,368068.87252752605,-79385.03849628259,-98068.872527526
299000.00000000006,226215.66005963876,231230.39957051343,72784.3399403613,67769.60042948663
55000.00000000004,253765.8937236141,266909.5228802673,-198765.89372361408,-211909.52288026726
326499.9999999997,301082.3858334069,295971.01543492556,25417.61416659283,30528.984565074148
169000.00000000012,197231.7008030496,199953.16622429382,-28231.70080304949,-30953.1662242937
252000.0000000001,349109.6903599655,330889.8454259255,-97109.6903599654,-78889.84542592542
244999.99999999997,392789.307587367,419177.73882645264,-147789.30758736705,-174177.73882645267
325500.0000000002,300167.7009810352,306294.9526518099,25332.299018964986,19205.047348190274
579999.9999999997,248423.3027838284,245434.25398647896,331576.69721617125,334565.7460135207
215000.0,178551.51423827704,179194.19334322016,36448.48576172296,35805.80665677984
291170.0,168420.83563777473,165508.94765304748,122749.16436222527,125661.05234695252
415000.00000000006,378870.30654010136,373030.6373268696,36129.6934598987,41969.36267313047
80000.0,183271.47963304687,175567.1209366856,-103271.47963304687,-95567.12093668559
237000.00000000003,317174.0490161473,326340.7648451333,-80174.0490161473,-89340.76484513326
367500.0000000003,229529.5145050971,233303.76177703214,137970.4854949032,134196.23822296815
369499.9999999999,415183.52139635663,432814.1726262795,-45683.52139635675,-63314.172626279644
676000.0000000001,565313.918777081,629032.8599316401,110686.08122291917,46967.14006836002
304499.9999999998,253913.26144535176,276002.9784675093,50586.738554648065,28497.0215324905
108000.00000000001,199490.01925078494,225168.74660740083,-91490.01925078493,-117168.74660740081
769999.9999999997,500100.59110245464,488746.8054805474,269899.408897545,281253.1945194522
1158000.0000000007,498308.75649504457,504267.11431663716,659691.2435049561,653732.8856833635
70000.00000000001,248300.65475923245,243618.26054150067,-178300.65475923242,-173618.26054150064
275000.0000000002,312133.99072547856,312660.7968400651,-37133.99072547839,-37660.796840064926
324899.99999999977,301712.64052376774,311684.05404358625,23187.359476232028,13215.945956413518
240000.00000000003,211946.3736590066,199613.62221579495,28053.626340993418,40386.37778420508
799499.9999999995,294865.09274199547,301114.48223860766,504634.90725800407,498385.5177613919
116499.99999999991,113246.60964860984,110186.73319082489,3253.390351390073,6313.266809175024
312999.9999999999,373920.73889218067,378471.9449587057,-60920.73889218079,-65471.944958705804
280900.0000000002,209798.63528632693,215596.54050015972,71101.36471367325,65303.45949984045
304000.00000000023,187284.15562246437,178063.21582922954,116715.84437753586,125936.7841707707
188999.99999999988,164931.30744145034,162386.4230467789,24068.69255854955,26613.576953220996
199499.99999999994,319098.67789722467,300645.1896909976,-119598.67789722473,-101145.18969099765
233199.99999999994,254354.29337169853,257140.72558565403,-21154.293371698586,-23940.725585654087
224000.0,236269.889742425,244037.7645715554,-12269.889742425003,-20037.764571555395
134999.99999999997,151317.42039663732,144042.27298137022,-16317.420396637346,-9042.272981370246
749999.9999999998,444966.6530948188,460055.1706494554,305033.34690518095,289944.8293505444
719999.9999999995,344047.8610174041,381774.34131976555,375952.1389825954,338225.658680234
170000.00000000012,319094.9851262811,301860.4550959289,-149094.98512628098,-131860.4550959288
149000.0,179842.71827392437,174580.8303918551,-30842.718273924373,-25580.830391855096
198000.00000000006,243933.0286037486,243405.32477889655,-45933.028603748535,-45405.324778896495
67999.99999999999,138251.7922148672,146693.49542796088,-70251.79221486721,-78693.4954279609
199990.00000000003,280034.4472859083,278396.72258512303,-80044.44728590825,-78406.722585123
448999.99999999994,337699.51135269273,332582.4067807736,111300.48864730721,116417.59321922634
168500.0,174038.77724600822,171346.99985517506,-5538.77724600822,-2846.9998551750614
155000.00000000012,232663.73908267933,232427.9970358356,-77663.73908267921,-77427.99703583549
649999.9999999995,484755.1479696956,466186.1547636157,165244.8520303039,183813.84523638384
117040.00000000009,281990.14708834013,295689.2509107681,-164950.14708834005,-178649.25091076802
240000.00000000003,310327.63314692175,306702.55693213973,-70327.63314692173,-66702.5569321397
89000.00000000004,152965.55690093015,143841.8773718088,-63965.55690093011,-54841.87737180876
159999.99999999997,146423.14932639324,141432.58551225168,13576.850673606736,18567.41448774829
140999.99999999994,225278.45892615087,236590.75923152457,-84278.45892615092,-95590.75923152463
590000.0000000003,769427.7620348341,810884.1902901947,-179427.76203483378,-220884.19029019435
540000.0000000001,508190.5091161454,596096.3103803728,31809.49088385474,-56096.310380372684
209048.00000000012,223146.86866922354,221476.88162477117,-14098.868669223419,-12428.88162477105
73440.00000000001,153534.235343133,153336.1219163608,-80094.235343133,-79896.12191636079
158999.99999999997,176031.87147810767,175330.95896375793,-17031.8714781077,-16330.958963757963
349999.9999999997,596636.9830629185,603790.9264239474,-246636.98306291882,-253790.92642394773
649000.0000000006,664310.2114796943,715311.2673910974,-15310.211479693768,-66311.2673910968
319899.99999999994,567821.282720442,549007.1422625596,-247921.2827204421,-229107.14226255968
171999.99999999988,179558.24237222903,174727.49758242737,-7558.242372229142,-2727.497582427488
455500.0000000003,141951.4057733346,139119.703165076,313548.5942266657,316380.29683492426
162000.00000000012,251516.84680063697,243629.702769572,-89516.84680063685,-81629.70276957189
261000.00000000012,219352.41031961213,222043.75573423624,41647.58968038799,38956.244265763875
375000.00000000006,356242.24295542174,389017.5625925474,18757.75704457832,-14017.562592547329
323999.9999999999,269463.45298927726,274103.82210710214,54536.54701072263,49896.177892897744
226499.99999999985,500226.2112199003,574070.8032328241,-273726.2112199004,-347570.8032328242
299999.99999999977,337002.6203852887,339591.13237765315,-37002.62038528896,-39591.13237765338
321999.99999999994,325361.17900433077,338176.674119758,-3361.1790043308283,-16176.67411975807
498999.9999999996,294932.7428787543,302366.60955861566,204067.25712124532,196633.39044138393
113399.99999999996,153662.74421484146,158512.94124063564,-40262.7442148415,-45112.941240635686
231282.0000000002,114651.06541789291,114222.26332547276,116630.9345821073,117059.73667452745
290199.9999999999,347130.3533284638,354933.38075847225,-56930.35332846391,-64733.38075847237
549999.9999999998,368249.17217879934,373627.8447326949,181750.82782120042,176372.15526730486
435999.99999999965,418308.69891007955,402279.2578094385,17691.301089920104,33720.74219056114
360000.0000000001,387503.95309265057,391063.13582365017,-27503.953092650452,-31063.135823650053
104000.00000000003,119604.43577914654,115952.38394788305,-15604.435779146515,-11952.38394788302
75000.00000000004,105650.96236845413,99924.28511606061,-30650.962368454086,-24924.285116060564
339000.00000000023,285297.16452208563,282737.02749928663,53702.8354779146,56262.9725007136
198000.00000000006,219967.29161435156,222402.03802500563,-21967.291614351503,-24402.038025005575
578000.0000000005,303118.6055250461,321483.305875771,274881.39447495434,256516.69412422949
357999.99999999977,510436.89171706204,528392.3930635583,-152436.89171706227,-170392.3930635585
443100.0000000002,145012.8382900447,150153.48951947963,298087.1617099555,292946.51048052055
395000.00000000035,547144.3561413225,546305.390823094,-152144.35614132218,-151305.3908230937
280000.0,386350.6778192515,391020.930008624,-106350.67781925149,-111020.93000862398
281500.0000000002,174863.00405802115,183292.4929722835,106636.99594197902,98207.50702771667
324999.9999999999,713096.8841212707,674050.2898408807,-388096.88412127085,-349050.2898408808
229000.00000000006,271912.31172064046,273811.3387980541,-42912.3117206404,-44811.33879805403
183000.00000000012,230271.8908646968,228638.7084502231,-47271.890864696674,-45638.70845022297
1550000.0000000012,548705.4936747334,585211.5007006081,1001294.5063252677,964788.499299393
210000.0,399666.69464628916,391859.4628913351,-189666.69464628916,-181859.46289133508
191999.99999999997,191225.97953466055,193288.9736675456,774.0204653394176,-1288.9736675456224
280000.0,269303.5409527081,268101.3051847695,10696.459047291894,11898.694815230498
409999.9999999997,343579.8334818632,369126.67447324446,66420.16651813651,40873.325526755245
143000.0000000001,296986.64068914,315413.5907856001,-153986.64068913992,-172413.59078560004
369999.99999999977,284772.20413115056,281049.94103477336,85227.7958688492,88950.0589652264
71999.99999999996,140592.05036963738,136447.76314234603,-68592.05036963742,-64447.76314234607
83275.0,108692.29191150724,101265.9906710572,-25417.291911507244,-17990.990671057196
438000.00000000035,301665.04216025287,292957.15003102954,136334.95783974748,145042.8499689708
617000.0,310205.38900429895,321931.05436861207,306794.61099570105,295068.94563138793
215000.0,151589.96138966884,156846.62442202854,63410.03861033116,58153.375577971456
230000.0000000001,185662.14548923954,182949.4669226517,44337.854510760546,47050.53307734837
178499.99999999985,227152.70024079355,213412.85326231597,-48652.700240793696,-34912.853262316115
286000.00000000023,516915.0701604069,505585.96970842703,-230915.07016040664,-219585.9697084268
270000.00000000006,396743.85913779895,406904.3496259165,-126743.85913779889,-136904.34962591645
890000.0000000002,203455.63408843236,211315.04256817998,686544.3659115678,678684.9574318202
525000.0000000003,420149.2583884106,462752.7522888939,104850.74161158974,62247.247711106436
499999.99999999977,321940.25280528585,324475.6383750448,178059.7471947139,175524.36162495497
474999.99999999977,577309.7046572771,578221.3689215682,-102309.70465727733,-103221.36892156838
392000.0,330481.1111301638,339539.58066571,61518.88886983623,52460.419334290025
284999.99999999994,173920.1420257566,176429.39489585013,111079.85797424335,108570.60510414981
397100.0000000002,250970.33325068615,249110.38906344707,146129.66674931403,147989.6109365531
238499.99999999985,317772.94099743076,323635.02342424716,-79272.94099743091,-85135.02342424731
327600.0,433766.7921897273,456737.14989855705,-106166.7921897273,-129137.14989855705
289899.9999999999,229489.01861379936,216230.6255813338,60410.981386200525,73669.37441866609
156499.99999999985,244399.7212059186,242516.26902858214,-87899.72120591876,-86016.26902858229
238000.0,166475.51549198412,164280.37196017828,71524.48450801588,73719.62803982172
599000.0,405226.0309498864,410215.690461668,193773.96905011358,188784.309538332
253000.0000000001,278707.3134733206,293022.12007785944,-25707.313473320537,-40022.12007785935
284949.99999999977,192275.50067856326,202738.63890499348,92674.49932143651,82211.36109500629
998000.0000000008,786411.1514450505,788215.9891356772,211588.84855495032,209784.0108643236
116489.99999999991,196143.15277581583,197848.77396347135,-79653.15277581592,-81358.77396347144
196000.0000000001,197532.71521581395,190891.6402133739,-1532.7152158138633,5108.359786626184
240579.9999999999,166839.87046792355,174596.53362808496,73740.12953207636,65983.46637191495
145000.00000000012,135947.3981628991,131321.7010636533,9052.601837101014,13678.298936346808
105499.99999999993,124455.81255453266,122154.09541151358,-18955.812554532735,-16654.095411513656
279000.0000000001,311148.8778851283,316988.8581062671,-32148.877885128197,-37988.858106267
474999.99999999977,675910.2989205866,710495.7893007452,-200910.29892058682,-235495.78930074547
425000.0000000002,539103.1182727818,786279.8800837108,-114103.11827278166,-361279.8800837106
449999.99999999994,517930.0529011347,534622.6331713324,-67930.05290113477,-84622.63317133248
269000.0,183949.893403366,189718.88768276406,85050.106596634,79281.11231723594
299000.00000000006,301025.43016806454,305768.3449365205,-2025.4301680644858,-6768.344936520443
552000.0000000003,396219.34523877624,396433.4770847132,155780.6547612241,155566.52291528718
259900.00000000012,456939.4273162574,435528.0529257557,-197039.42731625726,-175628.05292575556
153700.0,285755.47003804496,271042.0425841283,-132055.47003804496,-117342.04258412833
68999.99999999997,205236.87094389542,199538.27916332343,-136236.87094389545,-130538.27916332346
299999.99999999977,343075.8587078496,364416.9330014324,-43075.85870784981,-64416.933001432626
342900.0000000003,269777.96404789074,277005.43899950135,73122.03595210955,65894.56100049894
1299999.9999999993,589643.4853361354,773676.5501354802,710356.5146638639,526323.4498645191
130999.99999999997,172458.57256649938,172088.48910134152,-41458.57256649941,-41088.48910134155
488999.9999999996,462078.7372322618,473290.52128250705,26921.26276773779,15709.478717492544
271999.9999999999,166137.4882013986,156004.14636963204,105862.51179860128,115995.85363036784
294999.9999999998,185671.6452863113,177981.34624628566,109328.35471368852,117018.65375371417
749999.9999999998,721721.1600013316,803843.7732893187,28278.839998668176,-53843.773289318895
323999.9999999999,445044.97816687886,434655.4211396794,-121044.97816687898,-110655.4211396795
798000.0000000002,295327.3195551613,292550.2104518771,502672.68044483894,505449.78954812314
570000.0000000001,614673.4048576582,637677.3835070145,-44673.40485765808,-67677.38350701437
227499.99999999997,193976.57905794497,200990.48136974525,33523.420942055,26509.518630254723
465000.00000000023,265915.63831977174,260178.43546209577,199084.3616802285,204821.56453790446
287999.9999999999,246999.39672891595,262247.16925834434,41000.603271083935,25752.830741655547
159499.9999999999,132750.0514996937,125172.78647318271,26749.9485003062,34327.2135268172
197000.00000000015,301139.18638062786,323667.69555275363,-104139.18638062771,-126667.69555275349
328000.0000000002,659959.90293644,647261.5532215668,-331959.9029364398,-319261.55322156666
409999.9999999997,296489.13877423556,325009.2440810135,113510.86122576415,84990.75591898622
1592000.0000000007,621462.1219265345,723963.3205392889,970537.8780734662,868036.6794607118
49000.00000000002,136782.20112937596,142847.388253687,-87782.20112937593,-93847.38825368698
299999.99999999977,249490.1737684235,254158.6316094311,50509.82623157627,45841.36839056868
436425.0000000003,239800.1941482214,241924.10064665906,196624.8058517789,194500.89935334123
283000.0000000001,209112.85337005238,194319.20625537256,73887.14662994773,88680.79374462756
974999.9999999999,616220.7131213907,632128.7065711188,358779.2868786092,342871.2934288811
230000.0000000001,394703.98386086046,393706.1652389839,-164703.98386086037,-163706.16523898378
48499.99999999998,220271.57917495718,233668.98919085454,-171771.5791749572,-185168.98919085457
743999.9999999993,739247.7908081878,768975.3033352704,4752.209191811504,-24975.303335271077
188999.99999999988,115978.215020796,111208.00863749764,73021.78497920389,77791.99136250225
79000.00000000006,118851.09153877945,116907.9791982299,-39851.091538779394,-37907.97919822985
299999.99999999977,391174.48679248895,388905.761881613,-91174.48679248919,-88905.76188161323
779000.0000000001,497432.48719177453,511152.1895369099,281567.5128082256,267847.8104630902
263000.0000000002,258498.71171605357,260784.55479205423,4501.288283946604,2215.4452079459443
265400.00000000006,243252.9237719937,258096.2769878771,22147.076228006365,7303.723012122966
294999.9999999998,289738.62408824667,293411.74112835235,5261.375911753159,1588.258871647471
127500.00000000001,167495.48618541443,158674.9341916818,-39995.48618541441,-31174.93419168178
276000.0000000002,193884.25947774816,199864.13178641468,82115.74052225202,76135.86821358549
630000.0000000006,321627.35344827775,331748.09546258533,308372.64655172284,298251.90453741525
69499.99999999996,190101.47626909296,204940.0442974046,-120601.47626909301,-135440.04429740465
167999.9999999999,208519.74536096153,197140.36099002842,-40519.74536096162,-29140.36099002851
384785.00000000006,163435.3022032933,165215.30602764527,221349.69779670675,219569.69397235478
210999.99999999994,238811.50414733985,237450.82827898508,-27811.504147339903,-26450.828278985136
49000.00000000002,211571.59395729814,220745.8375053786,-162571.59395729812,-171745.83750537856
1552499.9999999988,1469086.7891204776,1690000.0,83413.21087952121,-137500.00000000116
157999.99999999997,188305.43372748877,191547.3064616369,-30305.433727488795,-33547.30646163694
330000.0000000001,405880.75616490096,416370.2698790812,-75880.75616490084,-86370.26987908111
297599.9999999999,305964.03426994185,314513.7313509825,-8364.03426994197,-16913.73135098262
158999.99999999997,137973.81357005402,140877.7187052222,21026.186429945956,18122.281294777757
626999.9999999998,354287.0575190628,388346.5989121541,272712.942480937,238653.40108784568
566000.0000000005,466838.0568641132,450299.3583774287,99161.94313588727,115700.64162257174
129900.00000000012,183416.65769773803,203368.30458711507,-53516.657697737915,-73468.30458711495
89000.00000000004,159970.1213317319,175679.46311097033,-70970.12133173186,-86679.46311097029
725000.0000000006,566924.9771045565,612007.684754001,158075.02289544407,112992.3152459996
1469999.999999999,769481.5558487899,968443.9454619417,700518.4441512092,501556.0545380574
187000.00000000012,317662.4324936203,317767.97382723173,-130662.4324936202,-130767.97382723162
177900.0000000001,241540.91700146807,242512.087147908,-63640.917001467984,-64612.08714790791
199499.99999999994,188921.6856076981,194639.65956324092,10578.314392301836,4860.3404367590265
186560.00000000003,219134.67668953812,223670.303505776,-32574.676689538086,-37110.303505775984
597999.9999999998,277562.0071155229,290141.75011273765,320437.99288447684,307858.2498872621
114999.99999999991,182559.7007553739,190771.96638392576,-67559.70075537398,-75771.96638392584
177900.0000000001,268328.91261701303,270850.90272686386,-90428.91261701295,-92950.90272686377
210000.0,294868.0061138564,288233.3755126987,-84868.00611385639,-78233.37551269872
208999.99999999988,247842.4633223626,265815.1280408127,-38842.46332236272,-56815.12804081279
126999.99999999991,150835.64480580564,152189.97890072138,-23835.64480580573,-25189.97890072147
49000.00000000002,110678.14243401233,110860.95252213352,-61678.14243401231,-61860.9525221335
1350000.0,714694.6520879051,745546.4800239693,635305.3479120949,604453.5199760307
291999.9999999998,262664.75755596,271910.26814653113,29335.242444039846,20089.731853468693
544999.9999999997,399520.671521614,438957.97872190265,145479.32847838564,106042.021278097
329000.0000000003,224191.04470972525,214774.1355597534,104808.95529027504,114225.86444024689
158999.99999999997,242013.3364760211,254068.29163074642,-83013.33647602113,-95068.29163074645
398999.99999999977,492828.49107808457,471878.57388253126,-93828.4910780848,-72878.57388253149
139900.0000000001,181350.54225808862,191030.15122936934,-41450.542258088535,-51130.15122936925
193879.99999999983,174594.4753302336,163825.7365644594,19285.524669766222,30054.26343554043
471449.99999999965,298726.2536620322,319884.9167833691,172723.74633796746,151565.08321663056
1028999.9999999997,559219.6156692121,612685.3736188541,469780.3843307876,416314.62638114556
318000.0,251147.06945714366,253072.2793229453,66852.93054285634,64927.72067705469
299000.00000000006,383548.5597139085,361776.87657020194,-84548.55971390841,-62776.876570201886
395000.00000000035,484808.57199998794,497595.5036401619,-89808.57199998759,-102595.50364016154
470250.00000000035,316920.0581800482,297920.282599075,153329.94181995216,172329.71740092535
615000.0,300081.2738745963,312626.60427884595,314918.7261254037,302373.39572115405
334999.9999999998,582054.4225016248,559062.3229109977,-247054.42250162497,-224062.32291099784
244000.00000000003,192405.3015360865,193665.8860696798,51594.69846391352,50334.11393032022
84999.99999999996,134268.69718281183,132613.73548282083,-49268.69718281187,-47613.73548282088
816999.9999999993,391680.24791955535,400638.60542029183,425319.75208044396,416361.39457970747
273699.99999999977,255432.06765683618,261968.00769664935,18267.932343163586,11731.992303350416
302000.00000000006,218019.53357543828,209345.07044397274,83980.46642456178,92654.92955602732
199999.99999999997,253497.25350706704,258680.4056236056,-53497.25350706707,-58680.40562360562
288999.9999999999,397253.8769992762,402945.6014820056,-108253.87699927634,-113945.60148200573
255000.0000000001,268976.0382186821,264615.651364722,-13976.03821868202,-9615.65136472191
104999.99999999997,105936.6479242469,98462.5755398976,-936.6479242469359,6537.424460102367
425000.0000000002,347405.94041178364,351854.31183657516,77594.05958821654,73145.68816342502
152000.00000000006,121845.32860547464,128100.86012418005,30154.671394525416,23899.13987582001
483000.00000000023,524566.9266912087,523373.629643511,-41566.9266912085,-40373.629643510794
241500.0,341561.36882724735,393910.200774445,-100061.36882724735,-152410.20077444502
1680000.0000000005,707322.7568658056,719104.7195561517,972677.2431341949,960895.2804438488
369999.99999999977,387717.6459098688,388249.08833869133,-17717.645909869054,-18249.088338691567
429989.99999999977,233145.93683708739,253521.31583501515,196844.06316291238,176468.68416498462
124999.9999999999,241579.66666469103,229763.9498204495,-116579.66666469113,-104763.94982044959
294000.0000000001,301012.95163811144,309765.2789462598,-7012.951638111321,-15765.2789462597
280000.0,256136.27274518198,270729.07891722315,23863.72725481802,9270.921082776855
143000.0000000001,151128.22101399302,145060.9532938185,-8128.2210139929375,-2060.9532938183984
274499.99999999994,178034.3705293545,196133.49307916977,96465.62947064545,78366.50692083017
429900.0000000001,253454.33603236644,272524.6998127431,176445.66396763368,157375.300187257
319000.0,306092.9508524123,296780.5769017597,12907.049147587677,22219.42309824028
176550.00000000006,196376.05932275928,197745.69861508644,-19826.059322759218,-21195.69861508638
425000.0000000002,499802.30799979164,515769.28265729133,-74802.30799979146,-90769.28265729116
284000.00000000023,329318.98533892754,336493.0239492647,-45318.985338927305,-52493.02394926449
130000.00000000009,179635.64187541703,197606.0245771858,-49635.64187541694,-67606.02457718572
154600.0,227182.64310964308,223028.52795571584,-72582.64310964308,-68428.52795571584
177999.99999999994,226777.99337696127,227686.0461393697,-48777.99337696133,-49686.04613936975
327050.00000000023,252082.3852121621,242915.78740372058,74967.61478783813,84134.21259627966
470250.00000000035,288404.9882656827,301320.1880619335,181845.01173431764,168929.81193806685
315000.0000000002,212516.3882881396,218509.57581353828,102483.61171186058,96490.4241864619
978000.0000000001,420157.2227698168,429676.9071623531,557842.7772301834,548323.0928376471
229000.00000000006,293865.7034909529,273603.94193795195,-64865.703490952845,-44603.941937951895
393000.0000000002,538102.8887500577,567522.1371214603,-145102.8887500575,-174522.1371214601
145000.00000000012,258941.72145272355,297110.60015773954,-113941.72145272343,-152110.60015773942
429000.00000000006,403371.7438670151,453400.89560075867,25628.25613298494,-24400.89560075861
210000.0,636101.4478547381,635496.2722836302,-426101.4478547381,-425496.2722836302
780000.0000000001,697896.1190189144,693273.8112294129,82103.8809810857,86726.1887705872
126500.00000000006,114180.93607564131,105086.25534599526,12319.06392435875,21413.744654004797
439000.0000000001,564386.5644043456,558352.0546513976,-125386.56440434547,-119352.05465139751
385000.00000000023,331988.8216811709,330596.39322810614,53011.178318829334,54403.60677189409
199999.99999999997,210301.77561527208,210434.94168023797,-10301.775615272112,-10434.941680238
267999.99999999977,158986.2170077113,153773.2393338745,109013.78299228847,114226.76066612528
1499999.9999999986,304628.2845839252,326344.9668106833,1195371.7154160733,1173655.0331893153
674999.9999999998,519841.3220311641,584988.9497845934,155158.6779688357,90011.05021540634
1219000.0000000007,836473.6620845413,1046736.299769083,382526.3379154594,172263.70023091766
225000.00000000015,535039.102512173,518614.80161672935,-310039.1025121729,-293614.80161672924
418000.00000000023,533278.7031487597,526140.8722365797,-115278.70314875944,-108140.87223657942
341087.00000000023,397130.2777524671,430645.44864008203,-56043.27775246685,-89558.4486400818
249569.99999999983,218027.09863945423,226184.52956421385,31542.9013605456,23385.470435785974
336000.00000000006,261419.68318063807,264787.34684058226,74580.316819362,71212.6531594178
460000.0000000002,292829.35142305196,295770.78479716874,167170.6485769482,164229.21520283143
167000.0000000001,143541.16457209416,139428.92908880915,23458.835427905928,27571.07091119094
318000.0,273535.63523582456,276759.166464035,44464.364764175436,41240.83353596501
598500.0,312223.95297289285,344235.4303129898,286276.04702710715,254264.5696870102
326000.0,292221.26444429497,286507.0121437773,33778.73555570503,39492.987856222724
382999.9999999997,332772.82125146943,329122.24723336776,50227.17874853028,53877.75276663195
115989.99999999994,216537.71662200522,222319.43687508866,-100547.71662200527,-106329.43687508872
348000.0000000002,570421.9204629767,632469.5754279717,-222421.9204629765,-284469.5754279715
226499.99999999985,221116.14082215072,212598.642927396,5383.859177849139,13901.35707260386
257000.00000000015,387253.38538834034,387127.43276876595,-130253.38538834019,-130127.43276876581
160500.00000000003,224926.58637931,254169.6595695317,-64426.58637930997,-93669.65956953168
134999.99999999997,98209.83599910299,94804.33700475523,36790.164000896984,40195.66299524474
68999.99999999997,193301.93070490166,201826.74216699714,-124301.9307049017,-132826.74216699717
291005.00000000023,250714.04729250228,268122.0192144065,40290.952707497956,22882.98078559374
149900.0,154013.93771895958,154925.9154790585,-4113.937718959583,-5025.915479058487
814999.9999999993,521618.1423736919,530628.9019795092,293381.8576263074,284371.09802049014
173999.99999999997,163743.9537391215,160149.02773257275,10256.046260878473,13850.97226742722
530000.0000000003,649982.9209407509,673353.1211005243,-119982.92094075051,-143353.12110052397
200599.99999999983,205277.84715883536,214390.1543802218,-4677.847158835531,-13790.154380221968
299000.00000000006,458208.968335807,497429.93059141474,-159208.96833580692,-198429.93059141468
248000.0000000002,365625.34098365484,353193.2230772736,-117625.34098365463,-105193.22307727337
39850.00000000002,116295.20998927599,116947.8802708667,-76445.20998927596,-77097.88027086668
427000.00000000035,379142.8200346242,388965.65161374985,47857.179965376155,38034.348386250495
219999.99999999983,337920.78728475765,333066.0079399705,-117920.78728475783,-113066.0079399707
239000.00000000003,441201.62892085646,462664.7752958116,-202201.62892085643,-223664.77529581156
558499.9999999999,261835.59717819776,273910.8629197374,296664.4028218021,284589.1370802625
576800.0000000005,452880.22365702403,493937.43516810227,123919.77634297643,82862.5648318982
215000.0,196094.47993547842,207064.406681148,18905.52006452158,7935.593318852014
116000.0000000001,117245.10146827296,114382.57296766115,-1245.1014682728564,1617.42703233895
71999.99999999996,199161.25196912698,189500.86393280292,-127161.25196912703,-117500.86393280297
128500.00000000004,161949.91578413412,154764.03916164776,-33449.91578413408,-26264.039161647714
67000.0,130146.24541819602,136861.06227729167,-63146.24541819602,-69861.06227729167
769999.9999999997,445008.9983535271,460119.5106667521,324991.00164647255,309880.48933324753
208999.99999999988,224241.24134607206,213244.15035953032,-15241.241346072173,-4244.150359530438
579999.9999999997,527317.125303931,556853.7313583491,52682.8746960687,23146.26864165056
504000.00000000023,578460.5425325942,621015.9224984588,-74460.54253259394,-117015.92249845853
798999.9999999997,346154.94650146394,343490.210282868,452845.0534985357,455509.78971713164
429000.00000000006,443479.89831370104,468093.9296981679,-14479.898313700978,-39093.929698167834
487100.0000000001,360977.9881104797,379185.12993932574,126122.01188952039,107914.87006067438
702000.0000000003,776854.3104428656,841949.9375407483,-74854.31044286524,-139949.93754074792
235999.9999999999,259965.92986413313,262922.40311475465,-23965.929864133213,-26922.403114754736
1490000.0000000002,448996.9552823707,482175.6084066088,1041003.0447176296,1007824.3915933914
53500.00000000004,159794.614934654,171858.35027756105,-106294.61493465398,-118358.35027756102
212700.9999999999,214791.9336292986,218767.05045054108,-2090.933629298699,-6066.050450541166
70000.00000000001,157013.75279441755,154200.17326669022,-87013.75279441754,-84200.17326669021
471999.9999999998,208304.80277562575,215618.35813213393,263695.19722437405,256381.6418678659
480000.00000000006,302586.23446626886,289707.58549331507,177413.7655337312,190292.414506685
225000.00000000015,536608.8410724268,520284.37093383033,-311608.84107242664,-295284.37093383016
429000.00000000006,455384.0791663346,444439.20266007533,-26384.07916633453,-15439.202660075272
249000.00000000006,238100.47543036172,239939.4474837228,10899.524569638335,9060.552516277268
133749.9999999999,122943.76377969429,117316.88849488039,10806.236220305625,16433.111505119523
326000.0,243531.42312894098,241185.12120203467,82468.57687105902,84814.87879796533
261999.99999999994,283446.7223473467,301680.41011427273,-21446.722347346775,-39680.41011427279
232100.0000000001,286327.9776859149,283717.45828615944,-54227.97768591481,-51617.45828615935
444999.9999999997,561481.7805313949,538587.4802043998,-116481.78053139517,-93587.48020440008
241860.00000000003,514909.26420486934,634734.5022748997,-273049.2642048693,-392874.50227489974
1200000.0000000005,609484.9442335982,643527.2677472088,590515.0557664023,556472.7322527916
239000.00000000003,235803.2628625391,230899.23030726414,3196.7371374609356,8100.769692735892
265000.00000000006,337569.2883975183,360599.2187913189,-72569.28839751822,-95599.21879131882
253000.0000000001,179934.27232399752,177513.64762817876,73065.72767600257,75486.35237182133
85500.00000000006,170437.76771328604,164536.28612056884,-84937.76771328598,-79036.28612056878
719999.9999999995,801722.5610773691,799258.5354221739,-81722.56107736961,-79258.53542217438
315000.0000000002,278842.30297647585,268510.83999903407,36157.69702352432,46489.160000966105
376999.99999999977,244309.01876196708,241245.18112761693,132690.9812380327,135754.81887238284
519000.0,518372.29613842117,519416.5810762407,627.7038615788333,-416.5810762406909
127199.99999999999,184259.00367405743,188039.54421730642,-57059.00367405744,-60839.54421730644
267749.9999999998,254136.36747159588,247987.16653374466,13613.632528403949,19762.833466255164
334000.0000000002,169449.83880902184,168712.73764383062,164550.16119097834,165287.26235616955
563999.9999999997,408991.96348921995,419763.6524705241,155008.0365107797,144236.34752947558
899999.9999999995,606617.261430624,604629.515835412,293382.7385693755,295370.4841645876
687000.0,401798.3116588958,407007.7083685669,285201.6883411042,279992.2916314331
188000.00000000012,171062.89084594723,173588.9881263637,16937.109154052887,14411.011873636424
185000.00000000006,158710.5259973921,141666.12155066215,26289.474002607953,43333.878449337906
354999.9999999998,286471.06965726963,285314.931557309,68528.9303427302,69685.06844269083
504900.00000000023,622193.0262747435,659265.0216766552,-117293.02627474326,-154365.02167665493
49000.00000000002,94396.90653394526,95025.01975877747,-45396.90653394524,-46025.01975877745
173952.00000000006,170825.6741294924,166984.24186476937,3126.3258705076587,6967.758135230688
534499.9999999999,413295.39627258375,423337.2483053327,121204.60372741614,111162.75169466721
279000.0000000001,479733.94016571663,469732.6303501912,-200733.9401657165,-190732.6303501911
997500.0000000007,303820.98504935956,312185.5629266367,693679.0149506412,685314.4370733639
349999.9999999997,263019.6877020319,266404.97216029174,86980.31229796779,83595.02783970797
998000.0000000008,698890.3464449913,702698.629216873,299109.6535550095,295301.37078312784
106499.99999999996,180513.025329837,183996.65291123805,-74013.02532983704,-77496.6529112381
468999.9999999998,416370.54619915225,418086.31773537106,52629.45380084758,50913.68226462876
198459.9999999999,222672.87953181236,227964.6667509852,-24212.879531812447,-29504.666750985285
126999.99999999991,153845.61997468502,149495.72695610806,-26845.619974685105,-22495.72695610815
167200.00000000003,216422.9650540423,205311.63248293134,-49222.96505404226,-38111.63248293131
689999.9999999995,815964.4697823646,812434.4683414543,-125964.46978236502,-122434.46834145475
1290000.0000000007,523447.90455638285,515537.79187089554,766552.0954436178,774462.2081291052
415900.0000000002,471633.2051806158,513918.222890961,-55733.20518061565,-98018.22289096081
324999.9999999999,326496.8563302954,319842.5187076274,-1496.8563302955008,5157.481292372511
249999.9999999998,244454.68252099308,268336.4987175638,5545.317479006713,-18336.498717564013
102000.00000000001,214440.65936098676,203391.83974229786,-112440.65936098674,-101391.83974229785
165000.00000000015,193378.37075107425,178712.80792405343,-28378.370751074108,-13712.807924053282
237375.0000000001,201549.21292525885,216736.64675449877,35825.78707474124,20638.35324550132
739000.0000000005,555168.7234788875,543401.042745049,183831.276521113,195598.95725495147
206999.99999999994,166073.11085761632,161755.678877642,40926.88914238362,45244.32112235794
1690000.0000000007,798025.0040554573,831354.1462506799,891974.9959445434,858645.8537493208
255999.99999999985,464456.7053875823,447208.7091685528,-208456.70538758245,-191208.70916855297
155499.9999999999,199769.2109670757,191325.10869118935,-44269.21096707578,-35825.10869118944
884000.0000000002,410661.6924895241,440867.1064884363,473338.30751047615,443132.89351156395
202000.0000000001,222844.49545202017,212951.75435558212,-20844.495452020084,-10951.75435558203
890000.0000000002,210072.39688083428,220766.98896017286,679927.603119166,669233.0110398274
420000.0,401426.62924780534,405440.66086821724,18573.370752194664,14559.339131782763
899599.9999999997,413745.4208367678,464810.23356609105,485854.5791632318,434789.7664339086
112000.00000000004,163430.3194483355,160421.84063180967,-51430.31944833546,-48421.840631809624
169599.99999999988,161159.87955880034,146377.45090780815,8440.120441199542,23222.549092191737
259999.9999999998,272956.79129776347,276747.00459640543,-12956.791297763673,-16747.004596405633
90500.00000000001,181412.599735707,176431.79292198305,-90912.59973570697,-85931.79292198304
984999.9999999994,752842.9761610708,708524.1149460606,232157.02383892867,276475.88505393884
133000.00000000012,145352.57340617897,137392.1670386964,-12352.573406178853,-4392.167038696294
895000.0000000007,730739.467863478,736976.2846417387,164260.5321365227,158023.71535826195
685000.0000000005,615532.0187854114,638404.83022037,69467.98121458909,46595.169779630494
549000.0000000005,613607.6722725071,634534.7893087812,-64607.672272506636,-85534.78930878069
96999.99999999999,145777.92774224625,138832.78218333842,-48777.92774224626,-41832.78218333844
898999.9999999995,706758.6901170473,712299.9506945438,192241.30988295225,186700.04930545576
397999.99999999977,217962.96526217012,218306.4477685714,180037.03473782964,179693.55223142836
170000.00000000012,219754.63758206714,207775.9619895549,-49754.63758206702,-37775.96198955478
165000.00000000015,152526.91983270488,150220.97025388124,12473.080167295266,14779.029746118904
1138500.0000000002,381386.15196493466,462926.9801553588,757113.8480350656,675573.0198446414
590000.0000000003,547094.9021623704,574723.9924269456,42905.09783762996,15276.007573054754
497999.9999999996,566306.0270437942,576335.8354034707,-68306.02704379457,-78335.83540347108
1200000.0000000005,221188.84037725787,213313.67415537368,978811.1596227426,986686.3258446268
269000.0,113280.43124666922,109268.61103240162,155719.5687533308,159731.38896759838
152000.00000000006,192193.04433215098,184205.08671366962,-40193.04433215092,-32205.08671366956
398999.99999999977,300190.63228652196,318174.88040173845,98809.36771347781,80825.11959826131
118799.9999999999,97558.48000431154,94634.75451843733,21241.51999568836,24165.245481562568
127999.99999999997,214847.22131768108,202317.3878354138,-86847.2213176811,-74317.38783541383
520000.0,460861.468839876,446819.56897855265,59138.531160123996,73180.43102144735
739999.9999999999,439238.2249389166,430656.692302474,300761.77506108326,309343.3076975259
233000.0000000001,273250.6829168671,278354.69926477986,-40250.682916866994,-45354.699264779774
426000.0000000002,392010.87416925246,380785.8330343622,33989.12583074771,45214.166965637996
175000.00000000012,272977.41486972955,261101.99012084145,-97977.41486972943,-86101.99012084134
124500.00000000003,185037.6456740875,182186.64799998965,-60537.64567408746,-57686.647999989626
358749.99999999977,231947.79137778346,228211.78919348176,126802.2086222163,130538.21080651801
876750.0000000007,251401.62347397656,273457.38415948726,625348.3765260242,603292.6158405135
336000.00000000006,328439.90952109144,323896.5089497931,7560.09047890862,12103.49105020694
99000.00000000004,187062.70392092215,181036.74874758587,-88062.70392092211,-82036.74874758582
280000.0,251044.32955312805,249325.28017278374,28955.670446871954,30674.719827216264
470250.00000000035,382347.74081403593,387407.97618523904,87902.25918596442,82842.02381476131
284999.99999999994,381922.10401626787,391322.01883044356,-96922.10401626793,-106322.01883044362
469124.9999999999,255333.97660829977,261244.60389095868,213791.02339170012,207880.3961090412
86000.00000000001,138385.0231933795,134413.25577580178,-52385.02319337947,-48413.255775801765
127999.99999999997,207546.42310874772,196298.51677112927,-79546.42310874775,-68298.5167711293
794999.9999999998,407795.90332736005,409979.4062874227,387204.0966726397,385020.5937125771
461999.9999999998,725027.4223386237,804364.640980796,-263027.42233862384,-342364.64098079613
262500.00000000023,205241.23204824823,211527.73965224525,57258.767951752,50972.260347754986
624000.0000000006,533797.8342334104,530548.3464646492,90202.16576659016,93451.65353535139
416000.0,551945.1438301818,601114.4219838413,-135945.1438301818,-185114.42198384134
389000.00000000035,512870.234240865,531763.8275973777,-123870.23424086464,-142763.82759737736
145000.00000000012,218298.90781849143,225489.8172082794,-73298.90781849131,-80489.81720827927
99899.99999999996,127233.28319330339,121304.6284832705,-27333.283193303432,-21404.628483270542
349999.9999999997,159881.0081739673,153732.28602500795,190118.9918260324,196267.71397499176
185000.00000000006,175505.3137423334,170161.48290489774,9494.686257666646,14838.517095102317
947999.9999999993,456497.1766596524,480743.08672239154,491502.8233403469,467256.91327760776
744999.9999999997,639436.6648248676,657824.1708478387,105563.33517513203,87175.8291521609
280000.0,418988.7527511435,404896.2936075879,-138988.75275114347,-124896.29360758793
133999.9999999999,178636.52326941086,172834.06919144376,-44636.52326941094,-38834.06919144385
181049.99999999985,203638.68076261968,211867.29998874164,-22588.680762619828,-30817.299988741783
1650000.0000000007,742585.9066069872,851460.8477843275,907414.0933930135,798539.1522156732
175000.00000000012,255968.79413055364,270461.2273653698,-80968.79413055352,-95461.22736536968
549000.0000000005,423064.01925651595,430657.4669793364,125935.98074348451,118342.53302066406
229000.00000000006,207435.937029235,220429.74166579035,21564.06297076505,8570.258334209706
385999.99999999977,238498.14432661064,238803.06955094016,147501.85567338913,147196.9304490596
279899.99999999994,275441.3230295014,276047.6424488068,4458.67697049852,3852.357551193156
356999.99999999994,248499.03132785438,241123.71618034627,108500.96867214557,115876.28381965368
102000.00000000001,113510.2995524235,114166.2949354219,-11510.299552423487,-12166.294935421887
75000.00000000004,83659.27698987762,80870.09120101959,-8659.276989877573,-5870.091201019546
197000.00000000015,299035.586903186,332410.7343587819,-102035.58690318585,-135410.73435878174
883150.0000000006,268670.12967092707,264216.56677888957,614479.8703290735,618933.4332211111
287000.0000000001,220369.6497622484,231139.68183763648,66630.35023775173,55860.318162363634
574000.0000000001,475278.21063020336,517172.470643893,98721.78936979675,56827.529356107116
229000.00000000006,181890.50144084214,166585.2902512034,47109.49855915792,62414.70974879665
465000.00000000023,410950.33275225834,402386.45741370664,54049.66724774189,62613.542586293595
356999.99999999994,126102.24227256124,120524.13224357022,230897.7577274387,236475.8677564297
415000.00000000006,567179.4931992493,547727.1926173394,-152179.4931992492,-132727.19261733937
259999.9999999998,391786.2144863624,416343.9171143154,-131786.21448636262,-156343.91711431558
362000.0,329053.9525675151,327974.76191121317,32946.04743248492,34025.238088786835
85500.00000000006,128493.31044981412,130591.32526711984,-42993.31044981406,-45091.325267119784
286000.00000000023,286764.0993546644,299500.08279623504,-764.0993546641548,-13500.082796234812
1160000.0000000002,1137727.6958337717,1325368.1040330492,22272.30416622851,-165368.10403304896
349999.9999999997,191017.8773277169,182458.88394015926,158982.1226722828,167541.11605984045
575000.0000000001,482550.61933948647,478557.3892961473,92449.38066051365,96442.61070385284
44499.99999999997,89888.6408009536,84498.18811310659,-45388.640800953624,-39998.18811310662
479000.00000000035,385075.7918689709,401382.1561283465,93924.20813102945,77617.84387165384
86000.00000000001,120307.37594502005,118032.8535288896,-34307.37594502003,-32032.85352888958
259999.9999999998,239365.22650751047,246203.21909775925,20634.77349248933,13796.780902240542
95000.00000000001,130142.6458388543,126249.1995701756,-35142.64583885428,-31249.19957017558
116999.99999999991,130974.2692400402,124726.82094189484,-13974.269240040288,-7726.820941894926
458999.99999999977,560587.5282691489,587583.3575411951,-101587.52826914913,-128583.35754119535
297999.9999999998,331903.33000575256,354945.8441635233,-33903.33000575274,-56945.84416352346
196099.99999999983,114781.06387768779,122486.3894861911,81318.93612231204,73613.61051380873
278000.0000000002,364383.94284425175,392698.70785866055,-86383.94284425158,-114698.70785866037
218999.99999999988,402991.32631418377,392675.8802904038,-183991.32631418388,-173675.8802904039
390000.00000000035,241419.08800099097,234865.38398204165,148580.91199900937,155134.6160179587
337000.0,479291.3182890739,441013.41169619764,-142291.31828907388,-104013.41169619764
467955.00000000023,457042.95432387927,452338.37010714435,10912.045676120964,15616.629892855883
359000.00000000023,392371.29712787084,393971.3761031178,-33371.29712787061,-34971.37610311754
624000.0000000006,831853.679807882,905684.605395111,-207853.67980788148,-281684.60539511044
244999.99999999997,164608.9028856322,160095.234946537,80391.09711436776,84904.76505346296
461999.9999999998,198491.73605525217,201658.73008235035,263508.2639447476,260341.26991764948
530400.0000000005,888744.2145757326,919945.6279707763,-358344.2145757321,-389545.6279707758
151499.99999999997,242823.45874646437,228800.7725344395,-91323.4587464644,-77300.77253443951
167000.0000000001,183080.89898901997,190506.67660893445,-16080.898989019886,-23506.67660893436
420000.0,320541.17235281,332423.5388525486,99458.82764719002,87576.46114745142
84999.99999999996,238905.3118101365,245293.58886124342,-153905.31181013654,-160293.58886124345
398999.99999999977,203921.83843910915,211337.75163695303,195078.1615608906,187662.24836304673
294999.9999999998,226199.13726829327,221031.74827585928,68800.86273170655,73968.25172414054
228000.00000000003,190954.7216171257,199334.55678318272,37045.27838287433,28665.443216817308
100000.00000000004,118551.8617801111,115326.05844456356,-18551.861780111052,-15326.058444563518
104999.99999999997,158722.62028297805,169878.88820600483,-53722.62028297808,-64878.88820600486
185000.00000000006,150939.7470282008,147303.13668300802,34060.25297179926,37696.863316992036
379999.9999999999,395757.7756108569,393271.9114227151,-15757.775610857003,-13271.911422715231
171999.99999999988,343435.59282253747,335621.69874744705,-171435.59282253758,-163621.69874744717
318000.0,290256.6533119741,296266.0295177074,27743.346688025922,21733.970482292585
682499.9999999995,284827.8843692004,293475.89290586807,397672.11563079915,389024.10709413147
254000.0000000002,439754.2869892412,504815.3369843372,-185754.286989241,-250815.336984337
249000.00000000006,221376.80658029686,230833.89600084018,27623.193419703195,18166.10399915988
177000.00000000006,390005.9069495171,437995.3832769845,-213005.90694951703,-260995.38327698444
379000.0000000002,387669.3506784389,403005.8662576364,-8669.350678438728,-24005.866257636226
299000.00000000006,295599.5126029511,315212.90906592103,3400.4873970489716,-16212.909065920976
194873.9999999999,157126.8308873292,166680.87130479855,37747.1691126707,28193.12869520136
134750.00000000006,130589.83708786695,134007.2908327811,4160.162912133106,742.7091672189708
324999.9999999999,326509.8621754493,329425.7903445685,-1509.862175449438,-4425.79034456861
279499.9999999999,232659.35797266016,229612.2815177953,46840.64202733972,49887.7184822046
284999.99999999994,283971.45730381226,277786.72650679015,1028.5426961876801,7213.273493209796
349899.99999999994,220583.95679794278,223052.41412590718,129316.04320205716,126847.58587409277
334400.0000000001,182510.72616963438,190903.98026961376,151889.27383036574,143496.01973038635
240499.99999999983,188162.9987072725,184152.69349853593,52337.001292727335,56347.3065014639
89650.00000000006,93615.78342823092,91954.64883079032,-3965.7834282308613,-2304.648830790262
315500.00000000023,307696.5750568519,302188.74712389143,7803.424943148333,13311.252876108803
261999.99999999994,282359.09621926193,294042.0260086028,-20359.09621926199,-32042.026008602872
213000.00000000015,339334.20522109093,323405.2026773466,-126334.20522109079,-110405.20267734645
339000.00000000023,216722.47414797253,213254.48190687314,122277.5258520277,125745.51809312709
345450.00000000023,288591.805458301,292356.29958998045,56858.19454169925,53093.70041001978
519000.0,354143.02305576415,373483.3321074581,164856.97694423585,145516.6678925419
100000.00000000004,136275.1985522934,139795.09987889143,-36275.19855229337,-39795.099878891386
764000.0000000006,392362.6815514555,418817.3376837104,371637.31844854506,345182.6623162902
138000.00000000006,227636.1275897601,221924.23472002725,-89636.12758976003,-83924.23472002719
842400.0,720245.8954263496,699439.4870506149,122154.1045736504,142960.5129493851
308275.0,265300.52832388144,268910.713324823,42974.471676118555,39364.28667517699
253899.9999999999,157172.45838482163,162652.9218891903,96727.54161517828,91247.07811080961
356999.99999999994,737103.1394942335,856095.9383151873,-380103.1394942336,-499095.9383151874
207500.0000000001,265182.1368203825,261459.93031701533,-57682.13682038241,-53959.93031701524
170000.00000000012,209503.5244381092,198768.46690363373,-39503.524438109074,-28768.466903633613
727999.9999999999,364939.670070957,387343.06123100815,363060.3299290429,340656.93876899173
138000.00000000006,131542.99509768328,127575.74886936555,6457.004902316781,10424.251130634511
585000.0000000003,294423.5753031702,292584.28508805344,290576.42469683016,292415.7149119469
139000.00000000003,136178.76261767332,128502.55607448476,2821.2373823267117,10497.443925515268
399500.00000000035,284550.24408886145,292756.045516531,114949.7559111389,106743.95448346937
289070.0000000001,300116.90682246827,316558.9232331092,-11046.906822468154,-27488.92323310906
225000.00000000015,260247.84507659762,293938.6718931158,-35247.84507659747,-68938.67189311565
135999.99999999997,157095.72292371938,147753.19963585102,-21095.72292371941,-11753.199635851051
216299.9999999999,166728.52128573277,185784.89029855016,49571.47871426714,30515.10970144975
70000.00000000001,430692.29165480036,495585.9863206729,-360692.29165480036,-425585.9863206729
135989.9999999999,148075.14743607808,135424.86862930044,-12085.147436078172,565.1313706994697
267799.9999999999,312301.4138541678,329883.73865465116,-44501.41385416791,-62083.73865465127
64999.999999999956,181469.59845744807,185295.85525808862,-116469.59845744811,-120295.85525808866
188999.99999999988,257947.26484176854,262805.0750206725,-68947.26484176866,-73805.07502067264
364999.99999999977,293905.0569830747,301807.7230177181,71094.94301692507,63192.27698228165
354999.9999999998,323616.3263880593,297129.25747315027,31383.673611940525,57870.74252684956
418999.9999999998,158939.56685326964,170442.1268692944,260060.43314673018,248557.8731307054
504000.00000000023,274130.887629521,276886.1574977644,229869.1123704792,227113.84250223584
400999.99999999994,723221.4394218294,730074.2003601809,-322221.4394218295,-329074.200360181
630000.0000000006,687767.148735921,697825.5045642764,-57767.14873592043,-67825.50456427585
229000.00000000006,271046.3572130269,280874.02845411253,-42046.357213026844,-51874.02845411247
639000.0000000006,380170.85371856025,381953.18305282097,258829.14628144033,257046.8169471796
811200.0000000005,825104.6269774694,967358.0875702162,-13904.626977468957,-156158.0875702157
217000.00000000012,293520.89319619123,288717.39641165466,-76520.89319619111,-71717.39641165454
114799.99999999996,167477.8993820349,176225.41970730503,-52677.89938203494,-61425.419707305075
118999.99999999993,421608.3436677706,485627.07324056636,-302608.3436677707,-366627.0732405664
330000.0000000001,236096.0274141085,233993.1326677831,93903.9725858916,96006.86733221702
39000.0,96732.77348784378,99673.05638592894,-57732.77348784378,-60673.05638592894
695000.0,637051.8369885749,656210.199592709,57948.16301142506,38789.80040729104
236249.9999999999,456859.20131021214,440383.97124684666,-220609.20131021223,-204133.97124684675
188999.99999999988,355568.521252855,321736.2807256632,-166568.52125285513,-132736.2807256633
938999.9999999999,459774.8425565927,478290.53874199354,479225.15744340717,460709.46125800634
188000.00000000012,167878.642101334,164703.98460252193,20121.357898666116,23296.015397478186
185000.00000000006,179421.83481969382,181822.4238810013,5578.165180306241,3177.5761189987534
136999.9999999999,176717.691673429,177258.59653586263,-39717.6916734291,-40258.596535862715
219989.99999999988,404470.84371026437,388262.1915133002,-184480.84371026448,-168272.1915133003
199000.0000000001,166434.72107569996,173984.0665831738,32565.27892430013,25015.9334168263
497999.9999999996,517364.65356040926,485644.61308973335,-19364.65356040967,12355.386910266243
308000.0000000001,196053.3853748344,206689.10779962194,111946.6146251657,101310.89220037818
425000.0000000002,258065.4085106301,270340.2038611586,166934.59148937007,154659.7961388416
348999.99999999994,341044.2882521518,393430.90584235697,7955.711747848138,-44430.905842357024
409999.9999999997,450642.90192391427,463355.07438329165,-40642.90192391456,-53355.07438329194
170000.00000000012,238658.52366384547,220748.25972874337,-68658.52366384535,-50748.25972874326
614595.9999999998,733025.868802016,762394.8334717109,-118429.86880201625,-147798.83347171114
181000.00000000006,120425.56810274138,118628.40707473205,60574.43189725868,62371.59292526801
275599.9999999998,161790.50804917916,165682.94586100755,113809.49195082067,109917.05413899227
979999.9999999997,1079211.514516088,1012572.8640342365,-99211.5145160883,-32572.864034236874
49900.000000000015,137677.0859667838,145150.66237146023,-87777.0859667838,-95250.66237146022
113999.99999999996,227725.3275895939,246975.77342465927,-113725.32758959393,-132975.77342465933
242000.00000000017,383436.8169747463,379389.39227905334,-141436.81697474612,-137389.39227905317
192999.99999999985,161200.50776821008,161501.85094973238,31799.492231789773,31498.14905026747
109000.0,122532.57195980173,118279.9522942315,-13532.571959801731,-9279.952294231494
214915.99999999997,348320.6821226084,348186.886190239,-133404.68212260844,-133270.88619023902
199999.99999999997,160239.27289233354,162032.5938160188,39760.72710766643,37967.40618398116
267999.99999999977,398788.53400390816,381951.871240379,-130788.5340039084,-113951.87124037923
54499.99999999998,611800.8435763351,821568.2187411886,-557300.8435763351,-767068.2187411886
397999.99999999977,334120.7431961869,347890.65569621796,63879.25680381287,50109.34430378181
227000.0,461841.1960563146,506436.63679247344,-234841.19605631463,-279436.63679247344
129000.0000000001,212660.1331221329,209324.38229826814,-83660.13312213279,-80324.38229826804
974999.9999999999,442780.3835990077,470093.3789470791,532219.6164009923,504906.62105292076
241500.0,347416.229831806,355104.3199035573,-105916.22983180598,-113604.3199035573
259974.99999999983,254498.43363979497,276216.6480996248,5476.566360204859,-16241.64809962496
1420000.0000000012,904066.3741346892,914437.300472466,515933.62586531194,505562.6995275351
280000.0,170833.6218719815,169961.7724570852,109166.37812801849,110038.2275429148
649999.9999999995,593847.6693408315,606032.3295985007,56152.330659168074,43967.67040149879
235000.0,139107.50658812272,151440.31832780247,95892.49341187728,83559.68167219753
150000.00000000006,180921.84544102746,179742.2777666622,-30921.8454410274,-29742.277766662155
530000.0000000003,312112.77912436397,312531.2866527825,217887.22087563638,217468.71334721782
170000.00000000012,240361.49625770014,271547.62728195597,-70361.49625770003,-101547.62728195585
199000.0000000001,226391.18772577343,225107.09443286306,-27391.187725773343,-26107.09443286297
158999.99999999997,363720.24014842557,385030.5199850345,-204720.2401484256,-226030.5199850345
780000.0000000001,295068.2680390996,318040.507764734,484931.73196090054,461959.49223526614
208999.99999999988,201877.1245945956,213842.19935847318,7122.87540540428,-4842.199358473299
233000.0000000001,233710.9901983944,238739.26589298653,-710.9901983943128,-5739.265892986441
169000.00000000012,231348.75092475273,228027.74504180503,-62348.75092475262,-59027.74504180491
84499.99999999994,156437.75736986691,164175.5304030314,-71937.75736986697,-79675.53040303144
233999.9999999999,281994.1437239041,292777.66501968814,-47994.143723904184,-58777.665019688226
249999.9999999998,253993.15586651754,252181.01669060823,-3993.1558665177436,-2181.016690608434
175000.00000000012,227594.40704140262,222483.22489639773,-52594.407041402505,-47483.224896397616
167999.9999999999,113958.48264558418,111951.56736156864,54041.51735441573,56048.43263843127
208259.99999999994,142307.29922457683,139166.25221388438,65952.70077542312,69093.74778611556
55000.00000000004,135220.702722702,131238.61533336996,-80220.70272270197,-76238.61533336993
101199.99999999997,163571.0427032955,166764.8923338042,-62371.042703295534,-65564.89233380422
76999.99999999997,254388.1988151447,264837.86625682045,-177388.19881514471,-187837.86625682047
86800.00000000006,134981.04744331524,137643.3181034737,-48181.04744331518,-50843.31810347363
354999.9999999998,608799.9387667879,606133.1331873743,-253799.93876678805,-251133.1331873745
142000.0,123854.12921807013,122152.01631445259,18145.870781929872,19847.983685547413
233000.0000000001,254991.7796507747,239686.13851531054,-21991.77965077461,-6686.138515310449
420000.0,288423.4331480206,271924.7733650209,131576.5668519794,148075.22663497907
125999.99999999993,110083.03864387897,111530.14447058296,15916.961356120955,14469.855529416964
410799.9999999997,275142.4974195108,284281.96167931374,135657.50258048892,126518.03832068597
324999.9999999999,393583.4404840986,394982.9660514084,-68583.44048409874,-69982.9660514085
278400.00000000006,244437.91697883568,247872.88350511115,33962.08302116438,30527.116494888905
664999.9999999995,625560.2464560121,658369.5830270011,39439.753543987405,6630.416972998413
50000.000000000015,146730.59857967435,145750.75641810155,-96730.59857967433,-95750.75641810153
377999.99999999994,285536.359680238,279085.1177518662,92463.64031976194,98914.88224813377
184300.00000000006,275032.8922249514,266125.2027877703,-90732.89222495136,-81825.20278777025
389000.00000000035,503054.86527509836,487986.94688146847,-114054.86527509801,-98986.94688146812
167999.9999999999,138847.8672611863,140046.3131709518,29152.132738813612,27953.68682904812
139999.9999999999,160892.3092419954,159242.25151856072,-20892.309241995477,-19242.251518560806
169124.99999999997,379046.80261798686,396618.01290790795,-209921.8026179869,-227493.01290790798
455000.0,638451.454087536,632258.0471116375,-183451.45408753597,-177258.04711163754
159999.99999999997,159758.41147241747,158089.4875190649,241.5885275824985,1910.5124809350818
48499.99999999998,132541.00105252702,122566.80873371805,-84041.00105252705,-74066.80873371806
1325000.0000000007,830518.7518774618,921955.0635181557,494481.2481225389,403044.936481845
669999.9999999998,661366.5054401252,667878.0308676932,8633.494559874525,2121.96913230652
348999.99999999994,378265.3553497351,395635.44752570754,-29265.355349735182,-46635.4475257076
114999.99999999991,238888.35287959673,242307.35568278324,-123888.35287959682,-127307.35568278332
97199.99999999993,136563.5782189719,138503.13026335984,-39363.578218971976,-41303.13026335991
371999.9999999998,879026.088123334,1073248.2021747048,-507026.08812333416,-701248.202174705
565000.0000000003,840474.8788885098,818438.1040261764,-275474.87888850947,-253438.10402617604
145000.00000000012,379428.66082113975,357123.86903987714,-234428.66082113964,-212123.86903987703
213000.00000000015,138909.58200169035,133034.26982148786,74090.4179983098,79965.73017851228
310000.0000000002,306383.69659469934,306726.51589363714,3616.3034053008305,3273.48410636303
258900.0,231026.26116970667,243665.56235292906,27873.738830293325,15234.43764707094
90000.00000000001,101603.15021076631,96727.42948338414,-11603.150210766296,-6727.429483384127
798999.9999999997,224984.06503925432,229276.1495581187,574015.9349607453,569723.850441881
135999.99999999997,125830.31124808946,124605.60457628564,10169.688751910508,11394.395423714333
249999.9999999998,345541.58517656534,358880.8000673598,-95541.58517656554,-108880.80006736002
84989.99999999993,174514.57099348976,171818.35528318986,-89524.57099348983,-86828.35528318993
319000.0,225716.8879323158,230480.36245726532,93283.11206768421,88519.63754273468
368371.0000000003,627551.3094306181,660036.9899607768,-259180.30943061778,-291665.98996077647
281999.99999999994,149238.646733658,147027.15574420558,132761.35326634193,134972.84425579436
460000.0000000002,295524.9258413942,334658.31063268776,164475.074158606,125341.68936731241
199000.0000000001,372825.2090368869,361726.6877010103,-173825.20903688684,-162726.68770101023
834000.0,888466.2640795379,869537.4501048252,-54466.26407953794,-35537.4501048252
199000.0000000001,163669.03961413924,163765.22640022016,35330.960385860846,35234.77359977993
495000.0000000004,388541.23101644893,391492.3556079677,106458.76898355148,103507.6443920327
1270000.0000000002,976724.2108776859,921982.9282917064,293275.7891223143,348017.07170829386
398999.99999999977,180712.72438107748,178506.94713924915,218287.2756189223,220493.0528607506
299000.00000000006,396459.10218752566,388987.64575688785,-97459.1021875256,-89987.6457568878
173399.9999999999,213328.39065039557,216337.52978615387,-39928.39065039565,-42937.52978615396
167200.00000000003,184125.81118017697,180925.01362783663,-16925.81118017694,-13725.013627836597
377999.99999999994,240117.84996084997,263015.19550408097,137882.15003914997,114984.80449591897
261000.00000000012,234452.12779387066,248954.39707592988,26547.872206129454,12045.602924070234
376000.0000000003,198936.0857777183,199300.72404850085,177063.91422228198,176699.27595149944
375899.99999999977,259652.1267580924,261014.1037144434,116247.87324190736,114885.89628555637
1529999.9999999988,396363.1709126486,425127.9574105521,1133636.8290873503,1104872.0425894468
490000.0,306890.51742382796,319192.32299331593,183109.48257617204,170807.67700668407
185000.00000000006,138255.91859812202,135862.76166565958,46744.08140187804,49137.23833434048
491400.0,941183.8647251907,903504.2166828278,-449783.8647251907,-412104.2166828278
158999.99999999997,376244.3428347974,377867.6984243384,-217244.34283479743,-218867.69842433845
549000.0000000005,438006.48837479233,403895.3380813255,110993.51162520814,145104.66191867494
286199.9999999998,333235.87390984636,306379.7849665889,-47035.87390984653,-20179.784966589068
345500.00000000023,225582.1037498832,217607.13902157656,119917.89625011705,127892.86097842368
373999.99999999977,431611.37833691674,438338.7521255055,-57611.37833691697,-64338.75212550571
714999.9999999995,743908.924631719,797020.7360691607,-28908.924631719477,-82020.73606916121
191699.99999999994,133777.40376500844,132852.45758904808,57922.596234991506,58847.542410951864
272999.9999999998,367973.81246070325,437354.2104216754,-94973.81246070343,-164354.21042167558
639999.9999999998,188967.39337067903,189848.74095806942,451032.60662932077,450151.2590419303
162000.00000000012,233443.63773729376,240710.7270518598,-71443.63773729364,-78710.72705185969
252000.0000000001,257615.14437079802,248199.18923412313,-5615.144370797934,3800.8107658769586
509999.9999999998,298304.87712813186,313161.4987049987,211695.12287186796,196838.50129500113
205000.0,167417.03671366628,171902.3802141922,37582.96328633372,33097.619785807794
224700.0000000002,146834.65684836506,140666.65164448164,77865.34315163514,84033.34835551857
186000.00000000012,225159.36892486652,238815.6308967801,-39159.3689248664,-52815.63089677997
490000.0,652831.5740828243,676831.0395713544,-162831.57408282429,-186831.0395713544
259999.9999999998,211258.637328122,221861.67762425385,48741.36267187781,38138.32237574595
375000.00000000006,371936.0698125179,383367.5108316222,3063.930187482154,-8367.510831622116
221000.00000000006,204832.1541560849,188761.14945798786,16167.845843915158,32238.850542012195
673000.0000000005,698757.4680229876,674183.8075341395,-25757.46802298713,-1183.8075341390213
729999.9999999998,369104.37239462155,369574.3866617103,360895.6276053782,360425.6133382895
153999.99999999988,196163.69345233304,184625.25623230424,-42163.69345233316,-30625.256232304353
695000.0,484146.22305065976,510832.381067532,210853.77694934024,184167.618932468
1590000.000000001,727728.6961855256,714180.0148989225,862271.3038144753,875819.9851010784
317199.9999999999,241086.0968017158,241753.65862906224,76113.9031982841,75446.34137093765
326000.0,192465.47935674537,189913.91961277125,133534.52064325463,136086.08038722875
761999.9999999999,733831.9865383041,698701.6316621582,28168.01346169575,63298.368337841704
150000.00000000006,239020.0645389841,236374.08920202914,-89020.06453898404,-86374.08920202908
1110000.0000000002,587085.0931627672,594626.782372635,522914.906837233,515373.21762736526
653000.0000000001,613242.8337604391,656213.8927873757,39757.16623956105,-3213.892787375604
180000.00000000003,219824.46972692176,224810.20012260953,-39824.46972692173,-44810.2001226095
297000.0000000002,241232.11903702916,239496.43621951182,55767.880962971016,57503.56378048836
182000.00000000003,130316.58425006596,130836.57059312573,51683.415749934065,51163.429406874304
178999.99999999994,102166.38235467578,100032.86834382125,76833.61764532416,78967.1316561787
698999.9999999995,313503.8507168605,318285.89796440286,385496.14928313904,380714.1020355967
1050000.0000000007,478288.0172837668,516271.41472992074,571711.9827162339,533728.58527008
95000.00000000001,115083.63632539978,108039.66288872404,-20083.63632539977,-13039.662888724022
364999.99999999977,284000.3312030113,283378.2894404969,80999.6687969885,81621.71055950288
697999.9999999995,547439.3019393812,656910.753307983,150560.69806061836,41089.24669201649
92000.00000000007,138647.39430082604,153342.96774458807,-46647.39430082597,-61342.96774458799
1463000.0,709740.5489972254,750271.4698472552,753259.4510027746,712728.5301527448
66000.0,114283.62662873184,106766.60501867453,-48283.62662873184,-40766.60501867453
1344000.0000000007,511061.4301645441,553543.9861945721,832938.5698354566,790456.0138054286
200999.99999999997,225177.0105225145,242392.99173991667,-24177.010522514523,-41392.9917399167
189999.9999999999,142794.95834080566,140051.310423204,47205.04165919425,49948.68957679591
324600.0000000002,358159.8085916219,355456.0189603113,-33559.80859162175,-30856.018960311136
698499.9999999995,529557.9016071518,569602.412055894,168942.0983928477,128897.5879441055
232500.00000000017,289417.584100069,283116.86658366834,-56917.58410006884,-50616.86658366816
241020.0000000001,221564.9134290814,228145.16330039548,19455.086570918676,12874.83669960461
187000.00000000012,271757.3611212644,266740.08439670707,-84757.36112126429,-79740.08439670695
249000.00000000006,299223.8091212538,288670.8306440832,-50223.809121253726,-39670.83064408315
429000.00000000006,390312.32398364285,409694.79151912464,38687.6760163572,19305.208480875415
743999.9999999993,679081.2142778455,798749.2967453079,64918.78572215384,-54749.29674530856
387999.9999999999,323535.2518658659,316735.7414001886,64464.74813413399,71264.25859981129
199799.99999999983,168039.32329284662,167304.16153392862,31760.67670715321,32495.838466071204
324999.9999999999,254169.1609579629,252411.88500797507,70830.839042037,72588.11499202481
157999.99999999997,217318.89331001544,209736.19163702708,-59318.89331001547,-51736.19163702711
291999.9999999998,233708.74658779564,241030.98688536664,58291.25341220418,50969.013114633184
600000.0000000003,669003.4340277348,677222.2311729081,-69003.43402773445,-77222.23117290775
279000.0000000001,331510.29085470847,362716.71365579276,-52510.29085470835,-83716.71365579264
84499.99999999994,128043.76761565483,117268.31436333178,-43543.767615654884,-32768.31436333184
297999.9999999998,316717.955999977,301228.0824370778,-18717.95599997719,-3228.082437078003
950000.0000000008,470766.96109057596,505064.6022729498,479233.03890942485,444935.397727051
461999.9999999998,523238.7798195707,561586.008020344,-61238.77981957089,-99586.00802034413
170000.00000000012,146215.32336503846,148826.49724211716,23784.676634961652,21173.50275788296
84999.99999999996,163682.5577962195,155894.9674141736,-78682.55779621955,-70894.96741417363
149500.00000000012,223065.18860873056,209295.16521801642,-73565.18860873044,-59795.16521801631
157590.0000000001,185238.01773971997,171422.11341794083,-27648.017739719886,-13832.113417940738
231999.99999999997,189227.80970924502,187840.38351403584,42772.19029075495,44159.61648596413
324999.9999999999,265490.94752037834,267577.10033327906,59509.05247962155,57422.89966672083
651000.0000000001,179674.44892598985,171592.511108225,471325.55107401026,479407.48889177514
157500.00000000006,140135.69596048156,131496.18815331673,17364.304039518494,26003.811846683326
188999.99999999988,174847.5724616203,178073.85973901002,14152.42753837959,10926.140260989865
218999.99999999988,232549.06746922588,227487.74890101346,-13549.067469225993,-8487.748901013576
267749.9999999998,223534.57174574607,225635.94163332926,44215.428254253755,42114.058366670564
139099.99999999997,155044.1470110258,148770.8173451685,-15944.147011025838,-9670.817345168529
257000.00000000015,289584.8351017456,289388.3607121235,-32584.83510174547,-32388.360712123365
25000.000000000004,98936.72648368742,99776.30468086885,-73936.72648368742,-74776.30468086885
112999.99999999993,123740.66864378937,112401.5418228495,-10740.668643789439,598.4581771504309
86999.99999999994,141691.8783637517,136106.06340833378,-54691.87836375175,-49106.06340833384
100000.00000000004,165469.91188941002,165470.4414953944,-65469.91188940998,-65470.44149539435
575000.0000000001,407594.928656104,411935.4472607315,167405.0713438961,163064.55273926863
743999.9999999993,736900.0638773995,766349.9476069183,7099.936122599756,-22349.947606918984
199499.99999999994,145536.05867791627,142531.93650328572,53963.94132208367,56968.063496714225
130000.00000000009,245752.9144889957,235875.00980759112,-115752.91448899562,-105875.00980759104
146999.99999999988,205221.28744361547,200969.6908465241,-58221.28744361558,-53969.69084652423
258000.00000000015,187944.04871057352,192898.68512069935,70055.95128942662,65101.3148793008
398999.99999999977,300926.31599072815,317462.01492131833,98073.68400927162,81537.98507868143
405900.00000000023,255125.2094050633,250760.65010716804,150774.79059493693,155139.3498928322
153999.99999999988,268332.3362027833,267613.197187424,-114332.3362027834,-113613.19718742411
399999.9999999999,513270.2514194293,512303.36871560663,-113270.25141942943,-112303.36871560675
488999.9999999996,193587.05242921802,206325.2139580289,295412.9475707816,282674.7860419707
415000.00000000006,339283.25150138634,350084.6849035354,75716.74849861371,64915.31509646465
254000.0000000002,162776.65811983758,157048.6697581469,91223.34188016262,96951.33024185331
149800.00000000003,343687.8586994344,359282.7100216124,-193887.85869943435,-209482.71002161238
327000.0000000001,408316.38598111056,462046.47333410627,-81316.38598111045,-135046.47333410615
310350.00000000006,372240.9372111378,393883.78871725267,-61890.93721113773,-83533.78871725261
321999.99999999994,390693.4086868871,379642.19180347124,-68693.40868688718,-57642.1918034713
1260000.0,261142.33907719498,267680.82431208837,998857.6609228051,992319.1756879117
478354.0000000001,217782.76781154276,230690.8490939019,260571.23218845736,247663.15090609822
330000.0000000001,254100.5845669606,257954.71152668275,75899.41543303951,72045.28847331737
170000.00000000012,232693.0440288978,237453.48107598,-62693.04402889768,-67453.48107597989
265000.00000000006,251598.0655011399,246845.1933587956,13401.934498860152,18154.806641204457
225000.00000000015,261514.183701587,247783.04075122954,-36514.18370158685,-22783.04075122939
379000.0000000002,206577.47942539744,207664.88449374336,172422.52057460273,171335.1155062568
191999.99999999997,177127.11017704272,171450.14887469175,14872.889822957251,20549.851125308225
103000.00000000001,283525.2541847057,305322.9666068765,-180525.25418470567,-202322.96660687652
210000.0,199222.574956553,220084.28508357998,10777.425043447001,-10084.285083579976
80660.00000000006,111678.58040422719,107237.35024367212,-31018.580404227134,-26577.35024367206
58999.99999999997,160396.57633805793,170399.70124773242,-101396.57633805796,-111399.70124773245
382000.0000000002,254252.26915796884,267793.73122869164,127747.73084203133,114206.26877130853
171000.00000000012,180287.8381175332,179107.94160625097,-9287.838117533072,-8107.9416062508535
40000.0,182999.36822389372,190617.10931399037,-142999.36822389372,-150617.10931399037
76000.0,145300.35573479944,141626.47389065402,-69300.35573479944,-65626.47389065402
334999.9999999998,296191.77947601787,295878.23666921,38808.22052398196,39121.76333078981
82699.99999999994,97553.2540491654,92229.43675815617,-14853.254049165465,-9529.436758156226
1249999.999999999,262629.1374628146,262442.16551044007,987370.8625371845,987557.834489559
465000.00000000023,548892.0292465515,548000.5307111251,-83892.02924655122,-83000.53071112488
258000.00000000015,309138.6229961623,288178.3394436867,-51138.62299616213,-30178.339443686564
146999.99999999988,169755.56905154273,163882.93267651743,-22755.569051542843,-16882.93267651755
198000.00000000006,277511.7863096723,276513.0818297066,-79511.78630967223,-78513.08182970656
355900.0000000001,209979.41511465667,205268.56574776073,145920.58488534344,150631.43425223939
645000.0,655089.7875724009,661129.8215867485,-10089.787572400877,-16129.821586748469
379000.0000000002,157061.6326657003,153890.31449428108,221938.36733429987,225109.6855057191
369000.0000000001,321695.0587657153,329459.25598363794,47304.94123428484,39540.74401636218
288999.9999999999,428334.0582640896,414060.5882467016,-139334.0582640897,-125060.58824670169
310000.0000000002,439385.46032376844,413275.5531935885,-129385.46032376826,-103275.55319358833
213499.99999999994,218113.3828461039,214049.2692335542,-4613.382846103952,-549.2692335542524
116999.99999999991,189766.22447386768,179243.89715696653,-72766.22447386777,-62243.89715696662
219450.0000000002,340764.07688391104,367111.607941146,-121314.07688391084,-147661.6079411458
191199.99999999983,178918.42324830135,174741.84172817442,12281.576751698478,16458.158271825407
1149500.0000000002,520622.28526822006,511661.63539983967,628877.7147317801,637838.3646001606
364000.00000000006,253327.96219343288,243206.19851568193,110672.03780656718,120793.80148431813
265999.9999999998,176880.65927513898,177166.6942927546,89119.34072486084,88833.30570724522
294999.9999999998,358354.9780565201,364266.47900206345,-63354.97805652028,-69266.47900206363
299000.00000000006,205135.43677784986,208997.41197291116,93864.5632221502,90002.5880270889
101000.00000000003,172958.24241528462,175050.41617833136,-71958.24241528459,-74050.41617833133
244999.99999999997,443192.9439027233,408670.11024560605,-198192.94390272335,-163670.11024560608
162000.00000000012,139375.33057310185,138155.3812085287,22624.66942689827,23844.61879147141
126999.99999999991,135565.03577927532,130099.53724265788,-8565.035779275408,-3099.5372426579706
659999.9999999995,532402.9713127414,527882.7052315109,127597.02868725813,132117.29476848862
150000.00000000006,266161.2756695365,266715.6975539316,-116161.27566953644,-116715.69755393156
129000.0000000001,188403.45348455245,193848.64969564768,-59403.453484552345,-64848.649695647575
790000.0000000003,605592.5561100733,594390.6497109899,184407.443889927,195609.35028901044
155000.00000000012,129572.11427431996,125639.86559894154,25427.885725680157,29360.134401058574
264400.00000000006,190182.09510747742,174062.52254875257,74217.90489252264,90337.47745124748
452356.9999999998,529350.5549470483,576121.352606644,-76993.55494704848,-123764.35260664421
440000.0000000002,232340.73882727535,260435.90701968214,207659.26117272483,179564.09298031803
265999.9999999998,313812.61409475293,310841.7419781105,-47812.61409475311,-44841.74197811069
386499.99999999994,302104.44685742585,305880.8706965467,84395.55314257409,80619.12930345326
203999.99999999985,193354.03299941067,212079.23665797518,10645.967000589182,-8079.236657975329
218999.99999999988,259625.23404274066,250300.19657430952,-40625.234042740776,-31300.196574309637
395000.00000000035,793825.848128444,764194.2678686628,-398825.8481284437,-369194.2678686625
390000.00000000035,704335.5307755619,678143.1309201237,-314335.5307755616,-288143.1309201233
181125.0,174910.49810574512,179498.61419055067,6214.501894254878,1626.3858094493335
349999.9999999997,382179.95074229117,384367.9120516544,-32179.95074229146,-34367.91205165471
390999.99999999977,563457.0488319886,554575.4375623779,-172457.04883198882,-163575.43756237812
375000.00000000006,208291.12390680835,211772.47269852753,166708.8760931917,163227.52730147252
328000.0000000002,208154.89196354753,212326.94465706873,119845.10803645264,115673.05534293145
479000.00000000035,245009.46166449125,247977.079383337,233990.5383355091,231022.92061666335
474750.0000000001,302509.18133313063,345982.5171492045,172240.81866686948,128767.48285079561
339000.00000000023,284249.2923614107,281085.8339815045,54750.70763858955,57914.16601849574
339999.99999999994,389522.2621406419,378599.6562844069,-49522.26214064198,-38599.656284406956
219999.99999999983,161060.4202734503,161171.13479320312,58939.579726549535,58828.865206796705
360000.0000000001,433687.1635698273,428759.72896363575,-73687.16356982716,-68759.72896363563
492999.99999999965,508687.47778980277,527820.7147754179,-15687.477789803117,-34820.71477541828
149950.00000000012,145388.32630701797,142023.46036698777,4561.673692982149,7926.539633012348
321999.99999999994,201069.85898023078,206327.84419199245,120930.14101976916,115672.15580800749
399999.9999999999,617906.9441491658,637345.9396958782,-217906.94414916588,-237345.9396958783
423999.9999999998,247745.1731749505,244545.98663506153,176254.82682504933,179454.0133649383
167000.0000000001,187619.2303650001,172033.3704072943,-20619.230365000025,-5033.37040729422
181500.00000000006,177900.1081708784,182736.9231647821,3599.891829121654,-1236.9231647820561
108000.00000000001,151963.6952958391,150289.38141796275,-43963.69529583909,-42289.38141796274
517000.00000000035,411751.1924975294,428200.2849423985,105248.80750247097,88799.71505760186
269899.99999999977,296655.9031414198,309358.23278537305,-26755.903141420044,-39458.232785373286
244699.99999999983,258996.07614267524,248574.7008514842,-14296.076142675418,-3874.7008514843765
465000.00000000023,320288.5001362533,318416.8638365229,144711.49986374693,146583.13616347732
244999.99999999997,228247.50638618978,221063.698180417,16752.49361381019,23936.301819582965
81499.99999999996,124470.40249927089,122009.99457672832,-42970.40249927093,-40509.994576728364
399900.0,404608.52955023304,436191.63257945393,-4708.529550233041,-36291.63257945393
149000.0,211009.57443487082,210023.89351515498,-62009.574434870825,-61023.89351515498
649999.9999999995,295524.151211703,288803.70918094675,354475.8487882965,361196.2908190528
133999.9999999999,191312.36767871503,181561.55948162175,-57312.36767871512,-47561.559481621836
46999.99999999999,95883.27141051371,95529.69043882942,-48883.27141051372,-48529.69043882943
259999.9999999998,253728.1661940648,257666.98134055463,6271.833805934992,2333.018659445166
362000.0,188173.48590637874,184806.23093379172,173826.51409362126,177193.76906620828
126599.99999999997,189897.57151936367,182548.82767063985,-63297.5715193637,-55948.827670639876
440000.0000000002,316910.5330669913,329327.71610047884,123089.46693300887,110672.28389952134
212000.00000000017,190109.17610026823,190361.8369365636,21890.823899731942,21638.163063436572
549000.0000000005,849437.587054204,847877.0368771808,-300437.5870542035,-298877.03687718033
310000.0000000002,266977.68710008287,261867.06798598365,43022.312899917306,48132.93201401652
244000.00000000003,242049.6016100119,238417.02041190857,1950.3983899881423,5582.979588091461
320000.00000000006,320331.1628890852,329918.72338037565,-331.162889085128,-9918.723380375595
1640000.0000000002,822866.6848070226,898146.4004834944,817133.3151929777,741853.5995165058
215000.0,272044.9887329239,252126.91864650534,-57044.98873292393,-37126.918646505335
348999.99999999994,249127.91969672244,259443.28272744417,99872.0803032775,89556.71727255578
433000.0000000001,262800.0246598106,263952.5700957476,170199.97534018953,169047.42990425252
158999.99999999997,313449.70481654414,294638.555629893,-154449.70481654417,-135638.555629893
158999.99999999997,342390.58384562394,315324.91005426133,-183390.58384562397,-156324.91005426136
109999.99999999991,162294.34547432346,157244.87391544096,-52294.34547432355,-47244.87391544104
1056000.000000001,624574.2179881199,714524.0237502083,431425.782011881,341475.9762497926
222390.00000000012,189668.10047191943,178699.76081558995,32721.899528080685,43690.239184410166
530000.0000000003,246141.95086108008,257010.33285728257,283858.04913892027,272989.66714271775
137500.00000000012,114835.66928826719,110602.1076427283,22664.330711732924,26897.89235727182
608999.9999999999,428188.3036867881,464591.04877352616,180811.6963132118,144408.95122647373
116000.0000000001,157432.67823575748,158120.4033642842,-41432.67823575738,-42120.403364284095
320000.00000000006,1690000.0,1690000.0,-1370000.0,-1370000.0
839900.0,770218.7172440703,796591.134554634,69681.28275592974,43308.86544536601
369000.0000000001,218664.0138799267,212970.66443335847,150335.98612007342,156029.33556664165
328000.0000000002,197308.8317972514,194948.32508756025,130691.16820274878,133051.67491243992
1490000.0000000002,568461.2063713943,603106.8028983672,921538.7936286059,886893.1971016331
236499.99999999983,229671.0213201531,228691.40879451548,6828.978679846739,7808.59120548435
375000.00000000006,328270.62341755314,317043.36571151344,46729.376582446916,57956.63428848662
310000.0000000002,378141.7588612272,371157.46191949403,-68141.75886122702,-61157.46191949386
259000.0,279740.99340179155,263940.2679480229,-20740.99340179155,-4940.267948022927
89000.00000000004,147794.43529852226,151695.69433125274,-58794.43529852222,-62695.6943312527
98600.00000000003,150256.02561302553,146637.8360729889,-51656.0256130255,-48037.83607298887
129099.99999999994,176395.8992559743,169584.54804460375,-47295.899255974364,-40484.54804460381
213000.00000000015,170012.26637514815,174192.2625631887,42987.733624852,38807.73743681144
84999.99999999996,147610.37119029724,149321.2116765488,-62610.37119029729,-64321.21167654883
271999.9999999999,263211.4438069133,249278.6497453832,8788.55619308661,22721.35025461667
185000.00000000006,219105.44201829858,209825.27048748743,-34105.44201829852,-24825.270487487374
229000.00000000006,343082.71885659656,321330.42939729796,-114082.7188565965,-92330.4293972979
287549.9999999998,269625.4807050844,289840.10859299323,17924.51929491543,-2290.108592993405
269000.0,248653.8650484096,244941.7873043472,20346.134951590386,24058.212695652794
229950.00000000003,272399.5249709285,266937.0834922862,-42449.52497092847,-36987.08349228618
442000.00000000035,354822.78066183865,360128.35851529404,87177.2193381617,81871.64148470631
1050000.0000000007,588472.9546449627,622420.1252672743,461527.045355038,427579.87473272637
490000.0,597594.3436722507,605469.3648844511,-107594.34367225075,-115469.36488445115
279000.0000000001,278138.77306068764,263484.39690028154,861.2269393124734,15515.603099718574
444999.9999999997,561337.6605312732,538433.8568763973,-116337.66053127352,-93433.85687639756
707199.9999999997,336548.82076808374,445514.4379387569,370651.1792319159,261685.56206124276
731000.0000000006,312650.8435822867,298216.0037968524,418349.1564177139,432783.99620314816
210000.0,214086.99063452682,199636.43721217723,-4086.9906345268246,10363.562787822768
1284999.999999999,511970.3187302293,625401.3175202218,773029.6812697698,659598.6824797773
251450.0000000001,555267.5921442475,563094.7369496159,-303817.5921442474,-311644.73694961576
273999.99999999994,384092.833042363,371171.7686304264,-110092.83304236305,-97171.76863042644
312000.0000000001,316306.34480552893,344498.31980507256,-4306.344805528817,-32498.319805072446
560000.0000000003,600186.0012345333,580172.8871668437,-40186.001234532916,-20172.8871668434
150000.00000000006,152344.94558387555,138533.10839453156,-2344.945583875495,11466.891605468496
155000.00000000012,172067.03685335463,171106.4167918642,-17067.03685335451,-16106.416791864089
169000.00000000012,242567.96570291437,236636.42917031923,-73567.96570291425,-67636.42917031911
149900.0,131402.60088662425,127565.5272407241,18497.39911337575,22334.4727592759
81000.00000000007,104775.93043546756,98002.60195696302,-23775.930435467482,-17002.601956962942
353299.9999999997,195171.46080283818,200487.240821311,158128.53919716153,152812.75917868872
280769.99999999994,170250.81660760543,168840.6288404507,110519.18339239451,111929.37115954925
1270000.0000000002,434029.00712830905,476554.0634603476,835970.9928716912,793445.9365396526
430899.9999999998,332217.9268373889,340758.1417871846,98682.07316261093,90141.85821281525
233999.9999999999,295690.1234308362,277758.7595390709,-61690.12343083628,-43758.759539070976
29999.99999999999,115761.25531913474,114012.13060563622,-85761.25531913475,-84012.13060563624
82000.0,152654.78448061642,146987.18535546126,-70654.78448061642,-64987.18535546126
332000.0,251839.0452488389,258488.10938431253,80160.9547511611,73511.89061568747
472500.00000000035,749114.7207995967,780299.9974470054,-276614.7207995964,-307799.997447005
395999.9999999999,304466.7908366376,335982.6343483897,91533.20916336228,60017.36565161019
334000.0000000002,334252.23564564675,320778.93984343816,-252.23564564657863,13221.060156562016
86999.99999999994,142468.4818742526,135169.39073832563,-55468.48187425267,-48169.39073832569
315000.0000000002,241429.96684477542,248001.21196879217,73570.03315522475,66998.78803120801
425000.0000000002,445776.68277835916,431275.9066167245,-20776.682778358983,-6275.906616724329
185000.00000000006,245828.86895974955,236937.7535100026,-60828.868959749496,-51937.75351000254
439000.0000000001,215394.5979358387,216965.71077049663,223605.4020641614,222034.28922950348
188000.00000000012,223538.3809968155,207971.32933809544,-35538.380996815395,-19971.329338095326
139999.9999999999,211027.94379714923,205724.19738543656,-71027.94379714932,-65724.19738543665
678999.9999999995,425363.68695034634,428880.8178687728,253636.3130496532,250119.18213122676
409999.9999999997,311308.8311480096,302618.8533087445,98691.16885199014,107381.14669125521
138000.00000000006,110537.94393881266,106913.89544442813,27462.056061187395,31086.104555571932
618595.9999999997,733605.6795650609,763000.9112485693,-115009.67956506123,-144404.9112485696
158999.99999999997,226755.7627231363,232499.01374697284,-67755.76272313631,-73499.01374697287
311500.0000000001,288558.1890289274,294542.0269007263,22941.8109710727,16957.973099273804
648800.0000000005,854070.3106558828,974078.1720312056,-205270.31065588235,-325278.17203120515
210000.0,148369.57246446004,153627.5665279316,61630.42753553996,56372.4334720684
284849.9999999999,203502.98088184188,216357.25742331657,81347.019118158,68492.74257668332
840000.0000000005,794329.7004940242,849567.4526128261,45670.29950597626,-9567.45261282567
373999.99999999977,325094.3762218441,344699.27742439415,48905.623778155656,29300.722575605614
189999.9999999999,320946.5679499539,301280.5764776969,-130946.56794995398,-111280.57647769697
235000.0,192145.29224013488,200022.80800274323,42854.70775986512,34977.19199725677
466999.99999999994,332204.3085024305,321162.39431986306,134795.69149756944,145837.60568013688
172499.99999999985,186133.83324174033,182717.28440592528,-13633.833241740474,-10217.284405925428
1638999.9999999988,732306.274329724,771044.4362305634,906693.7256702748,867955.5637694354
39500.00000000001,83103.48176688958,84834.65433765837,-43603.48176688958,-45334.654337658365
450999.99999999965,337728.0190240334,324296.67638200923,113271.98097596626,126703.32361799042
271000.0000000002,177311.5463991147,171257.93894294952,93688.45360088546,99742.06105705065
59900.00000000002,174846.26336627756,180072.2653522578,-114946.26336627753,-120172.26535225776
156999.99999999994,171907.9758680338,161156.31854519105,-14907.975868033856,-4156.318545191112
1099999.9999999998,481561.1803382767,513817.8944710805,618438.819661723,586182.1055289193
337999.99999999977,307127.3457413293,317247.0945766023,30872.65425867046,20752.90542339749
210000.0,208091.62285961612,200623.92158656285,1908.3771403838764,9376.07841343715
146200.00000000006,197241.38923872192,202365.00218931198,-51041.389238721866,-56165.00218931193
149000.0,339510.0621267556,358322.77316334593,-190510.0621267556,-209322.77316334593
428399.9999999996,328767.03210328193,311452.77767908777,99632.96789671766,116947.22232091182
116999.99999999991,195123.30524937823,184088.13124874982,-78123.30524937832,-67088.13124874991
210000.0,259258.4396685691,264700.81610287016,-49258.4396685691,-54700.81610287016
415000.00000000006,391629.52065013873,403387.0316461619,23370.47934986133,11612.968353838136
210000.0,205800.65961604443,210560.17160640928,4199.3403839555685,-560.1716064092761
180000.00000000003,210241.88817134986,223288.85094390617,-30241.888171349827,-43288.850943906145
372999.9999999999,347173.98802858556,366454.9352728219,25826.011971414322,6545.06472717796
68999.99999999997,155731.43497962612,157359.29185422743,-86731.43497962615,-88359.29185422746
219999.99999999983,327045.65777649544,312869.8932190492,-107045.65777649562,-92869.89321904938
394900.0000000002,312969.72973068483,311311.08952494984,81930.27026931534,83588.91047505033
120000.00000000004,163297.55770414378,153569.6686305953,-43297.557704143735,-33569.668630595246
149900.0,208240.00055115813,201424.725508195,-58340.000551158126,-51524.725508195
238000.0,241289.75452496007,236318.8080632008,-3289.754524960066,1681.1919367992086
233999.9999999999,247862.45178355242,239528.1106809895,-13862.451783552504,-5528.110680989601
166852.99999999988,163712.47272747537,156222.89451033255,3140.527272524516,10630.10548966733
116599.99999999991,166406.66888635283,175856.43497770865,-49806.66888635291,-59256.434977708734
587000.0000000005,374561.8375621048,382893.570621868,212438.16243789566,204106.42937813245
393000.0000000002,229398.74580271106,247206.0696637632,163601.25419728912,145793.93033623698
109000.0,149059.38311413876,142489.01132873635,-40059.38311413876,-33489.01132873635
58000.00000000003,146332.304359233,146369.65164924448,-88332.30435923298,-88369.65164924445
339999.99999999994,350802.95617750357,348955.12369951437,-10802.956177503627,-8955.123699514428
192999.99999999985,249185.94527172926,238270.63365919233,-56185.945271729404,-45270.63365919248
196099.99999999983,150312.63332551924,161303.8086453436,45787.36667448058,34796.191354656214
594999.9999999997,343290.35566974216,360615.7538928478,251709.6443302575,234384.24610715185
178999.99999999994,172745.82513677975,170519.83793722847,6254.1748632201925,8480.162062771473
155000.00000000012,129798.24464231699,122203.87165194986,25201.755357683127,32796.12834805026
249999.9999999998,232099.588295139,232932.82838300033,17900.411704860802,17067.17161699946
65499.99999999995,119888.20077384444,116114.09726575772,-54388.20077384449,-50614.09726575777
649000.0000000006,604059.4329247704,632187.3793443479,44940.56707523018,16812.620655652718
199000.0000000001,332994.8278455048,337525.2027825564,-133994.8278455047,-138525.20278255633
35000.00000000001,113424.65040463048,110073.357191775,-78424.65040463046,-75073.357191775
405000.0000000001,374463.87466102577,406551.25538264937,30536.12533897435,-1551.2553826492513
210000.0,324827.72503101523,312005.82291489944,-114827.72503101523,-102005.82291489944
283500.0000000002,546576.154153407,535346.0056059097,-263076.1541534068,-251846.00560590957
1200000.0000000005,914655.4630454272,943446.4993798792,285344.53695457324,256553.50062012125
139499.9999999999,185177.02216719385,191541.90441123943,-45677.022167193936,-52041.90441123952
149000.0,159500.80012308035,154115.8430899347,-10500.80012308035,-5115.8430899347
466000.0,474404.45934640034,518175.40765634325,-8404.459346400341,-52175.407656343246
299000.00000000006,397592.0138282307,403936.0868443264,-98592.01382823061,-104936.08684432635
280566.00000000006,744465.9701131121,752111.5050156243,-463899.97011311207,-471545.5050156243
465000.00000000023,296502.6975568269,297224.9152851045,168497.3024431733,167775.08471489575
133000.00000000012,268345.4117814713,273253.4949957908,-135345.41178147116,-140253.4949957907
484502.0000000002,638757.3413744747,666307.63547224,-154255.34137447452,-181805.63547223987
225000.00000000015,249059.562985751,257202.16582887847,-24059.562985750847,-32202.165828878322
156000.0,170586.10146601865,178065.18778770737,-14586.101466018648,-22065.18778770737
396999.9999999998,476115.7133511701,486229.33167853433,-79115.7133511703,-89229.33167853451
840000.0000000005,331616.06151650957,343677.5592173702,508383.9384834909,496322.4407826303
86000.00000000001,201091.7023040123,205043.63248413155,-115091.70230401227,-119043.63248413154
459799.9999999999,358091.52233437105,374497.29152387305,101708.47766562883,85302.70847612683
244999.99999999997,172982.90947710746,172188.28402468166,72017.09052289251,72811.71597531831
162000.00000000012,214325.99531556902,232922.42695907786,-52325.9953155689,-70922.42695907774
353999.99999999977,248023.0934765432,249122.97677580602,105976.90652345656,104877.02322419375
398999.99999999977,601545.8142467634,668474.7070498342,-202545.8142467636,-269474.7070498344
173999.99999999997,257396.82742873905,263849.8722894919,-83396.82742873908,-89849.8722894919
314000.0,505675.0561709233,567003.398060493,-191675.0561709233,-253003.39806049305
241000.00000000003,348688.2327301372,352722.9239695049,-107688.23273013716,-111722.92396950486
306999.99999999994,247667.38276093744,258923.20157332878,59332.6172390625,48076.79842667116
358799.99999999994,158570.35577853155,167655.77417698933,200229.6442214684,191144.2258230106
571999.9999999999,277625.2363503522,273468.55608540535,294374.7636496477,298531.44391459454
280000.0,473473.16717137245,475176.296784996,-193473.16717137245,-195176.296784996
477000.00000000006,301108.0603870696,310168.7939357521,175891.93961293047,166831.20606424793
1148999.9999999998,295573.86592637555,308517.7578512486,853426.1340736242,840482.2421487512
297999.9999999998,226229.50202606805,242253.18535896754,71770.49797393178,55746.81464103228
189900.00000000015,264415.1413971209,261280.0825200694,-74515.14139712075,-71380.08252006926
208999.99999999988,220839.12355652967,215111.8051796558,-11839.123556529783,-6111.80517965593
864999.9999999994,410590.37047733075,458218.1469910955,454409.62952266866,406781.8530089039
76000.0,142826.13525595286,139726.04198968425,-66826.13525595286,-63726.04198968425
429000.00000000006,137829.61388124852,134335.07543262403,291170.38611875154,294664.92456737603
247000.00000000006,207473.42854369438,202652.1570163419,39526.57145630568,44347.84298365816
536000.0000000002,623522.928374355,656842.0516303814,-87522.92837435473,-120842.05163038115
315000.0000000002,450666.19493836723,420092.4061907687,-135666.19493836706,-105092.40619076852
449999.99999999994,267857.33586177434,293007.96037467243,182142.6641382256,156992.0396253275
351000.0000000001,427337.3118792727,430707.56228563294,-76337.31187927257,-79707.56228563283
449634.00000000035,214063.01922538012,224704.89952256784,235570.98077462023,224929.1004774325
64999.999999999956,97458.20131908297,99264.26021964772,-32458.20131908302,-34264.26021964777
501000.0,494652.89853572374,511189.07638088916,6347.10146427626,-10189.076380889164
275000.0000000002,210601.1497380626,213003.7375868402,64398.850261937565,61996.26241315997
217999.99999999988,230531.28014926915,225044.98372599887,-12531.280149269267,-7044.983725998987
219999.99999999983,241175.20436649784,239817.87893706042,-21175.204366498016,-19817.878937060595
99000.00000000004,244270.2693466049,243369.26879170255,-145270.26934660488,-144369.26879170252
578999.9999999999,336104.1819664654,340367.93868654437,242895.8180335345,238632.06131345552
685000.0000000005,225099.23996581568,220337.2030576078,459900.7600341848,464662.79694239266
388500.0,268408.549069409,256059.25633127106,120091.45093059097,132440.74366872894
96999.99999999999,182122.07524821346,180052.3745218216,-85122.07524821347,-83052.3745218216
415000.00000000006,313435.36942879035,299340.6773713769,101564.63057120971,115659.32262862317
490000.0,604501.5294187327,585100.4866114387,-114501.52941873274,-95100.48661143868
315000.0000000002,210384.32550403554,219371.06745248075,104615.67449596463,95628.93254751942
63600.00000000003,159347.72557321197,152694.8083863492,-95747.72557321194,-89094.80838634918
58999.99999999997,124775.36439923025,121627.61970206434,-65775.36439923028,-62627.619702064374
228000.00000000003,158381.3288346788,163840.532804813,69618.67116532123,64159.467195187026
164500.00000000012,188216.5705265163,191914.05314287654,-23716.57052651618,-27414.053142876422
397999.99999999977,213285.4517696373,226912.76179087893,184714.54823036247,171087.23820912084
191000.00000000015,286905.84947149194,282929.2114384091,-95905.84947149179,-91929.21143840897
299499.99999999977,302358.2112924237,316793.6830415138,-2858.211292423948,-17293.683041514014
33999.99999999999,149373.3322495908,150644.88870919435,-115373.3322495908,-116644.88870919435
270000.00000000006,229584.17873772976,228281.3528069651,40415.8212622703,41718.647193034965
33799.999999999985,79255.6092821402,78077.86738794333,-45455.60928214021,-44277.86738794335
654999.9999999995,579182.8569070527,621706.0088344262,75817.14309294685,33293.99116557336
167999.9999999999,126787.3039011186,121817.10033082933,41212.69609888131,46182.89966917058
294999.9999999998,590425.3446091423,644209.369350809,-295425.34460914246,-349209.3693508092
449999.99999999994,330613.0717812031,337490.68624951004,119386.92821879685,112509.3137504899
369000.0000000001,319583.8194995548,313135.93319955206,49416.180500445305,55864.066800448054
156499.99999999985,150583.56453851573,150115.5033218393,5916.435461484129,6384.496678160562
359000.00000000023,430699.560590002,407019.96994521946,-71699.56059000175,-48019.96994521923
476800.0,599453.8008074851,696202.7579912862,-122653.80080748512,-219402.75799128623
759999.9999999999,414342.27647031815,427318.85203591135,345657.72352968174,332681.14796408854
1345000.0000000007,895431.7635707103,916110.3341608936,449568.2364292904,428889.6658391071
187181.99999999985,299199.1500474135,314839.05923767365,-112017.15004741363,-127657.05923767379
342000.0000000002,324909.58680667984,312863.2797580173,17090.41319332033,29136.720241982897
544999.9999999997,540845.3202018316,537194.313666225,4154.679798168014,7805.686333774705
228000.00000000003,248046.96798530756,263433.7202018748,-20046.967985307536,-35433.72020187476
392000.0,252280.54140387484,249974.71291635663,139719.45859612516,142025.28708364337
208999.99999999988,248698.7988267193,244806.7803943357,-39698.79882671943,-35806.78039433583
269000.0,292541.3026295995,292816.2659953486,-23541.302629599522,-23816.26599534863
230000.0000000001,342264.13275076624,371276.141316764,-112264.13275076615,-141276.1413167639
294000.0000000001,319487.8043315443,303914.29911273514,-25487.804331544205,-9914.299112735025
430499.99999999994,198342.7857071701,203778.82064823085,232157.21429282986,226721.1793517691
92500.00000000007,161230.2036051269,151286.45053178153,-68730.20360512684,-58786.45053178146
203861.00000000015,185813.05085080152,187629.84873807325,18047.949149198626,16231.15126192689
430000.00000000023,262805.82624382194,271848.80417043203,167194.1737561783,158151.1958295682
178999.99999999994,234449.75253102754,229013.7380535969,-55449.752531027596,-50013.73805359696
354999.9999999998,336794.99589209,348233.7626422553,18205.0041079098,6766.23735774454
206999.99999999994,262012.36208753966,258869.92244213677,-55012.36208753972,-51869.92244213683
291999.9999999998,260279.7947999441,284694.4527371068,31720.20520005573,7305.547262893
229900.00000000006,285172.8357399735,300724.47474128264,-55272.83573997347,-70824.47474128258
141699.99999999988,220424.73610949403,208803.85290545825,-78724.73610949414,-67103.85290545836
265000.00000000006,245445.0418252206,242383.13921942728,19554.95817477946,22616.86078057278
664999.9999999995,303293.04630932474,319037.5193546425,361706.9536906748,345962.48064535705
334999.9999999998,279540.77263488056,293636.18596680934,55459.227365119266,41363.81403319049
280000.0,216189.88368368935,218098.7602692421,63810.116316310654,61901.239730757894
255000.0000000001,390933.0158060335,389582.35996274574,-135933.01580603342,-134582.35996274566
1270000.0000000002,383128.4400006175,398957.42848249665,886871.5599993827,871042.5715175036
369999.99999999977,417272.57137944736,410110.6510543335,-47272.57137944759,-40110.65105433372
360000.0000000001,298841.2566888633,309544.25064730615,61158.743311136845,50455.749352693965
208000.00000000003,276872.9063357411,274905.0460325506,-68872.90633574108,-66905.0460325506
307400.0000000002,202760.88219997508,197525.27419442966,104639.1178000251,109874.72580557052
180200.0,119876.86714451858,118008.93388197094,60323.132855481424,62191.06611802906
265999.9999999998,177422.56654086596,186518.7608097169,88577.43345913387,79481.23919028291
1290000.0000000007,835582.8814452521,889597.7817678261,454417.1185547486,400402.21823217464
87199.99999999996,168625.78398604377,175558.86140298808,-81425.78398604381,-88358.86140298813
194249.99999999985,227276.26655779197,231863.47805518378,-33026.266557792114,-37613.47805518392
597400.0000000005,305497.3821352693,297493.90112266387,291902.6178647312,299906.0988773366
463999.9999999998,359271.84963331395,397186.1074723502,104728.15036668588,66813.89252764964
167999.9999999999,122233.93832026406,117881.3051672354,45766.06167973585,50118.69483276451
148000.00000000015,114010.55777978509,110037.27352168092,33989.44222021506,37962.72647831922
309750.0000000001,288197.29069274006,293985.43943762133,21552.709307260055,15764.560562378785
177000.00000000006,198171.9588651395,198015.6671021093,-21171.95886513943,-21015.667102109233
211849.99999999997,212930.61385502195,215254.18456255633,-1080.6138550219766,-3404.1845625563583
268749.9999999998,216728.6209358362,207807.91991823103,52021.37906416363,60942.0800817688
58000.00000000003,143340.6721696016,134335.23950438926,-85340.67216960157,-76335.23950438923
249999.9999999998,268497.0764318419,268421.7087377647,-18497.076431842084,-18421.708737764886
190799.99999999994,154636.71174001985,160998.02725665583,36163.288259980094,29801.972743344115
229000.00000000006,315761.8671157235,315210.4982286283,-86761.86711572343,-86210.49822862825
244999.99999999997,180349.77047615184,178703.4551382363,64650.22952384813,66296.54486176366
435999.99999999965,512577.2917022744,527712.9753194783,-76577.29170227476,-91712.97531947866
306999.99999999994,289161.400050199,305179.90231667715,17838.599949800933,1820.0976833227905
950000.0000000008,715131.1584485577,724199.8043154178,234868.8415514431,225800.19568458304
192600.00000000017,222067.8192457024,235607.8414408442,-29467.819245702238,-43007.84144084403
202999.9999999999,193564.73256572112,207492.68592467008,9435.267434278794,-4492.685924670164
233199.99999999994,156782.9784077721,169503.52027001252,76417.02159222783,63696.47972998742
415500.00000000023,379599.1046586109,377973.06214375724,35900.89534138935,37526.93785624299
995000.0,760386.2469609232,775735.5739931278,234613.7530390768,219264.4260068722
379999.9999999999,576054.9481433359,579432.7885375927,-196054.948143336,-199432.78853759286
349799.99999999994,297056.1100136176,314202.18899342953,52743.88998638233,35597.81100657041
1350000.0,697531.1993226699,715700.6595916027,652468.8006773301,634299.3404083973
469699.99999999977,123900.49977664578,124505.28471470796,345799.50022335397,345194.7152852918
180000.00000000003,236047.33847247425,230771.13404724494,-56047.33847247422,-50771.13404724491
95999.99999999996,278478.336953433,339048.16620247,-182478.33695343306,-243048.16620247008
170000.00000000012,155360.92555662052,150600.93713150022,14639.074443379592,19399.062868499896
130000.00000000009,271377.4656392619,268312.0492987102,-141377.4656392618,-138312.0492987101
390000.00000000035,369571.2563881455,401792.95742525405,20428.74361185485,-11792.957425253699
109999.99999999991,114579.32208482802,111053.28579679827,-4579.322084828105,-1053.2857967983582
484999.99999999965,174487.98277321216,173578.00359022466,310512.0172267875,311421.996409775
225000.00000000015,240712.14381566437,227708.161835481,-15712.143815664225,-2708.1618354808597
134999.99999999997,169944.3946541578,173019.91163317056,-34944.39465415783,-38019.91163317059
310000.0000000002,369563.9188271294,393668.4859749079,-59563.91882712924,-83668.4859749077
669999.9999999998,560628.0223523559,562484.5098750199,109371.97764764389,107515.49012497987
274299.9999999999,186002.37625430204,197139.44543905533,88297.62374569784,77160.55456094455
474999.99999999977,404156.33856139245,398738.94089297176,70843.66143860732,76261.059107028
127999.99999999997,160476.2937963957,157759.64390310863,-32476.293796395737,-29759.643903108663
139000.00000000003,184732.02102959322,176293.87360986284,-45732.02102959319,-37293.873609862814
108000.00000000001,194481.92221751605,177606.7003586398,-86481.92221751604,-69606.70035863978
175000.00000000012,124782.29935951115,125203.0649522477,50217.70064048897,49796.93504775241
925000.0000000007,483085.832533367,491965.93447208806,441914.1674666337,433034.06552791264
180000.00000000003,258737.1425091354,248136.59941812907,-78737.14250913536,-68136.59941812904
454000.0000000002,263404.8789264577,276263.9298799215,190595.12107354245,177736.0701200787
275000.0000000002,519209.09321159346,510609.0735089448,-244209.09321159328,-235609.07350894465
49900.000000000015,113867.87396969291,108256.0994414183,-63967.8739696929,-58356.09944141828
979999.9999999997,567498.8653017896,579380.1049222405,412501.13469821005,400619.89507775917
372499.9999999998,238825.01466699998,244413.3518154726,133674.98533299984,128086.64818452724
350900.00000000006,234594.72090287018,237447.76336750507,116305.27909712988,113452.23663249498
339999.99999999994,273884.1028087334,276122.84047479025,66115.89719126653,63877.15952520969
103000.00000000001,159197.12841462373,160311.1279382422,-56197.128414623716,-57311.12793824218
106000.00000000001,171735.16428639487,163148.21209139217,-65735.16428639485,-57148.21209139215
167999.9999999999,258543.7672921676,266307.86078165646,-90543.7672921677,-98307.86078165655
223500.0,220956.2774683866,225258.60681807421,2543.722531613399,-1758.606818074215
286000.00000000023,302203.11333116697,297717.923269503,-16203.113331166736,-11717.92326950276
444999.9999999997,292044.39697045326,290326.1129330122,152955.60302954644,154673.88706698752
649999.9999999995,457861.90824382566,510440.5780172934,192138.09175617388,139559.42198270612
99000.00000000004,211982.06567731706,208541.9002365878,-112982.06567731702,-109541.90023658775
409000.0000000001,649033.4855308075,670601.4989497676,-240033.4855308074,-261601.49894976744
81000.00000000007,122660.07665882383,115456.10813406798,-41660.07665882376,-34456.10813406791
81499.99999999996,101002.74712318394,95970.32288304753,-19502.747123183988,-14470.322883047571
265000.00000000006,290863.46365830075,300478.11695667566,-25863.463658300694,-35478.1169566756
129000.0000000001,187004.74976820097,190703.1173154757,-58004.74976820087,-61703.11731547561
344999.9999999997,515176.0169703208,490904.5291674518,-170176.01697032107,-145904.52916745207
123624.99999999999,154769.09736281124,155381.9665542371,-31144.097362811255,-31756.966554237108
1350000.0,1357610.735260721,1537652.1930771659,-7610.735260721063,-187652.19307716587
399999.9999999999,599693.8765400022,572393.949938041,-199693.8765400023,-172393.94993804116
155989.99999999988,221285.54806116511,237235.8089090383,-65295.54806116523,-81245.8089090384
349999.9999999997,222791.5611983738,229766.26262202256,127208.43880162592,120233.73737797714
315000.0000000002,277650.0958766079,267035.9367475391,37349.90412339225,47964.063252461085
765999.9999999997,687438.1357170487,701915.6186421859,78561.86428295099,64084.38135781372
261999.99999999994,319264.3513163563,315237.3889326832,-57264.35131635633,-53237.38893268327
217999.99999999988,162515.55064940458,159677.4826429445,55484.4493505953,58322.51735705539
171999.99999999988,235773.17964158478,253878.36396119458,-63773.179641584895,-81878.3639611947
379999.9999999999,302869.36803295615,304214.5007733423,77130.63196704374,75785.49922665756
369999.99999999977,379775.7599584045,386817.3061576408,-9775.759958404757,-16817.306157641055
628299.9999999999,473471.9525959016,508019.8445413314,154828.04740409827,120280.15545866848
130000.00000000009,136646.8458374848,146187.2746192578,-6646.845837484725,-16187.274619257718
81499.99999999996,162610.7528018916,152054.89772812516,-81110.75280189163,-70554.8977281252
265000.00000000006,517148.2653371475,513792.81064543256,-252148.26533714746,-248792.8106454325
659999.9999999995,398109.26701490255,399758.93958724814,261890.73298509698,260241.0604127514
264000.00000000006,179887.36806410793,173063.8573223081,84112.63193589213,90936.14267769197
1190000.0000000002,1107794.0481148914,1147009.6114568596,82205.95188510884,42990.38854314061
178999.99999999994,176488.28139505337,176722.75646760312,2511.718604946567,2277.243532396824
420000.0,376626.4910281951,374896.4908565592,43373.50897180493,45103.50914344081
328000.0000000002,288092.6413081118,308135.4558012382,39907.358691888396,19864.544198761985
163999.99999999988,139184.17632378484,142190.37866721032,24815.823676215048,21809.621332789568
772000.0000000001,631259.198897587,648582.1156305781,140740.8011024131,123417.88436942198
360400.00000000006,726967.7578725572,735074.6130371242,-366567.7578725571,-374674.6130371241
262500.00000000023,313182.73045140266,304069.23234602396,-50682.73045140243,-41569.232346023724
397999.99999999977,617842.7145950617,752554.3209141429,-219842.71459506196,-354554.3209141431
319499.99999999994,304745.4928192444,311053.5182440097,14754.50718075555,8446.481755990244
218999.99999999988,242653.81129809178,242622.49321528515,-23653.811298091896,-23622.49321528527
702000.0000000003,378104.375922675,405860.31641931966,323895.62407732534,296139.6835806807
752999.9999999998,643395.9731068523,725295.9904149064,109604.0268931475,27704.009585093358
302000.00000000006,397120.6147189316,357846.2472145046,-95120.61471893155,-55846.24721450452
143500.0000000001,195287.19194476973,192855.79075453346,-51787.19194476964,-49355.79075453337
243000.00000000003,206155.92174084522,213929.02988214375,36844.078259154805,29070.970117856283
719999.9999999995,554292.8254054511,591487.6020046967,165707.1745945484,128512.3979953028
150000.00000000006,192622.60997614788,191523.1407439188,-42622.609976147825,-41523.140743918746
310000.0000000002,278412.7880981378,276738.88559841807,31587.21190186235,33261.114401582105
537999.9999999998,445334.01830963255,420566.45010683825,92665.98169036722,117433.54989316151
210120.0000000001,196759.19313615223,192321.09907314752,13360.806863847858,17798.90092685257
983249.9999999995,877662.9870769511,835752.896758095,105587.01292304846,147497.10324190452
449999.99999999994,346566.29100981733,339157.0732281371,103433.70899018261,110842.92677186284
287000.0000000001,235979.94398980984,229213.2091853816,51020.05601019028,57786.79081461852
156999.99999999994,216495.67208187233,214954.92701806052,-59495.672081872384,-57954.92701806058
189999.9999999999,169060.76567010136,171606.14022843866,20939.23432989855,18393.859771561256
60000.000000000015,127647.27139059077,122793.22344424028,-67647.27139059076,-62793.22344424027
215000.0,206237.7265889166,214148.11502234318,8762.273411083414,851.884977656824
127999.99999999997,198790.53914525456,185700.02100231047,-70790.53914525459,-57700.0210023105
1090000.0000000002,936546.7886314915,946407.8005427701,153453.21136850875,143592.19945723016
339000.00000000023,325332.9328242174,331433.0996958432,13667.06717578281,7566.900304157054
270300.00000000006,593042.784019583,598958.0656113853,-322742.78401958296,-328658.0656113852
369079.9999999998,263935.60402228904,282694.84164778166,105144.39597771078,86385.15835221816
322400.0000000002,201752.50115834546,202270.77042609887,120647.49884165471,120129.2295739013
294999.9999999998,164530.74730113047,147471.2455789871,130469.25269886936,147528.75442101274
364999.99999999977,337649.8696112829,343461.8607151324,27350.130388716876,21538.139284867386
278000.0000000002,320425.64423165494,323835.59365646326,-42425.64423165476,-45835.59365646308
998000.0000000008,548038.4830784668,600006.4660531696,449961.51692153397,397993.53394683124
249000.00000000006,200557.46074963693,197234.096081981,48442.53925036313,51765.90391801906
649000.0000000006,240277.43124033752,238600.85432476096,408722.56875966303,410399.1456752396
280000.0,246173.954267375,256177.2042664474,33826.045732625,23822.7957335526
755000.0000000005,608801.1158943346,647752.5227756987,146198.88410566584,107247.47722430178
299999.99999999977,353698.3977277148,357238.4460876651,-53698.397727715026,-57238.44608766533
352000.0000000003,329919.7603256387,313741.9254861183,22080.239674361597,38258.07451388199
337000.0,315761.4141166629,352314.81276148424,21238.585883337073,-15314.812761484238
1479999.999999999,944573.5518584565,1128731.1138134801,535426.4481415426,351268.88618651894
110249.99999999994,233252.22838025857,237066.83784484415,-123002.22838025863,-126816.83784484421
1190000.0000000002,768377.6419785278,790667.5338955516,421622.35802147246,399332.46610444866
224000.0,222449.9371233706,216674.74505923444,1550.0628766294103,7325.254940765561
590000.0000000003,391849.9181463966,401485.6486457704,198150.08185360377,188514.35135422996
162999.99999999988,178167.79859497442,176398.78514086173,-15167.798594974534,-13398.785140861844
387999.9999999999,209830.91935271458,206860.80619756225,178169.0806472853,181139.19380243763
310000.0000000002,247794.6563446451,253090.91734934156,62205.34365535507,56909.082650658616
498999.9999999996,403897.6546936199,382684.9944741469,95102.34530637972,116315.00552585267
294000.0000000001,338121.6940650301,352236.4039811048,-44121.694065029966,-58236.40398110467
371000.00000000006,331856.3034997036,363306.4378143002,39143.69650029647,7693.562185699877
139449.99999999988,102493.10803965414,97606.23541417877,36956.89196034575,41843.76458582112
390000.00000000035,383282.48429568665,403374.98097997217,6717.515704313701,-13374.98097997182
210000.0,207338.82183801025,214885.48648728096,2661.178161989752,-4885.486487280956
157500.00000000006,185122.25219719292,180318.07680117578,-27622.252197192865,-22818.076801175717
49000.00000000002,161260.47814701017,157387.91609408057,-112260.47814701014,-108387.91609408055
126250.00000000006,164177.56152146042,162765.80354810762,-37927.56152146036,-36515.803548107564
658999.9999999997,740375.7036272442,755639.5696435573,-81375.70362724457,-96639.56964355765
113999.99999999996,180231.15273147033,180116.5854828685,-66231.15273147037,-66116.58548286856
163999.99999999988,272544.07208216755,269739.7259089556,-108544.07208216767,-105739.72590895573
339999.99999999994,253711.88085022697,261163.70943198408,86288.11914977297,78836.29056801586
255000.0000000001,429791.82970221067,427632.37303629465,-174791.82970221058,-172632.37303629456
231250.00000000006,216074.36109602972,210021.3101447925,15175.638903970335,21228.689855207573
212000.00000000017,162601.00405587174,154607.93616586353,49398.99594412843,57392.06383413664
119789.00000000004,182359.0568275619,166159.50232027145,-62570.05682756186,-46370.50232027141
420000.0,454364.62931988895,466398.3942549558,-34364.62931988895,-46398.39425495581
929999.9999999993,564042.7800192948,563848.8862765467,365957.2199807045,366151.11372345255
178999.99999999994,290290.4104600491,282035.3327697706,-111290.41046004917,-103035.33276977064
269899.99999999977,260493.327540404,276649.16624909634,9406.672459595778,-6749.166249096568
163999.99999999988,164666.21195317444,161044.61510003774,-666.2119531745557,2955.3848999621405
452999.99999999977,466668.20917229884,476330.3778764601,-13668.209172299074,-23330.37787646032
273999.99999999994,262590.992397883,255796.79710701288,11409.007602116966,18203.202892987058
146999.99999999988,116172.39357662003,117032.88762123576,30827.606423379853,29967.112378764126
153999.99999999988,141440.92921371272,147277.09566447488,12559.070786287164,6722.904335525003
87999.99999999996,82750.22621472647,81778.59814726314,5249.773785273486,6221.401852736817
127999.99999999997,222853.95576810153,204455.85300773982,-94853.95576810156,-76455.85300773985
362000.0,306080.2447377808,318798.417895522,55919.75526221917,43201.58210447797
579960.0000000005,371451.0983210117,410641.486011286,208508.90167898877,169318.5139887145
249899.9999999999,208139.89513654192,204176.7589954558,41760.10486345799,45723.24100454411
549999.9999999998,337160.55548458395,329987.86905675125,212839.44451541582,220012.1309432485
171438.0,212011.35282994463,215717.67059186133,-40573.35282994463,-44279.67059186133
243800.0,225420.13624243435,227119.31967206535,18379.863757565647,16680.68032793465
296800.00000000006,346579.05264778744,345240.7558144689,-49779.05264778738,-48440.75581446884
415000.00000000006,298301.02209786634,283418.75119457254,116698.97790213372,131581.24880542752
1598000.0000000002,1462858.4574130422,1621253.3019840366,135141.54258695804,-23253.30198403634
388500.0,268888.5239746193,278914.64917349536,119611.47602538072,109585.35082650464
615000.0,232242.50512787153,263183.2341601522,382757.4948721285,351816.7658398478
167000.0000000001,176658.13912050976,174210.7027541674,-9658.139120509673,-7210.702754167316
289999.9999999999,376485.4213119014,350709.1104585312,-86485.42131190153,-60709.1104585313
108000.00000000001,137615.31763359188,139337.49117612062,-29615.31763359187,-31337.491176120602
217000.00000000012,194321.99615367444,192437.45811044917,22678.00384632568,24562.54188955095
50000.000000000015,128050.79524842792,124276.62152412342,-78050.79524842791,-74276.6215241234
188999.99999999988,258152.7985741147,253616.6786179652,-69152.79857411483,-64616.67861796531
219349.99999999994,132823.31323318853,126398.15196267905,86526.68676681141,92951.84803732089
398999.99999999977,510147.4512694061,578552.9568241687,-111147.45126940636,-179552.9568241689
145000.00000000012,231062.1287715946,241671.55544093426,-86062.12877159449,-96671.55544093414
258400.0000000002,147971.58250531895,148945.30720382376,110428.41749468126,109454.69279617644
139750.0000000001,120722.08357301365,118318.37157693681,19027.91642698644,21431.628423063274
201600.00000000012,266803.3776767531,254126.00533907942,-65203.37767675298,-52526.005339079304
109999.99999999991,265353.7188688286,258772.1219355092,-155353.7188688287,-148772.1219355093
327000.0000000001,351733.3857087533,361396.9874428608,-24733.385708753194,-34396.98744286067
131999.9999999999,175217.25556904092,166749.66685932426,-43217.25556904101,-34749.66685932435
440000.0000000002,280013.16118523886,272455.5333073425,159986.83881476132,167544.46669265768
194000.00000000006,254935.3834483702,246005.3635829979,-60935.38344837015,-52005.363582997845
158999.99999999997,122458.06072891588,121260.71279900386,36541.93927108409,37739.287200996114
169000.00000000012,170608.0356314106,162555.47490999455,-1608.0356314104865,6444.525090005569
229000.00000000006,321740.1672101802,333952.827869085,-92740.16721018014,-104952.82786908495
225000.00000000015,225114.01272083668,213663.96122148575,-114.0127208365302,11336.038778514398
324999.9999999999,338366.57902546914,328139.09109785175,-13366.579025469255,-3139.091097851866
395999.9999999999,252206.52800723325,265314.5227910896,143793.47199276663,130685.47720891028
495000.0000000004,347436.39075775386,367932.22049775097,147563.60924224654,127067.77950224944
1249999.999999999,949946.2466104812,1084272.7593333647,300053.7533895179,165727.2406666344
1650000.0000000007,1481615.6722634519,1690000.0,168384.32773654885,-39999.9999999993
141500.0000000001,178428.4348569873,176937.41138918733,-36928.43485698721,-35437.41138918724
1150000.0000000005,757010.2735845064,808699.9715293938,392989.7264154941,341300.02847060666
919999.9999999998,627001.7903171023,645125.1788880316,292998.20968289743,274874.82111196814
155000.00000000012,100386.52708680004,97641.10775126923,54613.47291320008,57358.89224873089
545999.9999999999,500364.0298242373,495445.7278332734,45635.9701757626,50554.27216672647
252000.0000000001,237245.73781452744,247804.19957312325,14754.262185472646,4195.800426876842
137800.0000000001,180503.10022084747,176896.0850980469,-42703.10022084738,-39096.08509804681
240000.00000000003,293399.0634785482,278173.8266489389,-53399.06347854817,-38173.82664893885
134999.99999999997,137541.56266418082,143833.90158076314,-2541.5626641808485,-8833.901580763166
147959.99999999997,165430.58012735742,176452.4023083837,-17470.580127357447,-28492.402308383724
304900.00000000023,234204.40862158462,227645.64757796776,70695.59137841561,77254.35242203248
575000.0000000001,425055.4015277271,474528.9991874804,149944.59847227304,100471.00081251969
319000.0,164703.49825837117,161468.07992667824,154296.50174162883,157531.92007332176
138000.00000000006,138336.20628385394,127887.38323496046,-336.2062838538841,10112.616765039595
288500.0,247478.1450634072,268327.65984492336,41021.854936592805,20172.340155076643
398999.99999999977,314005.9911789961,292529.7565928376,84994.00882100366,106470.24340716214
142000.0,200859.17614097145,204735.0912464489,-58859.17614097145,-62735.091246448894
360000.0000000001,425976.4152104313,396441.88948321505,-65976.41521043121,-36441.88948321494
499999.99999999977,474422.72433786263,444026.8806395772,25577.275662137137,55973.11936042254
171000.00000000012,201697.41055588998,197478.96841789715,-30697.41055588986,-26478.968417897035
89900.00000000007,133902.8477047143,132458.8231525215,-44002.84770471424,-42558.823152521436
99000.00000000004,228340.3872876577,232821.05919946477,-129340.38728765766,-133821.05919946474
209900.00000000017,206180.05269766168,202654.9015717071,3719.9473023384926,7245.098428293073
441000.00000000006,361133.8389751675,368275.61678468477,79866.16102483257,72724.38321531529
368000.00000000023,611043.9415574032,652607.2998058901,-243043.94155740296,-284607.29980588984
124500.00000000003,192992.4713578635,189167.5008968823,-68492.47135786348,-64667.500896882266
310000.0000000002,212955.6934812335,217059.72588910183,97044.30651876668,92940.27411089835
229900.00000000006,185085.1200658876,188217.40629828733,44814.879934112454,41682.59370171273
139750.0000000001,232977.69733074517,225080.34791144228,-93227.69733074508,-85330.3479114422
165000.00000000015,122702.60503911426,126693.48301692588,42297.39496088588,38306.51698307427
95000.00000000001,504020.5118219988,489932.39275823644,-409020.5118219988,-394932.39275823644
123624.99999999999,138703.982705677,133245.7200174756,-15078.982705677001,-9620.720017475614
243500.00000000015,359197.2749364784,368259.42416578927,-115697.27493647826,-124759.42416578913
332999.99999999977,335438.76079796074,340259.0462631987,-2438.7607979609747,-7259.04626319895
139750.0000000001,169816.40315063062,188224.31943440918,-30066.403150630533,-48474.31943440909
147499.99999999997,206674.43362786062,207141.20306818568,-59174.43362786065,-59641.203068185714
158999.99999999997,142985.900822893,135650.55746703802,16014.099177106982,23349.442532961955
829000.0000000002,334775.454755149,335589.1029984866,494224.5452448512,493410.89700151363
191999.99999999997,176185.43966788988,194874.56497872705,15814.560332110093,-2874.5649787270813
99799.99999999994,277970.41134142334,299529.9835323492,-178170.4113414234,-199729.98353234923
139000.00000000003,237589.47527958592,225429.52127937353,-98589.4752795859,-86429.5212793735
430000.00000000023,448235.73581112357,456393.70523776684,-18235.735811123333,-26393.70523776661
109999.99999999991,235621.32113439095,241601.91564702732,-125621.32113439104,-131601.9156470274
363699.99999999994,323962.0300842655,363647.808882739,39737.96991573443,52.19111726095434
35999.99999999998,202238.04139589082,209068.7281013012,-166238.04139589085,-173068.72810130124
108000.00000000001,137892.09958444294,132777.6178407517,-29892.099584442927,-24777.6178407517
354999.9999999998,521797.631380876,557360.2901466343,-166797.63138087618,-202360.2901466345
315999.99999999994,214726.10891931588,196997.70254052774,101273.89108068406,119002.2974594722
240000.00000000003,318435.2421401358,351122.14230078564,-78435.24214013576,-111122.1423007856
588000.0,590596.5022496324,574621.9511999757,-2596.50224963238,13378.04880002432
59499.99999999996,109544.87420855042,102900.86708764292,-50044.87420855046,-43400.86708764296
739000.0000000005,380721.1668731648,367251.914343768,358278.83312683564,371748.0856562325
59900.00000000002,135658.45959137118,122469.75232472837,-75758.45959137115,-62569.752324728346
310000.0000000002,290086.90868393896,301718.51173153287,19913.09131606121,8281.488268467307
1249999.999999999,372698.1837011009,389525.2825353735,877301.8162988982,860474.7174646256
271662.9999999999,472278.2742038298,475527.453292719,-200615.27420382993,-203864.4532927191
149000.0,247065.2886773618,272978.0350774066,-98065.2886773618,-123978.03507740662
219999.99999999983,227221.12861649637,234413.89498948658,-7221.128616496542,-14413.894989486755
695000.0,580954.2831563028,567622.4505697963,114045.71684369724,127377.54943020374
210000.0,332817.34570411465,356243.46019122767,-122817.34570411465,-146243.46019122767
124999.9999999999,267977.1978294496,278476.64538352727,-142977.19782944972,-153476.6453835274
398999.99999999977,315014.82652682666,341694.2724590309,83985.17347317311,57305.72754096886
174399.99999999994,138853.2573190737,132655.05954956714,35546.742680926254,41744.9404504328
64500.000000000015,138389.9822647557,134199.4449425026,-73889.98226475569,-69699.44494250258
349999.9999999997,385337.7706431845,396118.75287337205,-35337.77064318478,-46118.752873372345
318000.0,311730.0697227998,309776.6480787156,6269.930277200183,8223.351921284397
1194999.999999999,681413.5896302402,710781.8297651979,513586.41036975884,484218.17023480113
120000.00000000004,232191.4992278435,231868.31712815477,-112191.49922784347,-111868.31712815473
449999.99999999994,784555.3849153265,749979.597224451,-334555.38491532655,-299979.5972244511
379000.0000000002,218349.94910523298,220807.75450426497,160650.0508947672,158192.2454957352
373500.00000000006,225360.62757903736,227735.98477197703,148139.3724209627,145764.01522802302
1155000.0000000005,1040309.724720876,1155213.5286999603,114690.2752791245,-213.52869995986111
1317699.9999999995,1092297.0042627612,1232176.520433782,225402.99573723832,85523.47956621763
230000.0000000001,270620.42301761755,267129.4770461248,-40620.42301761746,-37129.477046124724
149500.00000000012,225942.4410821337,200341.98508192415,-76442.44108213359,-50841.98508192404
152000.00000000006,272853.2594191772,268279.9099576958,-120853.25941917713,-116279.90995769575
314000.0,214891.22363964803,226749.85975111718,99108.77636035197,87250.14024888282
203999.99999999985,201877.75525666724,197833.5644534008,2122.244743332616,6166.435546599067
169000.00000000012,238077.9779263894,242891.8129909888,-69077.97792638929,-73891.81299098869
468000.0000000003,454445.6661552858,467564.60548637615,13554.333844714507,435.3945136241382
221999.99999999983,260922.1419976051,255943.89136235949,-38922.14199760527,-33943.89136235966
228579.99999999988,176162.8842884773,178408.79101985332,52417.11571152258,50171.20898014656
130000.00000000009,218359.85505353156,220520.44047140708,-88359.85505353147,-90520.440471407
344999.9999999997,312015.4097624081,318598.43185503635,32984.59023759159,26401.568144963356
258749.99999999997,268533.3106948894,273647.31757150945,-9783.310694889427,-14897.317571509484
90000.00000000001,142776.9875084046,138014.137571329,-52776.98750840458,-48014.137571328974
469999.9999999998,472818.9067315901,488340.5004569091,-2818.9067315902794,-18340.5004569093
1400000.0000000007,915178.579600741,956231.9893540129,484821.42039925966,443768.0106459878
219999.99999999983,240563.2955899771,228141.32334385207,-20563.295589977264,-8141.323343852244
186000.00000000012,205398.10595656847,202919.14184929602,-19398.105956568354,-16919.141849295906
897500.0000000003,165317.6324841201,162312.31647263828,732182.3675158803,735187.6835273621
1020000.0000000005,735972.9088928737,767368.812318681,284027.0911071268,252631.18768131942
210000.0,188496.2113457482,179343.96101904474,21503.78865425181,30656.038980955258
440000.0000000002,291486.66825594555,298682.25210038637,148513.33174405462,141317.7478996138
364999.99999999977,513269.83670792327,509565.46918686974,-148269.8367079235,-144565.46918686997
75000.00000000004,96487.53500070603,92111.22481633861,-21487.53500070599,-17111.224816338567
202350.00000000003,350208.42745456274,399366.48894262064,-147858.4274545627,-197016.4889426206
1690000.0000000007,900907.4251664259,934979.2125722396,789092.5748335748,755020.7874277611
252000.0000000001,213779.32129426344,209184.87460740653,38220.678705736645,42815.12539259356
299000.00000000006,406307.8939680099,409925.7482639503,-107307.89396800986,-110925.74826395023
62999.99999999995,128506.83147555904,128665.44809561067,-65506.83147555909,-65665.44809561071
249000.00000000006,234724.00199308348,225951.56343328324,14275.998006916576,23048.436566716817
247000.00000000006,327049.3706890055,305658.37011019065,-80049.37068900542,-58658.37011019059
498999.9999999996,429299.0716115958,424949.58600385406,69700.92838840379,74050.41399614554
355999.99999999994,228318.76396688784,215262.12089132756,127681.2360331121,140737.87910867238
191674.9999999999,209238.91923567004,217000.93604867285,-17563.919235670124,-25325.936048672942
130999.99999999997,177857.7615350869,177665.34162771123,-46857.76153508693,-46665.341627711256
90999.99999999991,104234.60257859112,98464.93385584708,-13234.602578591206,-7464.9338558471645
490000.0,532226.9909966859,527264.6847420105,-42226.99099668593,-37264.68474201055
165000.00000000015,583114.5797089516,609793.7810825809,-418114.5797089515,-444793.7810825808
55499.99999999996,131202.09259962977,137061.81166622834,-75702.0925996298,-81561.81166622837
258000.00000000015,235152.65102248767,242870.21697676464,22847.348977512476,15129.783023235505
223000.00000000003,219960.06747008325,224217.4225466044,3039.932529916783,-1217.4225466043572
406000.0,481285.3415130235,528054.537170435,-75285.34151302348,-122054.53717043495
312999.9999999999,214521.31432992488,221855.22155861137,98478.685670075,91144.77844138851
151499.99999999997,173265.67216480212,168490.10339838857,-21765.67216480215,-16990.1033983886
210000.0,237749.3208022273,231138.479556416,-27749.320802227303,-21138.479556415987
1050000.0000000007,377545.6240233805,375093.3746775964,672454.3759766202,674906.6253224043
89500.00000000003,170580.56506875955,162000.08136008633,-81080.56506875952,-72500.0813600863
272999.9999999998,710391.934158589,723751.3958450047,-437391.93415858917,-450751.3958450049
570000.0000000001,525586.4300190279,524885.2413707315,44413.569980972214,45114.75862926862
289070.0000000001,299395.710254083,315730.8432290884,-10325.710254082864,-26660.843229088292
80000.0,116628.4286572405,115165.53992232497,-36628.428657240496,-35165.53992232497
418999.9999999998,559760.0696150847,550250.1819952903,-140760.06961508485,-131250.1819952905
549999.9999999998,401940.6652624945,396416.66507028247,148059.33473750524,153583.3349297173
143000.0000000001,382073.53226924944,378744.4498333844,-239073.53226924935,-235744.44983338434
116000.0000000001,173488.14677273808,176215.4957642586,-57488.14677273798,-60215.49576425851
58900.000000000015,128655.71904280836,115742.86908776025,-69755.71904280834,-56842.869087760235
278000.0000000002,274899.38701692125,263311.5281529231,3100.6129830789287,14688.471847077075
695000.0,562321.5424948179,529575.4060091035,132678.45750518213,165424.59399089648
352000.0000000003,274414.78176820884,270473.1245775119,77585.21823179146,81526.87542248837
299000.00000000006,396588.3159295354,409898.43956545286,-97588.31592953537,-110898.4395654528
109000.0,185117.1374283937,191943.2242246778,-76117.1374283937,-82943.2242246778
840000.0000000005,662518.5749022384,684611.5625967396,177481.42509776202,155388.43740326085
178499.99999999985,247228.86289489127,241836.55098266006,-68728.86289489141,-63336.55098266021
106000.00000000001,235395.88648476152,229769.92288351178,-129395.8864847615,-123769.92288351177
270400.0000000002,385673.071269662,447616.7753141628,-115273.07126966183,-177216.7753141626
124999.9999999999,176226.74834962864,173015.60895822334,-51226.748349628746,-48015.60895822344
104999.99999999997,194025.31057401063,194376.35834726074,-89025.31057401065,-89376.35834726077
897999.9999999995,742842.8862595103,747006.6584557998,155157.11374048924,150993.34154419973
780000.0000000001,657344.4001763012,695017.4725786155,122655.59982369887,84982.52742138458
442000.00000000035,578609.2315366721,563210.9939815659,-136609.23153667175,-121210.99398156558
108070.0,181179.8317489677,171057.8433115464,-73109.8317489677,-62987.8433115464
376999.99999999977,353037.2877689562,336523.12229194946,23962.71223104355,40476.877708050306
244999.99999999997,196209.07971724062,190630.61321601618,48790.920282759354,54369.38678398379
334999.9999999998,228240.52625375096,242598.67704428555,106759.47374624887,92401.32295571428
249000.00000000006,286081.28319615475,289375.97783303645,-37081.28319615469,-40375.97783303639
297000.0000000002,283559.1222100041,268978.512152908,13440.877789996099,28021.487847092154
376999.99999999977,575816.5634182543,603518.5185295987,-198816.5634182545,-226518.51852959895
555000.0000000002,306887.3175731652,312251.459706863,248112.68242683506,242748.54029313725
227900.00000000006,270776.3152626555,297597.84708875825,-42876.31526265544,-69697.8470887582
477000.00000000006,374159.33406052174,379617.36980422266,102840.66593947832,97382.6301957774
981000.0,795014.3465188353,802316.3899956831,185985.6534811647,178683.6100043169
210000.0,195250.10939939137,196505.05075588857,14749.890600608633,13494.949244111427
365999.9999999997,171913.8683010448,167541.09983447086,194086.1316989549,198458.90016552884
834999.9999999998,272912.1488275489,264989.40418703004,562087.8511724509,570010.5958129697
312700.0,261646.62980784455,255915.20218494415,51053.370192155446,56784.79781505585
265000.00000000006,163009.14468034165,182051.17345505938,101990.85531965841,82948.82654494068
467955.00000000023,361715.5983002353,384583.10083024425,106239.40169976495,83371.89916975598
174499.99999999994,168089.27997187202,166831.11063566103,6410.720028127922,7668.8893643389165
367500.0000000003,179850.50181737795,184784.50969000536,187649.49818262234,182715.49030999493
37400.00000000001,100959.64721903726,96464.7276629578,-63559.64721903725,-59064.72766295779
28999.999999999996,144609.2905744686,143663.85771670565,-115609.29057446861,-114663.85771670565
165000.00000000015,114762.71920597958,117570.88841529957,50237.28079402057,47429.11158470057
172999.9999999999,212654.98583145527,208052.30988368153,-39654.98583145536,-35052.30988368162
89000.00000000004,170547.30551388164,169763.65731960238,-81547.3055138816,-80763.65731960234
319000.0,359801.77651258704,361500.0937679938,-40801.776512587036,-42500.09376799379
271000.0000000002,242891.50070843767,239092.40906088596,28108.499291562504,31907.59093911422
169000.00000000012,273422.75838846585,263815.1810497387,-104422.75838846574,-94815.1810497386
138000.00000000006,266524.2437903356,268241.701416763,-128524.24379033555,-130241.70141676295
359000.00000000023,381135.31848381186,373178.9467933601,-22135.31848381163,-14178.946793359879
295999.99999999977,464048.5953277088,476356.3734862705,-168048.59532770904,-180356.37348627072
330000.0000000001,558079.3799582494,552051.1846966352,-228079.37995824928,-222051.18469663511
126999.99999999991,143580.4268501591,143880.69727945692,-16580.426850159187,-16880.697279457003
315999.99999999994,222113.44569290837,206932.0653443215,93886.55430709157,109067.93465567843
659999.9999999995,527495.536307643,539622.7393711503,132504.46369235648,120377.26062884927
294999.9999999998,246618.29393484571,258423.19491369146,48381.70606515411,36576.80508630836
90999.99999999991,129510.5342325414,122301.61404162078,-38510.53423254148,-31301.614041620865
938000.0000000002,732402.8003447338,742211.8111424013,205597.19965526648,195788.18885759893
252719.9999999999,231214.12958620308,246494.87219540722,21505.87041379683,6225.127804592688
319000.0,279363.6422093123,287541.166913883,39636.3577906877,31458.833086116996
221999.99999999983,232879.75030739087,226008.36098991902,-10879.750307391048,-4008.3609899191943
989999.9999999992,959744.0372281454,1029588.4619590997,30255.96277185378,-39588.46195910056
135989.9999999999,120066.32491965519,117943.8366501443,15923.675080344721,18046.16334985562
355999.99999999994,251205.84139383,265590.24339534127,104794.15860616995,90409.75660465867
163499.99999999988,297623.2585112767,304074.84761064575,-134123.2585112768,-140574.84761064587
270000.00000000006,267375.54460782005,279041.23900856427,2624.4553921800107,-9041.239008564211
343500.0000000003,296678.18890728033,295710.3745489499,46821.81109271996,47789.62545105041
667000.0000000002,352248.3704792447,384590.66330552584,314751.62952075555,282409.3366944744
895000.0000000007,530420.4885055949,550798.916425051,364579.5114944058,344201.08357494965
348999.99999999994,177089.15127573654,170284.47700820465,171910.8487242634,178715.5229917953
217999.99999999988,237447.46101373204,231039.01360327913,-19447.461013732158,-13039.01360327925
369999.99999999977,388402.4832067747,389009.66872890334,-18402.483206774923,-19009.668728903576
344999.9999999997,439659.9845079126,430814.29731607606,-94659.98450791289,-85814.29731607635
416999.9999999998,371225.85465145524,402725.71363793337,45774.14534854458,14274.286362066458
544999.9999999997,409060.25101117115,419143.81954747974,135939.7489888285,125856.18045251991
129000.0000000001,139571.23240584158,133157.0410052454,-10571.232405841482,-4157.041005245308
544999.9999999997,539104.987222558,658791.1848064684,5895.012777441647,-113791.18480646878
29999.99999999999,111105.5447503571,113913.92125364403,-81105.54475035712,-83913.92125364405
304150.0000000001,135638.76021555153,136437.87407769464,168511.23978444858,167712.12592230548
259999.9999999998,238959.79473265584,238826.48406460692,21040.20526734396,21173.515935392876
158999.99999999997,194546.81790554503,184450.94914432673,-35546.81790554506,-25450.94914432676
625000.0000000002,665916.6105268751,689607.1778617078,-40916.610526874894,-64607.17786170752
509999.9999999998,357507.7140775336,380016.00282165164,152492.28592246625,129983.99717834819
230000.0000000001,205172.16593371078,215125.37035559575,24827.834066289302,14874.62964440434
1214000.0000000002,823316.81506844,867387.0816305428,390683.1849315602,346612.9183694575
158999.99999999997,297318.452464214,320534.57457789546,-138318.45246421403,-161534.5745778955
474000.0000000003,207611.76429647615,203962.29766568774,266388.23570352414,270037.70233431255
149000.0,232848.8712505672,216981.09482506523,-83848.8712505672,-67981.09482506523
309549.99999999994,213727.48927418253,217377.95276180725,95822.51072581741,92172.0472381927
474999.99999999977,307193.0063502104,325379.1867180936,167806.99364978937,149620.8132819062
68999.99999999997,141045.998940438,137723.4114976038,-72045.99894043803,-68723.41149760384
351000.0000000001,339518.672198467,346444.22952158924,11481.327801533102,4555.770478410879
1364999.9999999993,1690000.0,1690000.0,-325000.0000000007,-325000.0000000007
249000.00000000006,479156.2490197028,483310.51918248617,-230156.24901970272,-234310.5191824861
199000.0000000001,199641.02471589894,209990.01720918706,-641.0247158988495,-10990.017209186975
210000.0,204811.15351825856,210668.33237476138,5188.846481741435,-668.3323747613758
249999.9999999998,246369.4088825572,240596.44897389016,3630.5911174425855,9403.551026109635
223131.99999999997,275401.58174783445,266017.3375452953,-52269.58174783448,-42885.33754529533
170000.00000000012,246232.75839153788,241341.07739364347,-76232.75839153776,-71341.07739364335
620000.0000000005,698973.5367027323,646168.4437686824,-78973.53670273186,-26168.44376868196
149900.0,155804.93579396693,150056.23882466284,-5904.935793966928,-156.23882466283976
448000.0000000002,610043.9547065684,608141.3208961682,-162043.9547065682,-160141.32089616806
68999.99999999997,146823.2469007321,149421.09082356587,-77823.24690073213,-80421.0908235659
98550.00000000006,90243.72840176962,91469.48799023291,8306.271598230436,7080.512009767146
438900.00000000006,341573.7489591078,380983.4981908653,97326.25104089227,57916.50180913473
144450.0,830573.8459679706,1026416.0262201696,-686123.8459679706,-881966.0262201696
244999.99999999997,215226.1210658072,204240.44832796307,29773.878934192762,40759.551672036905
188999.99999999988,290860.89401633054,299941.5466655943,-101860.89401633065,-110941.54666559439
1097000.0,696007.5756486019,760047.3757138734,400992.42435139813,336952.6242861266
1400000.0000000007,908079.5774275083,920046.7004820906,491920.4225724924,479953.2995179101
604000.0000000002,467486.3252889574,467638.08416927926,136513.67471104284,136361.91583072097
96999.99999999999,295378.4184360777,292386.97458380647,-198378.4184360777,-195386.97458380647
343999.99999999977,206210.16413817042,205675.70129258485,137789.83586182934,138324.2987074149
278000.0000000002,170327.13968121176,167419.83638591212,107672.86031878841,110580.16361408806
225000.00000000015,392798.75231183803,392743.2164684988,-167798.7523118379,-167743.21646849866
291999.9999999998,177768.6055133843,186117.56363056693,114231.39448661552,105882.4363694329
169449.9999999999,215765.18990223267,208503.8545229332,-46315.189902232756,-39053.85452293328
494000.0000000004,286609.53372922074,326049.0867869374,207390.46627077967,167950.91321306303
159999.99999999997,192925.09857091794,178630.76271510852,-32925.098570917966,-18630.762715108547
196499.99999999997,299495.6966068575,287972.72162562766,-102995.69660685756,-91472.72162562769
321999.99999999994,296849.5425421397,292619.7816352817,25150.457457860233,29380.218364718254
157500.00000000006,137021.09733875946,137680.7896219772,20478.9026612406,19819.210378022864
93999.99999999997,113317.7709080858,104843.63672144947,-19317.770908085833,-10843.636721449497
420000.0,289618.9004890063,280264.9060173087,130381.09951099369,139735.0939826913
253199.9999999999,291315.94383605337,278775.9708231871,-38115.943836053455,-25575.970823187177
288999.9999999999,439643.19596378296,430534.6944019915,-150643.19596378307,-141534.6944019916
215999.99999999985,259059.53954269912,256652.5262730013,-43059.53954269926,-40652.52627300145
185000.00000000006,197506.8364762311,200491.72336933852,-12506.836476231052,-15491.723369338462
196000.0000000001,228107.79533193895,222490.2706530717,-32107.79533193886,-26490.27065307161
430000.00000000023,549563.0206211003,532532.6258442461,-119563.02062110009,-102532.6258442459
165000.00000000015,196659.64907866385,197003.165876808,-31659.6490786637,-32003.16587680785
84999.99999999996,145331.82780209795,140862.1678235351,-60331.82780209799,-55862.16782353514
569799.9999999999,511270.4461507618,603659.3147067286,58529.55384923809,-33859.31470672868
310000.0000000002,449230.3500751803,453335.6908827261,-139230.35007518012,-143335.69088272593
199000.0000000001,231160.66830229427,226478.0995169891,-32160.668302294187,-27478.099516989023
180000.00000000003,187046.00958242355,184733.03246709137,-7046.009582423518,-4733.03246709134
162500.00000000012,167100.894997175,158025.31816867876,-4600.894997174881,4474.681831321359
262445.9999999999,304475.6852588506,327290.29344629066,-42029.68525885069,-64844.29344629077
1140000.0000000002,854924.120937778,849736.0181417073,285075.8790622222,290263.98185829294
261000.00000000012,286541.67533292825,304273.9848531639,-25541.675332928135,-43273.98485316377
249000.00000000006,267096.3664912659,264575.9567488498,-18096.366491265828,-15575.95674884977
471999.9999999998,315645.0699842526,329989.1636721651,156354.9300157472,142010.83632783475
341000.0000000002,164263.82324241806,173573.8114220554,176736.1767575821,167426.18857794476
108000.00000000001,145726.34670706862,150629.13160015753,-37726.3467070686,-42629.13160015752
543999.9999999997,159112.16370825007,160160.99684834102,384887.8362917496,383839.00315165863
348499.9999999998,145567.51319944084,156305.17522990753,202932.48680055898,192194.8247700923
1529999.9999999988,582028.0799347055,610605.8667270838,947971.9200652933,919394.133272915
143500.0000000001,252553.1819613516,241745.9483528253,-109053.18196135151,-98245.94835282522
390999.99999999977,341742.2301926214,346385.02600081544,49257.769807378354,44614.97399918432
191658.00000000006,241710.71752967517,239624.28287743233,-50052.71752967511,-47966.28287743227
483000.00000000023,359189.2437716906,353324.0489093003,123810.75622830965,129675.95109069993
287899.99999999994,196457.43301409914,201554.73238947935,91442.5669859008,86345.26761052059
169000.00000000012,248376.7048756075,248006.5752509067,-79376.7048756074,-79006.57525090658
194500.0,172533.22872116318,170377.7680882808,21966.771278836823,24122.231911719195
233000.0000000001,233661.04876188302,241658.41268563445,-661.0487618829357,-8658.412685634365
134999.99999999997,201366.10230882143,209765.71768554763,-66366.10230882146,-74765.71768554766
430000.00000000023,581614.8390771606,603370.8776785022,-151614.83907716034,-173370.877678502
120000.00000000004,186733.24592477336,190451.8299078327,-66733.24592477332,-70451.82990783265
362999.9999999999,289391.10761753033,316355.1922077265,73608.89238246955,46644.80779227341
581420.0000000001,343216.95526317845,380157.7424550713,238203.04473682167,201262.2575449288
264200.0000000001,328846.765071476,335358.4030837631,-64646.76507147588,-71158.40308376297
231000.0000000001,248376.53154202964,250497.54275487261,-17376.531542029552,-19497.542754872527
318000.0,368713.54930757,378338.2564333293,-50713.54930756998,-60338.25643332931
320000.00000000006,341838.6102465505,326907.27960641915,-21838.610246550466,-6907.279606419092
215000.0,217082.9741967146,221099.00347970478,-2082.974196714611,-6099.003479704785
230000.0000000001,301821.0226438385,312230.6804535212,-71821.0226438384,-82230.68045352111
369999.99999999977,195183.64956719405,197547.238583865,174816.35043280572,172452.76141613477
212000.00000000017,140590.07566785972,134309.22768515663,71409.92433214045,77690.77231484355
219999.99999999983,141708.31587538202,141312.0846866779,78291.68412461781,78687.91531332192
570000.0000000001,214482.39336562422,222757.5751462517,355517.6066343759,347242.4248537484
159999.99999999997,173532.46926022033,164700.50717603584,-13532.469260220358,-4700.50717603587
685000.0000000005,702921.6991848425,712894.2316174493,-17921.69918484206,-27894.23161744885
369999.99999999977,386830.2206797533,387542.31652073585,-16830.22067975352,-17542.316520736087
392000.0,531297.8148320664,538795.1258985626,-139297.81483206642,-146795.1258985626
77055.00000000003,391260.1576509527,383785.03915640677,-314205.1576509527,-306730.03915640677
136590.00000000006,164640.10488535406,160103.26149527746,-28050.104885353998,-23513.261495277402
90000.00000000001,128113.5310777959,122155.42454839285,-38113.53107779588,-32155.42454839284
291200.00000000006,225505.28221392303,221024.72202047647,65694.71778607703,70175.27797952358
244999.99999999997,295610.81368283543,291968.6339846557,-50610.81368283546,-46968.63398465575
261323.99999999997,251882.1530925883,259231.70360368464,9441.846907411673,2092.2963963153306
929999.9999999993,470088.3426540611,443237.3431437381,459911.6573459382,486762.6568562612
324999.9999999999,213050.43146466624,204076.5851856314,111949.56853533364,120923.41481436847
219989.99999999988,230054.5303773066,213943.8205468462,-10064.530377306713,6046.179453153687
364999.99999999977,383448.6387023941,396248.2751483144,-18448.638702394324,-31248.275148314657
309899.99999999977,185516.40353143652,199722.73448551315,124383.59646856325,110177.26551448661
64999.999999999956,152068.31499023587,152011.8117357255,-87068.31499023591,-87011.81173572554
281000.0000000001,251502.07350977964,256341.1919093436,29497.926490220474,24658.80809065653
68999.99999999997,216731.29070722868,206481.19562889717,-147731.2907072287,-137481.1956288972
254000.0000000002,221633.36255587605,234369.46894546095,32366.63744412415,19630.531054539257
239000.00000000003,237488.5800080862,233375.9971772906,1511.4199919138337,5624.002822709415
320999.9999999999,392820.3309344569,396761.3733329503,-71820.33093445702,-75761.3733329504
237000.00000000003,169185.32672079856,163759.65809683167,67814.67327920147,73240.34190316836
230500.0,276024.950711413,263960.474287565,-45524.950711412996,-33460.47428756498
466650.0,231050.27070448443,234987.68870935662,235599.72929551557,231662.31129064338
26700.0,107970.98891628548,105644.48745184127,-81270.98891628548,-78944.48745184127
280000.0,386441.36317224836,391110.8892986538,-106441.36317224836,-111110.88929865381
377999.99999999994,187790.06438216325,206744.85593404237,190209.9356178367,171255.14406595757
496999.9999999997,196851.16616784458,195667.2833833296,300148.8338321551,301332.71661667014
932400.0000000007,279702.8920505583,314472.62211366504,652697.1079494425,617927.3778863356
249999.9999999998,252722.64521232567,250707.80990722115,-2722.6452123258787,-707.8099072213518
63999.99999999997,119513.53549658853,120324.92885210794,-55513.53549658856,-56324.92885210797
255000.0000000001,206125.44524394814,209085.6149756371,48874.55475605195,45914.385024363
585000.0000000003,601646.0218527525,575339.507314843,-16646.021852752194,9660.49268515734
236249.9999999999,284014.24495352595,308706.1626903068,-47764.24495352604,-72456.16269030687
294999.9999999998,255134.25532027433,256015.1798914385,39865.744679725496,38984.82010856131
149000.0,190845.12411825857,182400.4875323864,-41845.124118258565,-33400.48753238641
259000.0,210940.9840267601,211351.5189773559,48059.015973239904,47648.48102264409
291000.00000000006,197137.13278280775,185162.1469915817,93862.86721719231,105837.85300841834
664999.9999999995,550794.2015533347,537082.244084437,114205.79844666482,127917.7559155625
260625.0000000002,282712.19243136334,261138.0112741219,-22087.19243136313,-513.0112741217017
180000.00000000003,253882.44457870786,255134.78207709946,-73882.44457870783,-75134.78207709943
1318000.0000000007,1198734.7513626628,1216453.77166388,119265.24863733794,101546.22833612072
191999.99999999997,314321.10355821066,312388.6846147801,-122321.10355821069,-120388.68461478016
1160000.0000000002,435641.1361473883,443880.0355177088,724358.863852612,716119.9644822914
630000.0000000006,372222.7039314702,381225.25893814245,257777.29606853036,248774.74106185813
286199.9999999998,310645.69225919025,331206.12650592887,-24445.69225919043,-45006.126505929045
208999.99999999988,456199.9793773908,502838.67605609307,-247199.97937739093,-293838.6760560932
599000.0,577936.0738550508,628603.1473702509,21063.92614494916,-29603.147370250896
159999.99999999997,212687.6154297807,213555.93537007528,-52687.61542978074,-53555.93537007531
484999.99999999965,270986.0515394279,285833.56172023853,214013.94846057176,199166.43827976112
94499.99999999996,155526.08108818,144051.27506388104,-61026.08108818006,-49551.27506388108
343000.00000000006,218084.145152112,216690.308350542,124915.85484788805,126309.69164945805
249999.9999999998,275471.2684067275,264306.51475911017,-25471.26840672773,-14306.514759110374
266499.99999999994,318101.9421022026,307244.0312747536,-51601.94210220268,-40744.03127475368
182000.00000000003,275497.20820741163,255596.02735875102,-93497.2082074116,-73596.02735875099
220500.00000000012,196595.555564301,184554.000529262,23904.444435699115,35945.99947073811
109999.99999999991,180072.99057820873,174714.84309206932,-70072.99057820882,-64714.84309206941
157999.99999999997,217168.86120344533,209575.78532113624,-59168.861203445354,-51575.78532113627
549999.9999999998,694126.8535383119,769265.6850491262,-144126.85353831213,-219265.6850491264
289100.00000000023,233444.92142687904,241226.53294353047,55655.078573121194,47873.46705646976
284999.99999999994,306219.66302866477,327720.2316251421,-21219.66302866483,-42720.23162514216
109999.99999999991,187412.5533414753,182759.06249437502,-77412.55334147537,-72759.0624943751
299000.00000000006,337372.4823347898,332792.49278363166,-38372.48233478976,-33792.492783631606
244999.99999999997,304386.31501191074,319618.2996041926,-59386.315011910774,-74618.29960419264
240000.00000000003,345219.1322159738,349542.18563470856,-105219.13221597378,-109542.18563470853
775000.0000000007,293081.7992296868,304906.65463507286,481918.2007703139,470093.34536492784
225000.00000000015,353904.748480092,323461.66491908015,-128904.74848009183,-98461.66491908001
289999.9999999999,280128.35903412115,297622.33281568275,9871.64096587873,-7622.332815682865
316500.00000000023,259759.76485224382,250809.67739346833,56740.23514775641,65690.3226065319
145999.99999999997,186799.431053211,178020.09938020993,-40799.43105321104,-32020.099380209955
189999.9999999999,218121.3823204143,214181.2652462814,-28121.382320414385,-24181.265246281488
270000.00000000006,187315.13764880883,187115.35374774184,82684.86235119123,82884.64625225822
714999.9999999995,312428.5133611885,304470.92692704004,402571.486638811,410529.0730729595
407000.0000000001,287589.22685552255,286975.6803822498,119410.77314447757,120024.3196177503
179500.00000000015,225552.21049870097,225919.9439883136,-46052.21049870082,-46419.94398831346
133000.00000000012,147080.09874350918,144108.5266163213,-14080.098743509065,-11108.526616321178
553000.0000000003,573994.749009248,582387.680186913,-20994.749009247636,-29387.68018691265
80000.0,141262.19416781983,148313.15236249476,-61262.194167819835,-68313.15236249476
330000.0000000001,273702.4402438918,267517.9484289786,56297.55975610833,62482.0515710215
139999.9999999999,243349.58346496962,246825.8799977092,-103349.5834649697,-106825.8799977093
420000.0,237395.3589875428,232821.35501828292,182604.6410124572,187178.64498171708
879900.0000000007,812701.6227100199,965863.6019742053,67198.37728998077,-85963.60197420465
515000.00000000006,318690.6881276863,348265.7449192335,196309.31187231373,166734.25508076657
221999.99999999983,258389.67351869633,248899.02205277357,-36389.67351869651,-26899.02205277374
291999.9999999998,197038.3303001734,201122.92576957043,94961.66969982642,90877.0742304294
188500.00000000003,148400.47218937264,146361.0619651932,40099.52781062739,42138.93803480684
75000.00000000004,182483.24485490538,191083.42230525738,-107483.24485490534,-116083.42230525734
136999.9999999999,194074.27164954945,206213.81297748332,-57074.27164954954,-69213.81297748341
759999.9999999999,575273.967266178,588696.8020982926,184726.0327338219,171303.19790170726
412000.0000000001,355766.4700631639,361106.4090127969,56233.52993683622,50893.590987203235
278000.0000000002,318609.3263160299,316367.47411329614,-40609.32631602971,-38367.47411329596
98499.99999999999,165464.1018707928,166117.92247857625,-66964.10187079282,-67617.92247857626
186560.00000000003,162390.44553439677,160547.19099843432,24169.554465603258,26012.809001565707
242000.00000000017,300274.8215781558,310156.04827497865,-58274.82157815562,-68156.04827497847
747000.0000000005,375326.9215955131,392643.5726426391,371673.07840448734,354356.42735736136
279000.0000000001,224883.99899820884,226395.215723076,54116.00100179127,52604.784276924125
356999.99999999994,271715.0000736293,292628.99907761737,85284.99992637063,64371.00092238258
348000.0000000002,225729.58017773344,232736.52825165994,122270.41982226673,115263.47174834023
236169.9999999999,214005.64127026664,204334.61373739855,22164.35872973327,31835.386262601358
231000.0000000001,181946.88914387033,182165.1697015385,49053.11085612976,48834.83029846157
190276.99999999983,275082.6251486183,298927.8458754875,-84805.62514861848,-108650.84587548766
1249999.999999999,780342.401700778,902550.5325039899,469657.598299221,347449.4674960092
352000.0000000003,314327.1321286154,324695.0824518433,37672.86787138489,27304.917548156984
199999.99999999997,205597.88203342902,202983.64875216325,-5597.88203342905,-2983.6487521632807
270000.00000000006,311194.2621683077,316105.27368915995,-41194.262168307614,-46105.27368915989
235399.99999999985,175790.288458179,170695.07822602402,59609.71154182084,64704.92177397583
208999.99999999988,118938.40946437903,123854.79538576941,90061.59053562085,85145.20461423048
184713.00000000012,166480.2586671955,160711.3426699749,18232.74133280461,24001.65733002522
178999.99999999994,145655.28542181774,133957.6183846201,33344.714578182204,45042.381615379854
109999.99999999991,140470.12585893003,139271.99979771068,-30470.125858930114,-29271.99979771077
407999.99999999965,348563.4848589068,373327.7262103238,59436.51514109282,34672.27378967585
169000.00000000012,169473.6726078323,165084.4847255812,-473.6726078321808,3915.5152744189254
269000.0,312444.63164335693,317514.0264444587,-43444.63164335693,-48514.026444458694
379999.9999999999,520095.56995521893,518651.8880817514,-140095.56995521905,-138651.88808175153
177000.00000000006,135220.1328633397,130607.14180331898,41779.86713666035,46392.858196681074
390000.00000000035,382231.0577018593,414982.63939102984,7768.942298141075,-24982.639391029486
82875.00000000006,99999.60580203042,96595.64453440992,-17124.60580203036,-13720.644534409861
859999.9999999997,660132.1597325557,715279.6227569367,199867.8402674439,144720.37724306295
396500.00000000035,250239.93361771567,264614.05723077845,146260.06638228468,131885.9427692219
130000.00000000009,136083.4191680953,131822.0381436071,-6083.419168095221,-1822.038143607002
276999.9999999998,271703.070806946,275103.2706018453,5296.929193053802,1896.7293981545372
169000.00000000012,213009.4932262931,228464.12553525736,-44009.49322629298,-59464.12553525725
129500.00000000006,235471.0495877744,243003.91587619905,-105971.04958777435,-113503.915876199
418000.00000000023,267985.9083354106,287426.0674735962,150014.09166458965,130573.93252640404
375000.00000000006,374611.5773092962,364276.46616983664,388.42269070388284,10723.533830163418
284999.99999999994,371439.00801403384,375003.66404620546,-86439.0080140339,-90003.66404620552
269000.0,349259.18950980605,341417.26037199923,-80259.18950980605,-72417.26037199923
59499.99999999996,106730.17351608044,100267.71430357662,-47230.173516080475,-40767.71430357666
177999.99999999994,122294.36092593243,125999.86511881376,55705.63907406751,52000.13488118618
112999.99999999993,221415.30394382015,234150.1435435727,-108415.30394382022,-121150.14354357276
192799.99999999994,172086.4495590949,172797.93692431418,20713.550440905034,20002.063075685757
229000.00000000006,262377.1271995746,286238.4525740284,-33377.12719957455,-57238.45257402834
390000.00000000035,303194.471788976,305846.594983227,86805.52821102436,84153.40501677332
1099999.9999999998,729444.9745147686,708377.1611086255,370555.0254852312,391622.8388913743
484999.99999999965,429611.56253903254,417299.72683033766,55388.43746096711,67700.27316966199
442000.00000000035,305670.99934202275,317970.41396167,136329.0006579776,124029.58603833034
775000.0000000007,768675.757287111,858700.9724105671,6324.242712889682,-83700.9724105664
161300.00000000003,187794.5064533056,182210.07614685965,-26494.50645330557,-20910.076146859617
348999.99999999994,415938.8993869171,406152.63363723626,-66938.89938691718,-57152.633637236315
504500.00000000035,382055.7649665846,386736.10912056064,122444.23503341572,117763.89087943971
364000.00000000006,515203.2729473717,510021.3006138895,-151203.27294737165,-146021.30061388947
211849.99999999997,213769.7935016426,216059.3985776487,-1919.79350164262,-4209.398577648739
146999.99999999988,227549.5014807826,232322.94349671507,-80549.50148078272,-85322.94349671519
1298999.999999999,353797.9155759622,392877.23426261917,945202.0844240368,906122.7657373799
600000.0000000003,371359.70969127293,372493.6415842045,228640.29030872742,227506.35841579584
315000.0000000002,211438.87217740002,210397.0037936994,103561.12782260016,104602.99620630077
219999.99999999983,267773.5853520775,254751.05234102503,-47773.58535207767,-34751.052341025206
463500.0000000001,332976.867667709,367971.6452218775,130523.1323322911,95528.35477812262
269100.0000000001,238728.18703593843,230804.25097938173,30371.812964061683,38295.74902061839
320819.00000000006,283009.48728452943,288262.830465112,37809.51271547063,32556.16953488806
835999.9999999999,453094.8735995206,458455.9377876947,382905.1264004793,377544.0622123052
103500.00000000004,191074.31551332024,174819.09098357477,-87574.3155133202,-71319.09098357473
1190000.0000000002,273282.3629490405,269952.2320135968,916717.6370509597,920047.7679864034
731000.0000000006,730109.846166506,758575.1390240713,890.1538334946381,-27575.139024070697
415000.00000000006,292632.77800817514,303313.6172428495,122367.22199182492,111686.38275715057
472500.00000000035,428319.5037543031,423781.251913631,44180.49624569726,48718.74808636936
148000.00000000015,181281.75562219898,173564.6299751382,-33281.755622198834,-25564.629975138057
415000.00000000006,461374.3456785221,429537.32239345694,-46374.34567852202,-14537.322393456881
146055.0,221053.7473333668,214811.2271597062,-74998.7473333668,-68756.2271597062
257000.00000000015,230022.15125716157,223486.58691513335,26977.84874283857,33513.4130848668
49000.00000000002,110375.58009322998,107233.20530571019,-61375.58009322995,-58233.205305710166
199899.99999999997,331137.0880300577,330790.7465482611,-131237.08803005776,-130890.74654826112
155000.00000000012,209431.32764392364,198344.0518371291,-54431.32764392352,-43344.051837128995
668000.0000000002,681046.5927851078,685636.4587041338,-13046.592785107554,-17636.458704133518
405000.0000000001,405882.7183037575,407860.5209531773,-882.7183037573704,-2860.5209531771834
324999.9999999999,589080.5238091811,609711.8545756462,-264080.5238091812,-284711.85457564634
859500.0000000006,285044.29809718597,322622.11500947265,574455.7019028147,536877.884990528
180200.0,227974.10742451475,251101.1200111645,-47774.10742451475,-70901.12001116449
1210000.0000000012,245936.48547757627,264187.6926918967,964063.5145224249,945812.3073081045
189999.9999999999,180143.37084885137,180784.23874328227,9856.629151148547,9215.76125671764
153999.99999999988,356192.7554849196,374601.3318718245,-202192.7554849197,-220601.33187182463
321999.99999999994,190649.8389795359,188431.4439665502,131350.16102046403,133568.55603344974
614537.9999999997,684314.4804106948,742146.4166704364,-69776.48041069519,-127608.41667043674
544999.9999999997,540877.1724112777,537221.3806268006,4122.827588721993,7778.619373199064
188500.00000000003,144168.00731693057,136052.21510925426,44331.99268306946,52447.78489074577
130000.00000000009,162270.9096880063,160993.88482575543,-32270.909688006213,-30993.884825755347
84999.99999999996,226702.64751134094,215175.5377727316,-141702.64751134097,-130175.53777273164
337000.0,247455.74661257822,250243.72684992777,89544.25338742178,86756.27315007223
297000.0000000002,286486.389663075,295711.61153757613,10513.610336925194,1288.3884624240454
145999.99999999997,176655.85700440741,177245.15683175324,-30655.857004407444,-31245.156831753266
84999.99999999996,142898.13766164708,139085.18157076972,-57898.137661647124,-54085.18157076977
298500.0000000001,200295.01480341423,210658.05137210106,98204.98519658588,87841.94862789905
415000.00000000006,295160.832008765,305494.06880731304,119839.16799123504,109505.93119268701
349439.9999999997,935358.6157346579,1277605.735886309,-585918.6157346582,-928165.7358863093
448999.99999999994,268891.34793220676,277813.9202033954,180108.65206779318,171186.07979660452
444500.0000000001,326117.87171663606,347907.13075641496,118382.12828336406,96592.86924358516
1090000.0000000002,263497.81848921074,303693.95139027643,826502.1815107896,786306.0486097238
189999.9999999999,209658.51065171487,217313.60453486946,-19658.510651714954,-27313.604534869548
129900.00000000012,336231.989924078,315061.5644186951,-206331.98992407788,-185161.564418695
219999.99999999983,124949.76287609355,125356.11002174068,95050.23712390628,94643.88997825915
56000.000000000044,146070.25527639344,143471.17371015786,-90070.25527639339,-87471.17371015782
219999.99999999983,258243.80267997918,267662.1560706887,-38243.80267997936,-47662.156070688856
484000.0000000002,552229.3503930102,546228.2720003105,-68229.35039301001,-62228.2720003103
435000.0,307445.14159030886,320731.83138689486,127554.85840969114,114268.16861310514
130000.00000000009,188602.22371756958,204523.65022106346,-58602.22371756949,-74523.65022106338
133500.00000000003,180002.67027767733,171708.13891925986,-46502.6702776773,-38208.13891925983
297999.9999999998,152302.08052569124,151383.43976818593,145697.91947430858,146616.5602318139
469999.9999999998,239661.99586208307,240720.89111881054,230338.00413791675,229279.10888118928
310999.9999999999,1522868.7188127018,1690000.0,-1211868.7188127018,-1379000.0
369000.0000000001,368510.7490392372,364690.319196929,489.25096076290356,4309.680803071125
89000.00000000004,186699.23757871598,188060.21156725058,-97699.23757871594,-99060.21156725053
1459999.999999999,259652.31929112357,257451.4835646134,1200347.6807088754,1202548.5164353857
342900.0000000003,269898.72114439134,277102.99321992876,73001.27885560895,65797.00678007153
1590000.000000001,745077.6059910784,724202.4915476481,844922.3940089225,865797.5084523528
375000.00000000006,166843.74850689073,166772.80938104566,208156.25149310933,208227.1906189544
40000.0,162265.66989987777,156528.576037239,-122265.66989987777,-116528.57603723899
369000.0000000001,286979.200283729,282893.07024992286,82020.79971627111,86106.92975007725
689999.9999999995,359650.60853387945,385001.7747522469,330349.3914661201,304998.2252477526
458999.99999999977,523176.21671635355,540358.1694077591,-64176.21671635378,-81358.16940775933
120000.00000000004,204640.5450755512,193278.10333402298,-84640.54507555116,-73278.10333402293
87999.99999999996,256568.20090971448,262282.4347636062,-168568.2009097145,-174282.43476360623
535600.0000000002,276036.5108897848,290354.42817485216,259563.48911021545,245245.57182514807
199000.0000000001,443359.19542442483,418650.6006922365,-244359.19542442475,-219650.60069223642
89000.00000000004,141394.93397266892,133927.99652709125,-52394.93397266888,-44927.99652709121
239000.00000000003,175586.7864504079,177531.55094608688,63413.213549592125,61468.44905391315
749999.9999999998,324917.2594869559,328313.2346149943,425082.7405130439,421686.76538500545
1090000.0000000002,737795.2303598379,771440.7977690937,352204.76964016235,318559.2022309066
239000.00000000003,379216.11071827007,384381.10046846856,-140216.11071827004,-145381.10046846853
73000.00000000003,183073.18105719247,180219.81058182844,-110073.18105719244,-107219.81058182841
749000.0,497516.1411170164,550707.5265932924,251483.85888298362,198292.47340670764
1377999.9999999988,722272.6608427755,750535.7542151953,655727.3391572234,627464.2457848035
309000.00000000006,186028.2689969642,192540.69600896066,122971.73100303585,116459.3039910394
348999.99999999994,236980.20145600894,249840.30356452422,112019.798543991,99159.69643547572
385000.00000000023,254361.71614313923,249467.2979448618,130638.283856861,135532.70205513842
448999.99999999994,195022.78927218527,199260.7337759527,253977.21072781467,249739.26622404723
34770.000000000015,87614.56888933838,84232.48684393096,-52844.56888933836,-49462.48684393095
398999.99999999977,481059.3753286579,493820.4201563343,-82059.37532865815,-94820.42015633453
299250.00000000023,206615.5946864852,209188.01980476853,92634.40531351505,90061.9801952317
112999.99999999993,199809.03392991694,201373.8873656215,-86809.03392991702,-88373.88736562156
850000.0000000005,258594.32900444386,252640.45237697242,591405.6709955566,597359.547623028
253000.0000000001,180143.5816232286,177751.5395959201,72856.4183767715,75248.46040407999
129000.0000000001,191454.04687556374,202871.63721694966,-62454.04687556364,-73871.63721694956
175000.00000000012,164569.74589069778,158171.9836618417,10430.254109302332,16828.016338158428
299999.99999999977,240733.02121176443,243075.3372263989,59266.97878823534,56924.66277360087
1190000.0000000002,1690000.0,1690000.0,-499999.99999999977,-499999.99999999977
156750.00000000015,247368.1562672047,245689.85201219033,-90618.15626720455,-88939.85201219018
634399.9999999999,399726.60921395954,379524.54988398106,234673.39078604034,254875.45011601882
73000.00000000003,138244.12720479097,127454.89362452914,-65244.127204790944,-54454.89362452911
678049.9999999999,905001.871202648,1419956.9377017403,-226951.87120264815,-741906.9377017404
425899.99999999977,404363.2264668461,407184.6601788216,21536.77353315364,18715.339821178175
158250.00000000012,102975.14584606269,95439.43842152883,55274.85415393743,62810.561578471286
379000.0000000002,473759.2399679613,492465.6020666104,-94759.2399679611,-113465.60206661024
199999.99999999997,265758.2421227633,266449.0557337117,-65758.24212276333,-66449.05573371172
211499.99999999983,189485.47141408242,181564.81007764203,22014.528585917404,29935.189922357793
372999.9999999999,293381.70637318556,316174.019320396,79618.29362681432,56825.980679603876
230000.0000000001,394527.4958212457,419627.4186052225,-164527.49582124563,-189627.4186052224
173999.99999999997,276508.76876470284,274162.0287037655,-102508.76876470287,-100162.0287037655
674999.9999999998,359230.17484262504,384489.3889270546,315769.8251573747,290510.6110729452
163999.99999999988,333052.83361800935,312318.3185394895,-169052.83361800946,-148318.31853948964
49000.00000000002,140471.55646556144,134747.51702658468,-91471.55646556141,-85747.51702658465
469999.9999999998,710826.2615313024,684315.8040155061,-240826.26153130253,-214315.80401550623
50000.000000000015,105397.78374783964,100489.90411049918,-55397.783747839625,-50489.90411049916
210999.99999999994,258470.92127310034,249527.73920809434,-47470.92127310039,-38527.7392080944
281000.0000000001,220136.36598822093,213568.6875685305,60863.634011779184,67431.31243146962
155149.99999999988,140852.0885021052,135973.0090900971,14297.911497894675,19176.990909902786
175000.00000000012,118456.09050427546,115281.7402417179,56543.909495724656,59718.25975828222
387999.9999999999,323482.6521536885,316710.22666731867,64517.3478463114,71289.77333268122
543999.9999999997,355729.94667087635,376427.9655274701,188270.0533291233,167572.03447252954
749999.9999999998,710781.8235128653,728200.3191813506,39218.17648713442,21799.680818649125
346000.0,289226.87666629534,293622.3113375503,56773.12333370466,52377.68866244971
188000.00000000012,251145.4230484513,256297.2766193713,-63145.42304845119,-68297.27661937117
80000.0,106572.00877192836,102425.9555780184,-26572.008771928362,-22425.955578018402
349499.99999999977,383596.7432345658,376721.55664281733,-34096.743234566005,-27221.556642817566
440000.0000000002,736552.1014970662,743196.8378319461,-296552.10149706603,-303196.8378319459
330000.0000000001,241868.33809172027,228111.90360258054,88131.66190827984,101888.09639741958
366999.9999999997,216314.17459611056,242767.96821343715,150685.82540388915,124232.03178656255
71500.00000000001,158811.11148649,162347.85455701046,-87311.11148648999,-90847.85455701045
643749.9999999995,222823.106060379,224946.24951954428,420926.8939396205,418803.75048045523
84999.99999999996,174507.14105969472,180474.6989637482,-89507.14105969477,-95474.69896374825
159849.9999999999,157435.1453483306,154384.4853801564,2414.8546516693023,5465.51461984351
199999.99999999997,329869.31271420437,328520.8052420259,-129869.3127142044,-128520.8052420259
215000.0,208912.24587892936,218326.45183534236,6087.75412107064,-3326.4518353423628
244999.99999999997,227590.41960238892,225153.05045820755,17409.580397611047,19846.94954179242
261249.99999999988,208114.0608711831,203452.36329698036,53135.9391288168,57797.636703019525
133999.9999999999,260503.51807834746,253920.37098964193,-126503.51807834755,-119920.37098964202
483000.00000000023,241948.3051404213,237390.75829704409,241051.69485957894,245609.24170295615
249999.9999999998,285880.7925763805,288952.5432478908,-35880.792576380685,-38952.54324789098
178999.99999999994,178102.71971026363,181465.23486858298,897.2802897363144,-2465.2348685830366
727999.9999999999,1690000.0,1690000.0,-962000.0000000001,-962000.0000000001
270000.00000000006,371018.2431521365,381789.19344644167,-101018.24315213645,-111789.19344644161
84999.99999999996,68118.56428539069,66137.79030330623,16881.435714609266,18862.209696693724
122499.99999999996,154182.66171865794,148904.1872029509,-31682.661718657982,-26404.187202950954
326000.0,256044.69375847475,255319.69041693435,69955.30624152525,70680.30958306565
96999.99999999999,188472.18040314948,182766.58518720279,-91472.1804031495,-85766.5851872028
1185999.9999999993,1098188.295169268,1131577.3443034014,87811.70483073127,54422.65569659788
208650.0000000001,200977.1834700586,195249.1401460899,7672.816529941483,13400.859853910195
600000.0000000003,728335.045808736,791810.1190219745,-128335.04580873565,-191810.11902197415
375000.00000000006,398466.1584123361,375490.8218558859,-23466.158412336023,-490.8218558858498
272999.9999999998,339468.0852479384,331709.4550580559,-66468.08524793858,-58709.455058056046
395000.00000000035,388507.40947533573,420371.6445870992,6492.590524664614,-25371.644587098854
1395000.0000000007,710103.4236333537,720986.3084981315,684896.576366647,674013.6915018692
664999.9999999995,421654.36682415166,426276.5743334856,243345.63317584788,238723.4256665139
306799.99999999977,208930.6103732734,225677.81716243582,97869.38962672636,81122.18283756395
210000.0,141535.66856187957,139273.6699759578,68464.33143812043,70726.3300240422
183922.0,287328.40127797076,283772.54569700756,-103406.40127797076,-99850.54569700756
440000.0000000002,548993.27324407,535188.9280844198,-108993.27324406983,-95188.92808441963
225000.00000000015,317147.10251508694,325635.5114756431,-92147.1025150868,-100635.51147564294
725000.0000000006,465378.21642117226,511271.68176650256,259621.78357882833,213728.31823349802
58000.00000000003,111319.78280657873,110151.70274147944,-53319.7828065787,-52151.702741479414
533999.9999999997,260908.25595094546,258959.33007514625,273091.7440490542,275040.66992485337
483000.00000000023,468480.57080463704,512581.15592305316,14519.429195363191,-29581.155923052924
229000.00000000006,229813.99984180758,227113.68114806592,-813.9998418075265,1886.3188519341347
108499.99999999999,158008.68155043194,162096.57892846112,-49508.68155043195,-53596.57892846114
989999.9999999992,565200.8582050442,591629.7116401918,424799.141794955,398370.28835980734
319000.0,191218.99082083046,183803.39318968102,127781.00917916954,135196.60681031898
249000.00000000006,322370.267601682,342463.02960670076,-73370.26760168193,-93463.0296067007
789000.0000000007,760227.6266518084,795069.4060149232,28772.373348192312,-6069.406014922541
348000.0000000002,228696.34601151277,229167.431408499,119303.65398848741,118832.56859150119
87199.99999999996,102799.20115527621,97191.4536357349,-15599.201155276256,-9991.453635734943
116999.99999999991,141861.13212410468,146627.08004942737,-24861.13212410477,-29627.08004942746
134999.99999999997,141541.73207659696,135545.5202230192,-6541.732076596993,-545.5202230192372
1080000.0000000002,609109.3032177532,658787.4544986794,470890.69678224705,421212.54550132086
219999.99999999983,387444.92576308415,394354.5371371493,-167444.92576308432,-174354.53713714948
525000.0000000003,423369.7029811139,417012.7289407362,101630.29701888643,107987.27105926414
262500.00000000023,144276.59358949828,146600.98064644836,118223.40641050195,115899.01935355188
279799.9999999998,205722.02825211815,199011.24780113462,74077.97174788167,80788.7521988652
162000.00000000012,205113.07548402966,190784.54576879778,-43113.07548402954,-28784.54576879766
354999.9999999998,358379.9393176593,361889.6744811875,-3379.939317659475,-6889.674481187656
498200.0000000002,604731.4923169846,752861.6159831287,-106531.4923169844,-254661.6159831285
360000.0000000001,433217.4169871199,422032.4110025093,-73217.41698711977,-62032.41100250918
409999.9999999997,290143.10948951484,288582.3891775994,119856.89051048487,121417.61082240031
725000.0000000006,360245.83578514267,365944.62300111394,364754.1642148579,359055.37699888664
376999.99999999977,740224.2118854513,736903.1754634579,-363224.2118854516,-359903.1754634582
935000.0000000006,456938.4985493057,453784.95649157243,478061.50145069486,481215.04350842815
75000.00000000004,154689.49781429523,139744.8700675807,-79689.49781429519,-64744.87006758065
375000.00000000006,270823.0863994394,263440.7239325791,104176.91360056069,111559.27606742096
167999.9999999999,189067.0844875171,192093.61757008234,-21067.08448751719,-24093.617570082424
710000.0,263503.96884759533,263918.38385914353,446496.03115240467,446081.61614085647
231000.0000000001,247694.35580423955,266269.43879482156,-16694.355804239458,-35269.43879482147
326000.0,291643.1193179928,285934.42417743383,34356.88068200718,40065.57582256617
109000.0,127118.99681180432,127361.56398668121,-18118.996811804318,-18361.563986681213
49000.00000000002,130568.06510349674,135118.45608821147,-81568.06510349672,-86118.45608821145
725500.0,524538.4200826026,548764.380425999,200961.57991739735,176735.61957400094
275000.0000000002,201531.32892306635,199451.4256242805,73468.67107693382,75548.57437571968
580999.9999999998,190048.43360736492,199232.2786241161,390951.5663926349,381767.7213758837
299900.0,217843.5274517733,210944.6353423811,82056.47254822671,88955.36465761889
173999.99999999997,232562.49701688008,235682.77048710492,-58562.49701688011,-61682.77048710495
218999.99999999988,156748.88498323996,155369.97456046884,62251.115016759926,63630.02543953105
97900.00000000003,229679.40564026198,234191.39853880234,-131779.40564026195,-136291.3985388023
379000.0000000002,477914.05230799137,490854.9945273773,-98914.0523079912,-111854.99452737713
187000.00000000012,190834.86197038356,182635.46306423534,-3834.861970383441,4364.536935764772
285800.0,152818.50279864122,149012.36865768424,132981.49720135878,136787.63134231576
324999.9999999999,515967.93885261694,514375.24851792405,-190967.93885261705,-189375.24851792416
320000.00000000006,219003.1368917955,229932.83555537643,100996.86310820456,90067.16444462363
996999.9999999999,1030592.454526326,1061499.1486259785,-33592.45452632615,-64499.14862597862
75000.00000000004,140615.06483289547,138094.8724367806,-65615.06483289543,-63094.872436780555
575000.0000000001,911415.1749339408,873230.5551706292,-336415.17493394064,-298230.55517062906
1249999.999999999,981701.3509863222,1035589.9804385748,268298.6490136769,214410.01956142427
465000.00000000023,305597.3655478697,301415.8471829878,159402.63445213053,163584.15281701245
121475.00000000003,120059.9334844772,115268.55173163899,1415.0665155228344,6206.44826836104
299900.0,371903.03417911317,382130.88837197097,-72003.03417911317,-82230.88837197097
530000.0000000003,245219.02577508672,260503.1555108836,284780.97422491363,269496.84448911675
210999.99999999994,150460.00980270084,161479.99184714817,60539.99019729911,49520.00815285178
150000.00000000006,235543.68908591094,251544.0856824577,-85543.68908591088,-101544.08568245763
206605.00000000015,233012.45063771942,222896.80024866958,-26407.450637719274,-16291.800248669431
320000.00000000006,282269.3079653042,268042.13646193105,37730.69203469588,51957.86353806901
69499.99999999996,160073.7090380167,168320.15443849462,-90573.70903801675,-98820.15443849466
144000.0,261848.86141925637,248676.79117584965,-117848.86141925637,-104676.79117584965
743999.9999999993,734755.9629394321,763843.8350569985,9244.037060567178,-19843.835056999233
191000.00000000015,198715.17756988667,196123.07335585917,-7715.177569886524,-5123.073355859029
393299.00000000035,555137.9176285825,675222.2398984849,-161838.9176285821,-281923.23989848455
439000.0000000001,331057.80296875327,358830.3077381115,107942.19703124685,80169.69226188859
244699.99999999983,258788.14617918048,248369.27039163045,-14088.14617918065,-3669.27039163062
217000.00000000012,334060.1896845753,313648.38287647505,-117060.18968457519,-96648.38287647493
113999.99999999996,147866.3948778099,154826.13146747605,-33866.39487780993,-40826.131467476094
229000.00000000006,321614.7605477891,320107.7071098677,-92614.76054778905,-91107.70710986765
133000.00000000012,135632.23878102636,127791.82528978439,-2632.2387810262444,5208.174710215724
1036000.0000000001,862891.1799557342,928219.8900873938,173108.82004426594,107780.1099126063
58999.99999999997,126979.81728542267,138054.04922182582,-67979.8172854227,-79054.04922182584
221000.00000000006,203728.43847153403,193235.53737612278,17271.56152846603,27764.462623877276
167999.9999999999,140244.51767476375,137601.1495610257,27755.482325236168,30398.850438974216
499999.99999999977,373950.754001549,372099.7882951649,126049.24599845079,127900.21170483489
109999.99999999991,169546.76292534158,161927.04914959552,-59546.76292534167,-51927.04914959561
599000.0,628175.3221379404,645795.2576317613,-29175.322137940442,-46795.257631761255
139999.9999999999,180715.79104768817,198632.2402327806,-40715.79104768825,-58632.24023278069
208650.0000000001,286803.64002256625,284504.84731671965,-78153.64002256616,-75854.84731671956
106590.00000000007,146448.31482046848,143897.8221397752,-39858.31482046841,-37307.82213977513
349999.0000000001,341243.8606284442,360751.15854533535,8755.139371555939,-10752.15854533523
407999.99999999965,261602.69228956194,249379.10408269765,146397.30771043772,158620.895917302
289945.0000000001,295388.733049929,286036.6328439669,-5443.733049928909,3908.3671560332295
171000.00000000012,273251.75520306814,270494.10433578346,-102251.75520306802,-99494.10433578334
324999.9999999999,284203.99895632506,295194.4510209294,40796.00104367483,29805.548979070503
231999.99999999997,260750.67883480893,257652.111758033,-28750.67883480896,-25652.111758033017
265000.00000000006,129697.62922415647,129013.76809339783,135302.3707758436,135986.23190660222
311700.0000000002,166734.33523983194,172443.0331254673,144965.66476016823,139256.96687453287
235000.0,127571.7171389743,127693.18954157975,107428.2828610257,107306.81045842025
199000.0000000001,196663.58268097043,197514.39388532416,2336.417319029657,1485.6061146759312
311225.00000000023,742714.5280435776,1062487.2683397073,-431489.52804357733,-751262.268339707
302000.00000000006,191670.12098963026,198413.58397973664,110329.8790103698,103586.41602026342
369999.99999999977,524114.3407384069,641139.5238897519,-154114.34073840716,-271139.5238897521
249899.9999999999,397463.96316680947,430237.05608702113,-147563.96316680955,-180337.05608702122
133000.00000000012,246406.1758637857,269424.3140528371,-113406.17586378558,-136424.31405283697
59200.000000000044,194710.9083025437,194857.58144248358,-135510.90830254368,-135657.58144248353
279000.0000000001,234527.7779350295,234490.8184185415,44472.222064970614,44509.18158145863
735000.0000000005,405240.8223353894,433052.80204341334,329759.1776646111,301947.19795658713
467499.9999999996,235719.78610443615,230433.39992776694,231780.21389556344,237066.60007223266
156000.0,290929.01882678224,311493.36423910793,-134929.01882678224,-155493.36423910793
463999.9999999998,260310.81241234034,277830.538557655,203689.1875876595,186169.46144234482
310000.0000000002,327019.36988449615,340384.56845062686,-17019.369884495973,-30384.568450626684
195000.00000000006,220990.07595373373,223789.24506604468,-25990.07595373367,-28789.24506604462
310000.0000000002,172610.2827426463,176557.5996182013,137389.71725735388,133442.40038179889
915000.0000000002,764185.1761895946,758945.1821078471,150814.82381040568,156054.81789215317
1229999.9999999995,1168671.9986503294,1185433.2595927264,61328.001349670114,44566.74040727317
332000.0,264618.7329647147,270923.52757677366,67381.2670352853,61076.47242322634
329000.0000000003,400140.71406967135,386338.2036043092,-71140.71406967106,-57338.20360430889
366999.9999999997,304335.788429828,332556.8891439071,62664.2115701717,34443.11085609259
424998.99999999965,449006.7827129684,479992.62960772304,-24007.782712968765,-54993.629607723386
315000.0000000002,338844.5296511353,408593.93790388503,-23844.529651135148,-93593.93790388486
212868.99999999997,333270.2254870932,325029.1809579984,-120401.22548709324,-112160.18095799841
919999.9999999998,327120.0335782608,329538.4377857104,592879.966421739,590461.5622142893
362000.0,188024.7661228997,184651.28332592858,173975.2338771003,177348.71667407142
162999.99999999988,134838.66498351312,133860.12457140427,28161.33501648676,29139.87542859561
241000.00000000003,385625.04291908996,392692.5331943576,-144625.04291908993,-151692.53319435756
698999.9999999995,693674.0380274606,711721.2782316257,5325.961972538964,-12721.278231626144
180000.00000000003,212719.10846861984,213054.66604800912,-32719.108468619816,-33054.666048009094
354999.9999999998,636107.4421355929,659988.8600039287,-281107.4421355931,-304988.8600039288
369999.99999999977,298083.9329071495,306286.3371220676,71916.06709285028,63713.66287793219
238499.99999999985,243435.41693261184,248244.01411425043,-4935.416932611988,-9744.014114250574
288749.9999999999,330033.7750144529,378057.05281462235,-41283.775014453044,-89307.05281462247
145000.00000000012,235638.92748096157,230856.5321226694,-90638.92748096146,-85856.53212266928
297000.0000000002,222021.84589374452,236992.48385942896,74978.15410625565,60007.51614057121
758999.9999999998,1189603.2762574423,1472968.626180287,-430603.27625744254,-713968.6261802872
488799.99999999994,746545.9021713287,750753.8746722694,-257745.90217132872,-261953.8746722695
398138.0000000002,212071.76959743103,212018.7750620877,186066.23040256914,186119.22493791248
409999.9999999997,417293.34431056003,460153.3730182778,-7293.344310560322,-50153.3730182781
435000.0,326408.3633626618,322146.5245594134,108591.6366373382,112853.47544058663
293599.99999999994,267569.9573528393,275789.6565468319,26030.042647160648,17810.343453168054
324999.9999999999,296122.5048043558,283858.86570846516,28877.495195644093,41141.13429153472
696300.0000000002,283603.2510224325,299813.10142501944,412696.7489775677,396486.8985749808
283000.0000000001,168472.17188979025,156923.49859867827,114527.82811020987,126076.50140132185
233000.0000000001,221052.87419384462,219177.541317069,11947.125806155469,13822.458682931087
249000.00000000006,262972.7340941125,264015.41184870753,-13972.734094112413,-15015.411848707474
217999.99999999988,202420.17657516606,200824.91044216597,15579.823424833827,17175.08955783391
284999.99999999994,216563.80123542057,248695.39686700352,68436.19876457937,36304.60313299642
84999.99999999996,180923.5155893081,176959.15700978183,-95923.51558930815,-91959.15700978188
229000.00000000006,331440.03453765163,344684.8656545337,-102440.03453765158,-115684.86565453367
265000.00000000006,259626.14041562696,233058.86181817407,5373.859584373102,31941.138181825983
295500.0,244074.23180163448,251522.89084167758,51425.76819836552,43977.10915832242
271000.0000000002,240000.48291977245,237200.98280067518,30999.517080227728,33799.017199325
360000.0000000001,304530.4336410556,363058.3402664327,55469.56635894452,-3058.340266432555
299250.00000000023,346313.03107102175,338887.0555849189,-47063.03107102151,-39637.05558491865
979999.9999999997,537799.0301391012,536686.7441337442,442200.96986089845,443313.2558662555
187000.00000000012,205468.06787599303,198639.27628114275,-18468.067875992914,-11639.276281142636
265000.00000000006,299949.7161381098,308225.67372519884,-34949.71613810974,-43225.67372519878
975337.0000000002,282482.98132781696,302937.84434068104,692854.0186721833,672399.1556593191
775999.9999999994,418932.38008246565,440201.3043190477,357067.61991753377,335798.6956809517
279000.0000000001,371230.20503536286,355545.0274516488,-92230.20503536274,-76545.02745164867
121000.00000000003,178478.8944159264,177709.94036442318,-57478.89441592636,-56709.94036442315
90500.00000000001,178422.1908568803,170607.34803012668,-87922.19085688029,-80107.34803012667
342699.99999999977,381661.12652484153,420949.158023096,-38961.12652484176,-78249.15802309621
265000.00000000006,268605.8167322598,283759.8804355911,-3605.8167322597583,-18759.88043559104
160500.00000000003,112533.88686998592,111785.91971777941,47966.11313001411,48714.08028222062
275599.9999999998,473042.07878469775,459752.65766255,-197442.07878469792,-184152.65766255016
316500.00000000023,428656.4322197222,454773.0083372497,-112156.43221972196,-138273.00833724946
339500.0000000001,293756.7390433697,302266.7701267062,45743.2609566304,37233.229873293894
135999.99999999997,221105.21387709476,219500.46175121499,-85105.2138770948,-83500.46175121501
44999.999999999985,112898.93853793605,106655.19125874035,-67898.93853793606,-61655.191258740364
465000.00000000023,639541.5337758141,621570.4498113355,-174541.53377581388,-156570.4498113353
228500.00000000003,241949.81664437678,235822.7434654244,-13449.816644376755,-7322.74346542437
299999.99999999977,182300.5377695384,178165.296428172,117699.46223046136,121834.70357182776
1179999.9999999993,406241.00232220645,414384.77881192206,773758.9976777928,765615.2211880772
752999.9999999998,581582.1409847826,610775.2488310172,171417.85901521717,142224.7511689826
165000.00000000015,166192.97398546897,165820.34966185404,-1192.9739854688232,-820.349661853892
368000.00000000023,228075.26581978516,232580.39380032162,139924.73418021508,135419.60619967862
989999.9999999992,333153.426059505,328800.92488462,656846.5739404942,661199.0751153792
585000.0000000003,613205.6059799484,752224.6826982863,-28205.60597994807,-167224.6826982859
444999.9999999997,446504.3179094195,431082.88425634644,-1504.3179094197694,13917.115743653267
217999.99999999988,156864.18192972158,159666.51465843496,61135.8180702783,58333.48534156493
364999.99999999977,333954.54700631223,339279.80984764226,31045.452993687533,25720.190152357507
600000.0000000003,539136.5280557788,556876.382808536,60863.47194422153,43123.61719146441
189999.9999999999,221635.96239963372,217184.1345673143,-31635.962399633805,-27184.13456731438
273999.99999999994,262468.8300731321,254287.5876185599,11531.16992686782,19712.412381440052
279000.0000000001,275769.1317952269,284980.65468066256,3230.868204773229,-5980.654680662439
143000.0000000001,220205.50087335822,217093.92166975254,-77205.50087335813,-74093.92166975245
118999.99999999993,140012.00996885708,143660.7964677068,-21012.00996885715,-24660.796467706867
162000.00000000012,222578.90295019897,229758.3492302499,-60578.902950198855,-67758.34923024979
553000.0000000003,377103.1842042791,357337.27093171695,175896.81579572125,195662.7290682834
273999.99999999994,193160.59701437879,196933.75409036182,80839.40298562116,77066.24590963812
161200.0,158519.14447582242,170204.80179218727,2680.8555241775757,-9004.801792187267
218999.99999999988,196478.38824395288,186468.77238538748,22521.611756047,32531.227614612406
399999.9999999999,203902.52218282316,214877.81576792445,196097.47781717672,185122.18423207544
279000.0000000001,353679.7847148567,350336.8002492555,-74679.78471485659,-71336.80024925538
634399.9999999999,597652.0888376249,614562.3032000423,36747.91116237501,19837.696799957543
212000.00000000017,346133.38581216295,366238.22770901903,-134133.38581216277,-154238.22770901886
139099.99999999997,209477.77707375516,231893.5413947287,-70377.77707375519,-92793.54139472873
70000.00000000001,158448.9303826773,152831.17991269202,-88448.93038267728,-82831.17991269201
721999.9999999999,298318.22360095324,297166.84022389946,423681.77639904665,424833.1597761004
875000.0,608894.9656926377,593221.5073642425,266105.0343073623,281778.49263575755
237000.00000000003,259113.73279232855,258016.12132070886,-22113.73279232852,-21016.12132070883
793599.9999999994,814566.2394598221,821639.9273111675,-20966.239459822653,-28039.927311168052
152999.9999999999,319930.2307954097,307145.0676385705,-166930.2307954098,-154145.0676385706
199000.0000000001,202051.48830821624,203964.34535301567,-3051.488308216154,-4964.345353015582
315000.0000000002,532175.5974543239,529634.5277912432,-217175.59745432372,-214634.527791243
415500.00000000023,379473.8481145412,377873.1665337793,36026.151885459025,37626.83346622094
299000.00000000006,235700.83817597543,222989.78226623955,63299.16182402463,76010.21773376051
594999.9999999997,527414.0898641621,565347.2091809367,67585.9101358375,29652.790819062968
167499.99999999997,242691.69834839556,223966.2307219539,-75191.69834839558,-56466.230721953936
294000.0000000001,222125.47592443027,235167.67921648212,71874.52407556985,58832.32078351799
339999.99999999994,273269.8452229427,275481.0144822926,66730.15477705724,64518.98551770736
840000.0000000005,648580.695121398,667133.9189197915,191419.3048786025,172866.081080209
218999.99999999988,212740.12972642574,209339.9855764449,6259.870273574139,9660.014423554996
320000.00000000006,236620.72604533317,232760.46161077137,83379.27395466689,87239.53838922869
590000.0000000003,589788.0152827292,602917.6795174314,211.9847172711743,-12917.679517431068
330000.0000000001,388749.8016327531,376400.26900834014,-58749.80163275299,-46400.26900834002
589000.0,322749.26343499514,353991.04233417555,266250.73656500486,235008.95766582445
1179999.9999999993,352097.14361887786,368366.4825422843,827902.8563811214,811633.517457715
70000.00000000001,125969.32859191061,122631.39714472675,-55969.3285919106,-52631.39714472674
158499.99999999997,158114.11912064676,151362.16695744937,385.880879353208,7137.833042550599
233199.99999999994,200110.58778789343,194203.7732186887,33089.412212106516,38996.22678131124
167000.0000000001,223792.05734310256,214467.4290340546,-56792.05734310247,-47467.42903405451
315000.0000000002,738907.0022382112,715460.0751225678,-423907.00223821105,-400460.07512256765
387999.9999999999,307546.9666685391,314928.1653106649,80453.03333146079,73071.83468933497
239199.99999999985,192881.01830465678,200569.80014497336,46318.98169534307,38630.1998550265
1249999.999999999,611488.2637641594,678281.8988472044,638511.7362358397,571718.1011527947
287000.0000000001,263506.37988435215,258217.75642927046,23493.620115647966,28782.243570729654
426000.0000000002,347393.88585507683,347003.93843150313,78606.11414492334,78996.06156849704
259999.9999999998,207545.41228130157,207456.39176045445,52454.587718698225,52543.60823954534
149000.0,193201.4742789073,194388.80632277875,-44201.47427890729,-45388.80632277875
1036000.0000000001,861563.566563986,926643.6957099597,174436.4334360141,109356.3042900404
249999.9999999998,165339.67061255244,163403.10515412525,84660.32938744736,86596.89484587454
438000.00000000035,487677.83801842376,510171.1120097508,-49677.83801842341,-72171.11200975045
364999.99999999977,372325.40198148956,388986.8348833873,-7325.401981489791,-23986.83488338755
99360.00000000003,129017.8647942945,126079.06384013155,-29657.864794294466,-26719.063840131523
96999.99999999999,131409.46098403863,133530.4980667255,-34409.46098403864,-36530.498066725515
233199.99999999994,282439.11373894516,267069.66174491914,-49239.11373894522,-33869.6617449192
53500.00000000004,106908.62055204074,101629.50956366066,-53408.6205520407,-48129.50956366062
1088999.9999999995,719245.3347362425,802370.674719531,369754.665263757,286629.32528046856
426000.0000000002,323065.6618322888,322302.6409355873,102934.3381677114,103697.35906441289
165989.9999999999,210360.38759192155,200371.65846092414,-44370.38759192164,-34381.65846092423
37000.00000000001,79664.53587474566,75800.60493487993,-42664.535874745656,-38800.60493487992
539000.0000000001,604061.4997698513,620113.9996380014,-65061.499769851216,-81113.99963800132
273999.99999999994,255229.87264436053,253580.05277402743,18770.127355639415,20419.947225972515
594999.9999999997,290061.86652710475,316527.84685059363,304938.1334728949,278472.153149406
270000.00000000006,179515.178387826,176728.42002940594,90484.82161217407,93271.57997059412
199999.99999999997,193206.94730376804,195839.30127903726,6793.052696231927,4160.698720962711
120000.00000000004,249102.92738125974,245044.02391180256,-129102.9273812597,-125044.02391180252
471999.9999999998,369728.1971202771,394547.28393405187,102271.80287972273,77452.71606594796
320480.0,322840.55348818394,333406.2376573983,-2360.553488183941,-12926.237657398276
286000.00000000023,192881.7780955774,196615.73192372685,93118.22190442283,89384.26807627338
269000.0,274302.8279694195,299907.7122240477,-5302.827969419479,-30907.71222404769
169499.99999999985,133508.967876569,126902.31123794244,35991.032123430865,42597.68876205741
270000.00000000006,417117.7156956172,438552.46860821324,-147117.71569561714,-168552.46860821318
221000.00000000006,211577.54545633178,200829.3575576914,9422.454543668282,20170.642442308657
199000.0000000001,342164.92260560434,350566.3248320694,-143164.92260560425,-151566.3248320693
935000.0000000006,837144.4153144549,840158.5883722753,97855.58468554565,94841.41162772523
600000.0000000003,681640.1362986794,663379.7961952378,-81640.13629867905,-63379.79619523743
349999.9999999997,270464.4843992886,255362.1329151221,79535.5156007111,94637.8670848776
269499.9999999999,300931.4580632421,315568.3597545033,-31431.4580632422,-46068.35975450341
570000.0000000001,814808.781854011,891779.126934692,-244808.7818540109,-321779.1269346919
415000.00000000006,329611.2075895962,314248.6593549002,85388.79241040384,100751.34064509987
180000.00000000003,122022.89198019101,120942.50598755413,57977.10801980902,59057.494012445895
477899.9999999998,208996.31911590384,218764.95658170336,268903.68088409596,259135.04341829647
255600.00000000006,258045.42064492303,241915.75702334545,-2445.4206449229678,13684.242976654612
348999.99999999994,286126.98178594024,299754.9947412603,62873.0182140597,49245.005258739635
239000.00000000003,185654.4541149711,189255.83150591157,53345.54588502893,49744.16849408846
995000.0,746330.0131926236,831955.8568327656,248669.98680737638,163044.14316723438
247500.0000000002,390105.4430429391,393278.178204338,-142605.44304293892,-145778.1782043378
146999.99999999988,296621.8971227453,282358.40444244636,-149621.8971227454,-135358.40444244648
95800.00000000001,111887.49084391372,105544.84431771569,-16087.490843913707,-9744.844317715673
399900.0,439210.76308353577,439920.1523118446,-39310.76308353577,-40020.15231184458
364000.00000000006,655045.6117745149,635753.4926659114,-291045.61177451484,-271753.4926659114
416999.9999999998,303272.8043656799,290330.96877655695,113727.19563431991,126669.03122344287
299999.99999999977,500120.1899718148,502415.48980690655,-200120.18997181504,-202415.4898069068
395000.00000000035,478073.9241304723,479499.21818862983,-83073.92413047195,-84499.21818862949
145999.99999999997,247922.95792233592,257208.07208265664,-101922.95792233595,-111208.07208265667
198000.00000000006,157121.19996725774,149514.96801966897,40878.80003274232,48485.031980331085
490000.0,652429.6930183392,719193.2272382035,-162429.69301833923,-229193.22723820352
225000.00000000015,285355.66458114784,293390.886601212,-60355.66458114769,-68390.88660121188
69800.00000000001,156778.72071939023,148082.63114187983,-86978.72071939021,-78282.63114187981
369999.99999999977,262466.6405595186,249374.9580328658,107533.35944048117,120625.04196713396
138499.9999999999,268984.6758319324,285206.6403982921,-130484.67583193249,-146706.6403982922
95812.99999999997,160642.40625238104,168869.0565823397,-64829.40625238107,-73056.05658233972
544501.9999999999,222673.07666528266,235752.37397829755,321828.9233347172,308749.6260217023
199000.0000000001,131771.2969040924,129181.33869054384,67228.7030959077,69818.66130945625
1028999.9999999997,340500.325401467,337545.850266709,688499.6745985327,691454.1497332907
755000.0000000005,800614.5698821726,820399.0846742046,-45614.56988217216,-65399.08467420412
950000.0000000008,1144593.0968524024,1247569.5866741396,-194593.09685240162,-297569.5866741388
125999.99999999993,123494.84530907066,120245.48848233314,2505.1546909292665,5754.51151766679
318000.0,222481.46695492518,214353.55339880617,95518.53304507482,103646.44660119383
280000.0,358229.76441962254,370481.88997422514,-78229.76441962254,-90481.88997422514
420000.0,208893.7504055565,228851.85403870384,211106.2495944435,191148.14596129616
379999.9999999999,196686.8979144249,207685.32532145502,183313.102085575,172314.67467854486
70600.0,89905.16732093664,85029.30343321933,-19305.16732093664,-14429.303433219335
192999.99999999985,130514.34449362924,143460.36261641004,62485.65550637062,49539.63738358981
46999.99999999999,139635.32020100136,144905.9291800512,-92635.32020100136,-97905.9291800512
379999.9999999999,256159.07952200863,256139.44158232986,123840.92047799125,123860.55841767002
152000.00000000006,177125.77209221653,182187.513343346,-25125.772092216474,-30187.513343345956
157999.99999999997,139823.6842626993,136819.82448747932,18176.31573730067,21180.175512520655
195000.00000000006,185624.89368170104,178764.25564454534,9375.106318299018,16235.74435545472
208000.00000000003,211583.01866816307,206745.503715071,-3583.018668163044,1254.4962849290168
527999.9999999999,295602.6105238023,305650.61142518354,232397.3894761976,222349.38857481634
188999.99999999988,502488.93659779034,501496.7927897436,-313488.93659779045,-312496.7927897437
180500.0,126356.75952292372,120351.2497071767,54143.24047707628,60148.7502928233
104999.99999999997,118288.49543195109,111808.04481153458,-13288.495431951116,-6808.044811534608
341000.0000000002,275018.7087836094,281269.2693301883,65981.29121639079,59730.73066981189
157500.00000000006,322368.1921859753,329256.1923573691,-164868.19218597526,-171756.19235736906
161000.00000000006,234738.51990917194,231147.284229738,-73738.51990917188,-70147.28422973794
349899.99999999994,726815.7907903201,735228.4707287543,-376915.7907903202,-385328.47072875436
323000.0000000003,738996.6190569206,859427.5317352335,-415996.61905692035,-536427.5317352333
1035000.0000000001,582870.9206782669,626066.045631027,452129.0793217332,408933.95436897315
490000.0,553762.6265763681,539506.840212814,-63762.626576368115,-49506.840212814044
82000.0,176196.07161115066,177958.060092653,-94196.07161115066,-95958.060092653
360000.0000000001,463533.1524805285,463421.1462347484,-103533.1524805284,-103421.1462347483
145000.00000000012,280810.62003073277,273439.6212281232,-135810.62003073265,-128439.62122812308
165000.00000000015,355976.15334245743,328229.282888159,-190976.15334245728,-163229.28288815884
183799.99999999985,215088.03635497947,227379.51714389614,-31288.036354979617,-43579.517143896286
224000.0,169611.136283747,176482.77919515574,54388.86371625299,47517.220804844255
278000.0000000002,238604.02524982355,237923.99704753057,39395.974750176625,40076.0029524696
210999.99999999994,164785.1257074439,157620.66618199297,46214.87429255605,53379.33381800697
149000.0,257871.73973100685,261160.5419537839,-108871.73973100685,-112160.54195378389
118000.00000000009,91599.76224554444,88523.82878552571,26400.23775445565,29476.17121447438
54249.99999999996,122140.41833353353,124715.88090184538,-67890.41833353357,-70465.8809018454
382000.0000000002,445223.2867091054,485944.2292890986,-63223.28670910525,-103944.22928909841
276999.9999999998,271436.5501214892,245459.7952893626,5563.449878510612,31540.20471063722
169000.00000000012,149032.0123105855,144619.64616511035,19967.987689414615,24380.35383488977
199000.0000000001,269972.4020181484,279972.6120070892,-70972.4020181483,-80972.6120070891
395999.9999999999,447142.2811430043,460471.25466071395,-51142.281143004424,-64471.25466071407
219999.99999999983,308001.3618831662,309056.480945363,-88001.36188316636,-89056.48094536318
398999.99999999977,246751.07075162363,245096.18845052295,152248.92924837614,153903.8115494768
514500.00000000035,506065.809635814,605831.2106842458,8434.190364186361,-91331.21068424545
358600.0,310983.4590272932,328535.9373042848,47616.5409727068,30064.062695715227
816999.9999999993,806965.6654055945,811080.3225541675,10034.33459440479,5919.677445831825
304999.99999999977,250510.50274057384,252981.70716199253,54489.49725942593,52018.29283800724
1249999.999999999,428826.78870706126,473897.81370278366,821173.2112929379,776102.1862972154
324999.9999999999,344736.44991308346,353145.3057793459,-19736.449913083576,-28145.305779346032
135989.9999999999,277574.94176997256,261082.57701034282,-141584.94176997265,-125092.57701034291
349999.9999999997,324716.81097243424,332129.82009174133,25283.189027565473,17870.179908258375
131989.99999999988,229032.064014843,248948.7515586611,-97042.06401484311,-116958.75155866123
1150000.0000000005,638756.2847751563,661416.8534589296,511243.71522484417,488583.1465410709
314000.0,187960.51615377434,187853.58911796816,126039.48384622566,126146.41088203184
116499.99999999991,254384.69870902735,267204.87180018367,-137884.69870902743,-150704.87180018376
399999.9999999999,361886.5159163553,351513.2493408266,38113.48408364458,48486.750659173296
339989.99999999994,585242.7731786497,587094.6189640452,-245252.77317864978,-247104.61896404525
163499.99999999988,185409.708634687,180077.65797146602,-21909.708634687122,-16577.657971466135
173999.99999999997,199205.503429397,190434.421147483,-25205.50342939704,-16434.421147483023
364999.99999999977,307323.4588670813,328589.60086060135,57676.54113291844,36410.39913939842
259999.9999999998,208331.19702254978,205686.3671628456,51668.80297745002,54313.632837154204
71999.99999999996,143205.31558311437,140030.00919016465,-71205.31558311441,-68030.0091901647
44999.999999999985,134340.54556797812,132792.5216737842,-89340.54556797813,-87792.52167378423
897999.9999999995,301041.31864174124,297023.8792148106,596958.6813582582,600976.1207851889
55000.00000000004,169236.56606039932,167580.22162955216,-114236.56606039929,-112580.22162955214
275000.0000000002,197161.2480693652,189378.930882289,77838.75193063499,85621.06911771119
281000.0000000001,255628.12514817063,284965.73801477865,25371.87485182949,-3965.7380147785298
379000.0000000002,553050.633781219,563241.413536756,-174050.63378121884,-184241.41353675578
198300.0,237992.665188306,234083.79426214946,-39692.66518830601,-35783.79426214946
125999.99999999993,281211.6188569005,309390.915721203,-155211.61885690055,-183390.91572120308
1346799.999999999,850848.3851570862,841131.8495852926,495951.6148429129,505668.15041470644
442000.00000000035,394226.72321511694,395001.2460174052,47773.276784883405,46998.75398259517
167999.9999999999,184762.6691835184,196845.8974454115,-16762.669183518476,-28845.897445411596
180000.00000000003,249683.7313506833,271098.20100713574,-69683.73135068326,-91098.2010071357
261999.99999999994,316693.350283858,313671.93838757055,-54693.350283858075,-51671.93838757061
372750.0000000003,218035.7064971597,221369.1596762327,154714.2935028406,151380.8403237676
844999.9999999993,659465.1702587791,671593.1726591773,185534.82974122022,173406.82734082197
296800.00000000006,163441.56410753084,164980.792157589,133358.43589246922,131819.20784241107
228000.00000000003,143403.48178812207,140708.89159968065,84596.51821187796,87291.10840031938
28999.999999999996,139131.95208342432,144405.9654157763,-110131.95208342432,-115405.9654157763
344999.9999999997,458235.3695399792,467235.88380492793,-113235.3695399795,-122235.88380492822
259999.9999999998,173324.81672128945,176344.5398815427,86675.18327871035,83655.4601184571
449349.99999999977,401461.9065134888,389309.3545854896,47888.093486510974,60040.64541451016
304499.9999999998,311901.07233598863,303750.1977703273,-7401.072335988807,749.802229672554
219999.99999999983,240523.13653703494,259791.38614044897,-20523.136537035112,-39791.38614044915
112000.00000000004,328388.52494251396,352616.8364897462,-216388.5249425139,-240616.8364897461
407000.0000000001,230043.4523641556,247221.8666482274,176956.54763584453,159778.1333517727
280000.0,350545.8948736784,373051.2843979791,-70545.8948736784,-93051.28439797909
180000.00000000003,189025.27463682098,187644.3848604704,-9025.274636820948,-7644.384860470367
188899.99999999988,218929.1071428375,233307.78748415998,-30029.10714283763,-44407.7874841601
179900.00000000006,403879.95021774055,375020.32903274253,-223979.9502177405,-195120.32903274248
342000.0000000002,212983.39895479963,224469.3297123912,129016.60104520054,117530.67028760898
156999.99999999994,184961.64386001203,180270.47072264564,-27961.64386001209,-23270.470722645696
208000.00000000003,158263.58828197085,156403.93445377686,49736.41171802918,51596.065546223166
29500.000000000007,71935.48571152851,66835.68185870026,-42435.485711528505,-37335.681858700256
435000.0,421657.24046678515,398882.30952457647,13342.759533214848,36117.69047542353
525000.0000000003,216898.65349175135,208964.72808581303,308101.346508249,316035.27191418735
248000.0000000002,258650.59552797436,242026.31477933624,-10650.595527974161,5973.68522066396
265000.00000000006,411552.8560908038,423764.47004496335,-146552.85609080375,-158764.4700449633
383433.00000000006,222154.71994043162,229847.32701796448,161278.28005956844,153585.67298203558
1650000.0000000007,385469.45552582154,418897.69060578657,1264530.5444741792,1231102.309394214
178999.99999999994,172195.3390484823,169983.27874072158,6804.660951517639,9016.721259278362
432799.9999999998,344133.7096256139,361821.4172413917,88666.29037438595,70978.5827586081
397999.99999999977,408502.3421804637,407758.31992954295,-10502.342180463951,-9758.319929543184
63199.99999999995,118690.87908900919,111684.01069106848,-55490.87908900924,-48484.010691068535
240000.00000000003,289763.60433150217,294153.2471876331,-49763.60433150214,-54153.2471876331
304999.99999999977,223051.43781411974,219698.99461136665,81948.56218588003,85301.00538863312
349999.9999999997,193934.51302088887,194173.23202633942,156065.48697911084,155826.7679736603
95999.99999999996,103060.2604809779,101214.53566193099,-7060.260480977944,-5214.535661931033
749000.0,538114.6907773779,562669.2790880286,210885.30922262208,186330.7209119714
346000.0,260222.0369351963,275893.6159334517,85777.96306480371,70106.38406654831
530000.0000000003,328631.7964964086,326678.92140428466,201368.20350359177,203321.0785957157
324999.9999999999,190614.9197460258,200828.8779514207,134385.0802539741,124171.12204857919
425000.0000000002,332643.9164238826,321476.57965154,92356.08357611758,103523.42034846015
479000.00000000035,294142.2826282764,304982.599895473,184857.71737172396,174017.40010452736
330999.9999999998,174658.50319645417,176356.74090375978,156341.49680354565,154643.25909624004
54049.99999999997,96567.84718168587,96248.4173558652,-42517.847181685895,-42198.417355865226
28000.00000000002,141802.70999191672,137195.67760817174,-113802.70999191671,-109195.67760817173
356660.00000000023,228578.35557184956,228043.35156644142,128081.64442815067,128616.64843355882
405000.0000000001,251305.81344548432,249822.86257835268,153694.1865545158,155177.13742164744
217300.00000000003,289718.7967837864,272457.0120595393,-72418.79678378635,-55157.012059539295
562000.0000000003,331716.55734443275,337191.8659399319,230283.4426555676,224808.13406006846
195000.00000000006,202071.48846231579,208555.28363821757,-7071.488462315727,-13555.283638217516
129000.0000000001,272889.2466993324,289117.2643569847,-143889.24669933226,-160117.26435698458
195000.00000000006,146737.43520507097,142539.82282046956,48262.56479492909,52460.177179530496
349999.9999999997,286718.53613622405,299878.1235255375,63281.46386377566,50121.87647446222
43500.00000000004,118543.68686890461,109098.8732600798,-75043.68686890457,-65598.87326007977
480000.00000000006,557271.6263762849,581162.6991556537,-77271.62637628481,-101162.69915565365
393588.00000000006,234466.16267479767,217738.29125981813,159121.8373252024,175849.70874018193
126300.00000000007,288011.41305939114,311994.66767835896,-161711.41305939108,-185694.6676783589
165899.99999999994,359127.0344670881,345886.03916892305,-193227.03446708818,-179986.0391689231
180000.00000000003,157874.69563235584,155495.81975539116,22125.30436764419,24504.18024460887
1298999.999999999,1038242.51676771,1090582.8279174946,260757.4832322891,208417.1720825045
444999.9999999997,164032.38723463885,164423.86688415002,280967.61276536086,280576.1331158497
297000.0000000002,252156.5002804672,244446.5040949262,44843.49971953296,52553.49590507397
181899.99999999988,208258.84024478562,222610.53529441854,-26358.840244785737,-40710.53529441866
439000.0000000001,301749.4598302955,306646.5441776498,137250.5401697046,132353.45582235034
35000.00000000001,98233.64050626325,96075.5883199016,-63233.64050626325,-61075.58831990159
274799.99999999977,261480.56436511807,253017.92767516285,13319.435634881695,21782.072324836918
95249.99999999993,295952.8163376138,310416.1661563955,-200702.81633761385,-215166.16615639557
210000.0,181060.291284985,180614.53584002214,28939.708715015004,29385.464159977855
714000.0000000006,152407.72836268818,151762.1574600532,561592.2716373124,562237.8425399474
798000.0000000002,443842.5694011232,424697.52376100136,354157.430598877,373302.4762389989
420000.0,253650.64878633674,256676.5582724729,166349.35121366326,163323.4417275271
240000.00000000003,266397.48495256336,279937.16703020816,-26397.484952563333,-39937.16703020813
296800.00000000006,229762.04903874747,229730.31810052754,67037.95096125259,67069.68189947252
270000.00000000006,238470.92367437007,230829.3750003322,31529.076325629983,39170.62499966787
152999.9999999999,230016.67093595062,230447.51712932214,-77016.67093595071,-77447.51712932222
149800.00000000003,108776.67402550824,110801.5231975446,41023.32597449179,38998.476802455436
215000.0,174734.96348263015,175288.69153381593,40265.03651736985,39711.30846618407
330000.0000000001,279234.1464728156,255461.8339161184,50765.85352718452,74538.16608388172
189999.9999999999,205212.88595039293,213648.84070083592,-15212.885950393014,-23648.84070083601
87999.99999999996,141777.04916394324,136234.94772639402,-53777.04916394329,-48234.947726394064
244400.00000000017,215524.18446606732,205843.23167703467,28875.81553393285,38556.76832296551
219999.99999999983,248230.8442891199,269890.7954457824,-28230.844289120083,-49890.7954457826
217000.00000000012,273406.752378061,264053.99060920166,-56406.75237806089,-47053.990609201544
90999.99999999991,151114.5987761406,163739.46062920176,-60114.59877614069,-72739.46062920184
310000.0000000002,537548.7281392943,526934.6947229906,-227548.72813929414,-216934.69472299045
890000.0000000002,249963.31736129164,261673.57275750002,640036.6826387086,628326.4272425002
62999.99999999995,96417.29768725121,92337.73997983517,-33417.29768725126,-29337.73997983522
182000.00000000003,136375.7489954543,134857.75324265962,45624.25100454572,47142.246757340414
275000.0000000002,244303.4598190348,245464.01259158817,30696.540180965385,29535.98740841201
465000.00000000023,326394.65787430864,360913.80217846285,138605.3421256916,104086.19782153738
123500.0,140426.65420816894,132166.2493739786,-16926.65420816894,-8666.249373978586
589000.0,454185.19734324084,442984.6923332793,134814.80265675916,146015.3076667207
326399.9999999999,229350.4149709044,241968.49639322612,97049.58502909547,84431.50360677377
1084999.9999999995,974209.5509371919,997920.2995010667,110790.4490628076,87079.70049893286
70999.99999999994,123660.97018692082,118169.96597251507,-52660.97018692088,-47169.96597251513
167999.9999999999,260060.7007102355,253288.4344716522,-92060.7007102356,-85288.43447165229
334999.9999999998,401768.6097192393,417242.5263914906,-66768.60971923947,-82242.52639149077
454499.9999999996,300293.9567428025,312401.68012580683,154206.04325719707,142098.31987419276
113399.99999999996,216707.17247733235,207487.5995250299,-103307.1724773324,-94087.59952502993
257000.00000000015,224369.27027441745,220368.06577611552,32630.7297255827,36631.93422388463
217000.00000000012,205379.27915528617,198446.64236935158,11620.720844713942,18553.357630648534
229000.00000000006,228077.839500591,232191.98921901212,922.1604994090449,-3191.989219012059
1155000.0000000005,473111.6201011556,531275.1551543026,681888.3798988449,623724.8448456979
168359.99999999985,251688.36042570768,244449.70931152412,-83328.36042570783,-76089.70931152426
249899.9999999999,245603.05736807393,276453.15431597724,4296.94263192598,-26553.15431597733
35000.00000000001,90412.44109642437,87768.83091578583,-55412.441096424365,-52768.830915785824
725000.0000000006,421782.9537613883,416311.68744409294,303217.04623861227,308688.31255590764
299999.99999999977,158815.14208208965,150552.2705860097,141184.85791791012,149447.72941399008
40000.0,130627.39933854336,126830.1852751862,-90627.39933854336,-86830.1852751862
133999.9999999999,165671.74315743492,161437.68881392825,-31671.743157435005,-27437.68881392834
185399.9999999999,198671.020730044,191540.167519827,-13271.020730044082,-6140.167519827082
162999.99999999988,277782.2300673999,275728.33343873353,-114782.23006740003,-112728.33343873365
458999.99999999977,413272.42329837626,397416.393203048,45727.576701623504,61583.60679695179
171999.99999999988,209722.36113801267,206917.06979552418,-37722.361138012784,-34917.069795524294
75000.00000000004,263190.1624697745,306353.1401778748,-188190.16246977443,-231353.14017787477
410999.9999999997,262723.82430680876,263911.2480098527,148276.17569319095,147088.751990147
617999.9999999999,332366.45941148844,324205.6057078979,285633.54058851145,293794.39429210196
86000.00000000001,199814.01338318258,209672.4164072152,-113814.01338318257,-123672.41640721519
305899.99999999977,213114.2041477106,209638.9285063308,92785.79585228916,96261.07149366898
120000.00000000004,264603.0770273876,288559.6553733548,-144603.07702738757,-168559.65537335473
460000.0000000002,383574.91871278145,421566.27026152425,76425.08128721872,38433.72973847593
348000.0000000002,210848.31783764574,213567.64326937986,137151.68216235444,134432.35673062032
158999.99999999997,282668.6868202719,265368.90690853144,-123668.68682027192,-106368.90690853147
247200.0000000002,192468.33339955073,198152.75782709697,54731.66660044948,49047.242172903236
357400.0000000001,314217.5335938575,333532.6939394095,43182.46640614263,23867.306060590607
284999.99999999994,201259.04473598086,191447.43047552294,83740.95526401908,93552.569524477
398999.99999999977,194400.0601427304,188199.87514155544,204599.93985726938,210800.12485844432
291999.9999999998,262713.4964167366,271966.3827168082,29286.5035832632,20033.61728319165
140226.99999999997,182697.29478311952,172567.29762224172,-42470.29478311955,-32340.29762224175
69899.99999999996,116763.16079100099,115408.1470520392,-46863.160791001035,-45508.14705203925
834999.9999999998,681030.8658982137,689698.5831253239,153969.13410178607,145301.4168746759
441000.00000000006,359036.2822324175,366432.99682359106,81963.71776758257,74567.003176409
159999.99999999997,161389.0550594382,157656.55252571226,-1389.055059438222,2343.4474742877064
164800.00000000006,314024.6509911899,300681.16280393006,-149224.65099118982,-135881.16280393
129000.0000000001,217812.852342761,222757.24130887364,-88812.8523427609,-93757.24130887353
107899.9999999999,235285.15615561994,225499.073788005,-127385.15615562005,-117599.07378800509
57489.99999999998,105276.22129734077,103489.73160657789,-47786.221297340795,-45999.73160657791
76999.99999999997,106689.0178759089,102296.0601140817,-29689.017875908932,-25296.06011408173
468000.0000000003,288683.20102762745,276969.30610100203,179316.79897237284,191030.69389899826
110500.00000000001,192478.54778395325,197650.44911645295,-81978.54778395324,-87150.44911645293
276000.0000000002,248837.45174630935,253746.4134058849,27162.548253690824,22253.586594115273
93000.00000000007,387129.63652234693,383576.85650593875,-294129.6365223469,-290576.8565059387
159999.99999999997,124005.65895774108,120952.44362394763,35994.34104225889,39047.55637605234
178999.99999999994,163757.20856577373,159195.4085114007,15242.791434226208,19804.591488599253
157999.99999999997,262514.36750161956,260848.42975880383,-104514.36750161959,-102848.42975880386
261000.00000000012,466596.416752182,462287.5650800517,-205596.4167521819,-201287.5650800516
105730.0,216755.9436365416,249084.44099539047,-111025.9436365416,-143354.44099539047
205420.00000000006,150696.716229094,138472.7224557938,54723.28377090607,66947.27754420627
396999.9999999998,241195.31791660603,227126.21094526644,155804.6820833938,169873.78905473338
1525000.0000000005,781543.1372008045,860849.2915749322,743456.8627991959,664150.7084250683
498999.9999999996,621513.1931680513,600753.0055724672,-122513.19316805172,-101753.00557246763
185000.00000000006,211826.13932100544,207009.40728489787,-26826.13932100538,-22009.40728489781
239000.00000000003,373391.1999552937,333064.146907002,-134391.19995529365,-94064.146907002
44999.999999999985,172344.08448749635,168650.98987291128,-127344.08448749637,-123650.98987291129
289999.9999999999,539770.1137712022,528342.4909707527,-249770.11377120228,-238342.49097075278
289300.0,302109.19822765945,296172.9825718403,-12809.19822765945,-6872.982571840286
109999.99999999991,161381.1982528351,152946.24866502217,-51381.198252835195,-42946.248665022256
940000.0000000006,409833.06270205486,434894.22471342597,530166.9372979457,505105.7752865746
600000.0000000003,307072.6605712564,342179.6466299552,292927.33942874393,257820.35337004514
191999.99999999997,292500.3872757021,282718.70296581317,-100500.38727570212,-90718.7029658132
184000.00000000015,267819.5585877333,271729.8304532101,-83819.55858773316,-87729.83045320996
223650.0,233631.9541917616,240587.93074492613,-9981.954191761586,-16937.930744926125
225000.00000000015,278764.4441900568,285779.7812589774,-53764.444190056674,-60779.78125897728
339000.00000000023,380311.5411207382,394176.7026972539,-41311.541120737966,-55176.70269725367
284000.00000000023,160786.25485509686,159155.48067114435,123213.74514490337,124844.51932885588
172999.9999999999,257731.4708731973,253564.27839699064,-84731.4708731974,-80564.27839699073
540000.0000000001,291042.4203747336,307969.36041241745,248957.5796252665,232030.63958758267
158999.99999999997,150868.85214597764,161599.22424893407,8131.1478540223325,-2599.2242489341006
64999.999999999956,151288.32876153695,161918.54579734572,-86288.32876153699,-96918.54579734577
348999.99999999994,346132.6328960856,339003.3385660997,2867.367103914323,9996.66143390024
259499.99999999985,342474.436696,359675.908530995,-82974.43669600014,-100175.90853099516
253199.9999999999,228755.81866450544,228829.94313077358,24444.181335494475,24370.056869226333
955000.0000000001,945569.0988788165,954968.5572138963,9430.901121183648,31.442786103812978
496500.0000000001,232630.64251797693,235445.1128096101,263869.3574820232,261054.88719039003
669999.9999999998,674871.8808163947,674794.2661675168,-4871.880816394929,-4794.266167517053
233999.9999999999,263627.57323298,262063.67115106096,-29627.573232980067,-28063.671151061048
169000.00000000012,149744.82175021386,144599.06826478758,19255.17824978626,24400.931735212536
259999.9999999998,278376.41396051145,313487.03188645333,-18376.41396051165,-53487.03188645354
187181.99999999985,203531.1186613735,222120.7966953717,-16349.11866137365,-34938.79669537186
449999.99999999994,268319.9250776108,264297.96792433894,181680.07492238912,185702.032075661
344999.9999999997,256124.48492973618,256019.32230255264,88875.51507026353,88980.67769744707
385000.00000000023,462978.33441622066,491317.63112222654,-77978.33441622043,-106317.6311222263
162999.99999999988,181235.51117277722,193387.57262848,-18235.511172777333,-30387.57262848012
469999.9999999998,381709.71125674027,394529.5374084757,88290.28874325956,75470.46259152412
319000.0,160852.09064314715,149753.7243258439,158147.90935685285,169246.2756741561
210000.0,117275.57551312815,122908.81356876984,92724.42448687185,87091.18643123016
890000.0000000002,669401.4677804005,706078.7225124425,220598.5322195997,183921.27748755773
299499.99999999977,301742.64471371233,321908.0587297207,-2242.644713712565,-22408.058729720942
116000.0000000001,118722.76799513873,115390.74372144585,-2722.7679951386235,609.2562785542541
259000.0,211282.27553941662,211715.9064759725,47717.724460583384,47284.0935240275
207674.99999999985,270213.24248675257,259094.21309910584,-62538.242486752715,-51419.21309910598
448000.0000000002,190680.65885602345,196225.55022234053,257319.34114397672,251774.44977765964
769999.9999999997,737258.0922308068,766696.4223671507,32741.907769192825,3303.5776328489883
718999.9999999999,637300.3355872185,704649.9463924895,81699.66441278136,14350.053607510403
128399.9999999999,362713.92309822945,358517.7477423792,-234313.92309822957,-230117.74774237932
114999.99999999991,254775.8278154471,245867.6071197785,-139775.82781544718,-130867.60711977858
579899.9999999997,639409.8644338929,680305.3147023474,-59509.864433893235,-100405.31470234774
507000.0000000003,266567.0166642211,286678.58138153364,240432.98333577916,220321.41861846665
240000.00000000003,234614.36840859853,226109.52788211152,5385.6315914014995,13890.472117888508
440000.0000000002,321623.5784185634,311014.5053094716,118376.42158143676,128985.49469052855
570000.0000000001,826951.0391311892,785283.4659126345,-256951.0391311891,-215283.4659126344
996999.9999999999,517794.0784456241,547599.7681654544,479205.9215543758,449400.2318345455
155000.00000000012,255352.04424412994,257506.16206573613,-100352.04424412982,-102506.16206573602
255999.99999999985,321884.7332200363,319190.4181159626,-65884.73322003646,-63190.41811596273
288200.00000000023,173494.27530021884,170326.660444306,114705.72469978139,117873.33955569423
104999.99999999997,220439.89049934258,220898.3120204709,-115439.89049934261,-115898.31202047094
175000.00000000012,150126.15423668278,144389.52067493816,24873.84576331734,30610.479325061955
1350000.0,590990.1924140964,537810.5564909801,759009.8075859036,812189.4435090199
130000.00000000009,271877.3482268067,262059.6991528929,-141877.34822680659,-132059.6991528928
549999.9999999998,154447.18410718467,155347.70443826198,395552.8158928151,394652.2955617378
539000.0000000001,403998.61006668356,423072.87728449557,135001.38993331656,115927.12271550455
758999.9999999998,380730.65108694514,368446.8246296317,378269.3489130546,390553.17537036806
418999.9999999998,365613.20205700543,390947.9445532712,53386.797942994395,28052.0554467286
68499.99999999999,104146.90222422835,96172.64074133198,-35646.90222422837,-27672.640741331998
66000.0,128918.99006841784,124416.70508219197,-62918.99006841784,-58416.70508219197
385000.00000000023,383240.80197294365,386535.37468039326,1759.1980270565837,-1535.3746803930262
324999.9999999999,142012.54589922863,139746.69319944424,182987.45410077125,185253.30680055564
169000.00000000012,274817.77539364743,265635.9041959764,-105817.77539364732,-96635.90419597627
251500.00000000012,281406.8260925156,308136.22722710547,-29906.82609251549,-56636.22722710535
158499.99999999997,165585.17545169845,175558.76385506295,-7085.17545169848,-17058.763855062978
560000.0000000003,465092.47766909504,504401.3867565571,94907.52233090531,55598.61324344325
120000.00000000004,86307.7849154565,86216.15397632573,33692.21508454354,33783.84602367431
64999.999999999956,135411.93390748696,133039.45620220358,-70411.93390748701,-68039.45620220363
409999.9999999997,247078.04976430742,253857.20981408047,162921.9502356923,156142.79018591924
554000.0,238396.8055216619,252423.93968482802,315603.1944783381,301576.06031517196
288999.9999999999,192070.08630197024,201831.82732645253,96929.91369802965,87168.17267354735
164600.00000000012,186944.3863184419,188261.4115458733,-22344.38631844177,-23661.411545873183
