y_real,y_pred
893999.9999999998,708757.125
165000.00000000015,126180.515625
1150000.0000000005,1054484.625
202055.0,226862.265625
175000.00000000012,258857.765625
213630.00000000003,242936.484375
123050.00000000004,139193.421875
253000.0000000001,238394.015625
389000.00000000035,231095.296875
1429999.9999999995,1190256.625
339999.99999999994,244482.078125
132990.00000000003,177638.421875
884000.0000000002,538196.5625
649999.9999999995,633078.1875
296800.00000000006,277005.5625
294999.9999999998,371855.1875
148000.00000000015,158631.453125
1200000.0000000005,938129.3125
287999.9999999999,293109.375
367500.0000000003,282404.90625
610000.0000000005,689297.0
97710.00000000001,157794.203125
99000.00000000004,131233.671875
374399.9999999999,466082.125
912999.9999999992,635991.3125
375000.00000000006,463617.28125
225000.00000000015,257417.859375
588000.0,341159.21875
1320000.000000001,1296636.5
490000.0,457188.875
634999.9999999997,538662.8125
259999.9999999998,285153.71875
304999.99999999977,321241.84375
469699.99999999977,285515.375
157999.99999999997,142230.390625
577500.0000000001,260836.78125
86999.99999999994,102377.9140625
471999.9999999998,491356.875
440000.0000000002,488966.78125
139000.00000000003,149664.875
1459999.999999999,952173.25
142000.0,131260.453125
385000.00000000023,436208.125
205000.0,225644.234375
1284999.999999999,1266220.75
311444.9999999999,328051.09375
231999.99999999997,189454.9375
244600.00000000006,268285.375
80000.0,87323.5625
183000.00000000012,195472.265625
624000.0000000006,240357.734375
159999.99999999997,140086.734375
215000.0,222611.4375
343000.00000000006,263360.3125
594999.9999999997,454611.9375
255000.0000000001,318848.0
278000.0000000002,259422.71875
106499.99999999996,134198.15625
304999.99999999977,197209.15625
890999.9999999994,787279.375
339999.99999999994,383687.71875
390000.00000000035,234817.59375
354999.9999999998,367865.875
287000.0000000001,219658.78125
90000.00000000001,176531.90625
120000.00000000004,205002.140625
364000.00000000006,359647.0
355900.0000000001,357370.625
249999.9999999998,316108.25
485999.9999999996,494574.90625
170000.00000000012,300105.5
85500.00000000006,75591.2109375
1590000.000000001,1287729.375
129099.99999999994,97398.1015625
398999.99999999977,605591.6875
166400.00000000003,118546.9765625
1140000.0000000002,811759.25
250999.99999999988,241902.828125
289998.9999999999,327339.1875
181000.00000000006,190766.671875
594999.9999999997,324374.25
785000.0000000006,582206.3125
121000.00000000003,95631.3515625
329000.0000000003,412374.40625
180000.00000000003,257400.4375
127999.99999999997,189515.46875
284999.99999999994,241775.515625
223650.0,235300.90625
181049.99999999985,152679.515625
227000.0,229114.359375
341000.0000000002,299991.625
177999.99999999994,128949.546875
349999.9999999997,224309.0625
385000.00000000023,320759.0625
805999.9999999997,608417.25
416000.0,271547.78125
711000.0000000001,539469.9375
116999.99999999991,102243.953125
780000.0000000001,657593.75
343999.99999999977,341178.09375
554000.0,313947.53125
112999.99999999993,83641.3125
306499.9999999999,224877.515625
473000.00000000006,404932.0625
790000.0000000003,498213.4375
714999.9999999995,553375.0
698999.9999999995,340957.5625
468999.9999999998,329509.75
620000.0000000005,468764.3125
96999.99999999999,93166.03125
39989.99999999999,102487.03125
390999.99999999977,143031.4375
398999.99999999977,281095.8125
169000.00000000012,170621.34375
188999.99999999988,204133.203125
240000.00000000003,271719.53125
158999.99999999997,178573.140625
53599.99999999999,107582.2734375
530000.0000000003,412893.0625
84499.99999999994,111448.984375
263749.99999999994,457605.90625
208740.00000000015,184199.171875
86000.00000000001,76583.8671875
212000.00000000017,164857.546875
249000.00000000006,240021.921875
899999.9999999995,1195838.5
49000.00000000002,81547.1953125
78840.00000000004,77162.890625
235000.0,243373.59375
716000.0000000003,827742.9375
169000.00000000012,232387.296875
132499.9999999999,236727.25
197500.0,207769.078125
989999.9999999992,1233108.0
875000.0,995208.9375
637999.9999999997,548605.375
239000.00000000003,206235.96875
95000.00000000001,169878.84375
249000.00000000006,259013.59375
484000.0000000002,455063.5
211149.99999999994,178687.109375
112000.00000000004,141200.8125
283500.0000000002,196776.484375
379000.0000000002,292321.3125
649999.9999999995,518941.71875
175000.00000000012,111012.15625
157500.00000000006,150952.265625
263000.0000000002,297457.0
680000.0000000003,671959.875
99000.00000000004,278210.96875
984999.9999999994,536177.625
1115000.0000000007,1025804.9375
158999.99999999997,225447.421875
328000.0000000002,148035.09375
398999.99999999977,345613.21875
398999.99999999977,310873.71875
275000.0000000002,243210.484375
98000.00000000003,97191.3671875
235000.0,220783.4375
364999.99999999977,233190.0625
235000.0,147532.515625
210000.0,300640.3125
320999.9999999999,364769.625
215999.99999999985,226168.1875
208000.00000000003,165482.59375
155000.00000000012,89231.375
435999.99999999965,496223.75
1200000.0000000005,1093604.125
71999.99999999996,91625.3515625
162999.99999999988,133321.671875
243000.00000000003,198766.5
664999.9999999995,647656.875
203999.99999999985,147024.34375
170000.00000000012,195835.375
780000.0000000001,1037565.25
394000.0000000002,381015.28125
170399.9999999999,270192.625
695000.0,706027.625
297500.0000000002,315093.625
445900.00000000006,404013.25
396999.9999999998,453551.84375
749999.9999999998,722632.75
156000.0,201451.1875
1684999.9999999988,1147858.25
184000.00000000015,192575.390625
99000.00000000004,108144.1328125
244999.99999999997,197433.078125
185000.00000000006,205345.9375
252449.99999999994,246594.453125
133989.99999999994,168858.5
979999.9999999997,733554.9375
264000.00000000006,401983.625
390000.00000000035,472869.09375
529000.0,377641.90625
249899.9999999999,252765.109375
170000.00000000012,197399.953125
465900.0000000004,400492.40625
131950.0000000001,128765.5859375
128100.0,158021.296875
95000.00000000001,135340.640625
1680000.0000000005,1564854.0
319000.0,220843.453125
899999.9999999995,1212375.25
448999.99999999994,394615.5
253199.9999999999,412203.375
504000.00000000023,434048.625
287000.0000000001,231975.21875
191999.99999999997,178753.234375
157500.00000000006,180227.40625
112000.00000000004,105040.0078125
850000.0000000005,793660.6875
124000.00000000007,140793.109375
398999.99999999977,379789.8125
43999.99999999997,80503.3359375
175900.0000000001,116388.28125
898999.9999999995,612208.0625
495000.0000000004,516031.9375
504000.00000000023,447142.75
472289.9999999997,245356.8125
134999.99999999997,197459.453125
85500.00000000006,78916.953125
936000.0000000008,797271.6875
68499.99999999999,68992.359375
567010.0000000002,554601.25
243000.00000000003,265867.71875
283500.0000000002,301047.15625
199000.0000000001,159143.765625
357999.99999999977,381042.53125
250480.00000000003,218554.453125
398999.99999999977,513072.9375
940000.0000000006,401301.8125
249000.00000000006,233149.59375
128399.9999999999,185328.296875
171000.00000000012,172458.15625
205999.99999999988,128359.625
294799.99999999994,360215.75
139999.9999999999,86292.703125
43999.99999999997,119557.4609375
133774.99999999997,129823.6640625
359000.00000000023,459567.375
109000.0,144941.90625
790000.0000000003,778338.125
116000.0000000001,104102.7734375
92500.00000000007,89803.2734375
235999.9999999999,231451.9375
146299.99999999994,152812.953125
398999.99999999977,392031.0625
165000.00000000015,132444.46875
366999.9999999997,213842.515625
1199899.999999999,412834.8125
787499.9999999994,548854.5
329940.00000000006,301451.96875
149900.0,158799.921875
409999.9999999997,602560.3125
181049.99999999985,86011.875
67999.99999999999,74454.7578125
210000.0,175448.84375
271999.9999999999,208949.0
310000.0000000002,270369.96875
199999.99999999997,195490.71875
390000.00000000035,324629.84375
427000.00000000035,585365.3125
159749.99999999994,99266.2890625
139000.00000000003,202411.0
144000.0,131336.96875
613999.9999999997,610406.0625
142500.00000000012,159630.1875
334000.0000000002,139103.71875
1539999.9999999988,861578.0
130000.00000000009,201186.8125
560000.0000000003,580513.125
134999.99999999997,108726.0390625
165000.00000000015,220423.890625
127199.99999999999,153384.421875
114999.99999999991,98284.2578125
371000.00000000006,365711.46875
1370000.0000000007,1118479.5
379999.9999999999,365464.625
294999.9999999998,268739.90625
89000.00000000004,112386.1015625
249000.00000000006,236674.65625
870000.0000000006,800269.25
375000.00000000006,230811.15625
278000.0000000002,351667.71875
259999.9999999998,249838.640625
360000.0000000001,414926.75
444999.9999999997,513349.46875
330000.0000000001,346019.53125
995000.0,730828.1875
202999.9999999999,68868.1875
318000.0,257123.1875
225000.00000000015,408593.625
228000.00000000003,197742.125
189999.9999999999,198503.1875
114999.99999999991,123913.65625
599000.0,615028.6875
223000.00000000003,275074.875
375000.00000000006,461969.25
420000.0,455832.71875
189999.9999999999,181642.859375
95999.99999999996,156028.421875
47849.99999999999,78910.859375
756000.0,693508.4375
308000.0000000001,329584.84375
270000.00000000006,320752.03125
299000.00000000006,286001.8125
253000.0000000001,303236.1875
149800.00000000003,184978.671875
299000.00000000006,412050.46875
202000.0000000001,193299.796875
167999.9999999999,147522.953125
388500.0,478452.71875
480000.00000000006,486429.625
119989.99999999996,148448.90625
142000.0,125831.8984375
77999.99999999994,102490.359375
435000.0,376049.46875
128500.00000000004,122171.25
737000.0000000002,579051.75
222499.99999999988,232623.4375
95400.00000000003,203526.328125
568999.9999999995,521816.59375
479000.00000000035,520843.125
92000.00000000007,142437.265625
674999.9999999998,390153.5
171999.99999999988,229395.53125
844999.9999999993,1214297.25
120000.00000000004,136670.234375
299000.00000000006,248896.890625
460000.0000000002,421638.1875
979999.9999999997,877200.5625
244999.99999999997,205855.9375
189900.00000000015,267848.21875
84999.99999999996,99929.46875
649999.9999999995,602616.0625
242499.99999999997,261845.921875
349999.9999999997,363953.03125
242000.00000000017,327019.0625
316999.9999999999,310442.0625
162180.0000000001,179721.234375
33999.99999999999,73597.640625
478399.99999999965,306569.0625
590000.0000000003,518287.84375
142989.99999999988,154801.5
162999.99999999988,150315.28125
534999.9999999995,361467.0
93000.00000000007,101963.21875
320000.00000000006,238839.125
87999.99999999996,87787.0703125
108000.00000000001,184577.765625
343199.9999999997,360651.625
249999.9999999998,373285.6875
302999.9999999998,327239.9375
95900.00000000003,153245.078125
995000.0,972384.875
316999.9999999999,325899.1875
195400.0,210526.96875
390999.99999999977,354881.8125
418999.9999999998,386457.375
310000.0000000002,362737.125
219999.99999999983,207173.515625
199000.0000000001,161198.5625
444999.9999999997,466015.0
880000.0,659280.4375
199000.0000000001,254588.75
265000.00000000006,354050.5625
332800.00000000023,295625.5625
279450.0,243120.75
398500.00000000023,794255.8125
890000.0000000002,511185.25
674999.9999999998,400294.625
1150000.0000000005,943885.3125
159999.99999999997,224705.796875
294000.0000000001,160030.921875
99899.99999999996,170865.265625
222599.99999999997,241359.0
549999.9999999998,611542.8125
138000.00000000006,211503.796875
794999.9999999998,754489.0
450999.99999999965,368030.09375
75000.00000000004,69275.5390625
749000.0,708214.5625
409039.99999999977,229558.359375
91800.00000000007,240263.546875
870000.0000000006,1010590.125
624000.0000000006,525670.5625
99000.00000000004,82037.84375
287000.0000000001,382986.90625
649000.0000000006,596690.875
428000.00000000023,306415.59375
433000.0000000001,408949.15625
278000.0000000002,253172.09375
129000.0000000001,196659.609375
68999.99999999997,122760.703125
60000.000000000015,126966.578125
235000.0,270058.15625
275000.0000000002,243034.28125
64999.999999999956,118153.40625
296399.9999999999,191601.359375
1380000.0000000005,1420432.125
323949.9999999997,304178.6875
280000.0,228535.40625
287999.9999999999,305389.59375
357899.9999999998,365132.625
145899.99999999994,219667.171875
231999.99999999997,106229.8671875
1200000.0000000005,1061501.0
356160.0000000003,330128.125
96800.00000000003,74835.1875
320000.00000000006,227761.703125
259000.0,202416.984375
120910.00000000009,101886.140625
339000.00000000023,293410.875
106000.00000000001,182982.671875
215000.0,287813.4375
175000.00000000012,226248.65625
534999.9999999995,528426.0
311700.0000000002,206577.890625
138000.00000000006,155237.03125
66000.0,62799.125
141750.00000000006,147475.40625
204750.00000000006,305531.75
197000.00000000015,192178.375
330000.0000000001,267715.65625
144000.0,133765.640625
530000.0000000003,463266.34375
77350.00000000003,111871.7421875
165989.9999999999,247267.265625
299900.0,275441.84375
515000.00000000006,505293.84375
540000.0000000001,626021.3125
719999.9999999995,593488.375
367500.0000000003,376163.875
265000.00000000006,251776.546875
294999.9999999998,299687.9375
749000.0,843154.75
188999.99999999988,158139.1875
1338999.999999999,817214.375
735000.0000000005,599096.0
270000.00000000006,313429.375
156000.0,118282.046875
759999.9999999999,722648.625
242000.00000000017,248477.578125
139750.0000000001,109084.984375
315000.0000000002,367837.8125
215000.0,160631.21875
182000.00000000003,317936.46875
534999.9999999995,374822.4375
420000.0,473139.3125
164299.99999999988,171125.6875
397999.99999999977,622540.8125
850000.0000000005,818413.125
291000.00000000006,322183.125
364999.99999999977,288466.0625
195000.00000000006,241210.578125
84000.00000000003,85302.96875
349999.9999999997,238026.890625
721000.0000000006,700286.125
270000.00000000006,260001.0625
1190000.0000000002,998897.375
371000.00000000006,387727.65625
90999.99999999991,93851.0859375
218999.99999999988,176114.375
1129999.999999999,1170032.25
261999.99999999994,154792.796875
354999.9999999998,341839.59375
349999.9999999997,361501.8125
409999.9999999997,419806.5625
1090000.0000000002,1174655.375
310000.0000000002,258230.0
349999.9999999997,278363.5625
90000.00000000001,103171.046875
166384.00000000006,281232.5625
217499.9999999998,112790.1484375
271999.9999999999,262087.515625
198000.00000000006,210561.109375
449999.99999999994,471350.90625
225750.00000000003,177586.25
122000.00000000003,144667.234375
139000.00000000003,151718.046875
183000.00000000012,163382.6875
124999.9999999999,204813.765625
163499.99999999988,164018.71875
231250.00000000006,265430.4375
304999.99999999977,304021.1875
192999.99999999985,201730.34375
1050000.0000000007,1036623.6875
642000.0000000006,589636.3125
192150.00000000015,186000.609375
1450000.0000000002,883572.3125
420000.0,462104.09375
248000.0000000002,268072.5625
233999.9999999999,206028.171875
299250.00000000023,343627.15625
163799.99999999997,124127.140625
177999.99999999994,160981.796875
195500.00000000006,181639.390625
444999.9999999997,539319.25
252000.0000000001,250625.6875
600000.0000000003,720130.625
435000.0,301508.03125
530000.0000000003,338985.65625
134999.99999999997,145916.078125
577500.0000000001,550217.125
409999.9999999997,403717.0625
95000.00000000001,204887.609375
820000.0000000005,807196.0625
208000.00000000003,234423.796875
245999.99999999983,198336.671875
460000.0000000002,377706.40625
96500.00000000003,97843.859375
471999.9999999998,333682.40625
261000.00000000012,232454.90625
364999.99999999977,317427.5
133999.9999999999,181186.796875
99899.99999999996,127306.0703125
170000.00000000012,163208.28125
1690000.0000000007,1125216.5
76999.99999999997,87076.734375
398999.99999999977,241596.890625
316999.9999999999,278695.59375
249000.00000000006,245113.109375
244000.00000000003,255520.34375
1075000.0,1142978.625
126999.99999999991,152491.9375
1364999.9999999993,625669.75
198000.00000000006,177939.890625
139999.9999999999,179066.5
405120.00000000006,426993.0
508000.0,476893.40625
798999.9999999997,639414.0
364999.99999999977,292456.84375
136999.9999999999,161019.109375
106000.00000000001,175976.703125
142900.00000000003,134429.625
95000.00000000001,161115.71875
322600.00000000023,349584.1875
86800.00000000006,59183.99609375
416000.0,380973.84375
68999.99999999997,131565.875
454499.9999999996,582903.5625
249000.00000000006,173514.3125
364999.99999999977,314814.90625
367500.0000000003,247379.0625
244000.00000000003,221015.390625
210000.0,166930.703125
265000.00000000006,259852.578125
574750.0000000005,232759.25
259000.0,159469.65625
490000.0,452028.84375
423530.0,353845.34375
518133.9999999997,446852.4375
337999.99999999977,365008.0
90999.99999999991,105044.21875
107000.00000000003,73719.796875
39000.0,56808.953125
138000.00000000006,114556.625
685000.0000000005,672265.625
320000.00000000006,364418.78125
563999.9999999997,545561.5625
307899.99999999994,314825.71875
288999.9999999999,312026.46875
86000.00000000001,115310.4140625
159999.99999999997,170143.125
369999.99999999977,395048.15625
439800.00000000035,314101.75
177999.99999999994,148051.765625
238499.99999999985,303129.5
119599.99999999999,71925.8515625
669499.9999999994,410852.90625
278000.0000000002,238500.671875
286000.00000000023,377380.1875
436799.9999999999,504404.5625
420000.0,444222.75
552699.9999999997,323022.71875
159999.99999999997,136551.546875
390000.00000000035,359678.1875
243800.0,281751.5
143000.0000000001,115475.375
147200.00000000012,206725.890625
124500.00000000003,146366.390625
291000.00000000006,253969.640625
445375.00000000035,268781.9375
229299.99999999994,212769.03125
184000.00000000015,196656.046875
252000.0000000001,254422.96875
330000.0000000001,192999.171875
218999.99999999988,186486.03125
164299.99999999988,174265.875
349899.99999999994,346211.625
330000.0000000001,231360.140625
1194999.999999999,1200422.75
49000.00000000002,317025.125
555000.0000000002,287738.25
714999.9999999995,652360.625
210000.0,281593.28125
379999.9999999999,595885.125
148640.0000000001,123107.734375
541000.0,492064.5
249999.9999999998,245062.390625
409999.9999999997,435705.875
188000.00000000012,229549.375
199000.0000000001,227332.671875
529890.0000000002,396327.78125
498999.9999999996,458928.375
118000.00000000009,150085.390625
125999.99999999993,101256.5078125
111000.00000000004,138882.609375
446770.0000000001,375001.21875
39000.0,88663.03125
645000.0,598265.8125
551100.0000000003,571918.1875
1200000.0000000005,1110977.375
139999.9999999999,220484.234375
394000.0000000002,360946.15625
325999.00000000023,345881.28125
99500.00000000001,117851.0234375
76000.0,48826.5078125
166400.00000000003,130894.3125
349999.9999999997,332999.5625
380500.00000000035,327143.21875
385500.0,475235.34375
434499.9999999999,249802.1875
430000.00000000023,480388.5625
230000.0000000001,597475.0
474999.99999999977,225987.078125
249000.00000000006,224235.0625
714999.9999999995,618824.125
1650000.0000000007,1313631.125
76999.99999999997,136267.171875
275000.0000000002,257934.15625
376999.99999999977,329784.1875
235999.9999999999,189690.6875
341499.99999999977,248926.09375
166000.00000000003,209700.796875
204405.99999999985,213096.796875
669999.9999999998,632816.1875
1247999.9999999995,843564.125
135999.99999999997,171974.296875
600000.0000000003,567646.625
299000.00000000006,290972.90625
196000.0000000001,115937.3984375
1450000.0000000002,1283905.875
995000.0,1043105.375
549899.9999999998,557102.3125
185000.00000000006,181595.734375
239199.99999999985,269608.0625
249000.00000000006,148366.390625
185499.99999999994,152869.796875
349999.9999999997,319399.1875
245900.00000000003,301880.34375
258000.00000000015,282107.1875
1529999.9999999988,1069879.625
120000.00000000004,179195.140625
175000.00000000012,184328.15625
280900.0000000002,501985.96875
106000.00000000001,147975.671875
270000.00000000006,222597.859375
375000.00000000006,424889.625
280000.0,281419.03125
85990.00000000007,194207.25
474999.99999999977,349920.71875
120000.00000000004,142910.359375
66800.00000000004,122920.1484375
588000.0,355579.6875
349999.9999999997,424339.71875
884999.9999999998,760186.0625
469999.9999999998,484401.53125
254309.99999999985,232717.96875
198000.00000000006,182415.875
407999.99999999965,340386.75
579999.9999999997,603150.1875
264899.99999999994,199134.203125
178499.99999999985,193573.5625
263000.0000000002,232787.21875
426000.0000000002,419479.59375
235000.0,216845.984375
599000.0,512700.71875
192600.00000000017,286585.5625
658999.9999999997,405528.375
241000.00000000003,420370.65625
440000.0000000002,421881.53125
100000.00000000004,93815.921875
99990.00000000003,112419.546875
263000.0000000002,190056.109375
259499.99999999985,229489.1875
375000.00000000006,295307.71875
124899.99999999993,144266.859375
218999.99999999988,318905.78125
794999.9999999998,797477.8125
645000.0,586825.25
1069999.9999999998,971504.3125
780000.0000000001,565734.0
75500.00000000006,110187.8515625
192999.99999999985,148907.03125
192600.00000000017,154974.171875
1490000.0000000002,1402897.25
339900.00000000006,388263.46875
219999.99999999983,179161.640625
444999.9999999997,362928.46875
1459000.0000000002,636596.9375
108000.00000000001,143022.15625
850000.0000000005,1056506.875
422000.00000000006,277182.625
148730.00000000012,168739.546875
214000.00000000017,199871.46875
152000.00000000006,142622.671875
323000.0000000003,297361.125
134999.99999999997,187313.078125
312000.0000000001,312443.9375
275000.0000000002,248920.390625
337999.99999999977,294596.34375
348999.99999999994,365938.59375
205999.99999999988,203773.953125
167999.9999999999,148312.78125
90000.00000000001,80314.4609375
88500.0,157223.84375
444999.9999999997,477562.875
385000.00000000023,352896.65625
185000.00000000006,202093.125
66000.0,62362.96484375
1080000.0000000002,953520.875
362000.0,412630.5
219999.99999999983,210309.640625
39000.0,78601.265625
425000.0000000002,468468.46875
379800.0,185046.421875
235000.0,305640.4375
608999.9999999999,404961.03125
393750.0000000003,276626.1875
387999.9999999999,224121.75
135999.99999999997,95184.9609375
240000.00000000003,196625.671875
89000.00000000004,133149.375
294999.9999999998,282763.34375
177999.99999999994,226271.53125
451739.9999999997,203802.53125
191000.00000000015,208705.4375
151000.00000000006,145575.6875
189699.99999999985,226344.046875
181049.99999999985,136550.765625
278000.0000000002,298198.3125
302000.00000000006,282644.96875
315000.0000000002,354732.9375
218999.99999999988,193413.203125
794999.9999999998,654908.25
330000.0000000001,350666.03125
240200.0000000001,230086.125
223650.0,174127.828125
315000.0000000002,220853.5625
294699.9999999998,286758.34375
287999.9999999999,323469.40625
77999.99999999994,115983.625
117659.99999999991,186244.140625
114900.00000000007,120872.4453125
81000.00000000007,126062.515625
1519999.9999999998,1367729.125
420000.0,298376.6875
678000.0000000002,624462.625
577000.0000000003,399175.75
472500.00000000035,549945.375
232979.00000000012,250947.125
354999.9999999998,287244.71875
320000.00000000006,275926.125
520000.0,453943.03125
213000.00000000015,319213.125
162749.99999999994,112564.484375
240000.00000000003,184334.3125
275000.0000000002,289989.75
488999.9999999996,317749.75
360000.0000000001,395634.4375
299499.99999999977,337632.1875
150000.00000000006,143427.421875
109000.0,179347.984375
425899.99999999977,384694.1875
420000.0,431504.15625
106000.00000000001,156029.03125
319000.0,220843.453125
966000.0000000006,911663.4375
287999.9999999999,264360.34375
719999.9999999995,709644.5
116499.99999999991,103542.5546875
259000.0,230133.09375
413959.9999999998,295397.28125
210000.0,210061.09375
426000.0000000002,444468.53125
540000.0000000001,510662.90625
420000.0,274908.34375
199999.99999999997,121854.1640625
174900.00000000006,227287.796875
150800.00000000006,136723.6875
159999.99999999997,146242.765625
644000.0000000003,507263.28125
49000.00000000002,47291.3515625
289999.9999999999,290316.53125
177000.00000000006,152212.109375
324999.9999999999,502951.53125
695000.0,596909.4375
145000.00000000012,239593.796875
88500.0,149103.140625
334999.9999999998,332581.59375
137500.00000000012,199107.046875
322600.00000000023,361968.59375
498999.9999999996,529409.625
114999.99999999991,107527.0859375
349999.9999999997,282572.46875
167499.99999999997,171869.375
613403.0000000005,495783.375
94250.00000000007,110950.765625
457999.99999999965,394838.375
249999.9999999998,175197.71875
127999.99999999997,138772.59375
676000.0000000001,776914.1875
150000.00000000006,181585.34375
216299.9999999999,215492.78125
541840.0000000001,544834.1875
895000.0000000007,693780.3125
366999.9999999997,369943.0
225000.00000000015,249544.3125
659999.9999999995,635241.5
299000.00000000006,285412.46875
698999.9999999995,622120.0
794999.9999999998,788204.9375
96999.99999999999,93505.078125
259000.0,302971.40625
291200.00000000006,327752.78125
259000.0,243355.734375
228000.00000000003,245225.109375
126999.99999999991,131436.953125
759999.9999999999,746110.75
474999.99999999977,345747.71875
109000.0,161086.375
414000.00000000023,284409.84375
210000.0,166400.15625
107500.00000000003,261423.0
199000.0000000001,312176.78125
342000.0000000002,495536.15625
321999.99999999994,362063.875
448000.0000000002,398539.375
136999.9999999999,179997.75
395000.00000000035,390934.53125
449999.99999999994,346192.8125
169499.99999999985,184427.859375
379800.0,428693.625
275000.0000000002,222998.796875
186899.9999999999,201621.671875
195174.99999999985,247998.1875
153238.99999999997,220679.65625
974999.9999999999,808518.9375
198000.00000000006,193766.9375
645000.0,649460.4375
244999.99999999997,154953.640625
265400.00000000006,256851.15625
398999.99999999977,455570.65625
315000.0000000002,276033.0
1350000.0,772869.6875
392200.00000000006,458331.34375
748000.0000000001,741630.875
93074.99999999999,131797.453125
440000.0000000002,416045.34375
496999.9999999997,460753.125
469999.9999999998,469472.53125
416999.9999999998,394455.21875
395000.00000000035,350898.53125
702000.0000000003,686112.875
356999.99999999994,416960.90625
259750.00000000012,237100.5
144450.0,149393.640625
236765.0000000002,207442.796875
369999.99999999977,243812.4375
294000.0000000001,282173.65625
156999.99999999994,142785.4375
355300.00000000023,296309.75
89000.00000000004,68422.234375
1539999.9999999988,886590.75
270000.00000000006,233591.59375
109000.0,106247.2890625
384000.00000000006,393368.0625
339999.99999999994,324489.65625
336500.0000000001,364369.09375
214600.00000000015,175317.21875
176550.00000000006,223623.21875
296800.00000000006,240785.15625
172999.9999999999,321851.46875
605999.9999999994,577833.125
354999.9999999998,350963.46875
570000.0000000001,555748.625
139499.9999999999,149931.453125
198955.0,188607.640625
210000.0,231861.53125
319000.0,272019.78125
293000.0000000001,222954.78125
525000.0000000003,509763.71875
223000.00000000003,259171.96875
188000.00000000012,151267.28125
339999.99999999994,374607.3125
568999.9999999995,268500.125
749000.0,597875.125
139000.00000000003,164748.953125
242000.00000000017,158997.234375
739999.9999999999,479038.96875
297999.9999999998,269210.34375
130999.99999999997,211159.15625
122000.00000000003,90690.625
171999.99999999988,230035.015625
649999.9999999995,295303.1875
639999.9999999998,698039.75
214000.00000000017,117246.5546875
250999.99999999988,272651.15625
198000.00000000006,198540.109375
371999.9999999998,368008.6875
165000.00000000015,165909.875
235000.0,214832.875
176000.00000000006,130663.953125
287999.9999999999,241871.234375
311500.0000000001,333041.15625
241500.0,428997.09375
273999.99999999994,213798.265625
228000.00000000003,227755.1875
43000.00000000002,161172.125
299000.00000000006,341237.65625
238000.0,279685.0
247000.00000000006,319639.28125
249000.00000000006,230408.03125
129000.0000000001,101965.6484375
630000.0000000006,613658.3125
697999.9999999995,716887.4375
416999.9999999998,538098.0625
115989.99999999994,99441.578125
224000.0,268268.21875
213499.99999999994,238520.453125
379999.9999999999,243627.890625
148000.00000000015,74489.7734375
289999.9999999999,319347.09375
151000.00000000006,115973.1171875
124000.00000000007,158772.515625
439000.0000000001,427971.84375
155000.00000000012,216619.25
748000.0000000001,882712.375
483553.99999999977,498251.9375
59900.00000000002,74037.703125
56000.000000000044,107679.6875
372299.99999999977,365851.71875
205000.0,127786.6640625
502999.9999999999,837278.875
540000.0000000001,689756.0
382999.9999999997,305727.3125
223000.00000000003,148144.546875
1295000.0000000007,1110989.0
231000.0000000001,122004.0546875
1299999.9999999993,1100653.0
375000.00000000006,216063.21875
199000.0000000001,409694.34375
86999.99999999994,119934.7734375
209499.9999999999,254226.265625
402999.9999999999,326868.78125
515000.00000000006,636156.9375
630000.0000000006,361373.9375
1165999.999999999,1005245.75
280000.0,303038.75
113999.99999999996,50576.04296875
375000.00000000006,272281.65625
169000.00000000012,203741.5
895000.0000000007,1081941.875
402000.0000000001,390039.28125
128100.0,151011.0
359000.00000000023,448406.3125
589000.0,560862.125
1550000.0000000012,800523.4375
92000.00000000007,129423.5078125
174900.00000000006,236334.75
616000.0000000005,488189.59375
809999.9999999995,975476.9375
124999.9999999999,182620.578125
395000.00000000035,318275.9375
259000.0,329994.34375
1389999.9999999988,1046320.4375
753999.9999999997,600847.4375
104999.99999999997,91098.6484375
585000.0000000003,568277.125
390000.00000000035,368270.25
244999.99999999997,284391.125
299000.00000000006,350707.84375
356999.99999999994,257934.90625
640625.0000000001,693749.875
149000.0,250321.59375
205000.0,197015.71875
90000.00000000001,83491.40625
548500.0000000001,765194.6875
151000.00000000006,179162.15625
259200.0000000002,252955.859375
121000.00000000003,124480.765625
840000.0000000005,862110.625
229900.00000000006,284144.96875
349999.9999999997,307358.59375
420000.0,383727.59375
689999.9999999995,604712.75
615000.0,975871.4375
175000.00000000012,165964.640625
153999.99999999988,127154.28125
247925.0000000002,196567.171875
281000.0000000001,216605.609375
210000.0,231402.28125
289999.9999999999,299715.09375
895000.0000000007,1093378.75
332000.0,258922.203125
384000.00000000006,425278.40625
323999.9999999999,257710.65625
440000.0000000002,277201.65625
169990.00000000006,262964.78125
208999.99999999988,107874.7734375
430000.00000000023,434756.625
115500.00000000009,110460.5703125
228000.00000000003,123610.3203125
181000.00000000006,241402.734375
127999.99999999997,182389.4375
173999.99999999997,208550.046875
129900.00000000012,176364.984375
66000.0,88733.2421875
312999.9999999999,369978.625
219500.00000000012,251233.75
299979.99999999994,185313.09375
280000.0,273772.84375
289999.9999999999,292389.625
390000.00000000035,444392.65625
330000.0000000001,467187.09375
70999.99999999994,62608.2421875
233199.99999999994,147028.96875
280000.0,187600.359375
480000.00000000006,501592.59375
289999.9999999999,406751.5625
655199.9999999995,761164.6875
230000.0000000001,200906.3125
240000.00000000003,245203.125
212000.00000000017,243509.1875
1140200.0000000002,973336.8125
174499.99999999994,213466.984375
279000.0000000001,255939.09375
280000.0,289287.59375
684000.0000000001,522033.125
310000.0000000002,209654.40625
214000.00000000017,205268.796875
1329999.9999999998,989599.4375
590000.0000000003,434781.0625
235000.0,255725.859375
122000.00000000003,107700.7421875
239000.00000000003,223633.453125
181899.99999999988,138367.421875
120000.00000000004,110766.4921875
91800.00000000007,82564.109375
133000.00000000012,151268.15625
495699.99999999994,237287.34375
689699.9999999998,588506.5625
590000.0000000003,525039.3125
120000.00000000004,239530.515625
540000.0000000001,518214.71875
64999.999999999956,89319.75
343500.0000000003,421428.34375
76000.0,260862.640625
38600.0,58089.2578125
165000.00000000015,210676.203125
114999.99999999991,95687.28125
495000.0000000004,519179.8125
413000.00000000006,353012.125
229000.00000000006,207513.03125
195000.00000000006,171015.890625
57699.99999999998,56742.515625
195000.00000000006,189511.140625
96999.99999999999,72420.953125
239499.99999999983,228325.84375
468000.0000000003,118224.640625
727999.9999999999,591757.25
222850.00000000017,308126.0625
165000.00000000015,122388.625
122499.99999999996,101758.6328125
219900.00000000015,200170.765625
217999.99999999988,219546.734375
155000.00000000012,206404.796875
157500.00000000006,167247.65625
449999.99999999994,383394.375
158999.99999999997,165206.015625
93999.99999999997,124293.8125
529000.0,471793.4375
658999.9999999997,663660.875
249000.00000000006,144382.46875
299900.0,280094.75
55000.00000000004,74680.3984375
769599.9999999999,718522.625
374500.0000000001,323196.53125
139999.9999999999,201009.609375
1340000.0000000002,1267497.75
682499.9999999995,564968.4375
537300.0000000003,452036.59375
755000.0000000005,669122.5
188999.99999999988,196904.703125
180000.00000000003,175347.3125
210000.0,150439.34375
593600.0000000002,501925.65625
575000.0000000001,501454.84375
175000.00000000012,314909.5
231999.99999999997,200642.65625
344999.9999999997,377612.375
144499.99999999994,145982.203125
240900.00000000006,361812.25
530000.0000000003,425076.875
236199.99999999985,383048.25
217000.00000000012,211104.796875
120749.99999999994,116610.15625
509000.0000000002,341002.125
389000.00000000035,363195.09375
80500.00000000001,94106.0703125
471999.9999999998,296299.5625
219999.99999999983,132920.625
231500.00000000006,196976.453125
221999.99999999983,426651.0625
259999.9999999998,226573.625
255000.0000000001,340116.125
165000.00000000015,157379.859375
919999.9999999998,1222085.75
798000.0000000002,407568.15625
940000.0000000006,611374.3125
467955.00000000023,481738.28125
177000.00000000006,137192.0625
203500.0,278416.9375
224675.00000000017,344634.6875
450777.0000000002,411552.125
1380000.0000000005,648999.8125
249000.00000000006,225620.34375
353999.99999999977,205778.984375
223599.99999999997,216038.28125
218999.99999999988,327362.0
127899.99999999993,160460.203125
59499.99999999996,46005.234375
320000.00000000006,313156.3125
348999.99999999994,333564.6875
35999.99999999998,80967.234375
190799.99999999994,164712.5
80500.00000000001,142508.328125
192600.00000000017,263315.125
142000.0,142901.234375
112000.00000000004,109300.9609375
798000.0000000002,739677.8125
90000.00000000001,96213.1640625
357999.99999999977,517922.71875
299000.00000000006,394179.1875
400999.99999999994,361718.0625
275000.0000000002,216531.046875
557999.9999999995,587694.4375
748800.0000000003,622888.25
171000.00000000012,195569.40625
1199998.9999999998,1289824.875
167000.0000000001,243349.46875
210000.0,277901.21875
716000.0000000003,497166.40625
101000.00000000003,117629.03125
590000.0000000003,452637.0625
579999.9999999997,579475.4375
667000.0000000002,807211.5
178999.99999999994,171300.234375
168879.99999999994,113835.015625
100000.00000000004,126787.6171875
257000.00000000015,259614.53125
1370000.0000000007,1077590.25
352000.0000000003,347586.5625
527000.0,442044.625
169599.99999999988,191975.21875
284999.99999999994,458141.6875
271000.0000000002,277922.6875
484999.99999999965,454746.375
159999.99999999997,187996.171875
472500.00000000035,760529.8125
575000.0000000001,556480.5
225000.00000000015,235793.765625
63555.000000000015,109119.0078125
1495000.000000001,1380952.375
118000.00000000009,242113.09375
463500.0000000001,452963.53125
420000.0,475321.0
649999.9999999995,638754.5625
149000.0,155191.734375
579999.9999999997,643758.25
261000.00000000012,121091.78125
49000.00000000002,104072.1015625
520000.0,627299.625
199499.99999999994,197946.640625
819000.0000000002,1002711.3125
149900.0,169454.109375
185000.00000000006,181760.171875
249999.9999999998,159384.8125
163999.99999999988,88484.125
215000.0,203990.953125
191499.99999999988,181325.25
279000.0000000001,345224.84375
123000.00000000009,209655.203125
60000.000000000015,121975.3203125
146999.99999999988,242115.40625
95000.00000000001,123875.25
351000.0000000001,355259.71875
265500.0000000001,259365.578125
249000.00000000006,248414.546875
416999.9999999998,465335.09375
156999.99999999994,117951.8828125
387999.9999999999,461388.96875
367500.0000000003,354566.53125
409499.9999999997,244944.859375
180000.00000000003,195863.953125
129000.0000000001,112331.2421875
284999.99999999994,291701.96875
330000.0000000001,335985.03125
915000.0000000002,1026911.9375
235999.9999999999,195720.359375
449999.99999999994,423961.5
192999.99999999985,193704.125
469999.9999999998,490611.4375
225000.00000000015,204754.78125
266249.99999999994,494407.96875
181899.99999999988,148494.5
219999.99999999983,234962.078125
218999.99999999988,184864.390625
139800.00000000003,172822.84375
120000.00000000004,146421.953125
387999.9999999999,364661.8125
484999.99999999965,496660.75
759999.9999999999,748678.1875
549899.9999999998,468246.46875
198000.00000000006,181106.8125
749999.9999999998,735340.3125
218999.99999999988,230527.15625
320000.00000000006,368118.21875
599899.9999999997,459097.78125
169000.00000000012,146305.6875
320999.9999999999,285631.65625
202999.9999999999,192803.8125
175000.00000000012,175077.78125
120000.00000000004,159240.328125
67999.99999999999,129559.84375
114400.00000000004,80792.984375
1196999.9999999993,1030292.3125
193499.99999999985,304284.875
583999.9999999995,622473.75
262500.00000000023,262923.90625
385000.00000000023,350663.6875
264000.00000000006,173552.375
452000.0000000001,478906.9375
238000.0,225550.0
184625.00000000015,211457.8125
334999.9999999998,304935.0
570000.0000000001,174710.171875
490000.0,395202.28125
271000.0000000002,255963.015625
360000.0000000001,319832.625
368000.00000000023,342668.3125
768999.9999999997,641431.9375
231000.0000000001,174202.234375
69499.99999999996,53883.953125
235000.0,409705.3125
164500.00000000012,164121.828125
139999.9999999999,210252.09375
148000.00000000015,148564.609375
180000.00000000003,213576.328125
199999.99999999997,183324.328125
249999.9999999998,310899.8125
272999.9999999998,175988.453125
235000.0,226160.421875
834000.0,373031.59375
430359.9999999998,444176.5625
288999.9999999999,273708.625
435999.99999999965,530797.375
649000.0000000006,615324.9375
299999.99999999977,195991.75
288999.9999999999,250937.078125
253949.99999999988,253869.390625
170000.00000000012,160616.671875
249449.99999999997,210513.515625
133000.00000000012,184174.234375
178999.99999999994,385126.625
112999.99999999993,138582.140625
685000.0000000005,551303.3125
178499.99999999985,137314.453125
293000.0000000001,310509.5625
186000.00000000012,184400.421875
247000.00000000006,251033.296875
134800.0000000001,179159.421875
96999.99999999999,168065.65625
196000.0000000001,199320.59375
798999.9999999997,885027.0625
578000.0000000005,989389.0625
81000.00000000007,158922.9375
79000.00000000006,236093.703125
163499.99999999988,162165.96875
199999.99999999997,222182.15625
390350.00000000023,334487.53125
275000.0000000002,292051.3125
351272.0000000001,328771.46875
95999.99999999996,144856.5
168900.00000000015,219292.90625
117699.99999999994,97006.3515625
342000.0000000002,414537.9375
649000.0000000006,755960.4375
928999.9999999995,1250642.0
1549000.0000000002,1437587.0
178499.99999999985,125898.28125
315000.0000000002,567519.4375
1590000.000000001,1282731.0
362999.9999999999,285494.125
222499.99999999988,139584.90625
231999.99999999997,173608.484375
337999.99999999977,301000.65625
275599.9999999998,273251.6875
157999.99999999997,116089.859375
339000.00000000023,373579.125
275000.0000000002,290507.09375
279499.9999999999,192860.8125
149000.0,144033.15625
1350000.0,716807.5
698999.9999999995,696137.125
729999.9999999998,362522.375
299000.00000000006,304818.40625
203999.99999999985,242163.890625
188999.99999999988,202708.875
175421.99999999988,189353.59375
320000.00000000006,296906.59375
319000.0,287251.5625
254400.00000000006,214813.40625
301000.00000000023,265532.5
166384.00000000006,222183.640625
534999.9999999995,689130.0625
388500.0,511532.46875
570000.0000000001,464776.25
259999.9999999998,184971.265625
191000.00000000015,210876.203125
387999.9999999999,451198.4375
143000.0000000001,202551.96875
272631.9999999998,195576.6875
158799.99999999994,119928.9453125
146999.99999999988,125809.703125
594999.9999999997,681493.875
334999.9999999998,253149.171875
114499.99999999991,151169.65625
122000.00000000003,105052.734375
176800.00000000003,192541.046875
364999.99999999977,320578.9375
288999.9999999999,216356.0
379999.9999999999,401587.40625
202350.00000000003,212696.40625
166499.99999999997,136907.265625
185000.00000000006,303902.0625
199000.0000000001,177207.796875
134999.99999999997,146164.546875
344999.9999999997,268933.46875
346500.0000000003,268805.78125
741000.0000000006,837413.0625
334999.9999999998,328864.28125
86000.00000000001,84586.515625
320000.00000000006,328805.625
497999.9999999996,590207.9375
249000.00000000006,236079.96875
591999.9999999995,456475.25
264499.9999999999,191239.359375
294000.0000000001,291066.71875
585000.0000000003,656107.875
93500.00000000009,103528.234375
288999.9999999999,281130.9375
75000.00000000004,74742.4609375
339999.99999999994,474122.625
680000.0000000003,625202.125
270000.00000000006,323789.78125
594999.9999999997,594253.0
330000.0000000001,272072.71875
599000.0,424755.53125
259000.0,311276.0
434990.0000000003,317637.96875
124999.9999999999,136682.09375
126999.99999999991,194404.21875
567000.0000000005,492258.34375
158999.99999999997,153709.9375
549000.0000000005,697914.625
230000.0000000001,373297.0625
149000.0,163744.734375
628800.0000000003,400522.59375
498999.9999999996,419304.8125
174900.00000000006,246231.859375
515000.00000000006,464629.125
80000.0,93311.859375
294999.9999999998,241716.265625
210000.0,279368.3125
234899.99999999985,252450.734375
199000.0000000001,184360.15625
199999.99999999997,251340.15625
639000.0000000006,531854.375
140999.99999999994,124160.6484375
96750.00000000004,223991.1875
318000.0,253910.0625
80249.99999999994,132140.65625
177999.99999999994,144354.9375
238499.99999999985,167701.734375
560000.0000000003,595542.5625
1314999.9999999998,1283869.125
375000.00000000006,239928.546875
284999.99999999994,312241.375
1175000.0,1314810.5
287999.9999999999,277353.15625
253000.0000000001,290177.875
188999.99999999988,264139.5625
409000.0000000001,335396.9375
818000.0000000003,737598.375
458999.99999999977,431567.125
318000.0,262379.125
332800.00000000023,158474.796875
420000.0,339832.40625
134500.00000000006,141773.609375
235000.0,227698.0625
409999.9999999997,471674.21875
189999.9999999999,262017.53125
225750.00000000003,180340.015625
525000.0000000003,433411.1875
231000.0000000001,187019.625
321999.99999999994,536905.75
155000.00000000012,182261.640625
64999.999999999956,190052.65625
122641.99999999999,38040.84375
178999.99999999994,174666.203125
147990.0,130053.2890625
625000.0000000002,620052.25
999999.9999999997,1153184.125
798999.9999999997,726727.5625
622000.0,425173.78125
402000.0000000001,322185.28125
199499.99999999994,165222.875
99000.00000000004,170656.96875
280000.0,444098.21875
249000.00000000006,166969.5625
188000.00000000012,174295.625
463000.0000000004,443772.625
461999.9999999998,440350.25
334999.9999999998,307646.5625
995999.9999999999,1022171.1875
139099.99999999997,121535.46875
178718.99999999997,154959.25
244999.99999999997,230975.4375
149000.0,180743.78125
440000.0000000002,390054.90625
149900.0,174431.15625
261000.00000000012,217283.1875
50000.000000000015,113571.734375
187000.00000000012,143532.375
727999.9999999999,618401.125
239000.00000000003,250924.390625
259999.9999999998,291837.75
1198999.9999999998,1058560.25
156999.99999999994,125191.9921875
249000.00000000006,221223.9375
265000.00000000006,369472.3125
354500.0,243232.296875
406199.9999999997,390770.15625
184600.0000000001,176823.0625
588000.0,686191.4375
290899.9999999998,390943.84375
418999.9999999998,591932.25
388500.0,301878.875
870000.0000000006,819902.875
240000.00000000003,255495.984375
479000.00000000035,571240.0625
275000.0000000002,329232.0625
127500.00000000001,139506.0
439000.0000000001,405432.09375
230000.0000000001,202941.375
369999.99999999977,358550.0625
269000.0,284587.28125
210000.0,170304.171875
213000.00000000015,257253.921875
259700.00000000003,262452.4375
86899.99999999997,104338.6328125
280000.0,155185.21875
452000.0000000001,605574.9375
630999.9999999999,604151.875
189999.9999999999,229118.734375
385000.00000000023,365513.09375
390999.99999999977,454079.84375
369899.9999999998,305217.21875
599000.0,481127.65625
385000.00000000023,484550.78125
310000.0000000002,342429.84375
255999.99999999985,328729.4375
449900.00000000035,225159.71875
270000.00000000006,305716.25
177999.99999999994,191867.59375
231999.99999999997,195970.640625
1020000.0000000005,991203.25
106399.99999999991,111979.6640625
520000.0,342796.09375
131999.9999999999,265196.40625
336000.00000000006,206629.125
198500.00000000006,240731.203125
399500.00000000035,307529.53125
175000.00000000012,193459.328125
304999.99999999977,382088.34375
172999.9999999999,181627.78125
224000.0,236492.796875
435000.0,353623.03125
198000.00000000006,146996.4375
71999.99999999996,97876.3359375
239000.00000000003,214999.5
366999.9999999997,404928.59375
669000.0000000006,688880.375
527999.9999999999,614787.6875
337999.99999999977,232120.390625
46999.99999999999,121142.375
99000.00000000004,172139.875
488999.9999999996,536608.3125
230000.0000000001,193213.734375
492737.99999999994,641381.1875
364999.99999999977,493509.625
136500.00000000006,164937.28125
133999.9999999999,155649.75
287000.0000000001,217665.640625
172999.9999999999,142324.5625
136500.00000000006,130768.2890625
96299.99999999997,41503.390625
323999.9999999999,276224.4375
286199.9999999998,333133.9375
144450.0,147722.71875
560000.0000000003,483853.5
56000.000000000044,165084.109375
134999.99999999997,161618.640625
379999.9999999999,332307.03125
319000.0,227387.09375
885999.9999999999,509526.03125
59499.99999999996,123385.125
1077999.9999999998,1158298.375
349499.99999999977,435053.15625
498999.9999999996,521043.34375
287999.9999999999,310254.125
438900.00000000006,440724.15625
157500.00000000006,234015.46875
219999.99999999983,242346.875
499499.99999999994,596197.75
645000.0,726090.25
145000.00000000012,350515.5625
305950.0000000002,334657.28125
198000.00000000006,211559.671875
238100.00000000003,177522.921875
546999.9999999999,723817.6875
515000.00000000006,555951.625
139850.0000000001,197155.9375
420000.0,414791.84375
113999.99999999996,89490.625
689000.0000000006,648282.1875
195000.00000000006,194818.46875
616000.0000000005,451631.96875
814999.9999999993,689719.8125
331550.0000000003,231581.765625
799499.9999999995,731221.375
394500.00000000006,346259.84375
58000.00000000003,98194.5
185499.99999999994,116572.3515625
197410.00000000015,106027.9453125
180000.00000000003,235894.96875
768999.9999999997,728059.4375
93000.00000000007,143020.53125
197599.99999999985,258517.5625
286000.00000000023,248920.859375
596500.0000000005,464386.8125
606999.9999999995,601650.1875
233999.9999999999,301578.75
170000.00000000012,169297.421875
131900.00000000012,143337.859375
567000.0000000005,508750.125
229000.00000000006,232466.875
1165999.999999999,817818.625
127199.99999999999,151833.5625
122000.00000000003,96910.2734375
341000.0000000002,314876.15625
180000.00000000003,217716.921875
615000.0,448278.0625
271999.9999999999,356870.96875
249000.00000000006,230741.390625
449899.00000000006,569341.9375
43999.99999999997,74382.9296875
398999.99999999977,394715.625
235399.99999999985,224785.96875
280000.0,267770.8125
385000.00000000023,312381.375
149000.0,196386.921875
139999.9999999999,83449.6953125
395960.0000000003,391343.75
242499.99999999997,293161.375
129000.0000000001,197687.25
199999.99999999997,244416.5625
265000.00000000006,244149.8125
164500.00000000012,153144.5625
269899.99999999977,237691.859375
515999.9999999997,526559.1875
495000.0000000004,425988.375
1190000.0000000002,805274.625
27499.99999999998,48518.70703125
649999.9999999995,683997.4375
495000.0000000004,633384.3125
472500.00000000035,448178.875
285450.0000000001,319662.75
225000.00000000015,230384.53125
418999.9999999998,453873.34375
645000.0,737080.125
597939.9999999999,618446.5
420000.0,254002.34375
165989.9999999999,254289.796875
165649.99999999988,227138.71875
265000.00000000006,209036.09375
249000.00000000006,275399.03125
460000.0000000002,279803.46875
152899.99999999997,125175.875
199000.0000000001,257167.828125
566799.9999999997,584150.125
219900.00000000015,236396.0625
188999.99999999988,189740.625
415000.00000000006,427549.59375
410999.9999999997,564754.5625
56000.000000000044,137835.59375
189999.9999999999,235308.765625
87999.99999999996,151803.578125
549999.9999999998,781343.4375
628299.9999999999,434667.0625
241500.0,190973.640625
1529999.9999999988,1423638.125
844999.9999999993,905905.1875
398999.99999999977,463899.0
385000.00000000023,292338.03125
152999.9999999999,159197.96875
258474.9999999999,291007.3125
509999.9999999998,397386.75
604500.0000000005,348756.6875
543400.0000000002,603811.4375
306999.99999999994,610811.3125
230000.0000000001,341521.21875
719999.9999999995,711121.375
230000.0000000001,100957.875
919900.0,1085050.125
153999.99999999988,177485.515625
170000.00000000012,215793.859375
360000.0000000001,218303.84375
649999.9999999995,515305.59375
67999.99999999999,83416.828125
375000.00000000006,384265.5625
569250.0000000003,351606.0
1099999.9999999998,763021.625
249000.00000000006,285325.65625
284000.00000000023,291851.65625
859999.9999999997,826023.0625
46999.99999999999,62256.7734375
486400.0000000004,431631.71875
199799.99999999983,183026.828125
239000.00000000003,288755.34375
169000.00000000012,265379.3125
240000.00000000003,249342.59375
28500.0,80474.46875
426000.0000000002,571986.375
58999.99999999997,146915.296875
520000.0,374082.53125
208999.99999999988,232801.875
149000.0,94713.375
169900.00000000003,127995.71875
287000.0000000001,223542.625
194500.0,176129.828125
368000.00000000023,381152.65625
249999.9999999998,334147.96875
270000.00000000006,368365.4375
343000.00000000006,381155.9375
294000.0000000001,293606.8125
205000.0,190836.171875
1249999.999999999,878356.625
249999.9999999998,272815.28125
157289.99999999994,178056.171875
264000.00000000006,259832.25
177999.99999999994,115428.578125
157500.00000000006,159603.234375
682999.9999999995,652105.5625
420000.0,332983.375
218999.99999999988,195887.671875
67000.0,95618.6796875
217499.9999999998,222672.171875
68999.99999999997,197657.46875
1065999.9999999998,533811.25
439000.0000000001,406126.34375
382999.9999999997,498906.65625
259999.9999999998,218432.96875
600000.0000000003,701789.0625
136999.9999999999,141647.109375
169000.00000000012,194990.78125
210000.0,266524.21875
582000.0000000003,544163.8125
468999.9999999998,646171.25
332000.0,452470.90625
323120.0000000003,256327.484375
198000.00000000006,218225.796875
357999.99999999977,328277.0625
455000.0,321558.15625
468000.0000000003,509156.40625
364000.00000000006,346152.53125
308000.0000000001,195263.21875
270000.00000000006,100919.2734375
187600.0000000001,178075.703125
534999.9999999995,527675.1875
645000.0,632334.75
283000.0000000001,321217.9375
375000.00000000006,428454.9375
189999.9999999999,194459.671875
472500.00000000035,342260.375
234499.99999999983,222399.671875
185000.00000000006,221907.9375
415000.00000000006,419099.34375
203999.99999999985,127287.015625
375000.00000000006,276756.5625
269000.0,221781.625
800000.0000000005,911962.5625
122000.00000000003,104686.2890625
725000.0000000006,938766.5
119839.99999999994,101078.8828125
654999.9999999995,501851.9375
395999.9999999999,515966.5
136500.00000000006,158543.890625
579999.9999999997,350007.5
530000.0000000003,510933.75
396999.9999999998,351582.53125
327050.00000000023,255503.53125
177999.99999999994,207149.609375
174499.99999999994,378612.3125
1160000.0000000002,1121035.0
205000.0,236150.21875
507000.0000000003,504557.09375
780000.0000000001,717024.1875
348999.99999999994,314158.375
240000.00000000003,254519.5625
89590.0,84094.578125
118000.00000000009,138277.1875
1179999.9999999993,1092764.875
126999.99999999991,161600.453125
378099.9999999997,260737.546875
685000.0000000005,487304.40625
271999.9999999999,294509.8125
135999.99999999997,90808.5
468999.9999999998,348227.90625
314000.0,196104.125
448000.0000000002,364137.75
272999.9999999998,237895.28125
260499.99999999983,176546.390625
157999.99999999997,162164.109375
360299.99999999994,267720.25
284000.00000000023,265637.59375
529990.0000000005,521074.65625
430499.99999999994,393635.625
1279999.9999999988,951325.5
794999.9999999998,731607.8125
390000.00000000035,573340.25
461000.00000000023,438676.5625
545800.0000000005,438225.375
243650.0000000002,292573.71875
480000.00000000006,406206.125
695000.0,714702.375
374399.9999999999,307039.5625
97650.0,129276.9609375
124199.99999999996,134299.6875
352224.99999999977,323587.59375
288999.9999999999,288873.78125
1485000.0000000012,1372732.625
858999.9999999997,773006.8125
229000.00000000006,195030.390625
269000.0,245544.078125
305280.00000000006,271539.5
84999.99999999996,142508.1875
599899.9999999997,647966.375
356600.0000000001,333974.34375
169290.00000000006,177328.84375
339999.99999999994,337336.40625
76900.00000000003,84335.765625
248499.99999999994,190895.34375
158999.99999999997,143802.015625
167999.9999999999,205022.671875
233000.0000000001,239741.6875
387999.9999999999,621138.875
149099.99999999994,192170.859375
191000.00000000015,209012.578125
261999.99999999994,409289.375
299900.0,326587.71875
697000.0,584515.6875
998000.0000000008,1157667.75
187000.00000000012,195404.796875
190779.99999999988,196061.859375
517999.9999999999,429242.21875
319000.0,345466.90625
529000.0,488204.46875
254000.0000000002,177148.3125
288999.9999999999,293994.59375
74990.00000000003,93584.2109375
497999.9999999996,443353.0
112590.00000000004,191113.75
152000.00000000006,196900.953125
186799.99999999988,161516.328125
315999.99999999994,269773.1875
206499.99999999994,243099.1875
124899.99999999993,157009.875
86999.99999999994,141308.859375
159999.99999999997,155618.578125
129950.00000000001,167653.765625
178999.99999999994,209795.015625
1302999.999999999,1141424.25
178999.99999999994,130515.625
420000.0,175383.109375
126199.99999999996,170481.625
364000.00000000006,363389.4375
520000.0,426559.9375
175000.00000000012,163095.9375
1214000.0000000002,1061391.75
540800.0000000003,423002.75
794999.9999999998,630972.75
177999.99999999994,183676.078125
210000.0,188219.875
43999.99999999997,203247.796875
265000.00000000006,240915.15625
214000.00000000017,188008.359375
354999.9999999998,346113.90625
364999.99999999977,333827.5625
87999.99999999996,194419.984375
430000.00000000023,437912.0625
324999.9999999999,309262.71875
217999.99999999988,193144.640625
294999.9999999998,298861.09375
198000.00000000006,254394.828125
187199.99999999997,219925.40625
224600.0000000001,149906.421875
261000.00000000012,429736.21875
233999.9999999999,274823.9375
435000.0,455133.375
124999.9999999999,114111.640625
570000.0000000001,687153.375
232500.00000000017,221284.5
348149.99999999994,291009.25
1389999.9999999988,846437.8125
158499.99999999997,155196.921875
108000.00000000001,131051.5703125
759999.9999999999,943187.0625
749999.9999999998,812700.375
60999.999999999956,72114.046875
769999.9999999997,618624.6875
253199.9999999999,214816.078125
324999.9999999999,319486.90625
556010.0,373724.15625
188999.99999999988,269594.96875
249990.00000000006,233092.015625
499999.99999999977,505213.84375
269000.0,393969.125
104999.99999999997,104257.3671875
56499.99999999996,102310.5703125
131999.9999999999,115666.0546875
134999.99999999997,228179.125
384499.9999999999,237872.359375
322400.0000000002,556382.875
305950.0000000002,350005.84375
539000.0000000001,528590.3125
604000.0000000002,561062.75
217999.99999999988,217745.15625
769999.9999999997,506215.09375
480000.00000000006,515967.46875
315000.0000000002,360654.375
182799.9999999999,258393.578125
420000.0,463356.0625
310000.0000000002,243193.5625
649999.9999999995,423235.15625
68999.99999999997,65151.12890625
243800.0,242490.203125
369999.99999999977,336315.875
225999.9999999998,199858.703125
124999.9999999999,206731.015625
233999.9999999999,166688.75
252000.0000000001,305892.96875
299000.00000000006,204074.8125
99500.00000000001,124594.546875
577000.0000000003,435725.40625
43000.00000000002,90253.7734375
225000.00000000015,181111.984375
320000.00000000006,293307.90625
336000.00000000006,525823.0
362000.0,249460.09375
100000.00000000004,185624.75
270400.0000000002,242247.046875
116999.99999999991,122710.84375
324237.0,363302.125
214799.99999999983,186944.203125
315000.0000000002,384626.6875
293000.0000000001,287161.71875
224000.0,254774.546875
189999.9999999999,250244.5
430000.00000000023,498758.25
695000.0,714256.75
232900.00000000015,164552.515625
129599.99999999994,88778.78125
175000.00000000012,216959.546875
195000.00000000006,146204.703125
270000.00000000006,424322.3125
439000.0000000001,433759.78125
197000.00000000015,180874.484375
379999.9999999999,365352.78125
233000.0000000001,302854.40625
294999.9999999998,526506.4375
69989.99999999997,137646.828125
366999.9999999997,335841.21875
97400.00000000004,185460.546875
122000.00000000003,88736.8828125
147900.0,106954.8671875
89000.00000000004,129095.359375
418999.9999999998,492600.21875
969999.9999999999,824066.1875
155000.00000000012,269988.625
440000.0000000002,642181.125
124999.9999999999,131808.390625
136999.9999999999,117702.3046875
337000.0,379054.53125
376999.99999999977,311602.125
93074.99999999999,108407.65625
245600.0000000002,206970.109375
156999.99999999994,93923.5234375
310500.00000000006,282887.40625
212000.00000000017,194919.953125
468000.0000000003,588738.4375
48499.99999999998,79569.2265625
219999.99999999983,254998.1875
497999.9999999996,444906.59375
139999.9999999999,147520.84375
408719.99999999977,945642.25
379999.9999999999,481556.84375
205000.0,222932.03125
261999.99999999994,157788.78125
402800.0,186595.96875
134999.99999999997,122166.2421875
125999.99999999993,173805.953125
306652.0,397699.90625
284999.99999999994,212586.703125
649999.9999999995,494719.25
439000.0000000001,440804.03125
180000.00000000003,125824.3359375
391229.00000000006,456194.5625
139000.00000000003,228355.671875
446999.9999999999,527709.875
158999.99999999997,135530.765625
395000.00000000035,354369.78125
267999.99999999977,305467.65625
444999.9999999997,200813.40625
1400000.0000000007,1100268.875
224000.0,261432.46875
371999.9999999998,415074.375
240000.00000000003,475683.78125
284999.99999999994,159412.484375
249999.9999999998,208551.234375
323000.0000000003,334972.75
430000.00000000023,476129.9375
674999.9999999998,465245.0
149000.0,162065.625
579999.9999999997,495459.125
398999.99999999977,420944.75
384000.00000000006,242237.578125
71999.99999999996,73353.921875
360000.0000000001,315388.28125
273999.99999999994,236050.921875
239000.00000000003,215456.203125
108000.00000000001,187960.859375
499999.99999999977,330551.53125
197000.00000000015,286822.0625
310000.0000000002,320212.59375
148000.00000000015,328532.3125
315000.0000000002,275067.53125
430000.00000000023,462559.125
76000.0,186685.5
575000.0000000001,707679.875
369000.0000000001,339434.03125
225000.00000000015,237897.765625
362249.99999999977,234604.046875
70659.99999999996,80707.2734375
176699.9999999999,121220.6171875
429500.00000000023,420732.8125
369000.0000000001,358850.75
206999.99999999994,245616.203125
698999.9999999995,893372.25
116999.99999999991,93617.859375
171600.00000000015,142219.0
369999.99999999977,352604.65625
769999.9999999997,772132.25
210000.0,330696.90625
136999.9999999999,153142.8125
188999.99999999988,164561.609375
155499.9999999999,160076.09375
177000.00000000006,199009.46875
175000.00000000012,156244.34375
259999.9999999998,335813.65625
145999.99999999997,136060.046875
206699.99999999988,150069.203125
385000.00000000023,395254.65625
375700.00000000006,327380.09375
330000.0000000001,517074.34375
188999.99999999988,227026.328125
339999.99999999994,366117.6875
233999.9999999999,206155.734375
294999.9999999998,362962.75
249500.0000000002,347456.96875
465000.00000000023,396312.28125
513999.9999999996,638498.1875
86500.00000000003,137428.953125
206999.99999999994,324082.03125
461999.9999999998,453467.9375
255999.99999999985,216376.640625
138200.00000000006,187065.828125
375000.00000000006,153493.875
167839.9999999999,130100.5546875
435999.99999999965,482293.125
98900.00000000003,82777.21875
249000.00000000006,141757.65625
130000.00000000009,130907.421875
1150000.0000000005,1224505.25
199999.99999999997,206594.4375
388500.0,175130.0625
362000.0,461993.0625
379989.99999999977,474116.75
253199.9999999999,274254.71875
202999.9999999999,249885.109375
66000.0,188097.140625
729999.9999999998,481352.0625
478124.99999999977,328061.75
597999.9999999998,514113.75
86000.00000000001,184862.984375
125999.99999999993,120835.1015625
302999.9999999998,318725.5
162500.00000000012,124769.9375
409999.9999999997,351547.6875
294999.9999999998,290272.8125
377999.99999999994,358762.8125
312000.0000000001,226571.453125
1200000.0000000005,909406.5625
318000.0,241006.390625
70999.99999999994,96088.453125
387999.9999999999,388815.1875
38000.000000000015,75073.6484375
329000.0000000003,326221.65625
136999.9999999999,96419.0078125
224000.0,178268.390625
525000.0000000003,519867.5
213000.00000000015,228838.5625
239000.00000000003,180200.59375
313862.9999999997,334778.28125
288340.9999999998,340368.5625
552000.0000000003,581150.125
180000.00000000003,185396.171875
149000.0,193441.796875
425000.0000000002,398585.75
129599.99999999994,117349.0234375
525000.0000000003,412301.65625
163160.0000000001,173279.984375
195000.00000000006,164028.890625
255000.0000000001,188808.484375
189999.9999999999,361020.1875
71249.99999999994,51509.09375
332324.9999999999,334851.0625
155000.00000000012,134027.03125
398999.99999999977,433148.40625
1260000.0,938959.0
385000.00000000023,402473.46875
285600.0000000001,298024.3125
299979.99999999994,266621.84375
149000.0,261884.140625
820799.9999999997,751195.6875
324899.99999999977,403041.15625
520000.0,432894.40625
213199.99999999985,310553.09375
367500.0000000003,287658.125
183000.00000000012,172766.96875
155989.99999999988,277956.09375
231999.99999999997,126190.140625
89900.00000000007,118194.3203125
320000.00000000006,285584.25
1039499.9999999995,897712.5625
54000.00000000001,102795.0859375
330000.0000000001,317061.71875
246980.0000000001,298569.09375
147499.99999999997,219577.734375
315000.0000000002,298054.4375
210999.99999999994,125938.75
191999.99999999997,168104.453125
315000.0000000002,446742.5
769999.9999999997,852387.75
389000.00000000035,271530.4375
679249.9999999994,472251.21875
56000.000000000044,138379.6875
527000.0,487749.8125
230000.0000000001,232772.796875
159999.99999999997,202776.9375
490000.0,404236.40625
463500.0000000001,316203.21875
546999.9999999999,637834.1875
198000.00000000006,177413.765625
590000.0000000003,668381.4375
1176000.000000001,867056.9375
138400.0,142548.5625
153500.0,152078.328125
320999.9999999999,305866.4375
178999.99999999994,185503.53125
357899.9999999998,357589.8125
118749.9999999999,103262.4921875
225000.00000000015,200913.203125
455000.0,398098.71875
473575.00000000035,323047.6875
116000.0000000001,161257.765625
299999.99999999977,295835.375
890000.0000000002,994601.6875
287000.0000000001,306679.90625
143000.0000000001,140324.609375
392000.0,271244.96875
574000.0000000001,386377.40625
239000.00000000003,279449.84375
55000.00000000004,166298.9375
416000.0,333178.09375
247000.00000000006,197095.203125
173999.99999999997,178496.6875
249000.00000000006,166688.265625
320000.00000000006,284853.9375
1099999.9999999998,448707.0625
60000.000000000015,75623.5859375
1420000.0000000012,1430497.375
398475.00000000023,481476.9375
299000.00000000006,343698.59375
710000.0,442131.46875
304999.99999999977,460125.21875
392000.0,433852.4375
1590000.000000001,798366.5625
367500.0000000003,365631.625
775000.0000000007,762577.875
135999.99999999997,179159.9375
369999.99999999977,288061.65625
326000.0,227688.296875
310350.00000000006,317693.6875
249999.9999999998,253868.421875
430000.00000000023,516090.03125
157992.00000000015,327879.71875
1298999.999999999,1280683.625
120000.00000000004,133474.078125
549999.9999999998,314744.65625
457600.0000000002,546010.75
157999.99999999997,212988.90625
1129999.999999999,943402.0625
564900.0000000003,670809.3125
195000.00000000006,127321.6171875
43999.99999999997,96436.2109375
426000.0000000002,452729.46875
299000.00000000006,225184.40625
157560.00000000015,119422.6484375
293000.0000000001,364408.375
599000.0,461541.21875
377999.99999999994,452030.125
457799.9999999996,340298.78125
254000.0000000002,201334.609375
116599.99999999991,160872.21875
748000.0000000001,600030.875
644799.9999999995,503548.5625
244999.99999999997,241534.6875
315000.0000000002,328902.5625
225750.00000000003,177617.25
655624.9999999998,564440.125
269000.0,295114.84375
383250.0000000001,349470.84375
123000.00000000009,161008.65625
555000.0000000002,561756.625
1525000.0000000005,913983.375
217999.99999999988,195596.265625
279899.99999999994,196237.140625
798999.9999999997,551943.0
199000.0000000001,251767.671875
283000.0000000001,343089.46875
169299.9999999999,191742.84375
362999.9999999999,421314.625
1220000.0000000002,941292.8125
312000.0000000001,363157.34375
359000.00000000023,289121.28125
269000.0,301332.96875
359900.0000000002,183497.84375
178999.99999999994,175147.59375
41999.99999999999,69875.4375
92500.00000000007,94509.09375
126199.99999999996,138167.90625
227900.00000000006,201327.5
315000.0000000002,331727.5625
241000.00000000003,175627.3125
103549.99999999999,97439.7265625
198000.00000000006,199129.265625
210000.0,244720.25
497124.99999999965,423240.8125
239199.99999999985,356712.09375
532999.9999999998,455093.4375
243000.00000000003,251354.78125
669499.9999999994,536015.5
560000.0000000003,880043.625
315000.0000000002,286194.1875
202702.0,194257.265625
199000.0000000001,168811.484375
162999.99999999988,199346.078125
294000.0000000001,302032.9375
141500.0000000001,223828.046875
248804.0000000002,180131.6875
76999.99999999997,117137.359375
354999.9999999998,344109.21875
1469999.999999999,1090305.0
171199.99999999985,240397.625
124999.9999999999,137609.9375
344999.9999999997,399335.65625
649000.0000000006,708749.0
727999.9999999999,734548.3125
448999.99999999994,461420.1875
137800.0000000001,279483.15625
199499.99999999994,249349.015625
116599.99999999991,140081.265625
225000.00000000015,174100.09375
297824.99999999977,205674.609375
578000.0000000005,414603.1875
199400.00000000003,184769.390625
327000.0000000001,343467.59375
384000.00000000006,355067.65625
369999.99999999977,720413.625
98550.00000000006,91200.0078125
120000.00000000004,171454.53125
252000.0000000001,243948.265625
244999.99999999997,235450.625
267000.0,383978.34375
382000.0000000002,318153.03125
99509.99999999991,159238.8125
369999.99999999977,405942.03125
359000.00000000023,262861.75
336000.00000000006,273393.5
188999.99999999988,215813.0
95000.00000000001,141232.734375
238000.0,332592.375
597999.9999999998,772970.6875
448999.99999999994,430716.40625
344999.9999999997,359397.03125
162500.00000000012,193565.0625
995000.0,990240.5
555000.0000000002,638828.3125
1284999.999999999,1283382.0
261400.00000000012,353255.625
1310000.000000001,750841.8125
152300.00000000003,179241.109375
579999.9999999997,753049.125
158499.99999999997,385544.4375
127199.99999999999,126937.0390625
104903.99999999997,137029.40625
995000.0,675683.125
319998.9999999998,223780.015625
312000.0000000001,337694.96875
232100.0000000001,190741.375
153700.0,175132.234375
596500.0000000005,458237.8125
318000.0,260060.328125
195000.00000000006,252791.140625
783749.9999999995,680070.125
119899.9999999999,78065.40625
216899.99999999983,210839.40625
332499.9999999998,286780.5
82199.99999999996,105139.03125
224000.0,246760.078125
430359.9999999998,526117.4375
259900.00000000012,239204.296875
80960.00000000001,189790.390625
493499.9999999999,356615.8125
1190800.0000000005,1166692.875
515999.9999999997,373585.53125
126500.00000000006,186016.21875
145000.00000000012,110739.34375
159999.99999999997,160437.859375
189999.9999999999,313580.0625
480000.00000000006,515010.3125
534999.9999999995,480437.125
305999.9999999998,331608.96875
228000.00000000003,246356.578125
112999.99999999993,121578.59375
119899.9999999999,136648.734375
37000.00000000001,68571.5
498750.00000000035,315353.0625
1229999.9999999995,708586.8125
332480.0000000002,354515.125
59400.000000000044,132640.015625
249899.9999999999,324281.4375
249500.0000000002,250267.65625
259200.0000000002,322653.59375
184000.00000000015,151320.53125
749999.9999999998,634780.625
50000.000000000015,45608.09375
649999.9999999995,604128.25
139000.00000000003,125927.3359375
1235999.999999999,853032.625
275000.0000000002,151652.515625
599000.0,353084.84375
142000.0,157571.796875
77760.00000000004,142313.015625
103000.00000000001,100538.484375
192999.99999999985,181546.390625
1600000.0000000012,1113325.625
294999.9999999998,437685.75
376999.99999999977,327685.28125
280000.0,205201.46875
940000.0000000006,504927.25
149000.0,164705.75
376000.0000000003,369595.65625
539000.0000000001,345393.4375
139000.00000000003,186301.34375
199999.99999999997,251024.671875
140400.00000000012,106731.71875
729999.9999999998,789400.25
258000.00000000015,217915.5
1600000.0000000012,1523870.875
630000.0000000006,437871.53125
199499.99999999994,149343.359375
388500.0,340642.625
172999.9999999999,188449.78125
175000.00000000012,191080.9375
468999.9999999998,328689.9375
510999.9999999999,426886.3125
269000.0,272675.34375
221550.0,255711.71875
70500.0,61884.84375
208000.00000000003,162706.296875
385000.00000000023,315234.0
93000.00000000007,99782.3359375
148000.00000000015,192844.453125
129538.0,100762.234375
244999.99999999997,256102.203125
202999.9999999999,175114.53125
159499.00000000006,119108.609375
276000.0000000002,229276.109375
149800.00000000003,92314.1328125
356999.99999999994,259356.421875
379000.0000000002,388005.84375
249984.00000000017,279568.1875
656909.9999999999,265960.53125
409999.9999999997,448872.25
135999.99999999997,174027.875
460000.0000000002,290628.1875
499999.99999999977,511692.03125
238739.9999999999,209845.25
157999.99999999997,185195.953125
299000.00000000006,269216.25
219999.99999999983,184580.234375
590000.0000000003,283149.21875
390350.00000000023,508389.28125
535600.0000000002,455236.6875
291999.9999999998,261482.34375
729999.9999999998,599095.4375
240000.00000000003,459114.875
231999.99999999997,160589.09375
328000.0000000002,286985.6875
271999.9999999999,240249.796875
271999.9999999999,266711.875
159899.9999999999,161337.59375
850000.0000000005,159945.171875
162000.00000000012,167041.390625
134999.99999999997,161003.140625
198899.99999999997,233512.96875
74899.99999999999,99041.140625
55000.00000000004,128747.65625
304999.99999999977,341747.0
288749.9999999999,278686.8125
520000.0,682731.1875
249999.9999999998,272701.875
289999.9999999999,384659.71875
749000.0,616258.6875
816999.9999999993,607183.1875
371999.9999999998,282446.125
309000.00000000006,189279.21875
145999.99999999997,182091.375
228000.00000000003,180123.609375
249999.9999999998,341653.46875
359500.0000000002,431092.0
196000.0000000001,254912.59375
118000.00000000009,187640.09375
420000.0,364182.875
379999.9999999999,398912.78125
1039000.0000000002,881744.0
630000.0000000006,662043.8125
336000.00000000006,363035.78125
232100.0000000001,170995.515625
98550.00000000006,216156.78125
310000.0000000002,289484.90625
281599.9999999999,246887.1875
337999.99999999977,464727.5
137800.0000000001,137813.640625
109999.99999999991,128894.7109375
188000.00000000012,215599.265625
355300.00000000023,287042.0625
1129999.999999999,946963.4375
252699.99999999985,246932.15625
139099.99999999997,76748.9609375
649999.9999999995,477263.28125
198000.00000000006,152515.796875
184000.00000000015,188183.078125
225000.00000000015,132871.1875
802999.9999999998,895304.9375
372999.9999999999,327803.09375
155000.00000000012,208482.03125
155900.00000000012,218958.34375
291000.00000000006,324920.0625
240000.00000000003,241761.453125
267500.00000000006,317124.0
798999.9999999997,921838.1875
397999.99999999977,197333.875
173250.00000000012,184533.59375
177999.99999999994,217101.125
254000.0000000002,343213.5
118000.00000000009,126979.296875
117659.99999999991,181355.0
1190000.0000000002,971089.3125
1275000.0000000002,1158898.25
135100.00000000003,263729.53125
420000.0,423487.5
244999.99999999997,283453.1875
525299.9999999998,343524.59375
254000.0000000002,236478.8125
130999.99999999997,95370.234375
249754.99999999997,200038.703125
130000.00000000009,91838.8125
149000.0,152232.859375
575000.0000000001,558814.0625
225999.9999999998,180541.53125
396999.9999999998,293051.53125
262351.99999999977,322333.71875
218379.0000000001,126070.9375
153999.99999999988,196620.421875
183000.00000000012,195707.109375
329900.0000000001,331169.03125
899999.9999999995,845526.9375
111480.0000000001,127114.875
120000.00000000004,43765.3984375
749000.0,699202.375
474999.99999999977,476236.65625
495000.0000000004,458223.40625
139999.9999999999,158879.90625
138000.00000000006,121049.984375
348999.99999999994,320644.0625
189999.9999999999,249977.828125
88500.0,86115.2890625
565000.0000000003,480796.46875
969000.0000000008,720365.5625
402000.0000000001,416121.53125
329688.00000000023,381418.84375
289999.9999999999,304182.75
87999.99999999996,150034.4375
175000.00000000012,128296.96875
58999.99999999997,167244.78125
798999.9999999997,637967.4375
183300.0,236113.75
165000.00000000015,176260.890625
295500.0,327905.96875
280000.0,180638.65625
106174.99999999991,85216.453125
446999.9999999999,462302.0
349999.9999999997,729263.0625
152499.9999999999,140978.9375
40490.000000000015,60782.5078125
188999.99999999988,193493.640625
240000.00000000003,321990.53125
1249999.999999999,916276.9375
294999.9999999998,242966.609375
189999.9999999999,242616.28125
286000.00000000023,291009.0
136999.9999999999,189108.34375
364000.00000000006,310243.75
1350000.0,1112151.875
56000.000000000044,79609.296875
474999.99999999977,373934.84375
93000.00000000007,84432.5
297000.0000000002,170241.8125
219999.99999999983,245852.90625
109061.0000000001,64735.05078125
449999.99999999994,529869.25
144450.0,122818.203125
599000.0,487372.71875
257000.00000000015,257100.140625
190600.0,227410.09375
199499.99999999994,92866.7265625
76000.0,175245.171875
239499.99999999983,251188.484375
696500.0000000005,383833.0
390000.00000000035,453878.53125
386999.99999999994,340130.0625
940000.0000000006,941661.8125
129000.0000000001,137929.34375
51499.99999999996,77761.9375
244999.99999999997,298440.4375
213000.00000000015,222024.78125
649999.9999999995,683344.125
334999.9999999998,586830.3125
343000.00000000006,286942.71875
325500.0000000002,416633.375
783749.9999999995,681035.875
95000.00000000001,81786.453125
232100.0000000001,252654.96875
102000.00000000001,112985.65625
327000.0000000001,286339.125
215000.0,480581.9375
329000.0000000003,313615.65625
497120.00000000035,440274.21875
323000.0000000003,314401.75
239000.00000000003,242182.59375
537999.9999999998,489614.9375
493250.0000000003,525133.4375
176783.00000000006,154666.03125
105950.00000000009,118416.5859375
448999.99999999994,430226.625
225000.00000000015,385223.59375
844999.9999999993,1015282.0625
458400.0,539066.75
1450000.0000000002,1318080.875
379000.0000000002,414054.75
344999.9999999997,139050.140625
270900.00000000006,286614.53125
242000.00000000017,231731.78125
478000.0000000002,432616.25
115989.99999999994,205885.578125
198000.00000000006,227554.140625
282150.0,303571.53125
259990.00000000012,226489.359375
89900.00000000007,97033.2734375
575000.0000000001,618056.1875
373999.99999999977,450155.34375
415900.0000000002,426964.5
86999.99999999994,163676.828125
359000.00000000023,431824.4375
269000.0,221612.90625
680000.0000000003,968981.0625
409999.9999999997,415791.875
729999.9999999998,327852.5
295999.99999999977,222032.1875
256279.99999999994,268442.5
272999.9999999998,334910.15625
279000.0000000001,286345.40625
364999.99999999977,523634.6875
218999.99999999988,183197.625
244999.99999999997,261270.96875
297500.0000000002,319103.25
294999.9999999998,301996.65625
230000.0000000001,204769.046875
93999.99999999997,114242.09375
620000.0000000005,689467.9375
234530.0000000002,286644.875
590000.0000000003,444296.03125
39500.00000000001,57464.08984375
159499.9999999999,152467.953125
488999.9999999996,517909.875
769999.9999999997,931996.8125
169000.00000000012,169054.28125
594999.9999999997,480338.625
259999.9999999998,277947.875
157999.99999999997,186012.140625
369000.0000000001,398739.71875
369000.0000000001,356200.46875
143000.0000000001,118072.4140625
925000.0000000007,911959.0625
218999.99999999988,178014.90625
315000.0000000002,412718.65625
375000.00000000006,341876.40625
341000.0000000002,370609.34375
173999.99999999997,141757.65625
312000.0000000001,154835.171875
530000.0000000003,421600.40625
388500.0,341748.625
319000.0,383876.5625
89000.00000000004,71460.78125
1490000.0000000002,780405.875
169000.00000000012,161570.875
318000.0,274012.375
430000.00000000023,303208.71875
339000.00000000023,193082.203125
306799.99999999977,286608.78125
242199.99999999994,219906.53125
371699.99999999994,347797.125
50000.000000000015,257782.671875
189999.9999999999,130769.0390625
213000.00000000015,171794.8125
178999.99999999994,171813.328125
235000.0,323889.84375
207989.00000000003,175505.578125
159999.99999999997,114966.5
230000.0000000001,264610.8125
312000.0000000001,299703.65625
294974.9999999998,314109.5625
449999.99999999994,469205.3125
355999.99999999994,326605.46875
590000.0000000003,616893.75
249000.00000000006,248803.625
637999.9999999997,844117.8125
659899.9999999998,841787.3125
364999.99999999977,282770.625
639000.0000000006,720345.625
425000.0000000002,497247.9375
194500.0,152861.046875
124999.9999999999,91349.1171875
555000.0000000002,526657.125
162000.00000000012,213648.453125
177000.00000000006,150690.625
398999.99999999977,338053.625
377999.99999999994,396420.0
490000.0,768457.0
347760.00000000023,82727.734375
371000.00000000006,383463.84375
452000.0000000001,400532.15625
280000.0,319536.59375
90000.00000000001,120254.3203125
448999.99999999994,313094.1875
115590.00000000003,111666.234375
513999.9999999996,528047.1875
685000.0000000005,646494.875
590900.0000000002,498904.75
58999.99999999997,93977.5546875
375000.00000000006,404362.875
220500.00000000012,196647.421875
387999.9999999999,622261.8125
119500.00000000009,270258.09375
240000.00000000003,293510.78125
240000.00000000003,295664.1875
319814.99999999977,258589.5625
163999.99999999988,230175.671875
241500.0,247433.796875
219999.99999999983,274224.375
270000.00000000006,270506.65625
544999.9999999997,469741.6875
243000.00000000003,207301.0
152999.9999999999,174748.5
116000.0000000001,123732.5078125
1024999.9999999995,1068398.125
423000.0,305066.46875
235000.0,242191.609375
365500.0000000002,379064.28125
170000.00000000012,151344.046875
265999.9999999998,274838.09375
134999.99999999997,104230.2265625
223449.99999999997,241360.84375
175099.9999999999,218051.25
263000.0000000002,198550.140625
199000.0000000001,211277.40625
324999.9999999999,331711.125
321999.99999999994,345420.78125
40000.0,94107.6875
225000.00000000015,270528.34375
253899.9999999999,187800.140625
299998.9999999999,385072.625
188999.99999999988,197573.21875
523000.00000000035,711282.8125
448999.99999999994,492412.34375
349999.9999999997,505904.75
217000.00000000012,278809.625
64800.000000000044,77753.7109375
273999.99999999994,257831.109375
1023999.9999999999,1240398.25
389000.00000000035,343981.59375
197000.00000000015,207769.671875
289999.9999999999,268779.125
284247.00000000006,301684.625
334999.9999999998,283609.46875
177500.00000000015,208693.296875
213000.00000000015,159483.34375
347000.00000000023,380814.40625
309750.0000000001,316349.8125
187500.0,238769.21875
525199.9999999998,357734.4375
235000.0,230096.21875
527000.0,428509.6875
89000.00000000004,105314.8515625
105989.99999999996,108342.125
106499.99999999996,85520.859375
210999.99999999994,209014.96875
208999.99999999988,188446.359375
625000.0000000002,685926.4375
348999.99999999994,395015.0
104900.00000000007,180083.421875
435000.0,418240.09375
219399.99999999983,195703.5625
183199.99999999997,216469.734375
229900.00000000006,219358.171875
144499.99999999994,150186.609375
249999.9999999998,220318.1875
255000.0000000001,310883.5
754339.9999999995,582043.125
525000.0000000003,425069.1875
372999.9999999999,407251.875
54899.99999999996,113667.1953125
305950.0000000002,325628.90625
244999.99999999997,236313.5625
600000.0000000003,413909.4375
348999.99999999994,220109.015625
217049.9999999999,221521.625
145999.99999999997,197842.65625
296399.9999999999,275992.96875
284999.99999999994,311261.75
117699.99999999994,201579.578125
299728.00000000023,276758.125
146999.99999999988,128682.2265625
240000.00000000003,255929.828125
409000.0000000001,354886.5625
48000.00000000004,77138.171875
188999.99999999988,133729.921875
1440000.0000000002,1346545.0
109000.0,119865.828125
95999.99999999996,147433.640625
74549.99999999996,204237.390625
233100.00000000017,224122.390625
118000.00000000009,84926.8125
73000.00000000003,76712.3046875
230000.0000000001,285105.3125
92500.00000000007,95052.4296875
288999.9999999999,256009.40625
188999.99999999988,208998.625
832000.0000000006,1184372.0
72150.00000000003,116383.0625
244000.00000000003,251263.953125
265999.9999999998,264848.375
93050.00000000001,127748.6484375
334000.0000000002,437603.125
137500.00000000012,166726.421875
127199.99999999999,101269.0546875
129000.0000000001,111465.9921875
375000.00000000006,418827.25
185000.00000000006,181203.734375
241000.00000000003,202117.03125
185000.00000000006,280124.375
469999.9999999998,292929.96875
242000.00000000017,225380.78125
138499.9999999999,173040.703125
243800.0,233511.1875
116000.0000000001,151787.515625
488999.9999999996,334661.125
28999.999999999996,47585.6484375
385813.0000000002,244068.5625
297000.0000000002,177861.84375
199000.0000000001,176610.546875
294000.0000000001,225276.984375
295200.0,260416.21875
127500.00000000001,112411.9375
158999.99999999997,140264.53125
142399.99999999988,152584.03125
143000.0000000001,105130.609375
380999.99999999977,387981.78125
315000.0000000002,323680.1875
772000.0000000001,579916.625
269000.0,275375.40625
162999.99999999988,187930.921875
568999.9999999995,324741.9375
169000.00000000012,251171.953125
126999.99999999991,194160.015625
212000.00000000017,259463.046875
155699.99999999994,134771.46875
59900.00000000002,53834.6953125
257000.00000000015,294507.0
312000.0000000001,339104.0
626200.0,670045.25
136500.00000000006,128521.1953125
68999.99999999997,134335.046875
348000.0000000002,311537.34375
219999.99999999983,287396.53125
1097999.9999999993,888003.875
213000.00000000015,171831.015625
890000.0000000002,580709.125
129500.00000000006,256408.90625
339999.99999999994,321157.59375
145600.00000000012,147726.8125
191999.99999999997,192236.84375
241500.0,202613.203125
765000.0000000003,708100.4375
229000.00000000006,230874.34375
276000.0000000002,298437.59375
320000.00000000006,353946.25
189999.9999999999,164778.96875
362999.9999999999,457482.40625
240000.00000000003,390485.15625
349999.9999999997,334782.75
195000.00000000006,193375.203125
334999.9999999998,227853.8125
75000.00000000004,89602.4921875
177000.00000000006,257628.578125
420000.0,295368.53125
312000.0000000001,388320.84375
280900.0000000002,198745.84375
349999.9999999997,405358.625
395000.00000000035,430732.84375
199000.0000000001,242335.078125
202999.9999999999,167171.4375
221500.0000000002,204766.109375
294999.9999999998,370684.96875
336000.00000000006,337060.1875
271662.9999999999,295406.0
219999.99999999983,382935.78125
574000.0000000001,538132.4375
284999.99999999994,237379.921875
405000.0000000001,515331.625
265000.00000000006,221637.421875
375000.00000000006,425331.53125
112000.00000000004,117365.140625
339999.99999999994,376926.625
101000.00000000003,122807.6640625
490000.0,411834.03125
343999.99999999977,359417.9375
233199.99999999994,259205.34375
651000.0000000001,644246.5
460000.0000000002,332837.3125
167999.9999999999,279737.8125
710000.0,675653.5
337600.0000000003,337074.96875
497999.9999999996,541010.4375
134500.00000000006,115130.53125
590800.0000000002,369616.78125
1450000.0000000002,1259535.25
1099999.9999999998,1011139.625
375839.9999999999,278439.75
367500.0000000003,414103.71875
272999.9999999998,253402.0625
590000.0000000003,820018.625
1148999.9999999998,631507.3125
150000.00000000006,152260.59375
289999.9999999999,502932.8125
320000.00000000006,186498.125
28000.00000000002,130766.671875
112999.99999999993,170025.359375
509999.9999999998,448810.625
182350.00000000015,322067.9375
680000.0000000003,573125.375
275599.9999999998,242958.5
217999.99999999988,171885.921875
758999.9999999998,601931.375
259999.9999999998,237183.265625
299000.00000000006,261777.015625
224000.0,288668.875
495999.99999999994,583453.625
336000.00000000006,280551.875
179500.00000000015,289003.03125
199000.0000000001,169195.734375
395000.00000000035,445265.28125
238000.0,251040.484375
157999.99999999997,202092.734375
178999.99999999994,187347.203125
127199.99999999999,103863.1875
264000.00000000006,278871.0625
798999.9999999997,834396.5
197000.00000000015,215964.328125
214899.99999999983,240792.28125
319000.0,323069.5625
223000.00000000003,271904.09375
178999.99999999994,244967.75
142000.0,116958.984375
210000.0,134563.15625
311500.0000000001,225122.78125
177500.00000000015,142370.84375
31000.000000000015,79881.5625
525000.0000000003,292687.59375
261000.00000000012,347731.46875
56000.000000000044,170557.5625
229000.00000000006,314198.53125
645000.0,707399.125
148499.99999999988,104720.140625
332000.0,347915.5625
369999.99999999977,412408.625
669000.0000000006,789676.625
558999.9999999998,555782.5
441000.00000000006,326879.6875
512000.00000000023,521266.0
188999.99999999988,342123.0
212000.00000000017,182437.984375
312000.0000000001,234645.21875
446250.00000000035,460692.5
794999.9999999998,814984.5625
549999.9999999998,532465.9375
661592.0,627268.5
192999.99999999985,322914.3125
850000.0000000005,648794.3125
98000.00000000003,101989.4765625
275599.9999999998,263421.375
441000.00000000006,413161.3125
474999.99999999977,580351.5
151000.00000000006,309932.0625
113999.99999999996,93569.6640625
148000.00000000015,161527.578125
399999.0000000002,422087.59375
288999.9999999999,322573.28125
194000.00000000006,128509.921875
177650.00000000015,216022.828125
820000.0000000005,838080.1875
161599.99999999988,172873.9375
276000.0000000002,204004.375
159499.9999999999,159658.203125
349999.9999999997,305832.0
504999.99999999977,526591.8125
219999.99999999983,212149.234375
199499.99999999994,284422.03125
79500.00000000004,183609.359375
449999.99999999994,327015.3125
385000.00000000023,441095.875
351000.0000000001,293599.53125
63999.99999999997,146307.5
455999.99999999977,460230.53125
1579999.9999999998,1273720.125
339000.00000000023,247246.75
319000.0,244528.25
276999.9999999998,283351.28125
968500.0000000006,723340.875
632000.0,510679.96875
484999.99999999965,438305.625
461000.00000000023,427718.4375
230000.0000000001,232089.84375
133000.00000000012,164512.1875
759999.9999999999,765310.0
995000.0,986521.9375
315999.99999999994,329666.90625
299999.99999999977,234390.9375
29799.999999999975,93561.71875
155000.00000000012,212638.40625
330000.0000000001,325042.8125
267999.99999999977,219088.890625
289999.9999999999,188386.171875
173999.99999999997,108119.6953125
561799.9999999999,513931.90625
199999.99999999997,341870.875
56000.000000000044,78837.8984375
35999.99999999998,63730.1328125
159999.99999999997,209963.75
124999.9999999999,119078.96875
469999.9999999998,440869.59375
369999.99999999977,221049.53125
241000.00000000003,178212.796875
455000.0,429371.625
449999.99999999994,453932.21875
880000.0,771879.75
261000.00000000012,334914.625
1350000.0,964945.625
95000.00000000001,153206.203125
413799.99999999965,292681.71875
570000.0000000001,181859.0
549200.0000000002,492690.4375
126999.99999999991,159679.21875
430000.00000000023,317473.8125
449999.99999999994,433201.6875
800000.0000000005,761928.0
332999.99999999977,240328.390625
191999.99999999997,177996.75
84999.99999999996,113215.9453125
198000.00000000006,113552.9921875
259974.99999999983,210566.53125
139000.00000000003,116357.875
156999.99999999994,160150.453125
334000.0000000002,184029.5625
129599.99999999994,148302.734375
248499.99999999994,192315.515625
171590.00000000012,206435.5
610000.0000000005,787301.125
49000.00000000002,72601.5078125
188999.99999999988,150293.359375
139999.9999999999,181841.65625
363444.9999999997,290826.4375
149000.0,197983.078125
396999.9999999998,426668.96875
239900.0000000001,207570.828125
180000.00000000003,125522.3125
884000.0000000002,642564.0
249999.9999999998,195397.53125
1295000.0000000007,1071468.375
280000.0,303340.59375
187500.0,190638.09375
225500.0000000001,244807.078125
312000.0000000001,312424.28125
649999.9999999995,412221.0625
678999.9999999995,745908.6875
218999.99999999988,149053.09375
138730.00000000006,124629.84375
343000.00000000006,420105.75
191000.00000000015,115997.453125
228974.99999999983,146436.484375
171999.99999999988,99371.7109375
273999.99999999994,202953.0
117400.00000000006,153159.609375
81499.99999999996,107414.65625
124999.9999999999,130394.4453125
345840.0000000002,225007.953125
85100.0,103143.9921875
208999.99999999988,216380.359375
315000.0000000002,603342.9375
145000.00000000012,133392.125
425000.0000000002,460302.96875
98000.00000000003,119847.8828125
513999.9999999996,572942.875
148000.00000000015,217692.421875
86000.00000000001,97394.109375
698999.9999999995,526971.125
96399.99999999997,146417.484375
850000.0000000005,533440.25
398999.99999999977,416262.40625
534917.0000000003,575040.5
369000.0000000001,297487.34375
244999.99999999997,241179.75
339999.99999999994,271672.125
259999.9999999998,204481.984375
195000.00000000006,138080.171875
120850.00000000003,103735.78125
109724.9999999999,102187.5078125
107000.00000000003,103254.21875
157999.99999999997,138831.5
237299.9999999999,121038.2109375
77200.00000000004,102305.0078125
484999.99999999965,521787.25
682499.9999999995,799001.0625
169000.00000000012,139331.6875
157500.00000000006,212913.765625
178999.99999999994,163414.796875
71999.99999999996,111040.640625
1445000.0000000012,1365000.5
84000.00000000003,114383.703125
402800.0,364093.28125
294999.9999999998,327254.59375
215999.99999999985,208360.59375
210000.0,240342.609375
123624.99999999999,124520.8984375
187000.00000000012,151815.890625
196000.0000000001,221770.203125
364999.99999999977,201112.203125
439800.00000000035,314101.75
169335.0000000001,229506.90625
504000.00000000023,232628.765625
279000.0000000001,277439.9375
379000.0000000002,249636.203125
145000.00000000012,190602.453125
84999.99999999996,110914.0546875
249999.9999999998,299452.8125
90999.99999999991,120320.515625
148000.00000000015,133357.15625
198300.0,182780.1875
1299999.9999999993,1034209.375
219999.99999999983,221190.1875
649999.9999999995,485044.5625
267000.0,171426.25
178999.99999999994,207842.796875
275000.0000000002,317525.90625
189999.9999999999,308969.09375
545999.9999999999,385537.84375
372340.0000000002,308307.125
191999.99999999997,312328.0625
409900.00000000006,356819.59375
302000.00000000006,370512.875
275000.0000000002,224532.078125
199999.99999999997,170368.015625
1220000.0000000002,537423.625
654999.9999999995,616448.5625
749999.9999999998,667350.25
481000.00000000035,395020.28125
169499.99999999985,179964.953125
321999.99999999994,391607.6875
465000.00000000023,474057.53125
735000.0000000005,627816.75
206699.99999999988,200156.828125
452999.99999999977,449922.71875
52000.000000000044,144231.90625
259999.9999999998,273474.3125
534999.9999999995,311570.90625
297000.0000000002,173099.953125
244999.99999999997,176142.9375
214000.00000000017,269247.0625
64999.999999999956,56429.46484375
68499.99999999999,109643.9140625
142975.00000000012,171132.21875
180200.0,194328.40625
269880.0000000001,124604.6484375
294000.0000000001,540271.625
95000.00000000001,93475.65625
575000.0000000001,610489.3125
235000.0,263065.875
199000.0000000001,202068.453125
228249.99999999985,422539.46875
265000.00000000006,270209.875
183000.00000000012,191488.46875
116999.99999999991,73839.2734375
466650.0,511838.4375
790000.0000000003,648345.875
315000.0000000002,260353.140625
276999.9999999998,309858.78125
373087.9999999998,315870.46875
229000.00000000006,190111.390625
315999.99999999994,310396.46875
144724.99999999988,125172.7734375
289999.9999999999,389420.4375
458999.99999999977,515945.84375
329000.0000000003,250478.96875
294000.0000000001,279059.4375
241500.0,349189.0
104860.0,83022.78125
545999.9999999999,413805.65625
70999.99999999994,100862.6015625
680000.0000000003,789881.4375
280000.0,281695.34375
195000.00000000006,323676.78125
239499.99999999983,275271.9375
229000.00000000006,209023.140625
170000.00000000012,149657.875
219999.99999999983,174064.890625
360000.0000000001,434821.3125
473000.00000000006,291809.9375
264000.00000000006,246078.328125
228700.00000000006,297540.6875
796950.0000000006,710199.6875
148050.0000000001,149836.390625
339000.00000000023,333551.96875
1389999.9999999988,1295957.875
299900.0,332507.6875
367500.0000000003,397249.59375
212000.00000000017,321637.28125
139999.9999999999,126136.1171875
225999.9999999998,215327.203125
423999.9999999998,460747.4375
181049.99999999985,142665.796875
133000.00000000012,166798.9375
238000.0,206628.921875
724500.0000000003,861453.9375
197000.00000000015,287064.25
352000.0000000003,410138.84375
149990.00000000012,82938.8984375
84999.99999999996,110895.125
339999.99999999994,377506.53125
276000.0000000002,206827.84375
231000.0000000001,263900.375
544999.9999999997,484154.46875
202350.00000000003,183651.90625
1295000.0000000007,440411.125
124999.9999999999,170668.6875
233199.99999999994,105730.875
651000.0000000001,665449.375
444999.9999999997,384172.125
354999.9999999998,213509.53125
177500.00000000015,210718.796875
103000.00000000001,241887.609375
324999.9999999999,308608.34375
99000.00000000004,132452.921875
386900.0000000003,422013.9375
244999.99999999997,326702.96875
1299999.9999999993,780423.0
315000.0000000002,250016.6875
457000.0000000003,310544.5
472500.00000000035,407128.40625
185000.00000000006,141804.703125
55000.00000000004,68599.6875
809999.9999999995,777671.0625
86000.00000000001,148555.546875
259000.0,248721.78125
509999.9999999998,348280.40625
422000.00000000006,450801.46875
280000.0,268127.5625
142000.0,153161.0625
271999.9999999999,117172.21875
540000.0000000001,557056.0625
244999.99999999997,214098.8125
291999.9999999998,262525.28125
225000.00000000015,197773.609375
1200000.0000000005,457352.40625
275000.0000000002,205451.515625
435000.0,310297.03125
259000.0,331344.6875
334999.9999999998,236377.34375
230000.0000000001,232078.109375
187000.00000000012,192313.671875
129000.0000000001,132229.65625
99000.00000000004,149373.84375
375000.00000000006,379069.0
434499.9999999999,455682.78125
271999.9999999999,266149.0625
360000.0000000001,277132.125
199999.99999999997,218575.296875
163999.99999999988,106508.8359375
625000.0000000002,259635.078125
339000.00000000023,437774.25
415959.99999999994,290785.9375
1024999.9999999995,866794.875
221899.9999999999,217157.453125
367500.0000000003,396814.90625
599000.0,336375.21875
124999.9999999999,149301.0625
79000.00000000006,165033.734375
320000.00000000006,310034.34375
1099999.9999999998,1203808.125
86500.00000000003,104996.4453125
281000.0000000001,455944.46875
76999.99999999997,233605.859375
689999.9999999995,741616.6875
242000.00000000017,238680.65625
259999.9999999998,296163.96875
89000.00000000004,95750.4453125
141450.00000000003,138233.671875
64999.999999999956,128370.765625
570000.0000000001,583177.6875
150000.00000000006,203818.65625
998000.0000000008,944656.1875
120050.00000000009,97835.09375
334999.9999999998,261699.890625
1200000.0000000005,1017011.8125
398999.99999999977,423582.84375
597999.9999999998,664959.0
267999.99999999977,245202.890625
182000.00000000003,212668.421875
243000.00000000003,216713.46875
392500.0,443075.3125
84999.99999999996,95874.71875
281000.0000000001,325551.28125
104300.00000000004,138758.96875
682499.9999999995,1101685.25
198500.00000000006,376510.59375
255800.0000000002,276240.5
743999.9999999993,745903.0
247045.0000000001,291745.375
116499.99999999991,117566.2265625
279000.0000000001,251782.3125
110249.99999999994,122509.0234375
386999.99999999994,307867.28125
129000.0000000001,140396.359375
649999.9999999995,683800.4375
80000.0,178033.75
298200.0000000002,303799.75
167000.0000000001,178887.625
360000.0000000001,474222.5625
259499.99999999985,297368.78125
409000.0000000001,339417.5
765999.9999999997,510798.3125
491999.99999999965,517436.90625
320000.00000000006,296247.875
240000.00000000003,285390.15625
231999.99999999997,215450.65625
379500.0000000001,196989.78125
921149.9999999994,462096.15625
332000.0,344886.5625
360000.0000000001,324446.625
160500.00000000003,203462.09375
219999.99999999983,216761.421875
67990.0,103421.7578125
224128.0,217999.0625
219999.99999999983,255022.984375
178999.99999999994,223632.8125
70000.00000000001,85507.6484375
85500.00000000006,111980.8359375
129000.0000000001,183979.1875
53500.00000000004,90898.3515625
348149.99999999994,335685.90625
448999.99999999994,404270.71875
788400.0000000005,534463.75
228689.99999999988,231172.875
49200.00000000002,126635.71875
280000.0,253219.1875
540300.0000000003,492382.28125
28000.00000000002,143712.078125
235199.99999999983,179579.375
73000.00000000003,101675.890625
316999.9999999999,315732.25
385999.99999999977,346895.78125
429000.00000000006,434606.96875
230000.0000000001,189774.28125
1479999.999999999,1149319.375
155000.00000000012,84880.8203125
353600.0000000002,345221.53125
319000.0,222033.03125
239000.00000000003,384872.1875
698999.9999999995,584738.125
349999.9999999997,339212.03125
1299999.9999999993,1542785.375
178999.99999999994,170988.828125
579999.9999999997,614862.6875
269000.0,330737.90625
254400.00000000006,274817.90625
286000.00000000023,171916.09375
299999.99999999977,192430.359375
314900.0000000001,293256.15625
244000.00000000003,207984.171875
270000.00000000006,294303.71875
299000.00000000006,289950.1875
55000.00000000004,201447.15625
326499.9999999997,357495.03125
169000.00000000012,218460.265625
252000.0000000001,295674.90625
244999.99999999997,417931.09375
325500.0000000002,324179.09375
579999.9999999997,692988.125
215000.0,138787.28125
291170.0,241174.703125
415000.00000000006,250111.125
80000.0,108936.421875
237000.00000000003,136477.734375
367500.0000000003,346596.84375
369499.9999999999,398724.125
676000.0000000001,431612.375
304499.9999999998,188390.84375
108000.00000000001,228843.796875
769999.9999999997,743237.375
1158000.0000000007,1038444.3125
70000.00000000001,159191.125
275000.0000000002,212770.453125
324899.99999999977,335133.5
240000.00000000003,170915.953125
799499.9999999995,547104.3125
116499.99999999991,105649.4296875
312999.9999999999,303043.9375
280900.0000000002,253307.109375
304000.00000000023,265198.9375
188999.99999999988,215372.390625
199499.99999999994,207878.6875
233199.99999999994,122719.8515625
224000.0,291415.5625
134999.99999999997,108309.484375
749999.9999999998,775989.375
719999.9999999995,507281.65625
170000.00000000012,167615.703125
149000.0,178927.546875
198000.00000000006,234365.890625
67999.99999999999,128495.4609375
199990.00000000003,225926.75
448999.99999999994,352736.84375
168500.0,175124.546875
155000.00000000012,126492.328125
649999.9999999995,495889.75
117040.00000000009,132189.5625
240000.00000000003,212263.984375
89000.00000000004,110021.734375
159999.99999999997,127806.2890625
140999.99999999994,177570.671875
590000.0000000003,571375.75
540000.0000000001,331644.6875
209048.00000000012,240791.359375
73440.00000000001,114968.2578125
158999.99999999997,130573.890625
349999.9999999997,319635.625
649000.0000000006,538898.6875
319899.99999999994,317304.90625
171999.99999999988,184102.9375
455500.0000000003,250561.15625
162000.00000000012,241918.515625
261000.00000000012,279571.65625
375000.00000000006,373284.96875
323999.9999999999,250252.609375
226499.99999999985,243244.8125
299999.99999999977,255586.640625
321999.99999999994,349288.25
498999.9999999996,406185.59375
113399.99999999996,121961.9375
231282.0000000002,111155.59375
290199.9999999999,359976.40625
549999.9999999998,730920.875
435999.99999999965,410663.3125
360000.0000000001,429333.9375
104000.00000000003,86429.671875
75000.00000000004,76557.5078125
339000.00000000023,327754.34375
198000.00000000006,151700.6875
578000.0000000005,407889.71875
357999.99999999977,386423.84375
443100.0000000002,313996.34375
395000.00000000035,375896.71875
280000.0,244703.671875
281500.0000000002,262411.15625
324999.9999999999,310066.59375
229000.00000000006,259675.453125
183000.00000000012,173868.625
1550000.0000000012,825210.5
210000.0,224575.96875
191999.99999999997,229367.53125
280000.0,263729.78125
409999.9999999997,606268.9375
143000.0000000001,197817.1875
369999.99999999977,315698.53125
71999.99999999996,91284.7578125
83275.0,69404.296875
438000.00000000035,404152.75
617000.0,531295.1875
215000.0,199424.40625
230000.0000000001,196040.359375
178499.99999999985,147113.828125
286000.00000000023,283488.3125
270000.00000000006,269165.9375
890000.0000000002,796789.8125
525000.0000000003,512307.75
499999.99999999977,503976.15625
474999.99999999977,413927.59375
392000.0,314228.5
284999.99999999994,158345.1875
397100.0000000002,432532.9375
238499.99999999985,321123.90625
327600.0,306510.3125
289899.9999999999,256130.53125
156499.99999999985,231525.453125
238000.0,247822.515625
599000.0,444080.40625
253000.0000000001,268704.03125
284949.99999999977,281189.125
998000.0000000008,970261.75
116489.99999999991,124484.328125
196000.0000000001,138590.203125
240579.9999999999,218941.015625
145000.00000000012,139990.3125
105499.99999999993,85461.1015625
279000.0000000001,355143.53125
474999.99999999977,522195.9375
425000.0000000002,466517.03125
449999.99999999994,590196.125
269000.0,185006.90625
299000.00000000006,320640.40625
552000.0000000003,542584.8125
259900.00000000012,291983.625
153700.0,171769.09375
68999.99999999997,155311.8125
299999.99999999977,184397.78125
342900.0000000003,357809.84375
1299999.9999999993,367353.34375
130999.99999999997,207835.671875
488999.9999999996,363977.0
271999.9999999999,113855.75
294999.9999999998,247339.4375
749999.9999999998,754730.75
323999.9999999999,301382.40625
798000.0000000002,620823.25
570000.0000000001,487502.40625
227499.99999999997,299894.0625
465000.00000000023,308214.21875
287999.9999999999,269668.0
159499.9999999999,168334.5
197000.00000000015,195921.109375
328000.0000000002,421536.46875
409999.9999999997,658282.125
1592000.0000000007,783194.375
49000.00000000002,134236.3125
299999.99999999977,264747.09375
436425.0000000003,307767.46875
283000.0000000001,208330.984375
974999.9999999999,838843.0
230000.0000000001,229690.84375
48499.99999999998,112786.4921875
743999.9999999993,715985.5625
188999.99999999988,149911.140625
79000.00000000006,81748.7109375
299999.99999999977,263689.5625
779000.0000000001,680092.8125
263000.0000000002,267902.875
265400.00000000006,247031.5625
294999.9999999998,250770.5625
127500.00000000001,119857.8203125
276000.0000000002,273815.6875
630000.0000000006,640907.3125
69499.99999999996,211611.734375
167999.9999999999,215539.640625
384785.00000000006,172185.015625
210999.99999999994,198686.328125
49000.00000000002,156071.28125
1552499.9999999988,654051.9375
157999.99999999997,239054.46875
330000.0000000001,278022.90625
297599.9999999999,263440.96875
158999.99999999997,193872.859375
626999.9999999998,421950.34375
566000.0000000005,570307.625
129900.00000000012,134736.0
89000.00000000004,159443.046875
725000.0000000006,742599.75
1469999.999999999,828605.375
187000.00000000012,258911.09375
177900.0000000001,326816.40625
199499.99999999994,232593.5
186560.00000000003,244394.421875
597999.9999999998,531142.1875
114999.99999999991,148033.6875
177900.0000000001,295165.8125
210000.0,315197.9375
208999.99999999988,201500.953125
126999.99999999991,194047.84375
49000.00000000002,75797.5234375
1350000.0,1126182.75
291999.9999999998,359042.46875
544999.9999999997,668134.8125
329000.0000000003,244735.640625
158999.99999999997,324025.15625
398999.99999999977,348779.96875
139900.0000000001,128381.296875
193879.99999999983,232894.703125
471449.99999999965,413522.40625
1028999.9999999997,967273.0
318000.0,269598.3125
299000.00000000006,161042.609375
395000.00000000035,435418.03125
470250.00000000035,363750.40625
615000.0,552287.875
334999.9999999998,236720.703125
244000.00000000003,305738.40625
84999.99999999996,99947.1953125
816999.9999999993,695909.4375
273699.99999999977,268680.4375
302000.00000000006,227939.015625
199999.99999999997,235865.734375
288999.9999999999,277152.75
255000.0000000001,240640.53125
104999.99999999997,93473.515625
425000.0000000002,451455.84375
152000.00000000006,101792.4140625
483000.00000000023,538430.1875
241500.0,285145.5625
1680000.0000000005,1206243.25
369999.99999999977,311214.5625
429989.99999999977,415208.1875
124999.9999999999,129720.5703125
294000.0000000001,205440.15625
280000.0,482738.09375
143000.0000000001,151161.140625
274499.99999999994,332086.53125
429900.0000000001,515765.28125
319000.0,491036.46875
176550.00000000006,181856.578125
425000.0000000002,403304.9375
284000.00000000023,276004.03125
130000.00000000009,199803.25
154600.0,198513.796875
177999.99999999994,237764.40625
327050.00000000023,329368.375
470250.00000000035,475623.46875
315000.0000000002,430152.78125
978000.0000000001,732182.25
229000.00000000006,242187.90625
393000.0000000002,365046.625
145000.00000000012,177977.734375
429000.00000000006,582148.0625
210000.0,350509.21875
780000.0000000001,1036199.625
126500.00000000006,90883.1796875
439000.0000000001,475799.9375
385000.00000000023,330141.65625
199999.99999999997,174050.28125
267999.99999999977,247137.59375
1499999.9999999986,507290.84375
674999.9999999998,708905.1875
1219000.0000000007,536844.3125
225000.00000000015,207721.53125
418000.00000000023,441941.375
341087.00000000023,370573.28125
249569.99999999983,151940.3125
336000.00000000006,235885.53125
460000.0000000002,483539.375
167000.0000000001,152179.875
318000.0,362937.8125
598500.0,298845.125
326000.0,296107.78125
382999.9999999997,468465.3125
115989.99999999994,168783.3125
348000.0000000002,460689.875
226499.99999999985,189388.453125
257000.00000000015,274298.65625
160500.00000000003,254767.75
134999.99999999997,97762.5234375
68999.99999999997,127862.609375
291005.00000000023,308854.21875
149900.0,114475.15625
814999.9999999993,537858.4375
173999.99999999997,163557.921875
530000.0000000003,715638.125
200599.99999999983,193682.328125
299000.00000000006,318993.6875
248000.0000000002,250059.609375
39850.00000000002,66638.5
427000.00000000035,517954.3125
219999.99999999983,273932.9375
239000.00000000003,268996.5625
558499.9999999999,349472.1875
576800.0000000005,544504.3125
215000.0,275771.96875
116000.0000000001,120563.1015625
71999.99999999996,130655.9765625
128500.00000000004,128154.75
67000.0,124126.546875
769999.9999999997,719979.5625
208999.99999999988,183920.78125
579999.9999999997,580323.25
504000.00000000023,493026.96875
798999.9999999997,687272.6875
429000.00000000006,540150.5
487100.0000000001,396385.21875
702000.0000000003,838345.5625
235999.9999999999,275864.3125
1490000.0000000002,1215046.75
53500.00000000004,132474.40625
212700.9999999999,224474.90625
70000.00000000001,96098.8984375
471999.9999999998,410458.53125
480000.00000000006,428352.8125
225000.00000000015,193482.75
429000.00000000006,444346.46875
249000.00000000006,256311.84375
133749.9999999999,122098.3359375
326000.0,160708.59375
261999.99999999994,194229.65625
232100.0000000001,271222.46875
444999.9999999997,385193.84375
241860.00000000003,260498.1875
1200000.0000000005,1015180.375
239000.00000000003,228273.15625
265000.00000000006,227668.53125
253000.0000000001,319863.4375
85500.00000000006,117370.2890625
719999.9999999995,798907.375
315000.0000000002,363694.1875
376999.99999999977,462145.09375
519000.0,608881.0
127199.99999999999,120388.34375
267749.9999999998,278729.875
334000.0000000002,155614.265625
563999.9999999997,648729.375
899999.9999999995,926158.6875
687000.0,732141.75
188000.00000000012,207961.96875
185000.00000000006,160738.796875
354999.9999999998,242008.28125
504900.00000000023,403506.125
49000.00000000002,98092.7578125
173952.00000000006,165387.296875
534499.9999999999,471439.46875
279000.0000000001,281905.75
997500.0000000007,1109935.25
349999.9999999997,316057.90625
998000.0000000008,920614.375
106499.99999999996,238388.78125
468999.9999999998,442322.125
198459.9999999999,199553.40625
126999.99999999991,128163.4296875
167200.00000000003,154348.9375
689999.9999999995,678329.625
1290000.0000000007,828282.25
415900.0000000002,384567.65625
324999.9999999999,329392.21875
249999.9999999998,197032.25
102000.00000000001,109863.828125
165000.00000000015,159702.359375
237375.0000000001,221982.21875
739000.0000000005,564643.0625
206999.99999999994,195951.203125
1690000.0000000007,1189852.5
255999.99999999985,327100.15625
155499.9999999999,129777.3671875
884000.0000000002,665186.6875
202000.0000000001,188811.546875
890000.0000000002,232185.921875
420000.0,401171.6875
899599.9999999997,580286.75
112000.00000000004,140792.984375
169599.99999999988,171315.4375
259999.9999999998,262836.4375
90500.00000000001,129250.203125
984999.9999999994,984819.625
133000.00000000012,131731.34375
895000.0000000007,1185903.375
685000.0000000005,587152.75
549000.0000000005,531307.875
96999.99999999999,194971.265625
898999.9999999995,848015.8125
397999.99999999977,323699.9375
170000.00000000012,158340.953125
165000.00000000015,149564.5625
1138500.0000000002,521652.40625
590000.0000000003,943621.625
497999.9999999996,546118.5625
1200000.0000000005,452406.625
269000.0,137249.125
152000.00000000006,153376.375
398999.99999999977,290227.6875
118799.9999999999,84252.484375
127999.99999999997,189658.84375
520000.0,592732.125
739999.9999999999,652228.75
233000.0000000001,256802.90625
426000.0000000002,317064.4375
175000.00000000012,190985.84375
124500.00000000003,150638.75
358749.99999999977,227326.390625
876750.0000000007,586654.5625
336000.00000000006,297509.46875
99000.00000000004,185740.734375
280000.0,289478.28125
470250.00000000035,522786.40625
284999.99999999994,381385.0
469124.9999999999,359302.09375
86000.00000000001,85669.3515625
127999.99999999997,192283.96875
794999.9999999998,674419.375
461999.9999999998,581677.4375
262500.00000000023,260001.0625
624000.0000000006,473633.65625
416000.0,797239.75
389000.00000000035,471818.1875
145000.00000000012,245010.515625
99899.99999999996,109057.4140625
349999.9999999997,115337.90625
185000.00000000006,163003.25
947999.9999999993,923806.0625
744999.9999999997,711799.1875
280000.0,227769.953125
133999.9999999999,71979.578125
181049.99999999985,187044.0625
1650000.0000000007,884828.75
175000.00000000012,247953.25
549000.0000000005,600984.375
229000.00000000006,229483.71875
385999.99999999977,361608.375
279899.99999999994,220402.65625
356999.99999999994,240475.359375
102000.00000000001,135369.296875
75000.00000000004,52151.23046875
197000.00000000015,246659.609375
883150.0000000006,302695.59375
287000.0000000001,308664.28125
574000.0000000001,510351.8125
229000.00000000006,231580.4375
465000.00000000023,538104.1875
356999.99999999994,225202.453125
415000.00000000006,480604.84375
259999.9999999998,597652.8125
362000.0,381953.90625
85500.00000000006,110796.9140625
286000.00000000023,287720.40625
1160000.0000000002,930535.8125
349999.9999999997,322105.71875
575000.0000000001,455261.875
44499.99999999997,59785.15625
479000.00000000035,432982.78125
86000.00000000001,87592.3828125
259999.9999999998,248902.59375
95000.00000000001,180514.328125
116999.99999999991,88138.5625
458999.99999999977,472320.15625
297999.9999999998,431927.8125
196099.99999999983,90618.2578125
278000.0000000002,326469.375
218999.99999999988,331827.5625
390000.00000000035,395704.25
337000.0,412721.03125
467955.00000000023,354275.84375
359000.00000000023,314254.28125
624000.0000000006,704021.25
244999.99999999997,183024.21875
461999.9999999998,267423.75
530400.0000000005,561461.0
151499.99999999997,192905.515625
167000.0000000001,223608.296875
420000.0,456352.5
84999.99999999996,147010.75
398999.99999999977,470412.34375
294999.9999999998,277084.03125
228000.00000000003,154338.625
100000.00000000004,122795.6015625
104999.99999999997,155042.921875
185000.00000000006,122065.3828125
379999.9999999999,326941.09375
171999.99999999988,172357.203125
318000.0,265144.8125
682499.9999999995,347040.03125
254000.0000000002,428102.46875
249000.00000000006,201602.453125
177000.00000000006,428222.09375
379000.0000000002,539163.4375
299000.00000000006,343985.53125
194873.9999999999,145526.265625
134750.00000000006,90487.3359375
324999.9999999999,312197.03125
279499.9999999999,240538.65625
284999.99999999994,282370.1875
349899.99999999994,262515.28125
334400.0000000001,164544.671875
240499.99999999983,287662.5
89650.00000000006,49867.4296875
315500.00000000023,316863.125
261999.99999999994,237045.78125
213000.00000000015,267851.0
339000.00000000023,373062.53125
345450.00000000023,393206.40625
519000.0,370035.4375
100000.00000000004,192849.78125
764000.0000000006,775492.1875
138000.00000000006,145020.296875
842400.0,900261.4375
308275.0,298560.84375
253899.9999999999,193957.734375
356999.99999999994,637401.8125
207500.0000000001,219048.78125
170000.00000000012,194674.171875
727999.9999999999,619734.8125
138000.00000000006,143743.46875
585000.0000000003,671171.5
139000.00000000003,143404.03125
399500.00000000035,334364.75
289070.0000000001,298341.96875
225000.00000000015,361379.46875
135999.99999999997,122690.953125
216299.9999999999,231998.0
70000.00000000001,286862.0
135989.9999999999,122840.578125
267799.9999999999,272842.34375
64999.999999999956,80479.5390625
188999.99999999988,297078.8125
364999.99999999977,372368.34375
354999.9999999998,425566.0625
418999.9999999998,230847.921875
504000.00000000023,364396.1875
400999.99999999994,422537.46875
630000.0000000006,624812.875
229000.00000000006,203199.921875
639000.0000000006,461413.15625
811200.0000000005,723208.4375
217000.00000000012,268904.75
114799.99999999996,176025.546875
118999.99999999993,158617.53125
330000.0000000001,287349.125
39000.0,62412.109375
695000.0,692074.6875
236249.9999999999,266164.53125
188999.99999999988,228127.34375
938999.9999999999,862447.75
188000.00000000012,239852.828125
185000.00000000006,206663.609375
136999.9999999999,224891.03125
219989.99999999988,286955.03125
199000.0000000001,193942.203125
497999.9999999996,396562.1875
308000.0000000001,339691.46875
425000.0000000002,473211.0625
348999.99999999994,368241.09375
409999.9999999997,436014.3125
170000.00000000012,162090.203125
614595.9999999998,692374.4375
181000.00000000006,159752.015625
275599.9999999998,207276.078125
979999.9999999997,1053979.875
49900.000000000015,43839.12890625
113999.99999999996,396118.4375
242000.00000000017,284131.6875
192999.99999999985,234720.65625
109000.0,100811.921875
214915.99999999997,229560.109375
199999.99999999997,165157.96875
267999.99999999977,314738.9375
54499.99999999998,260109.1875
397999.99999999977,468132.59375
227000.0,312100.28125
129000.0000000001,163165.9375
974999.9999999999,817380.375
241500.0,278311.8125
259974.99999999983,185742.6875
1420000.0000000012,1419416.625
280000.0,244263.46875
649999.9999999995,601507.875
235000.0,255890.53125
150000.00000000006,240908.5
530000.0000000003,542623.625
170000.00000000012,127347.359375
199000.0000000001,172235.765625
158999.99999999997,272360.59375
780000.0000000001,837599.1875
208999.99999999988,270939.625
233000.0000000001,313879.28125
169000.00000000012,198475.734375
84499.99999999994,103943.453125
233999.9999999999,227211.953125
249999.9999999998,258004.53125
175000.00000000012,169591.359375
167999.9999999999,160929.140625
208259.99999999994,235003.09375
55000.00000000004,67025.9609375
101199.99999999997,142858.84375
76999.99999999997,126264.0546875
86800.00000000006,93617.4140625
354999.9999999998,197059.125
142000.0,98042.8203125
233000.0000000001,202073.28125
420000.0,382259.28125
125999.99999999993,93270.1328125
410799.9999999997,447701.28125
324999.9999999999,511694.46875
278400.00000000006,310575.3125
664999.9999999995,652834.25
50000.000000000015,108954.703125
377999.99999999994,300904.78125
184300.00000000006,198959.0
389000.00000000035,379953.90625
167999.9999999999,177019.46875
139999.9999999999,162107.21875
169124.99999999997,164278.109375
455000.0,380214.90625
159999.99999999997,147831.796875
48499.99999999998,83691.8984375
1325000.0000000007,1187867.25
669999.9999999998,648723.1875
348999.99999999994,365165.71875
114999.99999999991,359808.90625
97199.99999999993,68495.9453125
371999.9999999998,529104.75
565000.0000000003,489504.75
145000.00000000012,251975.203125
213000.00000000015,190480.53125
310000.0000000002,324461.1875
258900.0,354147.15625
90000.00000000001,141739.0
798999.9999999997,637851.1875
135999.99999999997,120511.140625
249999.9999999998,278877.71875
84989.99999999993,126668.09375
319000.0,242947.609375
368371.0000000003,436413.65625
281999.99999999994,206399.484375
460000.0000000002,412945.0625
199000.0000000001,288450.9375
834000.0,606843.375
199000.0000000001,260685.328125
495000.0000000004,450824.6875
1270000.0000000002,1486460.875
398999.99999999977,337128.96875
299000.00000000006,259859.015625
173399.9999999999,256973.65625
167200.00000000003,204886.046875
377999.99999999994,388469.375
261000.00000000012,207873.125
376000.0000000003,397121.9375
375899.99999999977,275679.6875
1529999.9999999988,811857.5625
490000.0,361406.6875
185000.00000000006,203970.140625
491400.0,493893.34375
158999.99999999997,175041.390625
549000.0000000005,427268.34375
286199.9999999998,214994.578125
345500.00000000023,391804.9375
373999.99999999977,496658.84375
714999.9999999995,689106.4375
191699.99999999994,171382.59375
272999.9999999998,271038.875
639999.9999999998,180645.890625
162000.00000000012,194979.8125
252000.0000000001,234791.390625
509999.9999999998,524813.5625
205000.0,189264.59375
224700.0000000002,131474.0625
186000.00000000012,250118.28125
490000.0,490029.28125
259999.9999999998,302782.21875
375000.00000000006,400025.1875
221000.00000000006,224025.375
673000.0000000005,689557.375
729999.9999999998,631067.25
153999.99999999988,129608.78125
695000.0,604678.125
1590000.000000001,1496393.0
317199.9999999999,326572.46875
326000.0,362607.0625
761999.9999999999,726667.25
150000.00000000006,175314.046875
1110000.0000000002,882844.5625
653000.0000000001,497330.46875
180000.00000000003,176316.71875
297000.0000000002,243257.8125
182000.00000000003,178125.125
178999.99999999994,183538.796875
698999.9999999995,491658.75
1050000.0000000007,809437.0
95000.00000000001,76744.8671875
364999.99999999977,386179.59375
697999.9999999995,636263.0625
92000.00000000007,134076.25
1463000.0,903347.1875
66000.0,83003.2265625
1344000.0000000007,996783.8125
200999.99999999997,265323.15625
189999.9999999999,129485.734375
324600.0000000002,289829.375
698499.9999999995,654478.6875
232500.00000000017,228759.796875
241020.0000000001,288825.5625
187000.00000000012,201719.1875
249000.00000000006,250286.265625
429000.00000000006,360705.625
743999.9999999993,556942.9375
387999.9999999999,391199.6875
199799.99999999983,205224.5625
324999.9999999999,303040.46875
157999.99999999997,152546.921875
291999.9999999998,237310.875
600000.0000000003,688656.375
279000.0000000001,382892.6875
84499.99999999994,89383.75
297999.9999999998,323611.34375
950000.0000000008,764130.6875
461999.9999999998,441271.3125
170000.00000000012,133657.765625
84999.99999999996,124606.546875
149500.00000000012,142871.65625
157590.0000000001,131270.84375
231999.99999999997,219592.1875
324999.9999999999,400161.78125
651000.0000000001,219424.5
157500.00000000006,165868.75
188999.99999999988,206213.9375
218999.99999999988,247455.28125
267749.9999999998,320875.34375
139099.99999999997,153203.875
257000.00000000015,214709.5625
25000.000000000004,48932.046875
112999.99999999993,137661.796875
86999.99999999994,139840.734375
100000.00000000004,129796.921875
575000.0000000001,634355.75
743999.9999999993,780912.125
199499.99999999994,92451.84375
130000.00000000009,168411.734375
146999.99999999988,118328.53125
258000.00000000015,231420.375
398999.99999999977,287902.375
405900.00000000023,393108.90625
153999.99999999988,161645.3125
399999.9999999999,326118.6875
488999.9999999996,240636.171875
415000.00000000006,413591.40625
254000.0000000002,191637.1875
149800.00000000003,185491.328125
327000.0000000001,272856.40625
310350.00000000006,321536.09375
321999.99999999994,368540.78125
1260000.0,500250.21875
478354.0000000001,346245.96875
330000.0000000001,410070.0
170000.00000000012,141784.5625
265000.00000000006,245652.75
225000.00000000015,232470.640625
379000.0000000002,320846.25
191999.99999999997,217068.625
103000.00000000001,216298.03125
210000.0,191884.25
80660.00000000006,98326.8203125
58999.99999999997,68150.140625
382000.0000000002,439267.25
171000.00000000012,204166.5
40000.0,90018.5
76000.0,146900.03125
334999.9999999998,258391.359375
82699.99999999994,82299.7265625
1249999.999999999,844850.6875
465000.00000000023,376950.0
258000.00000000015,269700.40625
146999.99999999988,154497.671875
198000.00000000006,206356.375
355900.0000000001,223773.625
645000.0,674864.625
379000.0000000002,202325.5
369000.0000000001,402839.8125
288999.9999999999,293520.28125
310000.0000000002,295927.09375
213499.99999999994,239061.765625
116999.99999999991,70397.234375
219450.0000000002,174922.078125
191199.99999999983,135377.6875
1149500.0000000002,757774.3125
364000.00000000006,234411.9375
265999.9999999998,255185.265625
294999.9999999998,373713.46875
299000.00000000006,310922.625
101000.00000000003,334837.03125
244999.99999999997,359529.375
162000.00000000012,76618.9296875
126999.99999999991,76312.9453125
659999.9999999995,604433.6875
150000.00000000006,269979.875
129000.0000000001,205021.3125
790000.0000000003,715168.6875
155000.00000000012,66294.1796875
264400.00000000006,166819.625
452356.9999999998,482764.8125
440000.0000000002,306706.8125
265999.9999999998,334491.0625
386499.99999999994,302637.0
203999.99999999985,153869.078125
218999.99999999988,212609.609375
395000.00000000035,432518.0625
390000.00000000035,415315.90625
181125.0,111541.390625
349999.9999999997,396541.375
390999.99999999977,374753.125
375000.00000000006,283627.59375
328000.0000000002,260904.6875
479000.00000000035,367281.875
474750.0000000001,394763.8125
339000.00000000023,441786.28125
339999.99999999994,304363.8125
219999.99999999983,140679.03125
360000.0000000001,342240.15625
492999.99999999965,660367.125
149950.00000000012,115598.453125
321999.99999999994,440391.40625
399999.9999999999,432088.0625
423999.9999999998,327105.46875
167000.0000000001,176766.921875
181500.00000000006,168971.265625
108000.00000000001,114249.71875
517000.00000000035,525398.9375
269899.99999999977,292484.4375
244699.99999999983,224254.296875
465000.00000000023,471298.75
244999.99999999997,229225.390625
81499.99999999996,100601.4921875
399900.0,363929.09375
149000.0,134877.421875
649999.9999999995,699481.125
133999.9999999999,145678.3125
46999.99999999999,72820.0078125
259999.9999999998,226509.890625
362000.0,209624.625
126599.99999999997,175365.546875
440000.0000000002,462542.375
212000.00000000017,220335.203125
549000.0000000005,708451.6875
310000.0000000002,336484.625
244000.00000000003,241947.359375
320000.00000000006,372343.125
1640000.0000000002,1428617.375
215000.0,183977.09375
348999.99999999994,360658.5
433000.0000000001,432264.0625
158999.99999999997,189082.734375
158999.99999999997,195870.859375
109999.99999999991,107195.9609375
1056000.000000001,855637.375
222390.00000000012,201473.28125
530000.0000000003,420860.84375
137500.00000000012,94014.84375
608999.9999999999,467410.375
116000.0000000001,57787.234375
320000.00000000006,259356.171875
839900.0,894009.75
369000.0000000001,247734.140625
328000.0000000002,312351.875
1490000.0000000002,1439635.375
236499.99999999983,255342.03125
375000.00000000006,375131.0625
310000.0000000002,320981.53125
259000.0,282266.78125
89000.00000000004,125635.609375
98600.00000000003,155526.59375
129099.99999999994,190122.09375
213000.00000000015,184442.984375
84999.99999999996,117830.0078125
271999.9999999999,275929.5625
185000.00000000006,178983.1875
229000.00000000006,195792.609375
287549.9999999998,194509.9375
269000.0,236200.0
229950.00000000003,209493.71875
442000.00000000035,459253.25
1050000.0000000007,816110.0
490000.0,507183.9375
279000.0000000001,225863.40625
444999.9999999997,384927.59375
707199.9999999997,346537.34375
731000.0000000006,379174.9375
210000.0,225976.953125
1284999.999999999,1074825.25
251450.0000000001,189941.21875
273999.99999999994,500246.875
312000.0000000001,333477.84375
560000.0000000003,616982.625
150000.00000000006,169113.78125
155000.00000000012,218105.953125
169000.00000000012,160691.4375
149900.0,134566.109375
81000.00000000007,99509.7890625
353299.9999999997,296904.34375
280769.99999999994,228010.546875
1270000.0000000002,733299.625
430899.9999999998,407869.5
233999.9999999999,226551.796875
29999.99999999999,62696.79296875
82000.0,141212.265625
332000.0,290956.8125
472500.00000000035,732781.625
395999.9999999999,374186.34375
334000.0000000002,317047.5
86999.99999999994,116023.234375
315000.0000000002,345821.59375
425000.0000000002,388088.71875
185000.00000000006,145509.46875
439000.0000000001,285007.1875
188000.00000000012,161874.546875
139999.9999999999,127719.2890625
678999.9999999995,681542.625
409999.9999999997,388653.5625
138000.00000000006,112962.6015625
618595.9999999997,703460.1875
158999.99999999997,170805.46875
311500.0000000001,216901.828125
648800.0000000005,900251.125
210000.0,163826.75
284849.9999999999,154106.390625
840000.0000000005,671764.4375
373999.99999999977,366000.375
189999.9999999999,262050.28125
235000.0,190702.828125
466999.99999999994,402415.125
172499.99999999985,176069.546875
1638999.9999999988,1101576.0
39500.00000000001,65090.828125
450999.99999999965,431351.09375
271000.0000000002,291985.03125
59900.00000000002,173991.375
156999.99999999994,125780.1875
1099999.9999999998,904313.4375
337999.99999999977,319320.59375
210000.0,247010.828125
146200.00000000006,168286.34375
149000.0,200238.921875
428399.9999999996,461840.1875
116999.99999999991,110269.109375
210000.0,244440.8125
415000.00000000006,331638.0625
210000.0,162630.125
180000.00000000003,123214.15625
372999.9999999999,365568.875
68999.99999999997,94100.1484375
219999.99999999983,188389.578125
394900.0000000002,359953.40625
120000.00000000004,98628.953125
149900.0,111895.0078125
238000.0,233015.328125
233999.9999999999,173668.109375
166852.99999999988,149812.671875
116599.99999999991,168848.6875
587000.0000000005,304960.59375
393000.0000000002,367102.9375
109000.0,148643.40625
58000.00000000003,75766.15625
339999.99999999994,340011.03125
192999.99999999985,233970.625
196099.99999999983,227268.734375
594999.9999999997,605916.9375
178999.99999999994,146072.015625
155000.00000000012,115539.265625
249999.9999999998,364112.03125
65499.99999999995,132657.34375
649000.0000000006,493407.03125
199000.0000000001,276814.375
35000.00000000001,79035.5859375
405000.0000000001,421528.84375
210000.0,233605.1875
283500.0000000002,285890.5625
1200000.0000000005,1220827.625
139499.9999999999,101816.4921875
149000.0,126836.9609375
466000.0,571344.125
299000.00000000006,325468.375
280566.00000000006,300591.875
465000.00000000023,468865.34375
133000.00000000012,151993.0625
484502.0000000002,414353.75
225000.00000000015,156340.1875
156000.0,132470.984375
396999.9999999998,430325.9375
840000.0000000005,328579.9375
86000.00000000001,161838.28125
459799.9999999999,425686.625
244999.99999999997,233481.578125
162000.00000000012,178199.375
353999.99999999977,311482.96875
398999.99999999977,737066.75
173999.99999999997,202077.515625
314000.0,496048.6875
241000.00000000003,292477.46875
306999.99999999994,282680.3125
358799.99999999994,267678.40625
571999.9999999999,549722.5
280000.0,285027.5625
477000.00000000006,452432.5
1148999.9999999998,618381.625
297999.9999999998,280839.375
189900.00000000015,299400.84375
208999.99999999988,240640.296875
864999.9999999994,771057.1875
76000.0,103309.671875
429000.00000000006,348905.0625
247000.00000000006,264693.09375
536000.0000000002,445288.21875
315000.0000000002,291899.0
449999.99999999994,577949.4375
351000.0000000001,443623.25
449634.00000000035,415658.65625
64999.999999999956,99395.5
501000.0,453598.5625
275000.0000000002,226669.578125
217999.99999999988,148092.296875
219999.99999999983,222475.828125
99000.00000000004,232813.640625
578999.9999999999,621246.125
685000.0000000005,561033.3125
388500.0,252335.671875
96999.99999999999,170469.421875
415000.00000000006,463150.1875
490000.0,495664.71875
315000.0000000002,262106.765625
63600.00000000003,108305.6640625
58999.99999999997,89044.8671875
228000.00000000003,186754.59375
164500.00000000012,223019.859375
397999.99999999977,314899.59375
191000.00000000015,122454.0
299499.99999999977,367375.40625
33999.99999999999,92527.7890625
270000.00000000006,217346.1875
33799.999999999985,37542.25
654999.9999999995,639138.4375
167999.9999999999,141677.5
294999.9999999998,365804.28125
449999.99999999994,263153.1875
369000.0000000001,292195.0625
156499.99999999985,218325.5
359000.00000000023,358874.71875
476800.0,326612.625
759999.9999999999,698453.25
1345000.0000000007,1433158.75
187181.99999999985,298675.3125
342000.0000000002,353852.40625
544999.9999999997,542799.625
228000.00000000003,166982.140625
392000.0,332850.03125
208999.99999999988,307709.0625
269000.0,271189.34375
230000.0000000001,300803.21875
294000.0000000001,289904.3125
430499.99999999994,312521.125
92500.00000000007,132011.796875
203861.00000000015,175505.578125
430000.00000000023,337269.5
178999.99999999994,189865.875
354999.9999999998,399166.625
206999.99999999994,191275.109375
291999.9999999998,334343.0625
229900.00000000006,303306.46875
141699.99999999988,213048.21875
265000.00000000006,238974.46875
664999.9999999995,502867.125
334999.9999999998,351675.09375
280000.0,284759.125
255000.0000000001,256715.234375
1270000.0000000002,621799.75
369999.99999999977,388329.375
360000.0000000001,317843.09375
208000.00000000003,252222.59375
307400.0000000002,341404.0
180200.0,146534.546875
265999.9999999998,195918.3125
1290000.0000000007,1060692.5
87199.99999999996,132396.984375
194249.99999999985,205597.34375
597400.0000000005,498025.3125
463999.9999999998,367972.1875
167999.9999999999,145199.515625
148000.00000000015,167426.546875
309750.0000000001,174019.921875
177000.00000000006,201056.96875
211849.99999999997,219217.421875
268749.9999999998,247472.96875
58000.00000000003,57704.73828125
249999.9999999998,283827.0
190799.99999999994,232556.890625
229000.00000000006,293481.09375
244999.99999999997,211511.0625
435999.99999999965,334850.4375
306999.99999999994,271476.5625
950000.0000000008,1024164.6875
192600.00000000017,194396.4375
202999.9999999999,168684.359375
233199.99999999994,180222.25
415500.00000000023,421704.15625
995000.0,1171959.75
379999.9999999999,355229.5625
349799.99999999994,327063.65625
1350000.0,1178417.5
469699.99999999977,285803.875
180000.00000000003,203187.90625
95999.99999999996,134216.34375
170000.00000000012,121032.3203125
130000.00000000009,195058.859375
390000.00000000035,439705.25
109999.99999999991,109657.09375
484999.99999999965,322621.875
225000.00000000015,334050.5
134999.99999999997,155266.203125
310000.0000000002,293241.34375
669999.9999999998,667050.5625
274299.9999999999,206759.21875
474999.99999999977,824638.5625
127999.99999999997,125956.1640625
139000.00000000003,171451.90625
108000.00000000001,149300.203125
175000.00000000012,152651.40625
925000.0000000007,1031328.4375
180000.00000000003,194711.109375
454000.0000000002,377804.75
275000.0000000002,349420.53125
49900.000000000015,60069.7734375
979999.9999999997,929937.0
372499.9999999998,375299.25
350900.00000000006,264094.25
339999.99999999994,394314.1875
103000.00000000001,210080.125
106000.00000000001,126122.8828125
167999.9999999999,222170.71875
223500.0,223690.828125
286000.00000000023,204018.96875
444999.9999999997,472018.4375
649999.9999999995,681475.0625
99000.00000000004,148935.15625
409000.0000000001,444538.46875
81000.00000000007,202996.734375
81499.99999999996,66883.8828125
265000.00000000006,338111.96875
129000.0000000001,157095.09375
344999.9999999997,315866.5625
123624.99999999999,160429.75
1350000.0,995120.6875
399999.9999999999,429562.875
155989.99999999988,133153.9375
349999.9999999997,404163.9375
315000.0000000002,296448.8125
765999.9999999997,760699.5625
261999.99999999994,280366.0
217999.99999999988,143225.265625
171999.99999999988,233812.03125
379999.9999999999,301350.78125
369999.99999999977,268365.71875
628299.9999999999,529804.625
130000.00000000009,113433.9375
81499.99999999996,158611.1875
265000.00000000006,327384.46875
659999.9999999995,577600.0625
264000.00000000006,334225.75
1190000.0000000002,805004.375
178999.99999999994,210677.609375
420000.0,375394.8125
328000.0000000002,282820.78125
163999.99999999988,172211.453125
772000.0000000001,763455.4375
360400.00000000006,394734.8125
262500.00000000023,288874.0625
397999.99999999977,555636.8125
319499.99999999994,320448.71875
218999.99999999988,274187.0
702000.0000000003,575720.375
752999.9999999998,733401.0
302000.00000000006,245679.0
143500.0000000001,182064.28125
243000.00000000003,225811.0625
719999.9999999995,499713.3125
150000.00000000006,142950.4375
310000.0000000002,372623.75
537999.9999999998,506506.28125
210120.0000000001,202184.6875
983249.9999999995,692588.375
449999.99999999994,513097.90625
287000.0000000001,300651.21875
156999.99999999994,187552.0625
189999.9999999999,125326.625
60000.000000000015,71791.6015625
215000.0,325664.625
127999.99999999997,124723.5390625
1090000.0000000002,1309753.25
339000.00000000023,374506.21875
270300.00000000006,528983.1875
369079.9999999998,369030.71875
322400.0000000002,234468.515625
294999.9999999998,199440.390625
364999.99999999977,316878.8125
278000.0000000002,264821.34375
998000.0000000008,830557.9375
249000.00000000006,225865.984375
649000.0000000006,273771.53125
280000.0,286863.375
755000.0000000005,564590.3125
299999.99999999977,297605.40625
352000.0000000003,407364.125
337000.0,259237.484375
1479999.999999999,902651.375
110249.99999999994,224995.296875
1190000.0000000002,1008191.25
224000.0,190837.265625
590000.0000000003,565880.25
162999.99999999988,177475.015625
387999.9999999999,319977.21875
310000.0000000002,347129.09375
498999.9999999996,447457.5625
294000.0000000001,268508.0625
371000.00000000006,327015.625
139449.99999999988,92713.546875
390000.00000000035,350084.28125
210000.0,267383.1875
157500.00000000006,124859.8046875
49000.00000000002,162049.25
126250.00000000006,177707.390625
658999.9999999997,588552.625
113999.99999999996,197686.875
163999.99999999988,130586.09375
339999.99999999994,240354.53125
255000.0000000001,287630.96875
231250.00000000006,269075.84375
212000.00000000017,184082.390625
119789.00000000004,268482.96875
420000.0,324443.21875
929999.9999999993,898537.375
178999.99999999994,276744.6875
269899.99999999977,237561.78125
163999.99999999988,194094.671875
452999.99999999977,485199.53125
273999.99999999994,354153.90625
146999.99999999988,90661.6484375
153999.99999999988,168364.6875
87999.99999999996,64712.64453125
127999.99999999997,120968.5078125
362000.0,436786.75
579960.0000000005,661744.625
249899.9999999999,134176.15625
549999.9999999998,550677.5
171438.0,250897.59375
243800.0,207156.53125
296800.00000000006,259012.359375
415000.00000000006,346093.46875
1598000.0000000002,1443966.625
388500.0,283494.28125
615000.0,397853.90625
167000.0000000001,218245.78125
289999.9999999999,282895.5
108000.00000000001,108226.5703125
217000.00000000012,256517.984375
50000.000000000015,74300.7578125
188999.99999999988,194858.984375
219349.99999999994,159804.28125
398999.99999999977,334856.5
145000.00000000012,222141.90625
258400.0000000002,257199.71875
139750.0000000001,71667.7109375
201600.00000000012,188610.515625
109999.99999999991,137671.109375
327000.0000000001,273818.28125
131999.9999999999,136635.046875
440000.0000000002,434625.625
194000.00000000006,186251.421875
158999.99999999997,98430.6796875
169000.00000000012,189709.5
229000.00000000006,323256.3125
225000.00000000015,197830.203125
324999.9999999999,313277.28125
395999.9999999999,317805.8125
495000.0000000004,545038.4375
1249999.999999999,987827.75
1650000.0000000007,1559528.0
141500.0000000001,111716.6171875
1150000.0000000005,949642.1875
919999.9999999998,931746.1875
155000.00000000012,71442.3828125
545999.9999999999,515072.21875
252000.0000000001,369353.9375
137800.0000000001,179892.375
240000.00000000003,274551.75
134999.99999999997,149201.140625
147959.99999999997,138555.984375
304900.00000000023,285458.75
575000.0000000001,690023.125
319000.0,220756.078125
138000.00000000006,97732.234375
288500.0,288314.53125
398999.99999999977,432539.125
142000.0,208323.234375
360000.0000000001,532582.6875
499999.99999999977,661540.1875
171000.00000000012,180853.4375
89900.00000000007,74246.1484375
99000.00000000004,162938.75
209900.00000000017,180039.46875
441000.00000000006,360673.28125
368000.00000000023,402339.90625
124500.00000000003,207745.296875
310000.0000000002,171565.265625
229900.00000000006,224320.828125
139750.0000000001,130969.984375
165000.00000000015,156250.296875
95000.00000000001,244343.390625
123624.99999999999,104072.6953125
243500.00000000015,213259.4375
332999.99999999977,259690.0625
139750.0000000001,139212.671875
147499.99999999997,219280.578125
158999.99999999997,145815.234375
829000.0000000002,631026.3125
191999.99999999997,243871.734375
99799.99999999994,457171.875
139000.00000000003,139823.0
430000.00000000023,644983.625
109999.99999999991,265548.1875
363699.99999999994,567082.25
35999.99999999998,201495.390625
108000.00000000001,114912.0234375
354999.9999999998,353808.875
315999.99999999994,225365.515625
240000.00000000003,250966.984375
588000.0,602536.1875
59499.99999999996,91279.96875
739000.0000000005,591783.8125
59900.00000000002,187427.609375
310000.0000000002,333888.375
1249999.999999999,865673.0
271662.9999999999,307006.1875
149000.0,286069.1875
219999.99999999983,268453.53125
695000.0,549796.4375
210000.0,239634.015625
124999.9999999999,142761.46875
398999.99999999977,398892.25
174399.99999999994,127053.671875
64500.000000000015,98718.3515625
349999.9999999997,337113.21875
318000.0,431854.90625
1194999.999999999,848032.0
120000.00000000004,180508.296875
449999.99999999994,487294.625
379000.0000000002,508433.90625
373500.00000000006,333707.5625
1155000.0000000005,1113449.75
1317699.9999999995,1101416.375
230000.0000000001,299862.03125
149500.00000000012,144849.734375
152000.00000000006,134560.96875
314000.0,207577.359375
203999.99999999985,216164.609375
169000.00000000012,174979.46875
468000.0000000003,562575.3125
221999.99999999983,225468.703125
228579.99999999988,295057.4375
130000.00000000009,164110.25
344999.9999999997,289123.5
258749.99999999997,194815.875
90000.00000000001,89426.296875
469999.9999999998,606268.375
1400000.0000000007,1340253.125
219999.99999999983,140709.484375
186000.00000000012,186098.90625
897500.0000000003,230396.390625
1020000.0000000005,778344.75
210000.0,182613.09375
440000.0000000002,421460.09375
364999.99999999977,317906.46875
75000.00000000004,68162.9453125
202350.00000000003,243964.3125
1690000.0000000007,1559422.375
252000.0000000001,246316.640625
299000.00000000006,331708.90625
62999.99999999995,71666.6171875
249000.00000000006,203692.9375
247000.00000000006,222007.625
498999.9999999996,840945.625
355999.99999999994,233244.109375
191674.9999999999,256678.765625
130999.99999999997,81534.1328125
90999.99999999991,88062.1875
490000.0,480171.46875
165000.00000000015,351215.25
55499.99999999996,101998.625
258000.00000000015,241256.359375
223000.00000000003,211401.546875
406000.0,301476.09375
312999.9999999999,228671.453125
151499.99999999997,150973.859375
210000.0,233009.328125
1050000.0000000007,599382.3125
89500.00000000003,85069.96875
272999.9999999998,367411.15625
570000.0000000001,585104.0625
289070.0000000001,297876.28125
80000.0,107775.8515625
418999.9999999998,348102.75
549999.9999999998,455745.34375
143000.0000000001,225482.890625
116000.0000000001,83403.703125
58900.000000000015,71050.53125
278000.0000000002,268983.75
695000.0,460158.5625
352000.0000000003,356435.625
299000.00000000006,229196.53125
109000.0,191294.265625
840000.0000000005,865059.8125
178499.99999999985,181050.171875
106000.00000000001,129588.0234375
270400.0000000002,340217.65625
124999.9999999999,175257.53125
104999.99999999997,116208.0546875
897999.9999999995,641360.375
780000.0000000001,867463.0625
442000.00000000035,404436.90625
108070.0,108142.0703125
376999.99999999977,308028.53125
244999.99999999997,125300.2109375
334999.9999999998,361101.78125
249000.00000000006,285146.65625
297000.0000000002,296386.0625
376999.99999999977,506416.90625
555000.0000000002,364114.8125
227900.00000000006,341404.96875
477000.00000000006,519527.0
981000.0,1208115.25
210000.0,146974.296875
365999.9999999997,268511.125
834999.9999999998,764820.375
312700.0,298392.625
265000.00000000006,176328.984375
467955.00000000023,551050.5
174499.99999999994,201516.140625
367500.0000000003,215076.40625
37400.00000000001,76037.609375
28999.999999999996,62066.35546875
165000.00000000015,100028.15625
172999.9999999999,178015.25
89000.00000000004,145669.5625
319000.0,378757.15625
271000.0000000002,249218.5
169000.00000000012,182765.890625
138000.00000000006,157994.015625
359000.00000000023,310601.375
295999.99999999977,401160.21875
330000.0000000001,383620.03125
126999.99999999991,125104.625
315999.99999999994,354697.75
659999.9999999995,578564.875
294999.9999999998,294387.375
90999.99999999991,82710.3828125
938000.0000000002,1104333.0
252719.9999999999,357332.78125
319000.0,241496.921875
221999.99999999983,176208.453125
989999.9999999992,840042.25
135989.9999999999,137260.390625
355999.99999999994,336054.90625
163499.99999999988,163500.375
270000.00000000006,358989.40625
343500.0000000003,444093.125
667000.0000000002,439045.6875
895000.0000000007,885533.625
348999.99999999994,366799.15625
217999.99999999988,236396.96875
369999.99999999977,326603.90625
344999.9999999997,381294.09375
416999.9999999998,346791.25
544999.9999999997,481914.28125
129000.0000000001,139995.515625
544999.9999999997,449906.40625
29999.99999999999,90158.03125
304150.0000000001,306061.34375
259999.9999999998,254381.71875
158999.99999999997,204686.25
625000.0000000002,585330.125
509999.9999999998,637242.5625
230000.0000000001,191702.078125
1214000.0000000002,1004774.1875
158999.99999999997,239660.296875
474000.0000000003,378164.5
149000.0,151199.78125
309549.99999999994,183558.578125
474999.99999999977,420494.5625
68999.99999999997,92349.6171875
351000.0000000001,269608.84375
1364999.9999999993,1273726.125
249000.00000000006,258669.234375
199000.0000000001,252927.390625
210000.0,212351.65625
249999.9999999998,236784.140625
223131.99999999997,287836.75
170000.00000000012,161064.109375
620000.0000000005,567564.375
149900.0,146367.375
448000.0000000002,368762.625
68999.99999999997,161409.9375
98550.00000000006,79015.9140625
438900.00000000006,391835.9375
144450.0,338368.75
244999.99999999997,191797.53125
188999.99999999988,278902.71875
1097000.0,1074937.0
1400000.0000000007,1283449.25
604000.0000000002,547960.6875
96999.99999999999,101236.1328125
343999.99999999977,334310.875
278000.0000000002,231654.65625
225000.00000000015,355967.15625
291999.9999999998,156798.28125
169449.9999999999,186624.8125
494000.0000000004,277423.28125
159999.99999999997,169932.0
196499.99999999997,201373.78125
321999.99999999994,371460.34375
157500.00000000006,99281.90625
93999.99999999997,79628.28125
420000.0,292286.1875
253199.9999999999,242843.59375
288999.9999999999,292790.875
215999.99999999985,218697.0625
185000.00000000006,187040.140625
196000.0000000001,177129.90625
430000.00000000023,369403.25
165000.00000000015,203731.78125
84999.99999999996,102679.765625
569799.9999999999,551595.6875
310000.0000000002,251517.84375
199000.0000000001,219380.5625
180000.00000000003,237477.96875
162500.00000000012,176179.71875
262445.9999999999,225656.71875
1140000.0000000002,935359.9375
261000.00000000012,284039.5625
249000.00000000006,262928.4375
471999.9999999998,272662.34375
341000.0000000002,295039.15625
108000.00000000001,108557.4609375
543999.9999999997,392362.4375
348499.9999999998,326644.40625
1529999.9999999988,1390528.25
143500.0000000001,203164.265625
390999.99999999977,360759.625
191658.00000000006,191120.84375
483000.00000000023,544086.5
287899.99999999994,278177.78125
169000.00000000012,132703.78125
194500.0,142908.171875
233000.0000000001,355116.78125
134999.99999999997,256730.171875
430000.00000000023,513425.34375
120000.00000000004,203385.46875
362999.9999999999,361383.59375
581420.0000000001,456712.125
264200.0000000001,319381.1875
231000.0000000001,169909.140625
318000.0,410581.84375
320000.00000000006,283996.25
215000.0,204824.5
230000.0000000001,220060.53125
369999.99999999977,270031.375
212000.00000000017,203869.203125
219999.99999999983,132571.84375
570000.0000000001,387423.46875
159999.99999999997,147024.203125
685000.0000000005,779648.5625
369999.99999999977,351526.875
392000.0,443889.875
77055.00000000003,156572.34375
136590.00000000006,129733.0703125
90000.00000000001,102762.8359375
291200.00000000006,239062.453125
244999.99999999997,237932.03125
261323.99999999997,336036.625
929999.9999999993,816917.5
324999.9999999999,249998.328125
219989.99999999988,195292.265625
364999.99999999977,368951.53125
309899.99999999977,243951.75
64999.999999999956,88334.3828125
281000.0000000001,284881.375
68999.99999999997,127364.0
254000.0000000002,233913.71875
239000.00000000003,192910.296875
320999.9999999999,290836.40625
237000.00000000003,227029.140625
230500.0,243684.578125
466650.0,333666.5
26700.0,157577.796875
280000.0,237439.921875
377999.99999999994,356994.21875
496999.9999999997,476506.0625
932400.0000000007,536518.25
249999.9999999998,271079.96875
63999.99999999997,65434.890625
255000.0000000001,274865.59375
585000.0000000003,549506.5625
236249.9999999999,210835.984375
294999.9999999998,275647.09375
149000.0,162837.3125
259000.0,195691.421875
291000.00000000006,163694.15625
664999.9999999995,548873.875
260625.0000000002,139547.90625
180000.00000000003,352119.4375
1318000.0000000007,1127202.375
191999.99999999997,290449.75
1160000.0000000002,654972.5625
630000.0000000006,538406.0625
286199.9999999998,237053.015625
208999.99999999988,323591.59375
599000.0,463628.78125
159999.99999999997,195288.171875
484999.99999999965,469464.0
94499.99999999996,106595.0
343000.00000000006,238515.0
249999.9999999998,304436.375
266499.99999999994,321322.125
182000.00000000003,176375.078125
220500.00000000012,224632.09375
109999.99999999991,120596.796875
157999.99999999997,145588.171875
549999.9999999998,586845.9375
289100.00000000023,276052.46875
284999.99999999994,298308.96875
109999.99999999991,142501.796875
299000.00000000006,302146.1875
244999.99999999997,199726.46875
240000.00000000003,148610.53125
775000.0000000007,616959.0625
225000.00000000015,244287.703125
289999.9999999999,264108.09375
316500.00000000023,314065.53125
145999.99999999997,123692.5078125
189999.9999999999,172973.71875
270000.00000000006,292290.375
714999.9999999995,469771.25
407000.0000000001,355312.5625
179500.00000000015,267738.90625
133000.00000000012,90997.3125
553000.0000000003,566600.625
80000.0,117508.609375
330000.0000000001,262256.78125
139999.9999999999,96634.421875
420000.0,165380.671875
879900.0000000007,768459.1875
515000.00000000006,611467.0
221999.99999999983,265464.875
291999.9999999998,274250.53125
188500.00000000003,181813.5625
75000.00000000004,129395.4921875
136999.9999999999,142064.46875
759999.9999999999,619743.6875
412000.0000000001,468678.9375
278000.0000000002,315916.5625
98499.99999999999,123280.9140625
186560.00000000003,193524.640625
242000.00000000017,240606.578125
747000.0000000005,443657.53125
279000.0000000001,241685.84375
356999.99999999994,369456.09375
348000.0000000002,377437.78125
236169.9999999999,246541.3125
231000.0000000001,230482.765625
190276.99999999983,407261.59375
1249999.999999999,934674.1875
352000.0000000003,231049.453125
199999.99999999997,239155.03125
270000.00000000006,558252.125
235399.99999999985,254455.71875
208999.99999999988,174737.171875
184713.00000000012,209481.9375
178999.99999999994,147764.28125
109999.99999999991,142524.90625
407999.99999999965,341202.84375
169000.00000000012,193547.53125
269000.0,267974.9375
379999.9999999999,454561.21875
177000.00000000006,137192.0625
390000.00000000035,530239.8125
82875.00000000006,56077.1015625
859999.9999999997,874456.75
396500.00000000035,310705.96875
130000.00000000009,155062.875
276999.9999999998,252850.9375
169000.00000000012,168563.265625
129500.00000000006,139342.1875
418000.00000000023,397103.0
375000.00000000006,261364.671875
284999.99999999994,422646.6875
269000.0,320100.21875
59499.99999999996,88326.8828125
177999.99999999994,100265.6875
112999.99999999993,200935.625
192799.99999999994,186063.40625
229000.00000000006,263149.9375
390000.00000000035,336720.90625
1099999.9999999998,833260.1875
484999.99999999965,336028.3125
442000.00000000035,504843.0
775000.0000000007,699782.75
161300.00000000003,191582.359375
348999.99999999994,383150.5625
504500.00000000035,507823.3125
364000.00000000006,446975.59375
211849.99999999997,246271.546875
146999.99999999988,146084.5625
1298999.999999999,702718.625
600000.0000000003,438103.78125
315000.0000000002,211650.484375
219999.99999999983,239340.3125
463500.0000000001,599298.3125
269100.0000000001,302109.59375
320819.00000000006,255163.109375
835999.9999999999,974070.375
103500.00000000004,97435.453125
1190000.0000000002,542034.5625
731000.0000000006,779548.1875
415000.00000000006,396877.34375
472500.00000000035,477225.53125
148000.00000000015,151621.0
415000.00000000006,418699.03125
146055.0,243804.0625
257000.00000000015,337800.0
49000.00000000002,57547.28515625
199899.99999999997,217729.171875
155000.00000000012,117221.734375
668000.0000000002,753872.5625
405000.0000000001,374393.03125
324999.9999999999,354505.65625
859500.0000000006,692503.1875
180200.0,139352.40625
1210000.0000000012,743686.1875
189999.9999999999,200779.125
153999.99999999988,306615.5625
321999.99999999994,311651.75
614537.9999999997,728181.0
544999.9999999997,540080.5
188500.00000000003,174729.84375
130000.00000000009,156932.46875
84999.99999999996,139084.34375
337000.0,312060.375
297000.0000000002,290948.78125
145999.99999999997,219630.09375
84999.99999999996,97881.9375
298500.0000000001,324467.6875
415000.00000000006,393838.375
349439.9999999997,505066.4375
448999.99999999994,469415.21875
444500.0000000001,468519.84375
1090000.0000000002,761079.0625
189999.9999999999,189514.03125
129900.00000000012,193368.390625
219999.99999999983,149601.9375
56000.000000000044,95424.734375
219999.99999999983,200185.84375
484000.0000000002,388508.65625
435000.0,449424.375
130000.00000000009,240013.234375
133500.00000000003,146553.84375
297999.9999999998,165271.5625
469999.9999999998,305341.8125
310999.9999999999,358600.6875
369000.0000000001,403017.34375
89000.00000000004,179147.46875
1459999.999999999,575849.4375
342900.0000000003,351437.375
1590000.000000001,1192891.875
375000.00000000006,379621.0625
40000.0,86474.6875
369000.0000000001,480662.15625
689999.9999999995,706946.625
458999.99999999977,480453.15625
120000.00000000004,171395.1875
87999.99999999996,135353.546875
535600.0000000002,253767.484375
199000.0000000001,162272.25
89000.00000000004,69675.078125
239000.00000000003,216897.28125
749999.9999999998,678380.0625
1090000.0000000002,1101616.0
239000.00000000003,342175.53125
73000.00000000003,90502.7890625
749000.0,661997.125
1377999.9999999988,1151965.125
309000.00000000006,238857.125
348999.99999999994,357460.59375
385000.00000000023,431541.59375
448999.99999999994,398633.25
34770.000000000015,54234.7421875
398999.99999999977,533623.4375
299250.00000000023,305610.4375
112999.99999999993,193383.6875
850000.0000000005,540510.1875
253000.0000000001,335837.6875
129000.0000000001,114644.0625
175000.00000000012,203613.890625
299999.99999999977,317523.46875
1190000.0000000002,1028245.6875
156750.00000000015,162308.0
634399.9999999999,722167.0625
73000.00000000003,77507.1015625
678049.9999999999,443003.46875
425899.99999999977,417302.625
158250.00000000012,116697.265625
379000.0000000002,351702.59375
199999.99999999997,228681.484375
211499.99999999983,143736.625
372999.9999999999,356684.53125
230000.0000000001,289034.71875
173999.99999999997,127014.78125
674999.9999999998,684007.875
163999.99999999988,224683.515625
49000.00000000002,114342.9140625
469999.9999999998,469707.1875
50000.000000000015,63468.47265625
210999.99999999994,212106.546875
281000.0000000001,175339.796875
155149.99999999988,144654.953125
175000.00000000012,112053.375
387999.9999999999,373956.25
543999.9999999997,478804.65625
749999.9999999998,666064.625
346000.0,398315.5625
188000.00000000012,283772.0625
80000.0,81642.3671875
349499.99999999977,596984.0625
440000.0000000002,408179.625
330000.0000000001,304612.09375
366999.9999999997,114677.7421875
71500.00000000001,98417.2578125
643749.9999999995,348226.25
84999.99999999996,129924.859375
159849.9999999999,123568.125
199999.99999999997,457205.875
215000.0,198391.90625
244999.99999999997,235162.5
261249.99999999988,152409.0625
133999.9999999999,149739.546875
483000.00000000023,373298.125
249999.9999999998,258174.109375
178999.99999999994,159421.296875
727999.9999999999,989306.9375
270000.00000000006,292202.03125
84999.99999999996,51458.96484375
122499.99999999996,102728.9296875
326000.0,289413.96875
96999.99999999999,208505.5
1185999.9999999993,1316911.125
208650.0000000001,229640.6875
600000.0000000003,640670.1875
375000.00000000006,437002.15625
272999.9999999998,307883.71875
395000.00000000035,500319.40625
1395000.0000000007,1176924.875
664999.9999999995,851410.375
306799.99999999977,227189.625
210000.0,149108.109375
183922.0,286192.25
440000.0000000002,469089.4375
225000.00000000015,313336.4375
725000.0000000006,547982.125
58000.00000000003,146383.703125
533999.9999999997,361890.21875
483000.00000000023,734772.5
229000.00000000006,255128.5625
108499.99999999999,143121.359375
989999.9999999992,718206.8125
319000.0,322023.40625
249000.00000000006,478335.9375
789000.0000000007,901985.375
348000.0000000002,323999.53125
87199.99999999996,103136.125
116999.99999999991,127769.359375
134999.99999999997,177327.828125
1080000.0000000002,1063973.0
219999.99999999983,268695.3125
525000.0000000003,582522.375
262500.00000000023,236360.890625
279799.9999999998,311574.1875
162000.00000000012,233863.984375
354999.9999999998,373431.3125
498200.0000000002,617601.3125
360000.0000000001,307762.5
409999.9999999997,294629.1875
725000.0000000006,855522.3125
376999.99999999977,237869.859375
935000.0000000006,657050.3125
75000.00000000004,138695.59375
375000.00000000006,261209.671875
167999.9999999999,231366.3125
710000.0,606687.6875
231000.0000000001,231860.65625
326000.0,291570.96875
109000.0,141957.46875
49000.00000000002,89809.875
725500.0,599667.625
275000.0000000002,207614.78125
580999.9999999998,378553.84375
299900.0,306719.96875
173999.99999999997,250866.0
218999.99999999988,233773.671875
97900.00000000003,102099.546875
379000.0000000002,432510.25
187000.00000000012,208459.765625
285800.0,224658.65625
324999.9999999999,326418.0
320000.00000000006,433350.03125
996999.9999999999,850338.4375
75000.00000000004,169340.53125
575000.0000000001,656661.25
1249999.999999999,810143.625
465000.00000000023,424431.59375
121475.00000000003,139719.6875
299900.0,327682.78125
530000.0000000003,402510.3125
210999.99999999994,130458.375
150000.00000000006,157198.203125
206605.00000000015,202740.0
320000.00000000006,203776.671875
69499.99999999996,120190.9140625
144000.0,140182.828125
743999.9999999993,610441.0
191000.00000000015,181199.234375
393299.00000000035,394248.0
439000.0000000001,463895.90625
244699.99999999983,235434.46875
217000.00000000012,234329.25
113999.99999999996,133198.140625
229000.00000000006,289348.03125
133000.00000000012,123551.859375
1036000.0000000001,644355.25
58999.99999999997,79782.0546875
221000.00000000006,214168.453125
167999.9999999999,118602.84375
499999.99999999977,353970.5625
109999.99999999991,116584.25
599000.0,602088.125
139999.9999999999,125596.4296875
208650.0000000001,276317.4375
106590.00000000007,168238.53125
349999.0000000001,362049.71875
407999.99999999965,240784.015625
289945.0000000001,325346.75
171000.00000000012,260797.46875
324999.9999999999,306133.15625
231999.99999999997,237433.34375
265000.00000000006,176394.921875
311700.0000000002,159166.53125
235000.0,219872.5625
199000.0000000001,233904.578125
311225.00000000023,392739.4375
302000.00000000006,290654.53125
369999.99999999977,448841.875
249899.9999999999,305846.59375
133000.00000000012,287064.53125
59200.000000000044,149211.953125
279000.0000000001,249795.515625
735000.0000000005,700095.125
467499.9999999996,209362.5
156000.0,224004.859375
463999.9999999998,525427.0
310000.0000000002,316553.53125
195000.00000000006,233899.453125
310000.0000000002,237862.15625
915000.0000000002,834919.5
1229999.9999999995,1330338.25
332000.0,294744.71875
329000.0000000003,331694.375
366999.9999999997,275030.78125
424998.99999999965,427259.0
315000.0000000002,241145.71875
212868.99999999997,232312.625
919999.9999999998,891648.625
362000.0,211737.703125
162999.99999999988,136552.984375
241000.00000000003,250770.796875
698999.9999999995,722436.375
180000.00000000003,215204.234375
354999.9999999998,571134.375
369999.99999999977,286582.0
238499.99999999985,279610.875
288749.9999999999,152388.140625
145000.00000000012,358533.65625
297000.0000000002,309502.90625
758999.9999999998,1004497.25
488799.99999999994,457533.46875
398138.0000000002,267087.0625
409999.9999999997,785993.5625
435000.0,358613.34375
293599.99999999994,297005.71875
324999.9999999999,228562.65625
696300.0000000002,563380.125
283000.0000000001,188469.375
233000.0000000001,162141.53125
249000.00000000006,223929.25
217999.99999999988,212716.078125
284999.99999999994,358408.875
84999.99999999996,170793.734375
229000.00000000006,485218.0625
265000.00000000006,253287.78125
295500.0,371630.0625
271000.0000000002,314142.5
360000.0000000001,209433.1875
299250.00000000023,303810.5
979999.9999999997,1071916.0
187000.00000000012,187593.75
265000.00000000006,345264.6875
975337.0000000002,631370.0625
775999.9999999994,619305.25
279000.0000000001,344331.125
121000.00000000003,226164.09375
90500.00000000001,120802.1484375
342699.99999999977,348670.21875
265000.00000000006,338188.40625
160500.00000000003,127276.9375
275599.9999999998,228765.46875
316500.00000000023,275092.4375
339500.0000000001,394137.09375
135999.99999999997,174088.96875
44999.999999999985,173203.328125
465000.00000000023,383664.65625
228500.00000000003,210367.421875
299999.99999999977,239089.125
1179999.9999999993,911495.625
752999.9999999998,643438.5
165000.00000000015,110252.7109375
368000.00000000023,352216.8125
989999.9999999992,385762.5625
585000.0000000003,673041.8125
444999.9999999997,366056.21875
217999.99999999988,164192.75
364999.99999999977,344271.71875
600000.0000000003,456147.5625
189999.9999999999,164319.796875
273999.99999999994,241068.921875
279000.0000000001,319590.8125
143000.0000000001,200572.828125
118999.99999999993,127390.7265625
162000.00000000012,243854.515625
553000.0000000003,582246.3125
273999.99999999994,230330.484375
161200.0,130569.65625
218999.99999999988,207047.703125
399999.9999999999,323487.625
279000.0000000001,367078.40625
634399.9999999999,717462.6875
212000.00000000017,263325.90625
139099.99999999997,223627.484375
70000.00000000001,140343.890625
721999.9999999999,529316.25
875000.0,725679.75
237000.00000000003,268606.90625
793599.9999999994,704337.5625
152999.9999999999,182506.015625
199000.0000000001,246607.859375
315000.0000000002,480409.625
415500.00000000023,428533.40625
299000.00000000006,173057.859375
594999.9999999997,599316.5625
167499.99999999997,159686.21875
294000.0000000001,305214.875
339999.99999999994,394789.78125
840000.0000000005,931065.75
218999.99999999988,251659.40625
320000.00000000006,405115.9375
590000.0000000003,426581.5
330000.0000000001,343496.09375
589000.0,789037.5
1179999.9999999993,894668.1875
70000.00000000001,80412.8671875
158499.99999999997,127193.8203125
233199.99999999994,158658.390625
167000.0000000001,240674.265625
315000.0000000002,293603.71875
387999.9999999999,374732.375
239199.99999999985,222724.40625
1249999.999999999,806785.125
287000.0000000001,269819.0
426000.0000000002,399648.0625
259999.9999999998,158813.25
149000.0,286712.6875
1036000.0000000001,663282.5
249999.9999999998,214906.640625
438000.00000000035,537292.4375
364999.99999999977,301332.09375
99360.00000000003,163319.28125
96999.99999999999,180001.34375
233199.99999999994,308697.5625
53500.00000000004,69148.0859375
1088999.9999999995,896343.8125
426000.0000000002,648259.9375
165989.9999999999,187495.90625
37000.00000000001,50647.9140625
539000.0000000001,509061.21875
273999.99999999994,240512.515625
594999.9999999997,690358.8125
270000.00000000006,195120.0625
199999.99999999997,214932.875
120000.00000000004,143000.484375
471999.9999999998,394114.1875
320480.0,410292.96875
286000.00000000023,234407.46875
269000.0,261302.859375
169499.99999999985,160753.046875
270000.00000000006,260680.109375
221000.00000000006,194293.203125
199000.0000000001,218239.953125
935000.0000000006,997846.1875
600000.0000000003,449937.28125
349999.9999999997,348697.15625
269499.9999999999,271187.28125
570000.0000000001,570946.5
415000.00000000006,401928.40625
180000.00000000003,182057.859375
477899.9999999998,286322.46875
255600.00000000006,397103.75
348999.99999999994,433588.5625
239000.00000000003,196709.875
995000.0,684195.75
247500.0000000002,283377.78125
146999.99999999988,107751.390625
95800.00000000001,128062.9921875
399900.0,538474.3125
364000.00000000006,425920.53125
416999.9999999998,346721.46875
299999.99999999977,373992.28125
395000.00000000035,593129.0625
145999.99999999997,195137.375
198000.00000000006,166226.0
490000.0,584604.875
225000.00000000015,203137.140625
69800.00000000001,68777.1484375
369999.99999999977,241388.0
138499.9999999999,228976.96875
95812.99999999997,169404.015625
544501.9999999999,270043.21875
199000.0000000001,185861.765625
1028999.9999999997,610119.125
755000.0000000005,722976.0625
950000.0000000008,682833.375
125999.99999999993,85899.6484375
318000.0,314279.4375
280000.0,297429.75
420000.0,292451.25
379999.9999999999,267779.0
70600.0,85561.1640625
192999.99999999985,118261.2890625
46999.99999999999,52045.84765625
379999.9999999999,319556.09375
152000.00000000006,169041.21875
157999.99999999997,102957.4609375
195000.00000000006,200374.9375
208000.00000000003,154829.703125
527999.9999999999,479277.9375
188999.99999999988,221544.859375
180500.0,180418.625
104999.99999999997,103558.6484375
341000.0000000002,299345.15625
157500.00000000006,213188.46875
161000.00000000006,209458.75
349899.99999999994,487597.71875
323000.0000000003,361038.4375
1035000.0000000001,955937.3125
490000.0,438872.40625
82000.0,124800.0390625
360000.0000000001,361891.25
145000.00000000012,152766.90625
165000.00000000015,227934.015625
183799.99999999985,145381.71875
224000.0,202276.296875
278000.0000000002,318617.59375
210999.99999999994,232479.0625
149000.0,159802.0
118000.00000000009,90606.3359375
54249.99999999996,76962.3984375
382000.0000000002,318668.0625
276999.9999999998,288092.4375
169000.00000000012,140054.953125
199000.0000000001,294112.65625
395999.9999999999,555209.875
219999.99999999983,208996.828125
398999.99999999977,299953.84375
514500.00000000035,384264.8125
358600.0,374254.875
816999.9999999993,798581.3125
304999.99999999977,239517.71875
1249999.999999999,1055550.125
324999.9999999999,282450.71875
135989.9999999999,161855.5625
349999.9999999997,310303.8125
131989.99999999988,237154.765625
1150000.0000000005,1124745.5
314000.0,239677.671875
116499.99999999991,149232.734375
399999.9999999999,383949.0625
339989.99999999994,394156.28125
163499.99999999988,115975.8828125
173999.99999999997,141056.125
364999.99999999977,289844.3125
259999.9999999998,285836.3125
71999.99999999996,66928.1640625
44999.999999999985,58805.57421875
897999.9999999995,556144.125
55000.00000000004,125026.1484375
275000.0000000002,248451.03125
281000.0000000001,374663.40625
379000.0000000002,465644.9375
198300.0,219715.5625
125999.99999999993,138411.765625
1346799.999999999,807400.125
442000.00000000035,439909.5
167999.9999999999,134317.875
180000.00000000003,230928.953125
261999.99999999994,245374.828125
372750.0000000003,262520.78125
844999.9999999993,718506.875
296800.00000000006,241350.71875
228000.00000000003,164007.453125
28999.999999999996,163727.5625
344999.9999999997,329705.875
259999.9999999998,169590.71875
449349.99999999977,388825.9375
304499.9999999998,467415.71875
219999.99999999983,282963.78125
112000.00000000004,195369.765625
407000.0000000001,249794.09375
280000.0,218779.46875
180000.00000000003,232346.078125
188899.99999999988,156319.90625
179900.00000000006,221917.453125
342000.0000000002,355990.59375
156999.99999999994,149193.03125
208000.00000000003,190811.609375
29500.000000000007,77699.671875
435000.0,320358.28125
525000.0000000003,458096.6875
248000.0000000002,254999.390625
265000.00000000006,410137.28125
383433.00000000006,247712.640625
1650000.0000000007,1022711.375
178999.99999999994,178166.078125
432799.9999999998,423049.9375
397999.99999999977,343146.40625
63199.99999999995,76697.8203125
240000.00000000003,334918.125
304999.99999999977,372332.46875
349999.9999999997,384297.0625
95999.99999999996,111128.4609375
749000.0,875691.875
346000.0,369354.96875
530000.0000000003,410010.5625
324999.9999999999,358476.5625
425000.0000000002,457430.0625
479000.00000000035,375864.09375
330999.9999999998,337306.5
54049.99999999997,58221.53515625
28000.00000000002,75031.203125
356660.00000000023,285541.5
405000.0000000001,327994.8125
217300.00000000003,240719.03125
562000.0000000003,711728.625
195000.00000000006,206248.75
129000.0000000001,280966.375
195000.00000000006,137041.421875
349999.9999999997,255773.171875
43500.00000000004,91542.546875
480000.00000000006,685968.9375
393588.00000000006,373498.25
126300.00000000007,162206.5
165899.99999999994,163325.046875
180000.00000000003,178784.609375
1298999.999999999,1384444.125
444999.9999999997,391206.03125
297000.0000000002,258343.8125
181899.99999999988,222945.21875
439000.0000000001,299394.5625
35000.00000000001,67520.546875
274799.99999999977,274659.375
95249.99999999993,187929.671875
210000.0,199810.484375
714000.0000000006,252532.59375
798000.0000000002,814763.0625
420000.0,358560.6875
240000.00000000003,181301.90625
296800.00000000006,285266.34375
270000.00000000006,211992.6875
152999.9999999999,181575.3125
149800.00000000003,138491.78125
215000.0,226802.5625
330000.0000000001,165837.421875
189999.9999999999,217181.0625
87999.99999999996,174649.046875
244400.00000000017,251022.515625
219999.99999999983,281884.0
217000.00000000012,229884.125
90999.99999999991,170754.328125
310000.0000000002,356747.8125
890000.0000000002,588098.125
62999.99999999995,85701.7890625
182000.00000000003,158979.796875
275000.0000000002,329070.09375
465000.00000000023,507251.1875
123500.0,160990.546875
589000.0,530705.25
326399.9999999999,279375.78125
1084999.9999999995,1016148.0
70999.99999999994,63871.78515625
167999.9999999999,222788.140625
334999.9999999998,296701.375
454499.9999999996,519622.15625
113399.99999999996,113676.40625
257000.00000000015,261364.421875
217000.00000000012,182334.484375
229000.00000000006,242056.296875
1155000.0000000005,735425.875
168359.99999999985,195641.609375
249899.9999999999,176531.578125
35000.00000000001,57331.453125
725000.0000000006,623762.6875
299999.99999999977,252756.671875
40000.0,69619.875
133999.9999999999,170477.390625
185399.9999999999,211616.375
162999.99999999988,182369.78125
458999.99999999977,369044.78125
171999.99999999988,189155.421875
75000.00000000004,252519.359375
410999.9999999997,390018.09375
617999.9999999999,528439.125
86000.00000000001,141813.359375
305899.99999999977,228393.359375
120000.00000000004,185207.4375
460000.0000000002,490854.8125
348000.0000000002,324037.21875
158999.99999999997,169832.03125
247200.0000000002,281886.9375
357400.0000000001,344875.03125
284999.99999999994,190353.40625
398999.99999999977,264097.0
291999.9999999998,355886.03125
140226.99999999997,141446.109375
69899.99999999996,88417.1484375
834999.9999999998,1045222.4375
441000.00000000006,422791.0
159999.99999999997,142379.546875
164800.00000000006,151710.09375
129000.0000000001,169247.046875
107899.9999999999,119893.953125
57489.99999999998,63052.671875
76999.99999999997,139288.90625
468000.0000000003,364230.125
110500.00000000001,141396.34375
276000.0000000002,348916.375
93000.00000000007,167087.75
159999.99999999997,126276.9375
178999.99999999994,141196.90625
157999.99999999997,129962.15625
261000.00000000012,274177.84375
105730.0,115156.890625
205420.00000000006,193399.921875
396999.9999999998,391469.15625
1525000.0000000005,1056096.875
498999.9999999996,529032.125
185000.00000000006,239823.3125
239000.00000000003,278944.75
44999.999999999985,93745.9765625
289999.9999999999,328737.59375
289300.0,259761.390625
109999.99999999991,112268.375
940000.0000000006,843502.1875
600000.0000000003,525359.375
191999.99999999997,204608.96875
184000.00000000015,194951.359375
223650.0,236664.046875
225000.00000000015,305750.9375
339000.00000000023,435481.96875
284000.00000000023,227417.03125
172999.9999999999,139563.34375
540000.0000000001,447919.5
158999.99999999997,120300.6640625
64999.999999999956,86424.8046875
348999.99999999994,348187.0625
259499.99999999985,260411.5
253199.9999999999,195218.71875
955000.0000000001,1127560.5
496500.0000000001,217053.5
669999.9999999998,633275.0
233999.9999999999,295910.4375
169000.00000000012,108558.6015625
259999.9999999998,212648.953125
187181.99999999985,225411.09375
449999.99999999994,334450.84375
344999.9999999997,263899.375
385000.00000000023,385982.25
162999.99999999988,148492.9375
469999.9999999998,442777.5
319000.0,254731.0625
210000.0,177684.171875
890000.0000000002,974803.625
299499.99999999977,202645.671875
116000.0000000001,123500.6171875
259000.0,256869.53125
207674.99999999985,192430.71875
448000.0000000002,645023.5625
769999.9999999997,730915.3125
718999.9999999999,779773.5
128399.9999999999,282270.03125
114999.99999999991,182633.8125
579899.9999999997,498154.53125
507000.0000000003,287610.9375
240000.00000000003,288548.0625
440000.0000000002,512141.65625
570000.0000000001,717013.9375
996999.9999999999,434224.5625
155000.00000000012,289038.03125
255999.99999999985,257757.84375
288200.00000000023,295668.6875
104999.99999999997,128234.3359375
175000.00000000012,113983.625
1350000.0,1180519.875
130000.00000000009,128979.4375
549999.9999999998,313588.15625
539000.0000000001,414512.25
758999.9999999998,774311.25
418999.9999999998,345129.6875
68499.99999999999,77651.1484375
66000.0,69572.5546875
385000.00000000023,400019.84375
324999.9999999999,249504.109375
169000.00000000012,230182.484375
251500.00000000012,217024.328125
158499.99999999997,219938.421875
560000.0000000003,618683.6875
120000.00000000004,81595.5859375
64999.999999999956,88666.25
409999.9999999997,489023.6875
554000.0,570304.9375
288999.9999999999,156146.625
164600.00000000012,275716.75
