y_real,y_pred
99000.00000000004,248180.80103563977
509999.9999999998,378686.1123762728
315000.0000000002,317127.86876843806
270000.00000000006,312626.3493254803
280000.0,263706.03923700226
328400.0,295424.56819181493
58999.99999999997,108406.60605009286
159999.99999999997,148076.315204119
344999.9999999997,397667.21342528786
299250.00000000023,197906.5964038789
229000.00000000006,243442.3571578551
284999.99999999994,434306.77942980325
440000.0000000002,504626.577981442
495999.99999999994,556847.5155318745
157999.99999999997,202417.6600446088
216274.99999999983,253406.31565780425
259499.99999999985,258413.60427524737
444999.9999999997,352502.485124892
74899.99999999999,103039.80307806465
145000.00000000012,135044.91061564273
166719.99999999985,118440.89171258194
139000.00000000003,282040.66683044477
230000.0000000001,441477.63572980475
205000.0,212830.74496053118
212000.00000000017,209281.42770340928
175000.00000000012,201173.5883273632
226300.0,253811.4868468994
271999.9999999999,200519.1573680679
189280.00000000006,508077.56340483006
259999.9999999998,332875.5748575372
254000.0000000002,410996.0701571293
210000.0,309154.02539799595
356999.99999999994,395291.4005917701
159999.99999999997,205400.57035313416
618595.9999999997,663279.840616767
375000.00000000006,355384.2094283793
332324.9999999999,306796.9090532768
115500.00000000009,141624.54051810835
294999.9999999998,306647.6727143912
155000.00000000012,265066.09452197864
135999.99999999997,164561.6808843167
460000.0000000002,475322.44197318517
208740.00000000015,147153.34609017486
416999.9999999998,304317.7647250132
129000.0000000001,125211.21563022523
330000.0000000001,348833.2211475937
369000.0000000001,355680.5874997595
255000.0000000001,268070.1652008112
249984.00000000017,247895.11103078752
995000.0,714739.4257416733
291999.9999999998,285870.6854871863
145000.00000000012,213394.72929104048
465900.0000000004,370127.9353641978
191999.99999999997,244677.66019410992
287999.9999999999,289005.0886811851
92000.00000000007,134169.2488029971
199999.99999999997,212209.7089782734
219500.00000000012,169903.6254995578
1179000.0,1242212.8165742327
339999.99999999994,432685.98465424444
223000.00000000003,236386.6973712665
409999.9999999997,457570.6540502618
367500.0000000003,467814.1126596743
115989.99999999994,145353.1899216635
185000.00000000006,211193.43512386677
509999.9999999998,477529.30300059303
379000.0000000002,437524.6179605851
218999.99999999988,284162.6940597417
65599.99999999994,111113.24612586708
235000.0,195440.3195502866
177999.99999999994,134788.3270185688
233000.0000000001,283162.7492092591
151959.9999999999,300580.4023580803
311899.99999999977,340325.1358735662
433999.99999999965,391991.3769614244
520000.0,524186.6690395354
349899.99999999994,487019.1004362445
188000.00000000012,158657.11510917867
199000.0000000001,196447.46565280537
405000.0000000001,410379.56771791214
132990.00000000003,157233.55800281133
204750.00000000006,169325.40614590916
99000.00000000004,246363.12622020443
639000.0000000006,507319.2430244696
177500.00000000015,152319.66463906958
241500.0,205634.6076488262
135999.99999999997,128766.54086577632
79500.00000000004,107888.92088377282
225000.00000000015,174791.56366506277
127999.99999999997,140616.58708599684
379999.9999999999,362785.1056018192
395999.9999999999,325224.49747400236
598500.0,306720.359070767
337999.99999999977,331159.4884252034
769599.9999999999,706029.044478797
299900.0,286758.0133143141
76999.99999999997,101403.36546956172
210000.0,203989.4110219195
1579999.9999999998,733171.6097444558
349999.9999999997,280424.47481787734
461999.9999999998,411134.6418512102
230000.0000000001,446428.5615857589
212000.00000000017,169861.4659297734
50000.000000000015,170222.83353879262
38000.000000000015,60734.13743343934
208000.00000000003,239887.66573174836
988999.9999999998,775639.1173975535
415000.00000000006,463777.390723306
144000.0,234055.6229107095
144499.99999999994,155484.84530263944
214000.00000000017,271029.46412676
649000.0000000006,178191.72035561223
257000.00000000015,207394.64543905976
398999.99999999977,394867.9244065111
680000.0000000003,770286.5455432165
152999.9999999999,101687.62972263899
271000.0000000002,258341.48555329826
249999.9999999998,167954.69828616703
244999.99999999997,192836.69124224735
229499.99999999997,281635.93047183903
932000.0000000002,1028757.2924101432
134500.00000000006,163643.26573741317
294999.9999999998,240760.18348074675
488999.9999999996,383988.8875388097
425000.0000000002,438199.7122839295
469999.9999999998,392318.5881015022
237000.00000000003,277795.76799011824
173999.99999999997,177862.51289465115
790000.0000000003,519360.1032192006
299999.99999999977,382888.99443669745
118999.99999999993,114295.91858269132
440000.0000000002,467185.6382065673
270000.00000000006,357515.29233877413
468999.9999999998,606472.4481161804
311225.00000000023,458639.6270361899
261249.99999999988,221073.15113108652
315000.0000000002,327855.4738154378
749999.9999999998,778205.6291789075
327000.0000000001,507408.05679270515
170000.00000000012,251726.426846848
64999.999999999956,193867.2240548658
265999.9999999998,270791.4506938129
279000.0000000001,263135.5258622584
369000.0000000001,211881.951165918
442000.00000000035,413948.1014617652
280000.0,210973.827786769
68999.99999999997,143808.4055043043
262500.00000000023,257534.52753044773
136200.00000000003,190767.61206981435
648800.0000000005,735691.9442994127
328299.9999999998,236517.4218199393
86000.00000000001,149394.61726816226
68999.99999999997,112931.55681829705
169000.00000000012,204688.08357159878
719999.9999999995,749281.7569486394
218999.99999999988,363648.8113123592
375000.00000000006,381541.3095061161
129599.99999999994,164088.06010242476
249999.9999999998,236023.28260722052
615000.0,385802.89863322
191699.99999999994,217596.82280068513
225000.00000000015,226462.0056031386
937199.9999999994,297450.6015076951
323000.0000000003,433297.93718622916
529000.0,492234.6354545423
281000.0000000001,270581.337439515
255000.0000000001,222317.71449722027
92000.00000000007,152763.57820938513
134999.99999999997,155615.70479490064
1150000.0000000005,1044896.5657914501
310000.0000000002,292273.24253820506
615000.0,629382.6208617043
527999.9999999999,411309.26340983907
354999.9999999998,372161.790338521
238739.9999999999,200690.0026634375
425000.0000000002,371141.5064169386
238970.00000000017,213361.46232871653
158999.99999999997,197448.55581831202
230000.0000000001,275037.81128976936
579999.9999999997,391650.1674203577
233199.99999999994,336255.3567751546
225000.00000000015,252352.92440166266
291999.9999999998,276717.455590286
244999.99999999997,287512.05126677704
357999.99999999977,537228.2022991057
60000.000000000015,86562.9970673537
471999.9999999998,339621.7437342753
369999.99999999977,535892.9595573782
312999.9999999999,356598.5889128636
120000.00000000004,87669.18225030249
673099.9999999998,662190.1770282142
495000.0000000004,497641.8242583251
165000.00000000015,213350.09464188776
420999.9999999998,422786.26674610266
73999.99999999997,145181.3091129807
161569.9999999999,160521.71588802594
219999.99999999983,292696.71058837813
185000.00000000006,277571.4444274868
571999.9999999999,384558.59896695125
574000.0000000001,448910.15366388275
205000.0,156725.52244615986
279499.9999999999,362540.3309794994
230000.0000000001,300345.0395092667
322400.0000000002,329996.4642136082
225000.00000000015,161993.1908674522
323000.0000000003,318456.9883164701
258000.00000000015,254939.16323958378
509999.9999999998,573267.4166999763
224000.0,230082.5899798327
199499.99999999994,140241.91685906486
935000.0000000006,412957.262866224
93074.99999999999,165416.0594050127
386499.99999999994,336451.6730502571
83000.0,79824.08356975317
56000.000000000044,82117.16811541453
239000.00000000003,230837.60405658418
490000.0,492375.62368791155
330999.9999999998,481078.64403718885
519000.0,569631.7802457175
360000.0000000001,357370.2952152269
392200.00000000006,290629.64746913925
399845.00000000035,349803.9657382835
195000.00000000006,186048.40968710344
170500.00000000012,180730.85006880906
126250.00000000006,172647.49959619364
235958.00000000015,171817.81969982258
658999.9999999997,850884.2463667503
227900.00000000006,405388.57044962456
442000.00000000035,563262.3503992115
173499.99999999985,215388.2877472686
884000.0000000002,578065.4499675683
369899.9999999998,428072.8373304023
145998.99999999994,138071.6578864366
320000.00000000006,146175.27807736956
156000.0,189533.05023063094
145999.99999999997,207024.03766884308
104649.99999999999,106671.53521471533
48499.99999999998,64671.46537046864
157999.99999999997,135093.3380944875
275599.9999999998,223129.24302464156
241000.00000000003,202551.1854651754
252000.0000000001,202308.57744537562
384060.0000000003,375344.4539662872
449999.99999999994,385344.9548914678
979999.9999999997,880405.6787077984
780000.0000000001,649168.1726515242
270400.0000000002,236839.11043019436
645000.0,307462.01207488397
322800.0000000002,266448.9093075285
432550.00000000006,430825.4303967569
395000.00000000035,479420.193125097
50999.999999999985,92817.01105205673
315000.0000000002,259035.56936641101
398999.99999999977,352404.8169640337
364999.99999999977,301703.47255365766
418999.9999999998,400178.8968892674
200999.99999999997,218843.85244216115
498999.9999999996,562297.4986696036
1290000.0000000007,1065411.4231472155
104500.00000000003,73293.55605800077
474999.99999999977,508390.5263057592
199499.99999999994,248341.12904601678
121000.00000000003,234751.22007476926
590000.0000000003,436271.8775211389
210000.0,234614.62454342545
158550.0000000001,142985.06345816923
294999.9999999998,400710.05811538576
158999.99999999997,166182.64589762647
40000.0,76447.72417345153
218999.99999999988,140813.1583785299
220500.00000000012,234196.95036346652
297000.0000000002,289908.65313779237
549000.0000000005,401708.6800912987
179500.00000000015,215868.37149554
461999.9999999998,390538.70422640064
599000.0,438266.2064673491
455000.0,470403.39815391664
160500.00000000003,140119.5754540543
1290000.0000000007,901609.6136688867
80000.0,150591.80830259237
299999.99999999977,228206.30802618215
365999.9999999997,324168.4077686099
53850.00000000001,93415.1705150588
259974.99999999983,301529.5285255953
498999.9999999996,499458.98368025373
231999.99999999997,179413.53422891858
375000.00000000006,261552.67302512523
567010.0000000002,583306.2896947959
310999.9999999999,221362.441482799
188999.99999999988,186234.74666429154
208000.00000000003,114395.55725244062
108499.99999999999,106634.27487755219
311500.0000000001,215747.19056132648
155000.00000000012,187022.1950434281
243800.0,154643.37585424964
497999.9999999996,511765.6898659546
233550.00000000017,228620.48075885288
414000.00000000023,427028.5545914571
237000.00000000003,294224.2904390247
140799.99999999997,113904.9286142816
449999.99999999994,386064.44938497146
221500.0000000002,256918.2120512091
240000.00000000003,258098.36338153982
86400.00000000007,110574.99517426579
289999.9999999999,270931.35811508546
239558.00000000015,191115.59479729462
76099.99999999996,104167.83777782867
225000.00000000015,150764.56678884526
433999.99999999965,413763.1421151891
649999.9999999995,718317.2644129263
96999.99999999999,103604.01308265346
255999.99999999985,250145.8197115018
997500.0000000007,893491.5649777338
294000.0000000001,309957.2494355127
395000.00000000035,402730.4524964975
294999.9999999998,276185.45117267105
725000.0000000006,547887.7684767391
139499.9999999999,149802.75337406487
82699.99999999994,95718.58667903022
535500.0000000001,266931.6230049685
288999.9999999999,254612.08274354498
425000.0000000002,471377.9415276505
178999.99999999994,249218.81555014852
548000.0,557931.7383948213
390000.00000000035,396677.4269349506
339999.99999999994,410159.7879979212
118274.99999999996,92419.56518123938
155000.00000000012,142467.06200051415
279000.0000000001,224454.57058192545
199000.0000000001,168202.9864352681
286000.00000000023,296148.30433765333
354999.9999999998,372515.9191207147
395000.00000000035,339137.0001509119
384000.00000000006,489101.37647626444
369999.99999999977,291727.807330066
134999.99999999997,146550.29396773857
165000.00000000015,210414.11872012418
1229999.9999999995,1250804.1600934463
255999.99999999985,258711.2520299245
484999.99999999965,374868.6698486737
395161.99999999965,319896.7140263911
379999.9999999999,434150.7031004011
336500.0000000001,355726.9676116067
297999.9999999998,212183.32046615946
139000.00000000003,175408.82239170506
199000.0000000001,255463.67872041574
105499.99999999993,134374.6285651031
315000.0000000002,333669.93940822146
170000.00000000012,151603.87655573868
659999.9999999995,765666.0379479332
270000.00000000006,287236.55443680123
209799.99999999994,184223.0128410225
171999.99999999988,212941.2184081731
275000.0000000002,251831.64343682147
312000.0000000001,277946.80278730486
480000.00000000006,569054.2628259958
152999.9999999999,168525.3775029158
170000.00000000012,249576.7007551306
129599.99999999994,94774.82192726682
372999.9999999999,408027.9078344872
435000.0,410936.8454535735
112350.00000000004,193964.97727894477
463000.0000000004,404862.06515251746
430000.00000000023,208615.06888070112
1140000.0000000002,807593.180349618
192399.9999999999,138396.41622354
86000.00000000001,153872.81768334078
75000.00000000004,101816.35045803708
229950.00000000003,205062.58656482495
169900.00000000003,137805.06617773103
272900.00000000006,529807.168115112
560000.0000000003,282947.34123471635
700000.0000000006,487172.8672633746
194500.0,226076.89974174622
449999.99999999994,353126.09868595743
719999.9999999995,783825.6296721208
420000.0,288459.3292953579
267500.00000000006,281535.2117969248
175000.00000000012,221575.53491617113
385000.00000000023,426237.7258120636
249000.00000000006,196972.54965943008
199000.0000000001,202772.74858111725
93999.99999999997,184942.89545309625
138000.00000000006,111863.36635586708
262500.00000000023,217026.12771852253
99000.00000000004,99564.09064413901
228000.00000000003,223403.10302941082
240000.00000000003,298109.9833639675
498200.0000000002,313285.58516328206
91840.00000000004,106200.94513504046
58000.00000000003,78541.8369003743
187000.00000000012,149935.09969037006
229000.00000000006,211817.1974481074
289999.9999999999,346750.7925608928
884999.9999999998,1043961.2902051855
940000.0000000006,885098.6084579612
239000.00000000003,233963.92699038316
1155000.0000000005,910049.5012477831
229000.00000000006,387909.2725426275
820000.0000000005,444377.58464061277
44999.999999999985,107270.58425457099
168500.0,477383.1877366589
134999.99999999997,147511.5201300962
178999.99999999994,198945.2093762846
240000.00000000003,276079.1509365505
124999.9999999999,128916.47814027232
258000.00000000015,268050.52282139164
530400.0000000005,516528.10950859654
269000.0,302189.57796989335
280000.0,337890.08569262124
296500.0000000002,270735.2504394685
48000.00000000004,72234.57624855493
128790.00000000006,114875.42034790514
116399.9999999999,141441.05888184218
339999.99999999994,285399.2885940786
273999.99999999994,225065.1206253223
270000.00000000006,447041.08349176316
99000.00000000004,121454.98075297673
157999.99999999997,173187.12217433765
1260000.0,443159.1914586997
250999.99999999988,194058.7401875924
265000.00000000006,380021.1978076
395999.9999999999,405960.66470207594
604999.9999999998,466816.5544683126
109999.99999999991,166187.23779136353
472500.00000000035,256575.1049276683
329000.0000000003,303994.04731433466
273999.99999999994,229110.1099228337
397999.99999999977,638629.6961547532
319000.0,479612.94449907227
261000.00000000012,237168.7440309753
749999.9999999998,727538.450068282
334000.0000000002,295446.8310929636
239177.0000000002,248576.45478516465
170000.00000000012,206791.81306350665
236249.9999999999,263808.2461840363
259000.0,266965.8405303388
149000.0,177029.74383894072
244900.00000000015,282726.7115031052
237000.00000000003,230310.98359254838
162000.00000000012,124385.4693631196
183500.00000000006,143152.50588084458
236199.99999999985,195271.95413296155
146999.99999999988,117394.68868234399
148000.00000000015,253434.49380588782
142249.99999999988,175173.64975770927
365750.0000000001,303843.65746997943
349649.9999999997,396285.2542612051
210000.0,262736.81679250277
349999.9999999997,150890.37652735465
379600.0000000001,402249.8272545828
28999.999999999996,47403.53267913416
306999.99999999994,367022.9299416916
69499.99999999996,172734.86171722494
230000.0000000001,337536.3235071241
108000.00000000001,333587.31285854365
210000.0,279256.8792287725
259999.9999999998,155399.44924133166
173999.99999999997,147320.88336884178
729999.9999999998,618845.2638226895
230000.0000000001,151430.861088563
424998.99999999965,426265.4879729809
84000.00000000003,116684.52399028534
149000.0,276560.1534663212
112999.99999999993,124667.78449386012
297999.9999999998,119853.13491358959
169499.99999999985,218103.48437294536
299999.99999999977,303809.95177303
189500.0000000001,214143.1382765593
486999.9999999998,445417.1656763549
725000.0000000006,898794.610137453
139999.9999999999,136271.31189535567
327359.9999999998,360324.78935744555
199999.99999999997,232910.90632977834
531500.0000000005,370853.8931794825
163899.9999999999,178075.2096284532
230000.0000000001,204108.0884945234
123000.00000000009,175816.0185336033
129900.00000000012,122528.8546904889
395399.99999999994,341645.9907808155
249000.00000000006,251485.7250709529
223000.00000000003,233720.26031407315
1448999.9999999993,1313139.5262487864
244999.99999999997,187366.20223484756
355999.99999999994,380111.84094369144
332000.0,307428.7402370347
320000.00000000006,328789.27964098944
219429.00000000003,222467.22921603982
130999.99999999997,135353.86348964085
566500.0000000002,333750.45784989966
279000.0000000001,271406.95781569276
171999.99999999988,175426.9594581778
265999.9999999998,215719.71466909372
115590.00000000003,118605.5098457238
256799.99999999988,282598.83738684206
112000.00000000004,110022.38983842565
339999.99999999994,319326.37775969977
409000.0000000001,435106.244916488
915000.0000000002,551079.6961231264
940000.0000000006,825476.9081592526
181000.00000000006,238420.80190103207
615000.0,455227.3483119951
220500.00000000012,192298.94343492886
156999.99999999994,116772.86804618585
415000.00000000006,358325.15393168066
398999.99999999977,359104.54293782735
224000.0,265980.7547823728
198000.00000000006,221260.1630199736
297500.0000000002,308259.1473768935
605999.9999999994,186730.97064387554
829000.0000000002,700034.4054776719
229000.00000000006,211920.54060698152
305999.9999999998,369718.1973904701
233199.99999999994,229377.3088723487
163524.99999999985,210410.24017925217
790000.0000000003,640341.7774996355
169000.00000000012,119060.65040932661
362499.9999999997,329118.8151395914
995000.0,630319.8188526992
199999.99999999997,170229.8769427969
846000.0000000001,859330.7001878355
397999.99999999977,380427.57740017166
162000.00000000012,187295.20744795454
398999.99999999977,368526.4720524306
156000.0,245111.767550079
398240.00000000006,201136.69013088185
328000.0000000002,347726.7322742969
241039.99999999994,293370.80403622653
1080000.0000000002,881705.2163562428
1158000.0000000007,784094.0577392619
448000.0000000002,408321.3478000624
269000.0,236663.02213647345
173999.99999999997,230429.66105565394
149000.0,158420.33149558087
133000.00000000012,111819.35444347182
240000.00000000003,387031.33789340855
223599.99999999997,261659.4248460269
360000.0000000001,470498.59139647975
269025.0000000002,263991.56959174725
348149.99999999994,272775.76618354506
358200.0000000001,373712.7616097755
52000.000000000044,140423.13910352378
1193999.9999999998,718409.6451642672
407999.99999999965,178392.41253746845
160400.00000000015,213171.05323492768
309000.00000000006,280075.8611724711
136999.9999999999,152114.7717168053
349999.9999999997,514754.00283461314
144450.0,163112.5381308654
327000.0000000001,306720.9088260625
225999.9999999998,307264.65001556516
221999.99999999983,243873.0232382031
339200.00000000023,251339.8388681347
617999.9999999999,489800.449651805
337600.0000000003,221952.417899299
1630000.000000001,1326866.430092679
78850.00000000004,173592.75492323545
592800.0000000003,416298.92571862007
585000.0000000003,448299.34923861205
395999.9999999999,246793.87089172844
212799.9999999999,213984.8810797089
188100.00000000003,183602.4470388106
182000.00000000003,175748.40695021034
735000.0000000005,454357.3549026976
315000.0000000002,285166.4202001865
390999.99999999977,486717.31211207627
468999.9999999998,307581.5500518185
498999.9999999996,301525.8956168162
265000.00000000006,202020.86370630242
270000.00000000006,250457.27020156998
268927.9999999999,157575.78179604976
398999.99999999977,243607.54318282046
76000.0,150692.83511145483
499999.99999999977,393531.7847625708
167000.0000000001,222831.31552901605
348149.99999999994,358474.3767019623
108499.99999999999,155739.67826040415
203999.99999999985,181523.5852075798
49500.0,216144.79489963528
86000.00000000001,181988.24872283175
1370000.0000000007,922971.9392653074
167999.9999999999,194816.67759106186
820000.0000000005,432806.0188609946
460000.0000000002,416403.79776706407
974999.9999999999,905847.7714110771
210000.0,214790.92952564024
202999.9999999999,239910.00008593773
495000.0000000004,366339.34852255567
162999.99999999988,215756.0162564008
165850.0,86424.33943509696
620000.0000000005,620394.1824305631
265000.00000000006,226577.43018605784
225999.9999999998,216687.73743842926
221550.0,238638.16931582088
134999.99999999997,182895.90308669923
630000.0000000006,663443.2338098558
495599.99999999994,249724.2732717201
155149.99999999988,155971.53803815285
149000.0,196307.00339389034
349999.9999999997,303638.4653376117
895000.0000000007,337339.0415571516
501600.0000000002,405529.45436457085
191000.00000000015,237154.0140628664
929999.9999999993,709753.707880178
189999.9999999999,179312.622161779
89000.00000000004,153078.43104209195
379000.0000000002,219834.8163865761
481274.9999999998,510152.55056521454
621600.0000000001,572983.1205011995
435000.0,462116.47447105247
152000.00000000006,188178.6210934568
118000.00000000009,116055.53581968062
849900.0000000003,538102.9990931368
111599.99999999999,182194.63190318743
294999.9999999998,303084.9985787698
124899.99999999993,145018.71403546893
249000.00000000006,396762.77150956565
649900.0000000006,388883.7278839585
263000.0000000002,275762.9625331397
118000.00000000009,165184.72423903143
339900.00000000006,341920.3583006846
739999.9999999999,660856.1549004742
337000.0,302519.0172135064
1350000.0,1084788.8903338006
53599.99999999999,124562.69901373512
258000.00000000015,379579.6352183404
96500.00000000003,115801.24737114529
198000.00000000006,277768.23147147795
540000.0000000001,540981.7236557547
147629.99999999994,132298.05328994954
210999.99999999994,210615.90360694114
33999.99999999999,72317.34795877847
1525000.0000000005,922970.9790274561
105499.99999999993,159842.35698000723
264400.00000000006,268940.8671556754
280000.0,155724.1638657594
242000.00000000017,174887.66621065335
265000.00000000006,405384.80713896273
162999.99999999988,166173.45078155797
359000.00000000023,584175.3946810203
86000.00000000001,120872.937680034
210000.0,233057.37943499212
689999.9999999995,646508.6629617867
157560.00000000015,167627.30054368288
205999.99999999988,161979.18120240493
364999.99999999977,346708.87877071986
244600.00000000006,217020.02829493847
398999.99999999977,395930.44309764873
840000.0000000005,730173.4082469026
219999.99999999983,130417.76305154161
145899.99999999994,220683.52976578064
188999.99999999988,220005.63318360693
109000.0,128499.92984529429
180000.00000000003,184766.83413227327
420000.0,332924.12848334434
109000.0,99381.34570006945
441000.00000000006,359478.54259820154
1650000.0000000007,1227845.4198343996
799799.9999999994,781496.4677703512
1490000.0000000002,703024.1893930295
995000.0,1120930.363864421
549999.9999999998,417702.67307568446
600000.0000000003,424800.1110466645
357999.99999999977,292431.9826146976
240000.00000000003,218388.25953527042
420000.0,423949.66569669143
195300.00000000003,320985.3853493494
669000.0000000006,572807.174017636
191599.99999999994,199768.8654114085
349999.9999999997,259924.96138422377
444999.9999999997,357154.85501306335
81000.00000000007,118931.7046998328
125500.00000000006,134817.4122715657
158999.99999999997,197411.06244097796
373999.99999999977,503987.92885229475
157999.99999999997,220953.41621016597
196000.0000000001,216636.57617030267
100990.00000000003,221498.82050969626
379999.9999999999,329647.23521538806
288749.9999999999,284603.9669542402
214499.99999999985,163891.87393854707
227800.00000000006,189860.43895225658
823999.9999999994,819351.5690478813
206999.99999999994,396151.9428201844
95000.00000000001,128785.93234225064
176699.9999999999,150297.60678454125
230000.0000000001,240696.31958897627
467955.00000000023,469529.5881585354
339999.99999999994,314751.12739461596
219999.99999999983,291052.3217564066
114999.99999999991,174340.66638595297
653000.0000000001,579529.9551145969
157500.00000000006,247570.98756865613
155499.9999999999,212884.37295319178
129999.00000000006,111086.65749010946
330000.0000000001,315908.9678254276
1539999.9999999988,1237491.5930844846
495000.0000000004,554934.0545013353
379999.9999999999,254572.95530239906
109999.99999999991,143031.3026629254
484999.99999999965,525011.9251745947
244999.99999999997,460823.7127449728
185000.00000000006,202329.63379366195
376000.0000000003,314246.543651608
188999.99999999988,166809.851434578
615000.0,753186.4173407834
237000.00000000003,202924.39040532883
448999.99999999994,359720.6918744888
589000.0,551929.7811950413
231999.99999999997,177907.84253887914
169949.99999999988,232018.995349179
120000.00000000004,103603.87847332234
269000.0,251947.50377207212
258474.9999999999,291228.5597754954
594999.9999999997,424242.5564794095
439000.0000000001,578259.3382895744
187000.00000000012,197681.57052162624
139499.9999999999,151034.3171198661
398999.99999999977,510827.2596072259
839900.0,956375.997491664
334000.0000000002,334322.20816599263
1031000.0000000002,904376.0966573237
255000.0000000001,294618.3462718851
890000.0000000002,776879.64749937
474999.99999999977,534344.0986734277
787499.9999999994,845528.7557835729
291999.9999999998,223859.19174849213
369000.0000000001,243049.08742135833
415000.00000000006,417060.17987527855
99000.00000000004,247874.44049413138
288999.9999999999,306789.20530612057
199899.99999999997,270322.18783079076
768999.9999999997,557643.1787658315
178499.99999999985,185416.6032180781
283000.0000000001,262802.9432852864
177065.00000000015,196890.8639905284
334999.9999999998,299775.7158062579
1249999.999999999,821113.2437625322
729999.9999999998,585235.9993772962
501999.9999999998,476697.63182418153
416999.9999999998,356988.52670515754
225000.00000000015,190958.21738516973
148000.00000000015,165930.03344548322
195000.00000000006,268554.34802218
114999.99999999991,89365.13520404245
142000.0,203827.81974510552
739999.9999999999,620713.5918522996
271000.0000000002,303068.5839081958
188999.99999999988,184767.34572319678
719999.9999999995,612682.1872127171
225000.00000000015,191401.71324219837
326000.0,253542.6077333339
173800.00000000003,179678.72591648423
324999.9999999999,481770.1605518073
430499.99999999994,252285.35138707267
148000.00000000015,304890.49683900585
363964.9999999998,352303.09521356574
515000.00000000006,588243.0505972598
162999.99999999988,155510.4596060932
360000.0000000001,332595.35369018564
319000.0,382122.45887349814
214000.00000000017,197231.6160855879
570000.0000000001,403679.23766337073
186375.00000000015,143344.20724906833
530000.0000000003,571773.7144865398
178499.99999999985,201424.84434572505
337999.99999999977,307511.25638290646
575000.0000000001,1012264.1525450269
249366.0,310121.35319401725
275000.0000000002,317832.0777905236
1141400.0000000002,760915.6296905943
284999.99999999994,187452.28276475682
249999.9999999998,230763.81511597362
214000.00000000017,185056.04928508707
205000.0,220178.71774090512
183000.00000000012,208994.4828166379
540300.0000000003,442235.12291816785
218999.99999999988,202307.78193497186
1495000.000000001,698722.5736272485
55000.00000000004,81427.09193060019
1380000.0000000005,543559.6671004337
1350000.0,1047658.952718923
834000.0,257013.76188591283
318000.0,424445.9028089308
289999.9999999999,227186.1709182457
316999.9999999999,348312.1622502006
397999.99999999977,338636.0763850541
64800.000000000044,160919.458866771
308000.0000000001,182533.66275856327
179500.00000000015,103825.015705231
180000.00000000003,190941.81657338553
387999.9999999999,357635.4939415644
614595.9999999998,665834.274593419
748800.0000000003,468676.2882419748
149800.00000000003,129368.07882859025
415000.00000000006,523694.91801679065
729999.9999999998,794695.4984368079
339400.00000000023,337566.69286127813
314000.0,305906.5013900672
364000.00000000006,381808.3793119155
109499.99999999991,90462.21087582613
589000.0,651258.6753008543
73999.99999999997,91718.00699830314
192600.00000000017,357397.33661548665
155000.00000000012,161562.53211093484
241500.0,216725.84375480746
422000.00000000006,250805.61997099774
121000.00000000003,171907.4209580454
1179999.9999999993,1257958.3381359898
29999.99999999999,153281.49668334168
127899.99999999993,177665.35073440822
120000.00000000004,141651.19336272252
560000.0000000003,525227.3384228637
131249.99999999997,154952.32984927678
495000.0000000004,498156.03953369753
376000.0000000003,252938.32781344306
241860.00000000003,324327.69246530667
716000.0000000003,689311.1754675304
199000.0000000001,212506.2090940488
320000.00000000006,292104.80543486204
315000.0000000002,319864.80501243094
490000.0,224662.22155544697
969000.0000000008,536349.0424922628
235000.0,219790.0253165099
468000.0000000003,379615.2216204692
315000.0000000002,293113.5682306633
330000.0000000001,345069.716158723
213000.00000000015,296375.1087154184
509499.9999999998,548810.0875986739
191000.00000000015,236085.47603200094
1080000.0000000002,999649.945735141
64999.999999999956,77597.17701958331
227000.0,214015.87731777722
682499.9999999995,728824.6070318052
363120.00000000006,430973.35578904644
698999.9999999995,519371.11573929945
244950.00000000015,215428.95880711867
102000.00000000001,244319.46139150107
324999.9999999999,416776.771440301
255000.0000000001,295130.9624898016
93000.00000000007,108877.79292463252
490000.0,430550.08671422466
450999.99999999965,421916.1253900619
252000.0000000001,202702.61216181624
56000.000000000044,123111.04973515912
208999.99999999988,216140.3641132539
461999.9999999998,483510.5127065184
1260000.0,474715.11430311797
398999.99999999977,382242.3026435542
150000.00000000006,179799.4064887988
549000.0000000005,531306.9260946173
310000.0000000002,364161.6579358403
219999.99999999983,173896.16639086016
379000.0000000002,434728.05395946174
79000.00000000006,115969.48426248941
599899.9999999997,611890.5190837848
530000.0000000003,545583.5415024868
131999.9999999999,113256.20167575747
122499.99999999996,103872.17120028906
64999.999999999956,157822.72750629892
299000.00000000006,207030.40036347267
318556.0,250234.65946298273
208999.99999999988,183872.98901209893
320000.00000000006,239911.3246571924
348000.0000000002,320853.61030546133
384800.00000000023,314717.26861662784
240000.00000000003,391821.2804874656
230000.0000000001,198785.056870759
161000.00000000006,208627.27727897398
291000.00000000006,305139.7070026373
218999.99999999988,269668.0883912962
218999.99999999988,221426.63712359103
320000.00000000006,304673.57728258386
1525000.0000000005,1135573.5265329264
344999.9999999997,454823.41193736607
444999.9999999997,324767.80718236434
570000.0000000001,457246.0290134892
375000.00000000006,380768.9883299539
507000.0000000003,298193.7644660671
80000.0,91008.49110771698
235000.0,253651.89153147003
465000.00000000023,405266.59731136705
217999.99999999988,141082.56881286664
328000.0000000002,394510.5084949351
854999.9999999993,412290.5324214512
139999.9999999999,209948.04307917244
39500.00000000001,84951.79447248687
430000.00000000023,320464.48307309666
844999.9999999993,535363.496569771
478000.0000000002,479706.9004545516
130000.00000000009,132641.50836001977
103000.00000000001,118424.23948776853
104999.99999999997,95560.05428653749
241020.0000000001,284633.35591376177
664999.9999999995,679977.5501984042
56000.000000000044,151293.97505715326
620000.0000000005,547814.4927172883
590000.0000000003,508642.35111436644
171199.99999999985,143552.1432098792
146999.99999999988,125659.71494943346
87999.99999999996,98716.12293733159
598500.0,436796.24591760035
599000.0,708268.3243222733
225000.00000000015,206394.80645863552
291999.9999999998,302847.8047787814
339999.99999999994,396153.7903547148
146999.99999999988,215864.43726642206
579999.9999999997,471764.073000887
840000.0000000005,351621.61299968517
244999.99999999997,250183.08604698206
328599.99999999977,176919.68763706248
334999.9999999998,348569.59501563996
463000.0000000004,536169.0712593953
371500.0000000003,333427.4283543043
64999.999999999956,182002.17107585454
455000.0,467374.0408989414
212000.00000000017,195582.59906539277
448999.99999999994,435675.42580267735
219900.00000000015,238081.5136287007
109999.99999999991,137911.13022419185
294999.9999999998,255301.79232085793
218999.99999999988,218533.420693358
969999.9999999999,849255.299820403
244999.99999999997,272491.81575601106
208999.99999999988,153259.22544152846
183749.99999999994,111956.92906121889
167999.9999999999,147310.08218324636
174900.00000000006,158847.0848225622
221999.99999999983,406451.17409180885
108000.00000000001,90129.05734696685
214000.00000000017,228458.69644280736
330000.0000000001,385123.67484152794
199000.0000000001,148731.49568481845
230000.0000000001,233677.95060603655
341087.00000000023,363533.700199524
180000.00000000003,130167.787512427
76199.99999999994,129614.59396139703
315000.0000000002,329988.22069392545
409999.9999999997,310950.44283521915
158999.99999999997,194511.16051519988
356999.99999999994,403004.9110069349
215000.0,202131.8838973844
173750.0,170014.70057373657
269000.0,232611.6524470632
785000.0000000006,1035287.5867365429
291436.0000000001,386235.99535643595
314900.0000000001,280619.7028977271
820000.0000000005,637937.7810254811
240000.00000000003,297090.5581844561
291999.9999999998,131542.2222749109
159999.99999999997,163704.96122489238
133000.00000000012,109454.8135007032
299000.00000000006,326462.9335757857
75500.00000000006,154961.30146943725
630000.0000000006,616195.5318248505
579999.9999999997,627825.3370045167
100000.00000000004,155542.24414281832
64999.999999999956,129565.94844430698
275000.0000000002,230089.51500087132
139499.9999999999,166888.6154176105
239000.00000000003,238599.16029097224
339999.99999999994,299383.73015265143
162500.00000000012,139065.00395347035
269359.9999999999,217267.68532412723
267999.99999999977,270420.23641173687
270000.00000000006,270992.60121404426
64999.999999999956,152064.90230168268
254000.0000000002,244019.00880009713
112000.00000000004,210142.49005603482
477000.00000000006,425107.5824546445
418999.9999999998,355388.6380444454
229000.00000000006,188975.94840925382
379999.9999999999,141881.31208308355
780000.0000000001,859329.2731533039
225000.00000000015,253301.91206647592
95000.00000000001,110122.4567191634
239000.00000000003,241997.85575216808
275000.0000000002,244166.4380320509
362000.0,286366.75474544463
230000.0000000001,193608.43558951825
620999.9999999997,527649.418608654
349999.9999999997,196154.19641397853
270000.00000000006,416641.65119583934
249999.9999999998,183326.19544248108
380999.99999999977,268867.64774090063
93999.99999999997,121058.99612077307
850000.0000000005,506235.09382455004
342000.0000000002,264876.0115607337
129000.0000000001,141829.40538928553
299599.99999999977,264797.54045178747
794999.9999999998,790985.165410702
398999.99999999977,621244.7118035243
352000.0000000003,360323.0319030061
63999.99999999997,168383.36553284564
446999.9999999999,504852.7735383098
1049000.0000000007,720609.3486406021
649999.9999999995,648631.0136963058
244999.99999999997,244588.10683019724
142000.0,184472.57404600797
310000.0000000002,355091.9021848995
161000.00000000006,179500.63990734954
186699.99999999983,240700.26014067244
249000.00000000006,284362.7709683472
474999.99999999977,659208.7736920802
359000.00000000023,397389.3536040706
178383.00000000003,176164.0964539192
230000.0000000001,195949.44790585217
73200.00000000001,96149.52078612664
325500.0000000002,306931.6980335225
377999.99999999994,263594.2379609181
229000.00000000006,244820.4761977972
29799.999999999975,128025.04138141316
259999.9999999998,350026.25212243514
95000.00000000001,130413.41537448957
479000.00000000035,402884.21403437806
826999.9999999995,691226.4421776315
284999.99999999994,509876.4737006645
228000.00000000003,253533.69802081957
155000.00000000012,176327.38574318995
371999.9999999998,326986.7912624648
32999.99999999999,70372.9856196974
798999.9999999997,496132.5316957705
794999.9999999998,772842.4198867803
449999.99999999994,510852.0980387688
293000.0000000001,271912.39591723576
143000.0000000001,94698.47393872787
297999.9999999998,343861.14290260954
397999.99999999977,631382.754800444
452999.99999999977,485395.8309354947
379999.9999999999,415081.9575556671
180000.00000000003,176721.6902810246
960000.0000000006,604938.457166067
235000.0,232884.8888406228
435000.0,237654.71018599183
479000.00000000035,419588.81446594803
55000.00000000004,249168.73094129105
143000.0000000001,254052.23368317256
36699.99999999997,80497.8848668372
544999.9999999997,358310.6923820412
1237113.000000001,512413.44888968574
469999.9999999998,710914.5841197495
320000.00000000006,374106.68305335025
255000.0000000001,300957.5089951413
156999.99999999994,130752.38915015744
617000.0,520003.9382342053
568999.9999999995,448375.1894070316
204899.99999999985,203556.33197257202
339999.99999999994,293953.96349122375
146299.99999999994,183094.05442110062
219999.99999999983,222909.43054529157
134500.00000000006,160396.46089699387
649999.9999999995,819269.7455447885
281999.99999999994,266235.552800208
231000.0000000001,299762.20742594544
188999.99999999988,175870.36492646163
395999.9999999999,456951.33551328746
258474.9999999999,292678.6937343248
330000.0000000001,390065.21891686856
178999.99999999994,231300.34725726687
201600.00000000012,247851.71458879852
244999.99999999997,275485.0306802079
349029.9999999997,354621.10785635235
189500.0000000001,217681.78526787873
369999.99999999977,645206.2903397053
180000.00000000003,181366.88983677357
158499.99999999997,113115.82998771919
354999.9999999998,537884.0273696438
360000.0000000001,297639.49774644215
145000.00000000012,92567.88491411901
390350.00000000023,291733.394023987
218999.99999999988,157110.05251487048
129000.0000000001,172400.62549657794
455000.0,445963.0841280719
435999.99999999965,470232.84455952665
126999.99999999991,147585.12858174852
79899.99999999997,142138.41587555374
138000.00000000006,222552.7873622243
195000.00000000006,163812.079101951
90500.00000000001,97052.7044397161
420000.0,505115.4771323125
448999.99999999994,337495.12501850026
323999.9999999999,262396.29859154066
249000.00000000006,196669.23293255738
345840.0000000002,239017.0444733005
276999.9999999998,174247.4914597178
169000.00000000012,282455.20805577456
344999.9999999997,297104.2385679321
474999.99999999977,414883.0627676569
50000.000000000015,95595.92074539886
468999.9999999998,830087.9676021695
499199.99999999994,542076.1119265523
398999.99999999977,269453.15914754197
218999.99999999988,199499.81412814595
465000.00000000023,202180.31108934202
659999.9999999995,619411.2357747919
465000.00000000023,356362.647591805
235000.0,239339.97946438074
189999.9999999999,164545.05196402274
139999.9999999999,146359.01507051382
147289.99999999988,145220.40774677315
418999.9999999998,327679.5766905374
169000.00000000012,154398.48649247372
579999.9999999997,531155.8288594806
116000.0000000001,138752.7602128671
289999.9999999999,253329.05047825983
594595.9999999998,635698.0600709361
249999.9999999998,209784.3533506269
99000.00000000004,144555.75321511686
339000.00000000023,309074.1356110943
178999.99999999994,179425.29033736343
304999.99999999977,302510.48505335214
139999.9999999999,105162.1930630315
330000.0000000001,348553.2226674033
129000.0000000001,146992.2354047939
444999.9999999997,549157.0448197082
108099.99999999997,155678.52500956383
1050000.0000000007,1032594.2394300948
134999.99999999997,120620.71355717866
120000.00000000004,132114.5357558208
295999.99999999977,130899.25679067953
265069.00000000006,190252.3260572344
196699.99999999994,194454.32257931805
138000.00000000006,105928.43644739264
418999.9999999998,290240.41748868267
210000.0,122813.20659570425
140999.99999999994,145234.98703527122
304999.99999999977,169154.20344122566
80000.0,107330.36496447788
62999.99999999995,154021.68955027682
225000.00000000015,282188.81192692084
345500.00000000023,267480.88414684444
93999.99999999997,100688.00989039488
170660.00000000003,255683.4590881416
899999.9999999995,627192.651254881
379000.0000000002,464580.22508998675
334000.0000000002,384885.2229710264
82000.0,118432.99376954357
249000.00000000006,335076.38666304766
124999.9999999999,152164.64308961554
240000.00000000003,213833.25048742362
76999.99999999997,106619.32705062022
597939.9999999999,572611.8412542253
845359.9999999997,641003.1691939579
1279999.9999999988,1254379.581167419
689900.0,942908.898278629
418999.9999999998,336700.70898485783
171999.99999999988,201064.68384352027
130000.00000000009,279464.3522262049
188000.00000000012,266895.7222686227
539000.0000000001,554003.7683181665
632000.0,577057.0384900277
199000.0000000001,298548.65903553093
326000.0,446325.62486327125
177500.00000000015,121299.77574170803
367500.0000000003,342506.79639902996
174900.00000000006,227968.1366237423
310000.0000000002,280054.0324372296
448999.99999999994,295593.06328787014
435999.99999999965,435740.72541082645
199499.99999999994,278082.4874206022
129000.0000000001,160050.45459282302
1445000.0000000012,1297821.0592866975
202999.9999999999,234806.72745260294
95999.99999999996,144993.88590689184
520000.0,264311.5130569699
180000.00000000003,183996.0022190472
304000.00000000023,319842.4933869833
64200.00000000003,98593.89501190402
299999.99999999977,373774.12696213514
125699.99999999991,226158.01524953218
466400.00000000035,291512.69646574324
284000.00000000023,268475.9419449548
187440.00000000017,124685.30491195884
382999.9999999997,522032.13716530724
122000.00000000003,188509.5090691044
225000.00000000015,249295.84424284226
148000.00000000015,189471.31519352563
312000.0000000001,337788.55246985867
329000.0000000003,311693.51438394265
280000.0,400922.7801546156
147279.00000000012,220781.22688737352
344510.0000000003,293730.21077857114
695000.0,784212.7406883347
238000.0,257497.16515645958
1099999.9999999998,797416.1127085981
219989.99999999988,292993.17228193564
276000.0000000002,290316.60922596994
172999.9999999999,212471.763104684
698999.9999999995,576815.9817529017
416000.0,401917.0743660734
155000.00000000012,215733.09257590704
339999.99999999994,445129.2541058871
227499.99999999997,276688.0645488903
159499.9999999999,219787.30328905644
344999.9999999997,386747.2430558018
644000.0000000003,628030.1614947688
299000.00000000006,215454.8338908439
170000.00000000012,153418.03697274305
1680000.0000000005,1153542.3972885183
224000.0,210299.16510149505
336000.00000000006,347547.69632002845
299000.00000000006,244263.81554335923
87999.99999999996,115456.5659699986
32999.99999999999,76508.66593872523
450999.99999999965,427678.1345880997
249000.00000000006,225608.32370832004
237000.00000000003,296256.0865556866
159574.0000000001,136733.22492385097
435000.0,287650.8270152226
133999.9999999999,169078.30458821342
195000.00000000006,241358.5145058749
292320.0000000002,316299.675209892
989999.9999999992,1215093.6225255874
100000.00000000004,146915.3985301432
175000.00000000012,197639.63683084122
176400.0,180296.22709234944
182000.00000000003,175783.76606159896
265000.00000000006,197661.87918103143
999999.9999999997,534373.8570631156
185000.00000000006,212989.52049626148
168500.0,242005.82695855317
689999.9999999995,876756.5551830445
281999.99999999994,272938.5994108913
189999.9999999999,254197.03867932223
175000.00000000012,215182.41833430994
447200.00000000035,367995.3594941496
173999.99999999997,112683.58915127764
153500.0,156097.0170812186
499800.0000000004,512974.63098446815
162000.00000000012,171054.73475785108
267999.99999999977,210737.17304192117
163799.99999999997,117958.24464908079
465000.00000000023,401762.74294246815
311500.0000000001,256187.95977631756
789000.0000000007,799027.0257130971
219999.99999999983,223449.55037410228
184000.00000000015,112862.9061620751
146999.99999999988,141062.7630021198
332999.99999999977,383268.109491213
709199.9999999995,456584.10612543597
1050000.0000000007,754240.1025217037
129099.99999999994,162984.79086208827
133999.9999999999,223121.89313309194
187000.00000000012,132020.7220862487
1150000.0000000005,714095.6204929865
267999.99999999977,164423.2201597298
718999.9999999999,714732.6933779025
185000.00000000006,194989.50500271292
544999.9999999997,729766.8581278801
167200.00000000003,204295.99459204977
240000.00000000003,201139.28574317342
435000.0,468740.90036534047
334999.9999999998,335128.44998108584
519950.00000000023,476288.7326476634
615000.0,388944.2688735355
299000.00000000006,261824.4787818502
933999.9999999997,732055.2035526215
96299.99999999997,233955.54637623948
244999.99999999997,252320.02547358407
210000.0,341275.7409779573
430000.00000000023,184342.17250901303
398999.99999999977,373431.2149870322
549000.0000000005,336621.9738708627
271000.0000000002,227235.32659862278
139950.0000000001,189988.68108463936
570000.0000000001,522807.67587644677
253000.0000000001,203510.74458399345
167999.9999999999,219595.35397901127
169000.00000000012,146278.60470284199
176000.00000000006,191850.05147411153
125199.99999999994,194393.24984781252
549000.0000000005,428533.9393889308
72500.0,116847.42861904843
334000.0000000002,321272.6568289251
243000.00000000003,222958.2269158085
1150000.0000000005,896790.5661029563
714999.9999999995,482212.9127819597
180000.00000000003,185357.2614525914
344999.9999999997,294834.48999146465
98399.99999999996,134022.68802743885
560000.0000000003,333220.60309150134
195749.99999999994,164476.92341720723
177199.99999999985,418547.62959474564
620000.0000000005,834171.818293548
239000.00000000003,283326.63082972175
129000.0000000001,316999.2584857912
310000.0000000002,300522.9294009575
98000.00000000003,201066.51858363362
94300.00000000003,107319.54971259536
578000.0000000005,1117240.9516109955
54899.99999999996,94190.01301153665
159499.9999999999,195085.27590636464
92000.00000000007,195570.50635861314
578000.0000000005,439384.76935171644
320000.00000000006,396162.55773204984
369999.99999999977,353480.1561359592
369999.99999999977,340221.9723959212
67999.99999999999,97247.70054457
138499.9999999999,186436.08765155773
324999.9999999999,239710.94914614793
281999.99999999994,329809.3547413696
231999.99999999997,225582.88618434392
249999.9999999998,247707.4326518285
460000.0000000002,340913.0095826448
158999.99999999997,130613.31455451206
29899.999999999996,75898.26140298154
689000.0000000006,581495.7326269306
196000.0000000001,183190.50688699604
418999.9999999998,549237.6218122295
1160000.0000000002,683838.9386604242
95999.99999999996,221009.90451645255
125999.99999999993,105276.37015938119
230000.0000000001,275620.4850059027
320000.00000000006,299191.32821422257
205999.99999999988,223245.29971853702
234998.99999999994,247401.31602670858
341000.0000000002,251711.4164071374
416999.9999999998,453614.0566271683
249000.00000000006,369902.7351196314
166384.00000000006,144174.20694361124
134999.99999999997,145126.46768509506
348999.99999999994,365163.9847480791
263000.0000000002,281634.4764086465
112000.00000000004,109671.55573825612
1098999.9999999993,1053512.1428567013
123000.00000000009,141861.4363790195
460000.0000000002,466572.22774975986
260899.99999999997,225233.781615234
692000.0000000001,520359.3409142268
365999.9999999997,337725.9139698991
259999.9999999998,375827.1176883003
89650.00000000006,112959.02252902357
749999.9999999998,706558.8991798232
224000.0,300620.34300398215
139999.9999999999,121203.65501273645
129000.0000000001,208491.00936936378
112999.99999999993,201748.2478483551
199999.99999999997,216551.26029654182
79800.00000000004,136397.7792201345
134489.9999999999,114323.61034449027
249990.00000000006,259813.05031221538
794999.9999999998,862809.5028009078
480000.00000000006,337251.44663995964
189999.9999999999,139797.4067272931
422000.00000000006,478297.75424018194
169000.00000000012,220797.58660828625
628999.9999999997,432067.2045384405
98000.00000000003,96963.9687126193
568999.9999999995,638074.501728924
429900.0000000001,402823.1372166771
288999.9999999999,363388.8926359629
649999.9999999995,704412.7008232627
188899.99999999988,212397.935525903
278000.0000000002,326331.0310213783
395000.00000000035,411570.62047181785
346500.0000000003,500317.51129577745
296500.0000000002,176735.3529279335
575000.0000000001,536135.628397993
344999.9999999997,270187.05720288964
138000.00000000006,138985.60737673068
133999.9999999999,159277.4034472099
449634.00000000035,298555.024500371
950000.0000000008,608894.4867723063
820999.9999999998,647598.9275087141
218999.99999999988,167791.24489073825
414000.00000000023,404203.7585753193
430000.00000000023,497616.1561495503
463000.0000000004,422322.9413633376
479000.00000000035,482990.6209370685
365999.9999999997,345488.5817829852
158999.99999999997,265805.2627683883
649999.9999999995,532012.9842296451
217999.99999999988,160894.2568202698
188000.00000000012,256521.69608911595
369000.0000000001,256285.50823177214
296700.0000000001,211839.4021736923
395069.99999999994,188442.13374153068
262500.00000000023,214420.0752519925
299900.0,334545.5180473549
1290000.0000000007,845673.2166172283
255999.99999999985,133144.00742023668
913999.9999999998,615875.1676419429
1282000.0000000005,696482.4355974876
369999.99999999977,289120.91876824986
228000.00000000003,233061.28637100614
320000.00000000006,328351.7057603139
344999.9999999997,375883.42558455066
619000.0000000003,509722.08038410655
65900.00000000003,130879.51436582551
247000.00000000006,232769.30614278346
139499.9999999999,146934.03270368933
376000.0000000003,310549.80871455837
258474.9999999999,291960.3103076041
513999.9999999996,278448.15375508403
387999.9999999999,294444.79665690864
100099.99999999994,143494.548372205
109724.9999999999,132741.96383499238
729999.9999999998,483416.02268835297
490000.0,424057.1688469936
468000.0000000003,485170.22186152264
265000.00000000006,257739.3247362035
159999.99999999997,216236.6140500285
999500.0000000003,308955.3559366872
385000.00000000023,364542.3730230428
142000.0,169687.76087416636
84999.99999999996,196177.89757082122
233999.9999999999,297176.47564845474
171999.99999999988,140778.64728475906
466000.0,457817.61157648696
549000.0000000005,468788.78236145753
91500.00000000007,118811.9831291048
330000.0000000001,176000.43944523172
249000.00000000006,232586.92265290208
537999.9999999998,791164.7056203405
379600.0000000001,258862.13248347776
110500.00000000001,143245.92856486564
76999.99999999997,97630.79662160699
291999.9999999998,167632.483264612
228000.00000000003,208950.58447629318
80660.00000000006,135344.17111226683
339000.00000000023,275536.87855368777
515000.00000000006,571164.722429282
254000.0000000002,218464.65109389278
49000.00000000002,124115.32459226907
219999.99999999983,289695.7453632184
139000.00000000003,152191.25950856064
215999.99999999985,193487.13979254127
101000.00000000003,198233.89726803754
285500.0,295524.6806746363
259000.0,154792.95748161053
210999.99999999994,227916.90309589717
257600.00000000012,246491.58118979077
1284999.999999999,630822.3947504701
180000.00000000003,212133.57982427216
628999.9999999997,302905.7299371868
357500.0000000001,223498.38793492658
209048.00000000012,251078.13684708378
58999.99999999997,97413.58067080865
221999.99999999983,213854.79545613294
315000.0000000002,290875.2053372505
497999.9999999996,376687.9041770329
697000.0,651274.6699477582
244999.99999999997,280358.7245316766
68999.99999999997,99166.04290116309
279000.0000000001,309795.95388969546
155000.00000000012,139928.39552576042
129599.99999999994,129049.55087900997
169000.00000000012,194116.55732265726
578000.0000000005,424350.884966931
267000.0,215529.35041459996
315000.0000000002,403556.8888898473
271999.9999999999,269529.8098890992
142000.0,146151.32514787916
299499.99999999977,289878.4731534167
379800.0,301573.9333297842
284999.99999999994,204326.846987301
741599.9999999995,701598.5813310213
420000.0,519875.39107729564
112000.00000000004,151063.554468391
348999.99999999994,365906.2215729973
520000.0,439957.95965535106
425000.0000000002,447743.4742081762
67999.99999999999,94470.539227715
40000.0,81552.13145318688
77999.99999999994,83464.37423444143
796899.9999999998,756023.0654587415
242000.00000000017,226208.64643108367
233999.9999999999,258478.4332748883
70999.99999999994,104975.98155774934
360000.0000000001,305325.3934828369
195000.00000000006,198191.61779416192
291000.00000000006,248499.9496010829
158999.99999999997,174052.55571886757
414000.00000000023,328113.03007789905
73999.99999999997,91465.00857851471
54000.00000000001,198986.38500127546
188500.00000000003,178389.72478446027
190799.99999999994,223236.19705219928
299000.00000000006,334107.4232880637
324999.9999999999,185421.09024103952
390000.00000000035,251291.85832210133
181000.00000000006,236074.8816852999
299000.00000000006,276311.2145366217
145000.00000000012,78770.35290399045
430000.00000000023,463022.37168368686
334999.9999999998,380685.739051055
202999.9999999999,259472.39843114125
261999.99999999994,177306.1394413387
698999.9999999995,682109.8208140493
258000.00000000015,259954.47588296563
1400000.0000000007,531247.804835612
780000.0000000001,682753.7459060517
382000.0000000002,453542.97018036305
349999.9999999997,225362.2457915814
172999.9999999999,162641.91078565354
96999.99999999999,92132.1168727516
415000.00000000006,499669.350556716
356999.99999999994,364759.59874318604
224000.0,359197.5530580544
409999.9999999997,555361.4958163003
159975.00000000006,152004.40593105246
283500.0000000002,172381.5409023035
302999.9999999998,233847.60786826743
332800.00000000023,271333.3347940367
299900.0,253914.44937338438
128399.9999999999,124820.96972470755
397999.99999999977,358403.0952277508
630000.0000000006,364149.1097603504
64999.999999999956,223447.450415442
148000.00000000015,134009.48966260534
205000.0,225281.4624372499
889000.0000000006,840187.6876490251
239000.00000000003,236196.39650974364
170000.00000000012,281724.0745454353
84989.99999999993,86043.9725949942
327000.0000000001,311870.25524145784
219999.99999999983,211945.05194274537
356999.99999999994,428793.51596214797
478399.99999999965,375294.4854074311
146999.99999999988,142018.24509342152
299999.99999999977,300570.77723612206
627500.0000000001,550711.4351058141
265000.00000000006,251422.15534516404
28900.0,90862.33890591
395000.00000000035,271989.2062371594
146999.99999999988,134851.74953847795
180000.00000000003,215451.38955688852
371999.9999999998,328527.2491681349
169000.00000000012,198225.10862396556
389000.00000000035,468946.3225491038
310999.9999999999,472424.4207582041
199499.99999999994,143754.29862277454
172499.99999999985,181717.89728295855
217999.99999999988,198038.79349423936
280000.0,260227.6360926301
208999.99999999988,169166.51667587974
214000.00000000017,189069.0550355756
261999.99999999994,200229.75698179883
106499.99999999996,93691.96676058185
229499.99999999997,278354.08918996574
794999.9999999998,607635.046888906
174499.99999999994,203457.1980031229
348499.9999999998,252611.26218636916
123000.00000000009,127278.32688691774
371999.9999999998,376684.4095246447
337579.99999999994,310188.5843844818
288999.9999999999,192710.49688327248
258474.9999999999,292451.3111504395
343999.99999999977,373637.4496260862
253199.9999999999,276376.03886827466
238000.0,343844.13579632004
180200.0,191262.17117867072
359000.00000000023,334945.0059997812
349999.9999999997,350275.91249477136
219999.99999999983,139109.70816640824
299000.00000000006,216349.58722687655
254000.0000000002,248741.2729514339
270000.00000000006,207208.89185153463
498999.9999999996,499104.9478642893
1095000.0000000005,623493.8830321563
621051.9999999998,400411.3153115612
759999.9999999999,706436.4700999083
178999.99999999994,114388.65045815147
161120.00000000012,299614.8786462161
625000.0000000002,501867.4631070161
145999.99999999997,144984.45376927397
716999.9999999997,423623.0610771696
182000.00000000003,167695.37039640005
880000.0,936395.2762537515
210000.0,269958.6378679044
394900.0000000002,239496.8629517726
385602.99999999994,311295.7139215715
133999.9999999999,121828.33846884294
349999.9999999997,314835.69352034567
347000.00000000023,344881.0703271633
381442.99999999994,351133.6662063935
529900.0,392295.26356262655
389000.00000000035,329564.858984639
561059.9999999997,475610.1693786985
188999.99999999988,218774.15169869698
379999.9999999999,293587.8825255174
89000.00000000004,94394.94300548082
95000.00000000001,92335.28200692691
299000.00000000006,286056.0166184576
237000.00000000003,212854.01337462664
249999.9999999998,96011.54226478512
198000.00000000006,195673.56513178587
149000.0,347302.8730359631
430000.00000000023,270819.7022277314
146999.99999999988,147773.0137469834
364999.99999999977,176884.27491327087
96999.99999999999,182569.38558054186
129900.00000000012,95896.53887817315
438000.00000000035,469743.9525586625
291999.9999999998,313611.435986898
205000.0,263064.60482787393
291999.9999999998,361875.57271474163
281000.0000000001,169816.5698429145
274499.99999999994,251250.4635902218
257000.00000000015,268937.4830125402
267999.99999999977,231854.67889754253
1295000.0000000007,834198.7320234104
180000.00000000003,222174.03918907265
171199.99999999985,113632.51968489496
1350000.0,962157.1970683531
157999.99999999997,141681.8385413526
294999.9999999998,229127.24807244973
144499.99999999994,263617.7529279006
259999.9999999998,225638.9015076047
336000.00000000006,335809.7258882124
64989.99999999999,88627.30797286997
213000.00000000015,395552.92130307935
1314999.9999999998,822585.6856034376
1179199.999999999,716201.9205964012
152000.00000000006,245791.1823546789
188999.99999999988,170290.95850015807
249000.00000000006,347675.10264588887
449900.00000000035,212846.4827777804
71999.99999999996,104303.73692539043
698999.9999999995,513373.156940166
1099999.9999999998,779663.2983330202
486900.0000000002,434346.28729960625
189999.9999999999,227753.93269456647
287000.0000000001,302735.8123515425
93000.00000000007,78692.89223781698
394000.0000000002,278891.23453106306
1247999.9999999995,616487.9459789353
379000.0000000002,383829.7806189149
254400.00000000006,277562.6535394553
87999.99999999996,98123.14303199366
357999.99999999977,501962.1826789126
473000.00000000006,648857.1888156661
475999.9999999996,478129.6513684796
398999.99999999977,378807.91858890554
224000.0,263534.6551828279
585000.0000000003,680439.4383443899
619000.0000000003,346807.78804516414
840000.0000000005,489425.3157988361
149800.00000000003,153506.7089885303
448000.0000000002,346822.5061899373
103305.00000000006,123964.06154338816
170000.00000000012,122321.10127667757
89000.00000000004,110409.75351975777
150000.00000000006,167989.7184846742
214000.00000000017,175460.72996483627
714900.0,541651.632711411
263000.0000000002,231329.72470525352
218999.99999999988,239522.55747518913
87799.99999999994,167260.01159966568
398999.99999999977,296504.6602515439
570000.0000000001,521610.3242528142
284999.99999999994,232401.82014487608
798999.9999999997,687660.1691973908
449999.99999999994,435721.99984028254
333760.00000000023,243606.9277750836
239000.00000000003,280861.3490741338
233999.9999999999,175421.20849230984
142000.0,140688.04760800154
208999.99999999988,189755.18918289314
368000.00000000023,350232.7963299075
224000.0,254040.25211418734
299000.00000000006,231715.42990689503
568000.0000000001,388031.30127308756
193499.99999999985,245861.10332954864
129300.00000000006,112374.76128144261
253000.0000000001,196170.91208335318
71999.99999999996,88700.21837181017
1590000.000000001,1136539.354911444
249000.00000000006,215345.56193177923
520000.0,398283.57432919793
329000.0000000003,243330.88382820177
221999.99999999983,233386.1995103563
109999.99999999991,125419.95640728118
272999.9999999998,353944.93351517036
95999.99999999996,234462.26430348353
375000.00000000006,399873.5598478723
549000.0000000005,661265.6298098294
244999.99999999997,296324.1830973644
139099.99999999997,227693.5367891822
360000.0000000001,262523.6346190699
249999.9999999998,197839.99857943875
319000.0,390641.7606845249
267000.0,276885.77942730585
267999.99999999977,295759.4661614186
992000.0000000005,634600.8391439298
299000.00000000006,250896.54671488478
188999.99999999988,234341.42341994392
356999.99999999994,306434.9229722121
134999.99999999997,153196.0594422109
420000.0,369333.1642497951
195000.00000000006,195457.4777617408
278000.0000000002,286765.7878822395
420000.0,333598.11952915124
144450.0,148813.21772040418
711000.0000000001,518526.64262009674
225999.9999999998,193670.47362342157
284849.9999999999,225419.99594954422
364999.99999999977,371196.39399818867
570000.0000000001,584760.7298237168
265000.00000000006,241695.09758950095
239000.00000000003,192118.34821061057
383433.00000000006,282001.5426266888
517999.9999999999,318357.5520594313
210000.0,229091.4259834456
85100.0,97083.50340500203
925000.0000000007,827243.0349010642
90500.00000000001,141259.00703023694
698999.9999999995,764150.4874644536
145000.00000000012,193266.9773855308
319000.0,347380.8833081011
198000.00000000006,157697.32595602827
155000.00000000012,155488.70398463166
274799.99999999977,245623.44731311835
384000.00000000006,413017.5018017155
84999.99999999996,95374.4725040814
935000.0000000006,809164.4011708191
180000.00000000003,200558.925551413
349999.9999999997,246156.18522547485
249000.00000000006,315583.07456537924
50000.000000000015,123821.53418267523
84999.99999999996,159038.54560218906
315000.0000000002,378530.1633149163
250999.99999999988,248865.48701058025
199000.0000000001,181229.4962804366
259000.0,245482.16560767763
188000.00000000012,198712.84616241037
398999.99999999977,520585.85015019344
1194999.999999999,932945.5853446018
398999.99999999977,296518.2471758314
452999.99999999977,690205.9939549316
884000.0000000002,416528.473794147
330000.0000000001,380418.20773273474
418000.00000000023,290459.8830654677
508799.9999999996,319624.89730384847
369999.99999999977,278450.3346295281
215000.0,187729.49930463318
525000.0000000003,445812.5870659369
343999.99999999977,251974.90007012727
354999.9999999998,294252.6018654574
100000.00000000004,142869.84347023355
177000.00000000006,219574.16294843866
240000.00000000003,212482.45863287585
291000.00000000006,269487.63538664684
86000.00000000001,113120.62008126397
328599.99999999977,305142.91432481376
50000.000000000015,131033.18068748208
449999.99999999994,419086.2176157944
281000.0000000001,275078.1807858216
249000.00000000006,258924.7422024674
127500.00000000001,184909.46016714885
67000.0,94784.78198701255
125390.0000000001,167959.6152690368
355300.00000000023,280168.19543970516
164800.00000000006,187666.76390571095
369899.9999999998,339416.05238566897
150000.00000000006,218465.98399449515
235999.9999999999,303073.6806700372
51289.99999999998,77573.67494134168
149000.0,123720.81738234397
231000.0000000001,206469.92676441988
280000.0,341837.1422778346
416999.9999999998,246173.50036655765
320000.00000000006,448636.005481247
145000.00000000012,166450.614709571
40000.0,119717.38056617112
265000.00000000006,361238.96881612536
229900.00000000006,249057.65119552205
244699.99999999983,210508.32252861428
167000.0000000001,179165.55008240073
279166.0,412578.0845359005
113999.99999999996,111074.3306935031
926999.9999999994,1057338.6203275647
283500.0000000002,319374.4929258364
1290000.0000000007,1021591.0114988284
352000.0000000003,392199.77213090274
310000.0000000002,206994.26856677776
337999.99999999977,290173.29785616416
198000.00000000006,216284.72588082272
137500.00000000012,107975.4352021285
28750.00000000001,84445.21763897185
369000.0000000001,322845.070037772
819000.0000000002,680684.7616251055
219999.99999999983,166043.5895604026
299000.00000000006,334460.18000041763
420000.0,296559.6083750869
418000.00000000023,377192.77667859476
275000.0000000002,364707.3802079063
371000.00000000006,513932.4649109424
1112999.9999999995,968774.4819687614
114999.99999999991,139098.42521127727
224000.0,218053.8901531945
171999.99999999988,80335.98758316506
1519999.9999999998,1308225.9085338172
109000.0,139530.00587246008
780000.0000000001,658110.3281910697
222599.99999999997,152580.96314225523
299000.00000000006,357249.7710067499
178999.99999999994,210111.19964219877
87999.99999999996,145906.1104914204
209669.99999999983,286299.0520102135
299900.0,260694.16294211714
855750.0000000005,494272.460017726
344999.9999999997,298558.32377471414
166000.00000000003,212917.12958359407
149000.0,147625.27599376335
108000.00000000001,114095.30651234089
130000.00000000009,134031.19999866578
218999.99999999988,173541.61952675504
339000.00000000023,319548.05359560077
228579.99999999988,239761.31899714578
452999.99999999977,490322.86292159156
483000.00000000023,506851.08740176837
60000.000000000015,90832.08106242643
267989.99999999994,551596.4463762462
1229999.9999999995,1160848.8876083947
120000.00000000004,152152.293594638
375000.00000000006,143662.04826460106
136999.9999999999,210517.42965662273
394000.0000000002,400233.6796519045
630999.9999999999,698866.0732888787
281249.99999999994,256868.29415118293
339999.99999999994,283600.4896294453
1200000.0000000005,464294.06080072577
68999.99999999997,130773.83691025432
1099999.9999999998,805390.5096299305
224720.0,283347.8042850504
749000.0,895712.4278830589
173224.99999999988,169945.2503137115
476800.0,365246.22020208964
60000.000000000015,111825.07231312827
480000.00000000006,347007.24432051595
435000.0,341251.1028308145
558999.9999999998,495430.6916081737
416000.0,335833.054844847
405000.0000000001,436579.2602945559
215000.0,428984.78364744683
995000.0,1075984.5074047295
257000.00000000015,287057.8461322935
239199.99999999985,201956.5280056554
165850.0,234507.09078178127
249000.00000000006,279665.3436998904
332999.99999999977,146677.48033133836
239900.0000000001,209862.5407588304
306652.0,369338.6022826935
364000.00000000006,277242.90099625685
119839.99999999994,108497.7339622982
162500.00000000012,228091.00901904333
281333.00000000023,294317.85672503477
397999.99999999977,431743.190061649
154100.0,220748.44291486108
29999.99999999999,69377.12658044296
180000.00000000003,229385.295816332
520000.0,342046.84430440643
269670.0000000002,270316.76196870557
106000.00000000001,190291.1142816995
184399.9999999999,167785.46714689853
265000.00000000006,242935.96902412543
457000.0000000003,359724.51567745133
299900.0,339083.0999649824
299000.00000000006,328655.1563795088
271999.9999999999,230961.9822321879
1039499.9999999995,929536.4840723635
169000.00000000012,181017.35430971946
206999.99999999994,192326.69412848377
566500.0000000002,471559.9245477673
288999.9999999999,248335.7866252165
472500.00000000035,428608.3963722755
1400000.0000000007,998756.5430588169
199000.0000000001,248954.99360647277
207899.99999999997,228124.32604250405
169000.00000000012,152657.81377714695
169372.99999999997,234737.37487393586
49989.99999999997,78218.66458075258
148000.00000000015,157411.6276960673
413000.00000000006,472747.67002933845
344850.0,395285.9264827195
468599.99999999965,600923.4882282756
255999.99999999985,234989.46031253648
238739.9999999999,198449.5247418902
172950.00000000012,196205.51784672457
299000.00000000006,442065.45020253037
435000.0,333821.9593040693
235999.9999999999,171754.59737303472
257000.00000000015,251341.58436382253
557499.9999999999,406983.2078953128
444999.9999999997,489470.33653901325
282510.00000000023,276454.37419096177
369200.0000000003,439945.40380426863
588000.0,545045.5727768543
1519999.9999999998,1249926.3070609993
416999.9999999998,247765.54526354512
235000.0,200553.76358131616
468000.0000000003,420788.4204739081
940000.0000000006,871699.2218011931
200450.00000000006,181605.8303618716
394000.0000000002,461569.87640511116
369000.0000000001,401245.3063104102
35999.99999999998,93899.84945604253
455800.00000000035,427251.9185096269
444999.9999999997,378735.4816242799
435999.99999999965,394782.33914198214
55000.00000000004,131269.91791882832
69130.00000000004,91568.17171287103
288999.9999999999,296587.2031887939
241500.0,218353.94470858158
80000.0,76970.83253152158
649999.9999999995,296871.7582783875
124999.9999999999,187582.0874666938
330199.9999999999,371110.6713633952
155000.00000000012,194667.434413561
318000.0,223996.21171085094
347000.00000000023,329500.8289860632
426000.0000000002,418408.94575849496
409000.0000000001,360207.74439176044
264000.00000000006,115619.55609599288
227703.9999999998,242432.80262896846
367500.0000000003,408189.6978240679
360000.0000000001,354507.5593110865
339000.00000000023,315642.3979443533
167999.9999999999,239357.50204655837
124999.9999999999,136312.47431334807
209400.00000000003,234297.11419078286
387999.9999999999,356160.7247254421
324999.9999999999,284341.427136128
520000.0,560973.636897147
649999.9999999995,891986.3848885767
191999.99999999997,203948.7342467701
95000.00000000001,160869.47158195346
392000.0,263259.57697572245
139999.9999999999,341770.77112078544
212500.00000000017,175252.4580532936
394000.0000000002,365555.7764682925
44999.999999999985,117356.973558315
673000.0000000005,733003.4770584059
283500.0000000002,208079.25297673055
49000.00000000002,128882.27983377132
197000.00000000015,207969.21182569253
465000.00000000023,443476.94312222314
369499.9999999999,400216.77375218837
219999.99999999983,205644.69120426988
289999.9999999999,302869.6006124508
255000.0000000001,316113.89998672396
188999.99999999988,198315.48030698078
270400.0000000002,291394.17394317145
398999.99999999977,288397.7762580184
178999.99999999994,198979.70491317843
259974.99999999983,243116.98061076022
289999.9999999999,267119.3296783983
341000.0000000002,271684.0366924448
106000.00000000001,141119.68498831493
80000.0,151699.64113700736
28000.00000000002,84383.30448531237
375000.00000000006,415746.92370333493
29999.99999999999,72001.06074406226
729999.9999999998,520894.2694972831
241500.0,239613.84212388474
537600.0000000001,374190.0285987975
266800.0000000001,201285.59310547193
392000.0,315492.5546044299
515500.0000000003,492002.4924780042
272999.9999999998,242394.95429771408
124000.00000000007,153392.71236896038
61049.99999999998,104030.14656262219
149000.0,165346.2768816594
222599.99999999997,123540.36650859566
719999.9999999995,384132.22795599885
884000.0000000002,581727.0483703733
346500.0000000003,258188.07201001942
447899.99999999977,439980.8085508514
649999.9999999995,444994.10869026755
299000.00000000006,202294.84930741
222599.99999999997,247433.77284434348
739999.9999999999,675751.1526856093
77200.00000000004,101350.65401599971
118999.99999999993,176465.72509433396
201499.99999999988,213075.44092702743
299999.99999999977,239481.21178750324
349999.9999999997,249700.58728413633
188000.00000000012,227071.44485019808
420000.0,507661.73273823375
198500.00000000006,135588.6772687258
249999.9999999998,196982.61939455324
99500.00000000001,139556.20228993305
165000.00000000015,200668.00850843047
1050000.0000000007,618135.2471050372
354165.0000000002,290322.99930410826
165000.00000000015,173738.60860216414
203999.99999999985,169273.08575550027
189999.9999999999,187280.5362333431
823999.9999999994,668401.2863671398
674999.9999999998,406330.0134537957
99000.00000000004,122550.23979834522
134999.99999999997,176886.35962682034
95000.00000000001,119961.56069678476
212000.00000000017,208423.72227362116
390999.99999999977,297922.0871513597
73000.00000000003,99868.340785692
320000.00000000006,275230.70902307966
193499.99999999985,240445.2223295006
120000.00000000004,224901.78807873666
95000.00000000001,223771.64936012597
545800.0000000005,311915.0021732301
275069.9999999999,329459.9596446668
349899.99999999994,328176.18367074674
415000.00000000006,407477.34305799275
281999.99999999994,244767.94554436306
718999.9999999999,667557.7747581091
749999.9999999998,666904.9275006999
318000.0,274455.81120490073
745199.9999999998,657457.3668424734
161850.00000000003,178093.61456855858
269000.0,256530.1140090722
1229999.9999999995,507440.47764815786
101989.99999999997,160161.31415809706
549999.9999999998,347076.3836121251
237000.00000000003,263896.1068472575
249999.9999999998,262209.4150570078
219999.99999999983,285378.40948106226
490000.0,776582.8818070695
686399.9999999998,429084.61918583506
420390.00000000006,511285.4445332495
281999.99999999994,272137.09803941526
549000.0000000005,439539.52535827144
178999.99999999994,204062.94842013612
302000.00000000006,360512.10397987673
76999.99999999997,139538.6297898961
216899.99999999983,257964.40927272543
624000.0000000006,355431.5582393869
1150000.0000000005,580190.8160925524
299000.00000000006,238095.34099168872
794999.9999999998,490659.4691202697
288500.0,273750.1525096369
313899.9999999998,326020.4302501984
540000.0000000001,414860.55575456645
763000.0000000001,622103.0251113601
610000.0000000005,457738.9935428727
664999.9999999995,833287.4453106613
785000.0000000006,525139.1531956504
399900.0,310175.83460591297
159749.99999999994,202606.0129513972
367500.0000000003,373262.0065334865
127999.99999999997,192737.41621717816
452000.0000000001,492776.2035396902
719999.9999999995,796362.3986095864
590000.0000000003,495282.89193365705
275000.0000000002,270627.43674523936
290125.0,341661.0511605783
449900.00000000035,362719.7636876804
649999.9999999995,587113.1155266583
1020000.0000000005,1053266.282417175
79000.00000000006,320373.5947406803
360000.0000000001,381615.3324685383
974999.9999999999,717217.3996107557
315000.0000000002,166291.32828548137
349999.9999999997,344913.85499657964
123000.00000000009,146418.51866699287
158999.99999999997,276908.68575488776
899999.9999999995,810589.9616939494
597999.9999999998,681490.158791473
309000.00000000006,207739.06195121363
330000.0000000001,337511.86166569236
175000.00000000012,122189.48417472931
630000.0000000006,659926.5283935224
1040000.0000000009,639803.2991851108
265999.9999999998,224751.6331777023
149000.0,243747.13063836028
270000.00000000006,361158.60791628115
269880.0000000001,308229.2815573346
249000.00000000006,222672.5790152305
426350.00000000006,430089.05013880803
1200000.0000000005,799152.7218823849
325500.0000000002,212224.117452935
798999.9999999997,828104.7190539824
208999.99999999988,190889.70568513675
319499.99999999994,411579.17607466894
199999.99999999997,239920.54449253913
148000.00000000015,209079.1523908862
1469999.999999999,967058.9227890174
255999.99999999985,236426.10659458223
210000.0,202003.6820968111
259974.99999999983,298497.5045648405
700000.0000000006,463635.9829572767
320000.00000000006,577964.465213967
448999.99999999994,489288.5029556151
255000.0000000001,236709.64850768488
299999.99999999977,202714.0922702108
989999.9999999992,1037937.9678784683
124000.00000000007,124357.06154356807
156999.99999999994,154450.566336348
109000.0,190175.8614209191
33999.99999999999,67135.67992551434
226899.9999999999,237305.70650153604
494000.0000000004,274373.4000214871
360000.0000000001,452792.63826997223
228000.00000000003,173126.2524466012
276500.00000000006,260059.28451133848
48000.00000000004,83764.4771611814
60999.999999999956,161541.6078824238
113399.99999999996,166364.342908305
244999.99999999997,287603.79731917643
520000.0,313288.8641952183
79899.99999999997,110547.87282502846
125999.99999999993,124401.81184096323
213000.00000000015,274227.5056095822
195799.99999999994,141652.49447982627
430000.00000000023,378251.0012244131
162999.99999999988,236549.2077213466
244000.00000000003,231649.73844602765
428000.00000000023,322993.6888523097
29999.99999999999,90511.87254526133
392000.0,363232.21370473603
120000.00000000004,163249.63568938326
287999.9999999999,298792.61044027074
375000.00000000006,423981.8063020622
157500.00000000006,123764.24731789457
279000.0000000001,463453.5149642776
535600.0000000002,322804.94352101785
915000.0000000002,921122.6917293314
261999.99999999994,164050.46905770287
645000.0,687130.5206110704
182500.00000000012,265724.10203485645
169000.00000000012,202645.47665847428
415360.0000000003,472788.41584530845
249000.00000000006,243678.51330790148
1495000.000000001,1212698.2872574048
63999.99999999997,95596.79135262154
509499.9999999998,251594.82120090714
619000.0000000003,503828.4392748048
272999.9999999998,176548.26249515268
590000.0000000003,548086.1157099743
979999.9999999997,583534.8467342574
80000.0,105455.06347621755
494400.0000000003,489739.5822018722
279000.0000000001,328545.81684065965
232100.0000000001,181471.9643808877
116499.99999999991,140353.1657785665
62999.99999999995,92209.38403682123
402000.0000000001,386314.2327755764
243800.0,215228.81189419504
320000.00000000006,349200.8918396892
414000.00000000023,285237.7850602046
1150000.0000000005,907470.5240928452
659999.9999999995,309650.1457824395
938999.9999999999,738647.4789009942
319000.0,214019.71317316528
415000.00000000006,448763.49217753165
936000.0000000008,647177.3027196808
444999.9999999997,457694.6841376413
87499.0,158893.72098892357
344999.9999999997,179016.71721098124
188000.00000000012,168779.58493890168
1099999.9999999998,1063263.6663190753
267999.99999999977,191070.30219897
727999.9999999999,377051.27659327566
232100.0000000001,153014.73832086084
167000.0000000001,168912.8980143885
101199.99999999997,103819.99732962242
369000.0000000001,412131.5485066879
371999.9999999998,455333.8348458888
288999.9999999999,272116.13112128637
700000.0000000006,570745.867911872
222599.99999999997,252976.2396152262
995000.0,748660.9880927412
48824.99999999997,118433.40835244334
460000.0000000002,790299.9378949151
127500.00000000001,129441.35674855819
342000.0000000002,367141.5307125932
107000.00000000003,127723.67707503289
649000.0000000006,593763.9355379188
118799.9999999999,134234.63107276591
324999.9999999999,296359.97510151146
184974.99999999997,249332.89608462236
226499.99999999985,226639.48244058815
202000.0000000001,191036.47909523477
76000.0,94422.19891162957
315000.0000000002,253732.9809987924
181049.99999999985,144508.18331897433
152999.9999999999,197490.81563060923
162999.99999999988,223914.27957213737
60000.000000000015,115172.92534491463
272999.9999999998,272379.8153309893
299000.00000000006,342289.2063172644
398999.99999999977,361032.83864234516
249999.9999999998,213428.10630614
291000.00000000006,272099.5020599097
254000.0000000002,294760.09405463695
460000.0000000002,559933.6297286534
935000.0000000006,827079.0070326584
634399.9999999999,474271.50541530905
312000.0000000001,441512.81551223644
520000.0,360313.14644513384
275000.0000000002,284335.7951886335
299999.99999999977,123632.07039183544
520000.0,529958.3113758143
180000.00000000003,179828.73485898715
134999.99999999997,174998.4758776499
249899.9999999999,284941.910890414
710580.0000000002,568347.8278677326
315000.0000000002,194772.58183529708
284999.99999999994,223296.79802075884
156999.99999999994,187061.52852862218
452999.99999999977,370930.6023946996
698999.9999999995,631117.5688329296
33999.99999999999,73922.49623961915
272999.9999999998,256468.82966204322
388500.0,279117.0460820796
549000.0000000005,463567.84638302034
225000.00000000015,270637.7790398014
235999.9999999999,309713.1865965337
196000.0000000001,212414.89131987953
481199.99999999994,458573.12586197077
112000.00000000004,133850.03505630678
84000.00000000003,130712.8872166465
413799.99999999965,261743.3969171587
209499.9999999999,233366.30862758754
844999.9999999993,876019.8316245114
377999.99999999994,451457.1296272468
297000.0000000002,232776.7032574137
379999.9999999999,409788.3943942864
134999.99999999997,201581.9722893477
926999.9999999994,870576.008809968
255999.99999999985,208866.37171229202
369899.9999999998,431626.71012907964
153500.0,173965.3496927113
110249.99999999994,125468.83626695632
269000.0,290077.2149731291
635999.9999999995,829003.4080255977
416499.99999999977,305588.0532586532
210000.0,169543.79538860137
704999.9999999995,647680.1484254256
259000.0,241462.92071317582
339999.99999999994,401176.8331853426
199999.99999999997,244274.16176523681
309750.0000000001,302893.4668874765
109999.99999999991,137874.50667010792
208000.00000000003,218746.31024078338
299000.00000000006,344371.7859122699
613000.0000000001,417752.7912729286
259999.9999999998,244987.95625140547
611325.0000000006,458603.4886498271
86000.00000000001,102420.45824398106
252280.00000000017,178902.16031135578
590000.0000000003,523606.66617344663
444999.9999999997,424680.7834962619
362999.9999999999,383602.820525297
148000.00000000015,186341.4652264303
1260000.0,560826.2135887966
151499.99999999997,165948.4754132197
210000.0,198652.95301940822
291999.9999999998,291398.25931856036
415000.00000000006,276872.3485633349
202000.0000000001,162086.68714407552
259000.0,257263.8384756047
662000.0,658077.5830492891
435999.99999999965,339328.0172427047
698999.9999999995,668378.8474294833
278000.0000000002,372697.0461944156
259999.9999999998,256930.5028336024
255000.0000000001,344913.4357926135
149800.00000000003,118536.02312011668
68900.00000000004,114748.35799790191
995000.0,639608.0540529067
189840.0000000001,131624.935674736
178295.0000000001,179139.4544830988
449900.00000000035,470556.04414347163
302999.9999999998,324706.2330394735
449999.99999999994,308741.55533867655
552000.0000000003,554869.7435992293
294999.9999999998,290066.29851187713
429900.0000000001,593360.5635488367
145000.00000000012,311758.63331137894
208999.99999999988,235860.42323897468
749000.0,469990.8665078747
299900.0,311533.0537658276
281000.0000000001,314655.50758726185
265000.00000000006,239041.94006573348
749999.9999999998,629270.3591185297
339200.00000000023,239453.64385865326
96999.99999999999,135274.69638602447
674999.9999999998,804344.3318283027
749999.9999999998,886588.51936721
275599.9999999998,234039.52481932784
339709.99999999994,285518.5454552437
1590000.000000001,892482.1789515147
661349.9999999995,445814.93226452084
142000.0,158828.00098779198
275599.9999999998,231689.4871941832
255000.0000000001,260385.25028119117
171999.99999999988,214934.50226418875
124000.00000000007,159053.42036201071
279000.0000000001,251630.0870419147
859999.9999999997,807436.5719817003
118799.9999999999,200044.85346013136
332700.0000000001,238186.87013602164
998000.0000000008,394303.88735223137
76000.0,113673.91620724779
439000.0000000001,320175.90230259375
194000.00000000006,115677.66482419486
1099999.9999999998,871563.5427085352
426000.0000000002,420815.6708975919
253399.9999999999,320393.0209798905
271999.9999999999,174369.26294701427
118999.99999999993,119950.6413520063
649999.9999999995,464540.41916452255
322700.0,353016.28404710407
413000.00000000006,397264.2022927944
969000.0000000008,902743.2559433515
276000.0000000002,298407.08869736036
114999.99999999991,111769.80612493285
89500.00000000003,151431.04886647573
366999.9999999997,171516.92786417183
205000.0,195990.92518188368
230000.0000000001,154029.09156032946
978999.9999999997,579014.6044538054
203414.99999999994,166818.00284981527
269000.0,293707.6000393604
175725.00000000006,163462.4435124257
324999.9999999999,321471.04582017136
173999.99999999997,208535.5463954315
237000.00000000003,172256.9303770279
116499.99999999991,162996.55881444924
286199.9999999998,333800.68966692925
307400.0000000002,218054.85888935262
163999.99999999988,143038.6797584317
297999.9999999998,245014.74923367728
426000.0000000002,500602.36035905505
89900.00000000007,155429.80403497655
198500.00000000006,241118.7988181088
272480.00000000006,260153.30838040978
1030000.0,1193383.4301952028
727999.9999999999,533420.0670595381
1150000.0000000005,909543.3298351889
490000.0,378504.4283134843
312000.0000000001,287665.21121687774
336000.00000000006,243216.13276220663
890000.0000000002,719321.5537524367
318000.0,326584.6901437761
181125.0,149663.46914675727
203500.0,184226.03072834937
587000.0000000005,522835.3197112036
197024.99999999985,113981.20987595391
549999.9999999998,556763.38036915
546499.9999999998,358285.2729356351
118749.9999999999,137204.19734002
389000.00000000035,466898.5194563716
89000.00000000004,131952.72985821572
96600.00000000004,142294.0775305006
449999.99999999994,393260.06364620285
95000.00000000001,80753.31533319993
785000.0000000006,762796.7275825466
287000.0000000001,434365.59906701307
599000.0,436660.98502265377
480000.00000000006,407154.7759674799
399500.00000000035,230881.28543005587
884000.0000000002,568014.9431413524
495999.99999999994,458553.2852503552
180000.00000000003,188907.424751156
371999.9999999998,342445.761560607
355300.00000000023,378002.49050890596
213000.00000000015,317346.131381334
462799.99999999994,449499.0156090894
273999.99999999994,240332.84080968075
549999.9999999998,654608.5239327328
468999.9999999998,300458.8716524407
218325.0,176714.20639252546
625000.0000000002,542205.3048020144
1040000.0000000009,1035716.058563042
264000.00000000006,282486.28847429366
96500.00000000003,78383.81846353787
425000.0000000002,277906.7004033864
75000.00000000004,136805.13522797998
166000.00000000003,258489.2631780726
656909.9999999999,221198.39680175215
203999.99999999985,242394.6758719648
759400.0000000006,493030.173538755
113399.99999999996,128093.41092993313
579999.9999999997,662535.5029121337
149000.0,135486.54379592338
315000.0000000002,284740.3597385108
130000.00000000009,273504.1064614551
187000.00000000012,192557.45133775158
504999.99999999977,510953.1133462822
570000.0000000001,609444.4578924992
148819.99999999997,131551.7173158116
186560.00000000003,194929.5776013572
213000.00000000015,107385.93732094378
304999.99999999977,237216.16481804923
276500.00000000006,324876.6737340011
775000.0000000007,786705.6585298252
213000.00000000015,212420.06297997446
147499.99999999997,100162.87120375189
794999.9999999998,728973.0000835246
255000.0000000001,315877.2370428027
349999.9999999997,277750.6582098629
243000.00000000003,177088.5241946625
830000.0000000005,578608.1630756155
139499.9999999999,149540.735852263
217999.99999999988,218336.31207204532
433999.99999999965,258685.07025742365
570000.0000000001,259384.53824105833
340259.99999999994,325919.95228246896
230000.0000000001,274445.6115905196
320999.9999999999,242519.53112665418
148899.9999999999,212451.6804942865
75000.00000000004,102144.8421275913
385999.99999999977,324313.6505550208
123699.99999999999,120035.12305290031
157999.99999999997,143495.9531543632
179900.00000000006,210912.38406739206
390000.00000000035,480071.2638144045
149500.00000000012,176555.81195852856
254000.0000000002,289848.2451815296
136500.00000000006,102083.08386557837
1260000.0,620570.2096333125
452999.99999999977,330688.0114140892
1499999.9999999986,884045.5381164306
1214000.0000000002,1002215.2362709151
146800.0000000001,150683.58608557496
276999.9999999998,241359.47359802198
87999.99999999996,295845.1003979045
371999.9999999998,341046.0808018084
689000.0000000006,810903.8768720556
249999.9999999998,173144.2075148521
195000.00000000006,168304.09429648746
175000.00000000012,144700.76551779296
235999.9999999999,426632.42839669343
794999.9999999998,843094.7774636215
455000.0,451177.92808701494
729999.9999999998,684191.1338339461
162999.99999999988,145660.2205187283
243800.0,220110.4481373193
177500.00000000015,199283.46006794646
242000.00000000017,158234.00343315536
339999.99999999994,271168.8348568225
64999.999999999956,170506.62097580792
430000.00000000023,363620.2021683517
507000.0000000003,488581.4009901015
80990.00000000004,70947.88691750405
252000.0000000001,219231.64892448235
149000.0,144242.5274471995
139700.0000000001,188828.13681792686
265999.9999999998,217471.18480561546
549499.9999999995,423697.4336380516
126999.99999999991,188455.020798297
616000.0000000005,422799.4305310748
350900.00000000006,258067.12716177307
249999.9999999998,312046.1796696571
206699.99999999988,195871.67426328937
369999.99999999977,360273.8852782099
630000.0000000006,538228.3562410137
225999.9999999998,174235.13899862327
95000.00000000001,83853.69669971065
178999.99999999994,298458.02691702056
575000.0000000001,651377.3003193157
549999.9999999998,311282.8637624618
1320000.000000001,871819.285794495
455000.0,367215.4914404818
798999.9999999997,599171.1407992905
896100.0000000002,567571.6255358785
498999.9999999996,463841.7759658645
515000.00000000006,439465.87522289733
549000.0000000005,692351.3303740283
380999.99999999977,362599.00389590766
217980.0000000001,204629.88195345888
124500.00000000003,184959.78194871405
233199.99999999994,287597.3247197065
188999.99999999988,157894.63765727036
222390.00000000012,220735.7396924926
186599.99999999994,186255.8864017806
364999.99999999977,443716.08085228206
412000.0000000001,228949.3840214611
428449.9999999999,324054.03331750084
167000.0000000001,281532.373981674
195000.00000000006,201851.64380063713
122000.00000000003,138815.71795117162
60000.000000000015,135573.06350079676
352000.0000000003,431374.30326566973
339999.99999999994,276710.7404406634
134999.99999999997,206832.80132058155
173999.99999999997,216948.26513248432
67999.99999999999,116196.15663267771
109999.99999999991,125591.95155286683
187000.00000000012,145725.31612205505
230000.0000000001,286374.4406015039
1424250.000000001,508986.75674232066
106000.00000000001,188223.48512617956
978499.9999999999,664872.9346091191
371999.9999999998,353418.5323604881
579975.0000000001,586891.9047655661
192799.99999999994,186715.00041500083
192150.00000000015,158872.43207971012
163499.99999999988,168996.42245612404
135999.99999999997,165749.91159646196
343000.00000000006,313473.88997892104
319000.0,287567.3628841429
75000.00000000004,170370.48392996166
161000.00000000006,138669.7567473138
549999.9999999998,673239.0483552703
610000.0000000005,505646.4224583335
495000.0000000004,487412.3089198483
398999.99999999977,317799.8703126962
148000.00000000015,176806.49400723772
281999.99999999994,263354.7571118715
719999.9999999995,597758.8913814502
376999.99999999977,246283.4725711355
265000.00000000006,225578.16380172968
32999.99999999999,74677.54643577931
608999.9999999999,433971.7092370804
425250.00000000035,406524.8940882041
275000.0000000002,237080.72851642853
286000.00000000023,279013.377827623
126100.00000000006,135698.20035132242
149000.0,126597.59646401672
1507000.0000000005,559454.3984412436
152999.9999999999,147559.32457651885
362128.9999999998,200197.10128947088
62999.99999999995,112369.40703413614
86500.00000000003,118013.48993220192
199000.0000000001,251887.2397260563
346000.0,379595.7282232438
99990.00000000003,126953.45423420076
702999.9999999999,508577.1756061827
534437.9999999998,479994.18814446154
238000.0,349475.574908494
42500.00000000003,95057.47183931422
89799.99999999994,175869.1418697987
1552499.9999999988,608675.5214355835
1099999.9999999998,618500.6001598235
284849.9999999999,191777.71022139513
398999.99999999977,394774.4421321884
600000.0000000003,475654.5024447574
299000.00000000006,342586.3597378429
467955.00000000023,477703.98804903554
372999.9999999999,306279.8771443421
177000.00000000006,178460.06464502486
89000.00000000004,173645.38688597557
188999.99999999988,226054.32061085073
165989.9999999999,267674.3929031189
114999.99999999991,117952.24328410088
513000.00000000006,374866.9553874151
798999.9999999997,521206.47928608005
252000.0000000001,232166.9648736759
312000.0000000001,219895.01443517132
698999.9999999995,678562.4171402548
221999.99999999983,358195.89056402736
191999.99999999997,127878.14123397524
725000.0000000006,452668.5972765441
148399.99999999997,195030.13326057466
649999.9999999995,736983.9168275057
643749.9999999995,377103.5342747722
429000.00000000006,372457.112486824
759800.0000000007,433835.5293612522
139000.00000000003,139129.20969286948
490000.0,293670.7573321981
210000.0,245215.93102686258
498720.00000000035,257134.44293432974
439000.0000000001,349657.7320946673
442000.00000000035,402292.21672624163
299900.0,333282.1832079968
349799.99999999994,352346.8056545885
735000.0000000005,623223.2056522516
55000.00000000004,72667.36309059446
259000.0,396735.3135423356
249569.99999999983,151579.73547617416
297700.00000000023,307269.08045963966
719999.9999999995,552660.8431138513
87999.99999999996,105590.08086912775
125999.99999999993,183555.1679449432
116999.99999999991,274933.72072312504
178999.99999999994,289011.9653080134
519000.0,465744.76255785424
409000.0000000001,403588.15314568166
330000.0000000001,413076.57554009376
425000.0000000002,375753.0753950476
120000.00000000004,144012.87856417007
599000.0,352765.5912117431
1630000.000000001,1175937.9061539131
130000.00000000009,134054.96286974466
259999.9999999998,213613.07106409437
343999.99999999977,500457.59498492925
249999.9999999998,349042.4707061591
89450.00000000001,145951.16838192914
405000.0000000001,355209.5468567301
310000.0000000002,306313.6397443609
346000.0,395557.9685827027
284000.00000000023,304197.94912950066
141750.00000000006,134173.41670590188
320000.99999999994,292526.3484924111
226499.99999999985,208332.95205086833
221500.0000000002,187003.56650625844
309000.00000000006,306925.9993865159
1495000.000000001,1110450.1477332346
169000.00000000012,256017.17431929434
202999.9999999999,219705.7849877171
118899.99999999996,115913.98885316141
280000.0,324302.49585712544
420000.0,265930.23519872513
160400.00000000015,172558.7751127761
210000.0,219672.07767687913
348999.99999999994,339571.2759446205
280000.0,342917.6051404948
435000.0,547107.155565032
552699.9999999997,283806.1413406054
334400.0000000001,325373.3207226752
157999.99999999997,165961.8940421472
159999.99999999997,188841.52600552991
270000.00000000006,162588.17198622748
265000.00000000006,193640.40253543874
622999.9999999998,466550.86883173353
339999.99999999994,334809.0915987405
178999.99999999994,123276.66715276342
160500.00000000003,112107.50556187282
48000.00000000004,112134.59929173918
149000.0,153212.7485349652
139999.9999999999,172093.45251205048
188999.99999999988,189903.21040143198
259700.00000000003,262437.2903181316
153700.0,194659.35443906716
159899.9999999999,185515.18164487396
460000.0000000002,434812.9763435951
172999.9999999999,177959.44401190474
223399.9999999999,236990.31248854744
70000.00000000001,115016.52103577364
150000.00000000006,114734.95261774833
249999.9999999998,261394.64288494526
106000.00000000001,165893.3074034857
275289.99999999994,174821.50061425465
169900.00000000003,178851.34466557184
120000.00000000004,90555.55284648218
375000.00000000006,522345.379828324
229000.00000000006,279621.02972389356
331450.0000000002,301861.15337785654
115989.99999999994,267713.85077905544
682499.9999999995,372660.0670046619
249999.9999999998,288617.73408891854
280000.0,258816.00992389143
742000.0,825729.4708377068
484999.99999999965,485975.22393691173
468999.9999999998,464849.7161612291
145999.99999999997,167146.85248807762
379999.9999999999,278467.3590211563
231999.99999999997,147409.37394976083
321775.0000000002,395732.2524207867
227000.0,311258.60086396756
384000.00000000006,325495.7233812845
278000.0000000002,206114.14505211764
330000.0000000001,399028.47359244165
133000.00000000012,302729.21091036836
546999.9999999999,500972.4390982165
116000.0000000001,108577.28125944402
352000.0000000003,289715.9474970705
146489.99999999994,155772.61129769034
362000.0,266162.92914028873
139099.99999999997,101195.43994017104
382000.0000000002,391313.60329144006
188999.99999999988,184118.09017115002
158999.99999999997,191677.71823563174
498999.9999999996,673245.7361823517
495000.0000000004,391705.0618927135
565000.0000000003,445519.44701299735
173999.99999999997,127280.3560507664
472900.00000000023,393991.01664612436
224000.0,256240.23250802484
212868.99999999997,238043.5540462579
192999.99999999985,258313.04204465623
219999.99999999983,213876.77219640475
315000.0000000002,226680.59125232208
590000.0000000003,503379.1709391454
352000.0000000003,386960.5014722213
1329999.9999999998,758513.5532794291
194000.00000000006,165635.0086358043
126999.99999999991,186076.2102178738
107500.00000000003,129079.4217265133
588000.0,638086.3547914721
332000.0,362861.2326250958
120000.00000000004,126948.47541221735
239000.00000000003,274969.2803726846
270500.0000000001,212951.46477740057
359000.00000000023,354904.5783288159
1389999.9999999988,1148764.8780611008
1141400.0000000002,780939.8696162342
304999.99999999977,392726.4885611861
99500.00000000001,215290.83119346036
218499.99999999985,176304.866818115
890000.0000000002,731377.6226367243
230000.0000000001,176794.0924433173
645000.0,673552.4264156386
150699.9999999999,285678.0787610161
124999.9999999999,100616.19134575878
461999.9999999998,415502.67494537804
376999.99999999977,345570.542084614
249599.99999999988,208455.29833091682
158999.99999999997,204285.32295562443
235000.0,219476.78244839062
138000.00000000006,167186.4366835836
219999.99999999983,196656.43693944634
265000.00000000006,232160.62775060305
265000.00000000006,282474.07493315986
1198999.9999999998,982645.5543941564
398999.99999999977,519277.7542743735
96750.00000000004,156690.50178631954
112590.00000000004,205959.14446280032
136999.9999999999,179186.41318131646
194000.00000000006,235147.3588375359
281999.99999999994,223361.5874912331
191999.99999999997,201200.25550306836
495000.0000000004,297615.87094692356
330000.0000000001,306619.2573941763
599000.0,587783.9968811134
377999.99999999994,366419.6881268616
64999.999999999956,121136.3835218392
238499.99999999985,351256.7722198023
129989.9999999999,154070.96140306126
197000.00000000015,201716.81819745628
329175.00000000023,256539.0854982203
75000.00000000004,136911.8488333353
457999.99999999965,350436.6893221941
199000.0000000001,188094.85697354662
620000.0000000005,628238.5475741896
240000.00000000003,279031.1074422847
95000.00000000001,104833.44806014409
440000.0000000002,357919.2347336259
471999.9999999998,503593.49377465143
255800.0000000002,266285.7554656492
99918.99999999996,91089.38105605906
270000.00000000006,266927.1870249741
355300.00000000023,473101.4707153903
178999.99999999994,208100.0403020688
316999.9999999999,215349.96503020325
240499.99999999983,350695.2159706519
415000.00000000006,458568.3565646761
588000.0,587792.5246746646
425000.0000000002,383241.61211205274
515000.00000000006,429448.5394506213
267000.0,224437.10511491302
749000.0,869310.4917582993
206140.00000000006,194530.5019091622
367500.0000000003,221704.2327967639
169499.99999999985,166365.3190293798
680000.0000000003,769533.5008143516
281999.99999999994,286384.65667199134
237299.9999999999,232286.36530891768
279899.99999999994,237795.39958681833
369999.99999999977,397352.22651071247
152000.00000000006,143876.05237637117
69499.99999999996,90169.28848242655
242199.99999999994,266676.8942887455
156999.99999999994,166792.2530940783
1190000.0000000002,856830.7237201616
339000.00000000023,303434.2992547681
197900.0000000001,209779.328140175
1190000.0000000002,715520.5062191974
479000.00000000035,499871.7859373625
55000.00000000004,72275.8785494342
348999.99999999994,345441.0994517429
102460.00000000003,100164.82577362924
53000.00000000002,99427.1054851234
170000.00000000012,203313.45398825972
339999.99999999994,370336.15404724196
229000.00000000006,181808.14848264135
419689.0,393662.37420219043
284999.99999999994,351463.65005365567
334999.9999999998,300891.37524966005
262351.99999999977,285912.02405903046
280000.0,332048.08319705277
565000.0000000003,509131.09967865184
136200.00000000003,77858.6630764187
749000.0,620959.5863677174
398999.99999999977,415956.79647607583
679799.9999999994,468985.53578841535
244000.00000000003,272484.45966258465
520000.0,366168.53146106284
70999.99999999994,131175.17705831266
437000.00000000023,438874.8808180337
599000.0,461454.4390207119
120000.00000000004,171013.46726275864
645000.0,866938.2362621385
131999.9999999999,114527.42378172564
999999.9999999997,448639.2952339562
145000.00000000012,173653.72736008876
794000.0000000007,486979.94746569026
178499.99999999985,197129.65578367023
1235999.999999999,831828.6130418751
1139000.0000000002,1204802.6715473973
65499.99999999995,107851.98315302304
170000.00000000012,166349.87845084214
360000.0000000001,276082.53801948554
315000.0000000002,339305.96935617237
314000.0,435698.25207788893
185000.00000000006,215971.54455296765
153999.99999999988,124576.90715122395
682499.9999999995,222864.19257293423
235000.0,246322.28809644302
302999.9999999998,267010.6765195863
315999.99999999994,363766.24489405134
25000.000000000004,142226.79875402045
249000.00000000006,142122.81867037388
130000.00000000009,200140.37476811645
291000.00000000006,427844.30200677144
610000.0000000005,591877.0167866171
229000.00000000006,225511.71150127414
527999.9999999999,194417.99165698263
223000.00000000003,222748.87723815072
415000.00000000006,468371.790283734
743999.9999999993,711396.1400064924
379999.9999999999,418643.90905870113
139750.0000000001,224784.36480361782
116999.99999999991,115598.37265034922
188000.00000000012,296614.1780529578
659999.9999999995,677393.6579611175
217000.00000000012,329500.86932170694
343399.9999999998,343594.75409120484
349999.9999999997,310679.01978235244
235000.0,178424.2364616273
416000.0,290795.05265734426
1525000.0000000005,1014633.1788755227
210000.0,260675.7970997856
497999.9999999996,282649.2582741694
230000.0000000001,133797.7460785602
289999.9999999999,613502.3818984615
219999.99999999983,181487.12367054628
689999.9999999995,606421.864968505
184974.99999999997,249561.89672684635
769999.9999999997,675086.1437830189
132499.9999999999,204466.6552778382
84999.99999999996,149906.31064208905
131999.9999999999,192251.41583578946
449999.99999999994,394925.43042484485
79000.00000000006,153242.81629161883
139999.9999999999,199657.7216689731
188999.99999999988,205892.50625235998
698999.9999999995,484951.79442553915
469999.9999999998,453948.34998850414
362999.9999999999,258718.84297676655
227900.00000000006,212517.56334485186
365999.9999999997,502347.81845858257
420000.0,546856.8395129566
391229.00000000006,439112.1793512054
390000.00000000035,281273.8371803698
149800.00000000003,126294.3517723868
219999.99999999983,184317.86716635208
192799.99999999994,182847.28812919522
273399.9999999999,299849.05643895286
239000.00000000003,270605.37098230666
249700.00000000017,291174.30541840906
579999.9999999997,470778.126824149
484000.0000000002,329096.14746990264
180000.00000000003,169669.9257990376
74500.00000000001,177670.07514773594
420000.0,343370.07066037384
89900.00000000007,120700.62314858931
156900.00000000012,164273.6699444702
674999.9999999998,444651.22931319714
275700.0,204308.40368385304
1190000.0000000002,868756.8437339793
249000.00000000006,232437.91339610348
89000.00000000004,120032.4582622621
215999.99999999985,219655.1993038197
158999.99999999997,170988.8067749579
129000.0000000001,171557.363289581
495000.0000000004,446248.02615784603
275000.0000000002,320538.1369820332
339999.99999999994,367007.2249392877
315000.0000000002,315453.7444624658
275000.0000000002,296146.5792428031
229000.00000000006,293850.080612843
394000.0000000002,619685.6186122332
819000.0000000002,604997.4823299652
167200.00000000003,246555.14745943705
379999.9999999999,294053.5192129495
392200.00000000006,223982.1102106024
1680000.0000000005,1416323.4945150677
484999.99999999965,321148.76612752967
170000.00000000012,256200.21800642228
210000.0,212620.89165863383
235000.0,135721.96698618247
299000.00000000006,297506.40642985934
109999.99999999991,200911.89450698294
376500.0000000001,375033.8444293883
67999.99999999999,101586.45856758257
420000.0,421353.9680776218
385000.00000000023,361409.43920639
449349.99999999977,365352.30902728654
212000.00000000017,147368.2235630634
600780.0000000001,404155.4370991764
336500.0000000001,326692.77492097125
232500.00000000017,263822.2210750935
213000.00000000015,262856.910462495
186000.00000000012,222675.58502741499
159499.00000000006,149568.65069136934
116000.0000000001,125674.23058354906
221999.99999999983,259014.17761533768
269000.0,288105.31848691736
184000.00000000015,165931.3633897784
118999.99999999993,148679.13892187292
252000.0000000001,250660.9150216345
181899.99999999988,167960.44319029362
188999.99999999988,170685.28048360147
143500.0000000001,149262.70706106623
398999.99999999977,434758.5612900443
256279.99999999994,277101.7493630544
231999.99999999997,217368.48166223927
219999.99999999983,246192.66276996004
99500.00000000001,116628.40953318831
213199.99999999985,277776.4702052794
56000.000000000044,113553.83570950091
590000.0000000003,538502.7791919124
156499.99999999985,139348.16100464022
308000.0000000001,331915.67058922193
109999.99999999991,227646.00292145112
199999.99999999997,178337.08178521512
162999.99999999988,262429.8234310473
1050000.0000000007,681654.8294788828
213199.99999999985,203510.72043208522
294000.0000000001,180424.66238914043
320819.00000000006,270680.7966583863
316899.9999999998,331749.5800862834
218499.99999999985,100179.26418492307
444999.9999999997,500547.26400477806
309899.99999999977,254752.7669366148
372999.9999999999,334519.98007752595
543999.9999999997,484124.128915804
265000.00000000006,307904.0816876478
362000.0,374125.7285599981
379000.0000000002,315771.237988929
385000.00000000023,283794.4244061239
858999.9999999997,577644.8733851627
214000.00000000017,245942.8397406653
313899.9999999998,390674.2123344091
645000.0,600383.0767960517
177999.99999999994,208995.30967089947
323000.0000000003,179545.46871183542
998000.0000000008,717315.4837151649
727999.9999999999,310242.4412732354
251894.9999999998,273454.0223577629
379999.9999999999,332624.2357134602
1592000.0000000007,805933.5732887149
191000.00000000015,183579.95410996673
199571.0000000001,179690.8553101944
430000.00000000023,468694.59288472595
141500.0000000001,179984.00043600536
126999.99999999991,160262.5673609148
335873.99999999994,301395.31567465985
430000.00000000023,449815.27947004454
219999.99999999983,190395.73400621247
173250.00000000012,130620.16599914187
199000.0000000001,161081.79395780276
182795.99999999985,203479.37990440836
238000.0,206542.03519977882
111799.9999999999,100153.72092282877
530000.0000000003,314655.165612474
115206.00000000004,117445.42461681967
320000.00000000006,104574.40106727128
415000.00000000006,143873.28791571292
141699.99999999988,173936.88721358601
188999.99999999988,309633.20883000304
315000.0000000002,317844.9900211414
155000.00000000012,263258.0602858113
284999.99999999994,245347.4749492333
299999.99999999977,413083.84914669476
162999.99999999988,154988.23400080865
299000.00000000006,249371.44034555063
174735.0,243148.02486802725
215999.99999999985,274904.892185115
287000.0000000001,206835.47389933007
599000.0,289898.97732096934
664500.0000000006,496391.3894043018
739999.9999999999,825886.4809871956
277500.0000000001,497710.94921287394
171000.00000000012,188201.62865417168
364000.00000000006,555985.6770409116
352000.0000000003,274538.9778093875
152999.9999999999,196130.44788245542
382999.9999999997,342187.14722020127
146990.00000000006,153294.7236723384
62999.99999999995,92984.12355370262
440000.0000000002,218118.7256483304
390000.00000000035,382049.2448359099
158999.99999999997,159890.41765405293
398999.99999999977,274906.34232167463
483000.00000000023,487023.77538587793
310000.0000000002,315061.1515119334
166000.00000000003,315546.2519229597
495000.0000000004,395601.69995266513
159800.0,244590.46849555217
233000.0000000001,242932.5757316611
114999.99999999991,165731.0375662213
678999.9999999995,717854.8564646235
364999.99999999977,271014.5798597487
844999.9999999993,425332.0626788907
136500.00000000006,148542.5867360173
171199.99999999985,237540.90729599688
124999.9999999999,177761.18822235396
173999.99999999997,245218.60723122477
90000.00000000001,112808.05503143132
513999.9999999996,628850.4017426623
499999.99999999977,563586.0591473528
336000.00000000006,296538.54687898955
177799.00000000012,153996.529170365
790000.0000000003,1024629.5447051587
275000.0000000002,234869.42960676132
261000.00000000012,397768.0383199629
255000.0000000001,264539.95155087695
504000.00000000023,554425.6574067668
449999.99999999994,492588.8085590176
150000.00000000006,215767.08488734197
167499.99999999997,181615.56068774368
1600000.0000000012,902985.9135413683
136999.9999999999,115962.88521236122
425000.0000000002,289182.1347419231
148000.00000000015,133707.63162914885
213000.00000000015,242538.7301899985
249000.00000000006,197707.9337068509
139000.00000000003,173641.74591364348
133749.9999999999,118582.85539354153
248000.0000000002,365048.0290392314
208100.00000000017,243526.38726148818
890000.0000000002,690644.584378983
177999.99999999994,241034.75754176386
159760.0000000001,164834.31380109396
989999.9999999992,467798.40597268846
313500.00000000006,553236.4240474647
399999.9999999999,372425.2913029425
999100.0000000009,1189894.2936764145
259000.0,279972.03191787965
168500.0,191335.10228332365
334999.9999999998,391056.5862545467
160500.00000000003,130515.55317410978
1249999.999999999,922018.0719618631
409499.9999999997,298482.2915032435
149250.0,84466.29483229293
133500.00000000003,213624.66687086684
180000.00000000003,191988.9127599183
198000.00000000006,131761.4395547795
116499.99999999991,123072.21568013639
448999.99999999994,283202.5113163704
167000.0000000001,129276.99080847294
162000.00000000012,194840.1705529256
167999.9999999999,139568.95774247544
136590.00000000006,118181.29650408609
466000.0,391683.1443694133
157999.99999999997,192649.76544174083
622999.9999999998,538805.3992325389
719999.9999999995,626578.1830929687
304999.99999999977,253089.73542471288
154424.99999999997,168789.02323727557
233999.9999999999,288548.7130083107
215000.0,139595.91950422217
49900.000000000015,77985.85519323434
628999.9999999997,535019.0051846621
739999.9999999999,903868.6227610912
574000.0000000001,344171.0438260923
183000.00000000012,160862.87718519123
202999.9999999999,209232.07259435474
1210000.0000000012,611180.8247107244
279899.99999999994,215960.3973697716
320000.00000000006,325369.18560958933
202999.9999999999,187477.49248470404
355999.99999999994,240279.55117340598
320000.00000000006,195542.97887997524
82000.0,210003.89633164488
320000.00000000006,315948.42858631717
208999.99999999988,257798.65209574034
396521.9999999997,368069.43077948823
294999.9999999998,394751.4504583353
289999.9999999999,290568.903574968
208000.00000000003,281699.9968600594
225000.00000000015,296379.64702013327
343999.99999999977,256840.25516571326
69989.99999999997,113301.2477204414
169000.00000000012,170992.32725786834
279000.0000000001,345436.7665407273
171999.99999999988,191908.1108525889
157999.99999999997,238160.99078838728
344999.9999999997,422150.55285038194
199799.99999999983,220357.7187871829
171999.99999999988,225736.5422974554
199000.0000000001,232286.79739660444
195000.00000000006,282254.29464764136
698499.9999999995,678089.9349134543
160500.00000000003,142141.9315078567
749999.9999999998,426477.08705461386
177000.00000000006,170568.12823395163
1650000.0000000007,1057467.54401783
114999.99999999991,155394.85230181995
237000.00000000003,209454.21479582178
540559.9999999999,494489.4322562167
349999.9999999997,285830.2840228301
379800.0,180875.16191014976
974999.9999999999,727300.873497113
326000.0,438190.05490940297
178499.99999999985,157031.48984490288
385999.99999999977,327328.1344854449
109999.99999999991,224812.73087264234
488000.00000000035,555964.9580999701
70000.00000000001,91999.97232145787
152249.99999999997,141456.43240621747
71500.00000000001,130267.80180825971
160500.00000000003,337968.39894492755
98000.00000000003,183862.3839512414
218999.99999999988,196116.87221474486
1036000.0000000001,866698.4749842613
414000.00000000023,400381.2083151258
155000.00000000012,149133.22496609334
315000.0000000002,286978.02348996844
71500.00000000001,99786.91449078752
247000.00000000006,214536.35645618188
342000.0000000002,270151.29037462786
244999.99999999997,117535.51421406509
139000.00000000003,109923.07946198704
248000.0000000002,108670.29587040718
201400.00000000006,206544.4309288869
284849.9999999999,243897.7036962679
248499.99999999994,253513.6201934609
196800.0000000001,222779.93923353864
90000.00000000001,88096.1056056332
330000.0000000001,365590.2772697857
630000.0000000006,580900.8944590599
840000.0000000005,738460.0012518669
525000.0000000003,380154.3900101025
86000.00000000001,177232.58055562852
215000.0,367227.1827128019
257000.00000000015,202484.84207051803
143000.0000000001,207890.72806941604
668000.0000000002,603259.5484576328
289999.9999999999,265935.97886257677
181000.00000000006,232222.08209814364
185000.00000000006,250079.6491468041
90000.00000000001,136174.62839545423
1050000.0000000007,595226.5938437388
940000.0000000006,365605.50228810287
367500.0000000003,377596.4774209909
231999.99999999997,256779.7437054588
150000.00000000006,202749.4414499314
698999.9999999995,355162.8481545003
178999.99999999994,204291.29073417865
729999.9999999998,616682.9622610377
460000.0000000002,407264.85754384886
520000.0,497390.64108601375
103000.00000000001,174287.3227877823
227499.99999999997,258286.76450461562
86999.99999999994,160630.96507813715
139000.00000000003,212739.5743883447
305999.9999999998,245863.72246075867
314000.0,302367.30220984604
289999.9999999999,224297.93055249192
169499.99999999985,157222.2079711937
202000.0000000001,179574.99143923967
136999.9999999999,154053.27592995373
418999.9999999998,389263.7365466319
424300.0000000001,376422.47020681365
397999.99999999977,190729.29274273064
466999.99999999994,388312.8305822402
386900.0000000003,325877.14651421504
268927.9999999999,138704.38740109577
213499.99999999994,211829.97447917808
130000.00000000009,145140.860972336
487100.0000000001,393100.98652802815
31999.999999999993,98687.73186120274
287000.0000000001,196602.12103707314
393899.9999999997,487054.78568474215
59950.000000000015,73973.65236293165
630000.0000000006,544092.2518602397
87999.99999999996,115447.02196967122
261999.99999999994,300312.8969318637
283000.0000000001,227493.15837236412
110989.99999999993,106861.69329184586
198251.99999999994,179166.98797446163
457499.99999999994,484332.5736080422
364000.00000000006,272207.6442006045
240000.00000000003,257365.59808329327
199000.0000000001,193490.60565848867
191999.99999999997,225336.37143410186
759999.9999999999,715444.7427875272
790399.9999999998,600243.2297336702
114999.99999999991,121427.63499882005
186000.00000000012,135209.9008127714
118999.99999999993,194631.91191898283
820000.0000000005,387257.6334553629
570000.0000000001,625309.5844115604
159999.99999999997,184696.80779506496
249754.99999999997,259210.15745196704
1198000.0000000002,1180054.6057860642
299000.00000000006,283481.0734327099
377999.99999999994,346545.1207314462
249000.00000000006,221718.8119444349
235000.0,240215.15147270635
410570.99999999965,526031.4059437185
225319.9999999998,206371.122514322
890000.0000000002,785891.3585831424
423999.9999999998,279919.04775664286
95999.99999999996,109750.28881840354
399999.9999999999,276922.51468172553
255999.99999999985,246736.36339703883
395999.9999999999,206073.3981377854
70000.00000000001,200179.1820119301
354999.9999999998,504168.06739187974
208000.00000000003,216523.02599759627
525000.0000000003,316847.134424952
240000.00000000003,236405.499443824
679799.9999999994,469991.75315141433
159999.99999999997,196712.3379881259
238970.00000000017,217349.02683275202
529000.0,558803.784094062
144400.0000000001,131592.0902135417
315000.0000000002,321534.9192244808
103000.00000000001,140433.72635682652
163999.99999999988,238182.1653701076
448999.99999999994,319675.6402453767
315000.0000000002,329502.56641192746
199000.0000000001,185505.18586991794
64500.000000000015,212981.5852597636
159999.99999999997,184690.43655530858
984999.9999999994,613219.7130564491
215000.0,159666.64750078117
229000.00000000006,292962.1299081661
175000.00000000012,203489.12121394475
330000.0000000001,323422.41444697534
566799.9999999997,577991.031965673
167999.9999999999,183654.06729920063
282499.99999999977,337767.91013403685
145500.0000000001,175416.0504861776
124500.00000000003,194775.0494700032
109999.99999999991,181325.02879248658
149000.0,185232.6226178523
960000.0000000006,778948.2051871027
89000.00000000004,147746.14549246832
639999.9999999998,573651.5557935911
177999.99999999994,195381.59124980547
549999.9999999998,615381.2404541107
297999.9999999998,327798.7919232961
138000.00000000006,141007.06048460287
244999.99999999997,234673.14259552833
320000.00000000006,280048.0715488143
225750.00000000003,218471.20679403213
850000.0000000005,1043110.2708075392
1175000.0,1148157.3307299076
146200.00000000006,150833.02789818044
249000.00000000006,234005.9741477951
294999.9999999998,300151.31787122734
139499.9999999999,143102.15398414907
127999.99999999997,165074.361068769
158999.99999999997,126262.25532689007
72150.00000000003,202054.23857462307
255000.0000000001,246363.10258962226
299000.00000000006,369784.24813343066
229000.00000000006,181316.18851454987
221000.00000000006,176378.8050368851
585000.0000000003,654589.0509929651
188999.99999999988,218940.91292504116
104860.0,92417.8935429997
998999.9999999995,673629.7423105879
172499.99999999985,190746.05401894468
95999.99999999996,96881.45363563382
1069999.9999999998,861091.8556061584
334999.9999999998,212763.76044897974
71999.99999999996,124994.75925374753
185000.00000000006,301921.7903045033
150000.00000000006,172944.76903368428
364999.99999999977,344895.9481310673
149000.0,199363.56844625052
146999.99999999988,147301.37723946708
633000.0000000003,583638.0969481679
379999.9999999999,438972.86710195825
263000.0000000002,140110.42451482615
349999.9999999997,431719.12044008385
199000.0000000001,212390.53267339314
702000.0000000003,524366.7580527492
463999.9999999998,411422.66866135906
304999.99999999977,238594.2263141518
149800.00000000003,106206.5383047158
304999.99999999977,281133.32081519725
86000.00000000001,165481.9562675432
1048000.0,1138599.55243142
212000.00000000017,269319.80942964257
343999.99999999977,345583.4898116833
339830.0000000003,234047.73987162102
49500.0,63142.614697190256
698999.9999999995,748158.7687336518
49500.0,58747.517653146984
355999.99999999994,319950.11328644416
203999.99999999985,215115.9252939159
304000.00000000023,241965.44460760456
240000.00000000003,254984.91040233464
682000.0000000003,684229.722751152
491999.99999999965,492273.12748890626
56000.000000000044,89867.00429838715
741000.0000000006,574488.0928851019
613999.9999999997,653776.7696374429
928999.9999999995,321054.51828493393
409999.9999999997,190194.19297702643
215000.0,176882.8952108695
549999.9999999998,446817.192196257
420000.0,426201.63796919404
243000.00000000003,237801.48290003662
199499.99999999994,107950.02605078131
157999.99999999997,163785.9834237115
279000.0000000001,271627.1235765617
235000.0,249983.77861127857
366999.9999999997,358899.3580395501
261000.00000000012,195018.08614525836
199000.0000000001,202631.34981730208
409999.9999999997,414719.3611945349
267999.99999999977,212461.63713655862
379999.9999999999,276689.8131935445
348149.99999999994,284236.9648953938
108000.00000000001,133251.94066678273
134999.99999999997,203001.79297341564
555000.0000000002,483573.31543734757
58999.99999999997,529916.9889431065
128399.9999999999,177496.65196885268
484999.99999999965,279934.9798655147
553849.9999999998,609141.732816662
167999.9999999999,157060.40412540434
208999.99999999988,270083.09200661187
217000.00000000012,175946.19528153617
92000.00000000007,180642.11698003262
435000.0,319627.3814859555
279000.0000000001,280199.9889047734
389000.00000000035,345111.4297986714
109999.99999999991,154867.70047906323
230370.00000000003,257114.32630353895
219999.99999999983,236876.09323433283
99509.99999999991,119884.82089526344
377999.99999999994,505852.445049508
707199.9999999997,718880.4633254734
382999.9999999997,374654.66146610497
314000.0,310466.2213775568
267000.0,200500.97792522068
168399.99999999988,346775.41344551905
585000.0000000003,380921.10953676363
218999.99999999988,202312.531575527
387999.9999999999,307780.3587526583
1400000.0000000007,1134671.673837547
64999.999999999956,148121.54089161794
187000.00000000012,224709.2240999808
207500.0000000001,280650.34650183085
73999.99999999997,194761.9336957568
199000.0000000001,313848.68452854815
395000.00000000035,312106.6082179567
147900.0,137025.31403287954
294000.0000000001,245693.3723438206
187249.99999999997,267918.01086229726
118999.99999999993,174738.51284713062
575000.0000000001,612151.1043301214
158999.99999999997,157489.3271117397
406174.9999999998,325085.8418500529
105839.99999999997,345793.76705898903
139000.00000000003,130721.50038957743
235000.0,276337.0928401471
239000.00000000003,194352.15599165257
217999.99999999988,202375.88372803509
235000.0,145916.8694566678
509999.9999999998,401130.9154732515
84000.00000000003,120222.94178827823
185000.00000000006,234618.10248606186
387999.9999999999,355623.036814921
368000.00000000023,412995.9072742558
143989.9999999999,259941.87705474554
798999.9999999997,700905.7966424145
472500.00000000035,491290.9088661777
687000.0,504401.9135604844
218999.99999999988,408985.2814795596
272500.00000000006,231269.2262797625
334000.0000000002,352339.32886071515
509999.9999999998,511068.7596079671
230000.0000000001,215124.1362871283
210000.0,203437.5532496618
1169999.9999999998,631876.1272690123
215000.0,185859.13499146875
560000.0000000003,560124.7276648975
319000.0,257352.16519994734
249999.9999999998,257880.9494198105
284999.99999999994,205394.1436331642
409999.9999999997,517044.19942343596
175000.00000000012,184810.01385054569
394900.0000000002,573277.5553974969
299999.99999999977,296130.9729598295
127799.99999999994,85952.17488995133
219999.99999999983,225265.4841958724
449999.99999999994,543664.8596515853
178999.99999999994,163891.75033341444
834000.0,682791.9212125632
1134000.0000000005,426110.6650282644
254400.00000000006,289981.04159167927
52000.000000000044,100392.68402301976
606999.9999999995,627904.55074929
66000.0,123667.22537026694
144000.0,152231.79238349653
82500.00000000001,306884.9257832942
367500.0000000003,246703.89073846865
166719.99999999985,118355.52396292251
113999.99999999996,151432.65052433385
359000.00000000023,373876.67766152206
1128999.9999999993,1033930.7784252411
148600.00000000012,97823.0999443348
130000.00000000009,134682.70748570716
44999.999999999985,185162.85502159284
469999.9999999998,481026.63829659676
234800.00000000017,175221.78005572336
265000.00000000006,287318.23433477385
1626999.9999999995,1201410.736924084
123500.0,172454.28787239204
173999.99999999997,99444.31169328587
669999.9999999998,616642.4723771608
354999.9999999998,424831.82869990775
136500.00000000006,137270.42708788652
230000.0000000001,242494.2040531798
950000.0000000008,941531.7921813026
235000.0,174554.1778857179
735000.0000000005,428575.52321983693
398999.99999999977,485502.7969082543
294999.9999999998,312966.4478808291
324999.9999999999,608656.2702792163
255000.0000000001,268922.1858649825
224000.0,276666.1238249508
183749.99999999994,240376.9575591015
284999.99999999994,339307.0473676155
400999.99999999994,320833.239632199
267266.9999999998,265697.37848684494
330000.0000000001,239401.42136781942
195899.99999999983,197803.3162742824
44499.99999999997,144864.9229779265
159999.99999999997,195751.95000402682
189999.9999999999,228820.92045691915
71999.99999999996,92419.03215021045
515000.00000000006,448999.0729471764
226800.00000000017,258284.4678007772
218999.99999999988,306536.5882395218
259999.9999999998,128054.83530425858
697999.9999999995,389371.0628850144
299000.00000000006,311119.69137496036
375000.00000000006,368378.04525985045
70999.99999999994,92719.65424750623
330000.0000000001,389454.25373181864
250999.99999999988,417758.4761499833
639599.9999999995,562124.9987592092
229000.00000000006,202058.91507240638
995000.0,999491.7496821512
727999.9999999999,424994.7026965203
198955.0,232702.0355259913
792000.0000000006,626314.7350091685
375000.00000000006,304946.6545009923
219999.99999999983,346599.19795435685
64999.999999999956,116773.01050647603
197500.0,179770.0650006789
1314999.9999999998,848503.8964622455
240000.00000000003,215406.11031349917
549000.0000000005,447569.8493826549
108499.99999999999,122944.91485194174
95000.00000000001,110372.3248521944
223000.00000000003,228631.52107215885
498882.9999999997,478510.094008195
442000.00000000035,289372.25728391734
1095000.0000000005,1097455.6218626776
194000.00000000006,144282.72662075615
170500.00000000012,361977.44999286183
399999.9999999999,283762.38665232965
66000.0,91253.14257787183
197000.00000000015,253140.08905848005
348499.9999999998,292953.32515623566
186000.00000000012,165384.03402821498
138000.00000000006,121111.02028216218
143500.0000000001,167287.80258001838
235000.0,293096.5382185542
156499.99999999985,204499.90154767543
199000.0000000001,224548.52807209123
458999.99999999977,399358.3187040143
537999.9999999998,593925.4268024227
136500.00000000006,141582.5866659312
129989.9999999999,161169.8023129227
400999.99999999994,377372.76543688704
337999.99999999977,286028.7212147153
676176.0000000005,332140.4891077273
1198000.0000000002,1173888.352851795
57000.000000000044,109156.58374950927
104999.99999999997,159966.30078006996
494000.0000000004,428203.8693812891
710000.0,588244.5058561225
265000.00000000006,252814.05628287667
347052.0000000002,330725.228292924
320999.9999999999,316389.15383442474
433000.0000000001,286270.86606330995
96359.99999999997,83513.77938884456
242000.00000000017,234861.49173243844
548500.0000000001,625805.900089681
509999.9999999998,435937.7399383247
1150000.0000000005,1016387.9654998736
160500.00000000003,245884.40617240116
513999.9999999996,609036.7398824556
259000.0,256539.28661766494
255000.0000000001,265386.4869923646
297999.9999999998,296024.09759707964
348999.99999999994,420676.41322854435
339999.99999999994,427405.53626083327
348999.99999999994,389946.92525745794
79000.00000000006,99557.52072451159
662000.0,595822.2582588554
458999.99999999977,470305.2757032616
349999.9999999997,395909.2978585235
830000.0000000005,600078.130716073
289999.9999999999,379070.00515872816
145999.99999999997,118325.44503187257
75989.99999999997,114651.20204067389
96500.00000000003,102310.79024566077
135999.99999999997,111721.09813597595
167999.9999999999,232127.508228411
278000.0000000002,242885.9392924871
169000.00000000012,242895.86173282762
67999.99999999999,113920.60202531655
349999.9999999997,337817.9589865361
337999.99999999977,311782.3040142698
156999.99999999994,159948.34701327293
217999.99999999988,231502.2189727899
912999.9999999992,756650.025141532
386250.0000000001,492169.1922183667
78500.00000000004,99317.22832871942
175000.00000000012,194248.34286622892
95999.99999999996,127457.07631631332
50000.000000000015,105752.25461515297
997500.0000000007,544783.632262832
95000.00000000001,218316.4234052847
458999.99999999977,453112.9621607115
146999.99999999988,137031.66530673756
430000.00000000023,403243.97271693836
208000.00000000003,324717.48623633303
215000.0,119749.68217015122
159999.99999999997,193843.26117064795
173999.99999999997,148437.60968309024
309000.00000000006,404568.86070888775
270000.00000000006,300119.64924424165
336000.00000000006,288793.4129914685
461999.9999999998,397063.5879151894
199899.99999999997,221358.5216655197
938000.0000000002,506296.61846129224
682499.9999999995,368477.684336397
649000.0000000006,499306.4395038854
649999.9999999995,756540.7445477096
289999.9999999999,231008.16208823078
152000.00000000006,121117.10142819736
80000.0,91760.14510317908
337999.99999999977,346890.12391344825
146999.99999999988,179547.87640184062
376000.0000000003,280436.7757732618
369000.0000000001,342570.5405534811
594999.9999999997,315159.27862182906
199899.99999999997,200291.50990690722
431500.0000000001,383224.5121776152
599000.0,353158.9832369052
1140000.0000000002,783946.1339655116
442999.99999999994,519971.1012269176
279000.0000000001,302771.51569983177
265000.00000000006,247951.1294302671
245499.99999999988,243775.99398661632
349899.99999999994,252926.20995768675
449500.0000000002,374476.5293485766
360000.0000000001,249102.93183930137
430000.00000000023,442742.9918299169
177999.99999999994,230282.9716057718
228000.00000000003,301977.5315579158
55000.00000000004,127356.59642656219
208000.00000000003,190363.09306826346
275000.0000000002,230922.86941122724
757000.0000000006,557669.2380195167
634399.9999999999,548079.2960047963
599000.0,407145.5515300692
137500.00000000012,246577.86872322555
440000.0000000002,525606.3737874529
625000.0000000002,453105.172467238
210000.0,221579.73169752926
339000.00000000023,323770.94543880085
134999.99999999997,129461.13391926484
92000.00000000007,115761.44845253833
171999.99999999988,195158.6896938519
145999.99999999997,124189.591244616
1229999.9999999995,1278965.948609672
68999.99999999997,86299.60437208667
1110000.0000000002,1120703.8898778674
96399.99999999997,163598.17638562474
291999.9999999998,230903.31399745634
144000.0,223051.18689772248
407999.99999999965,245830.03335565559
989999.9999999992,816520.8539722553
907999.9999999992,773650.6691512824
523999.9999999997,673294.6082825895
369999.99999999977,246399.17820058143
215000.0,112875.92390004784
398999.99999999977,375102.27625233255
349999.9999999997,321702.7145707235
359000.00000000023,552376.715712019
109000.0,177984.6913698729
228000.00000000003,163654.75367225308
472172.00000000035,280646.1586524112
448999.99999999994,434212.46261204616
175000.00000000012,133271.77369260066
86000.00000000001,241424.41986822058
276000.0000000002,257578.6796037725
244999.99999999997,271052.41194681125
199000.0000000001,171348.5332025583
70999.99999999994,123788.72849063968
469999.9999999998,492859.718482604
379000.0000000002,354953.6988518018
159499.9999999999,167126.73662161126
1082000.0000000005,818500.7885150613
157500.00000000006,232198.32732852094
384000.00000000006,411049.4533703244
700000.0000000006,543539.1387511959
418999.9999999998,379012.8380112132
299000.00000000006,393765.8107892209
318000.0,267193.1766449578
165000.00000000015,194199.8867014664
490000.0,548969.792036049
287999.9999999999,285855.4339402292
169990.00000000006,245317.41501540417
299000.00000000006,313402.743528068
600000.0000000003,451586.21208809543
270000.00000000006,248058.58730219444
207601.0,243126.85905119593
162000.00000000012,172336.23190320304
490000.0,438503.9670278113
230000.0000000001,248411.68416104247
379999.9999999999,318232.4380036885
1635000.0000000005,907534.8843930864
199990.00000000003,241894.62257623355
246800.00000000015,151196.1033616335
1080000.0000000002,822544.235847499
455000.0,413289.5069176982
327000.0000000001,321569.2157775905
231000.0000000001,215499.72602399674
121000.00000000003,121491.96380160889
184000.00000000015,207971.06713503992
56000.000000000044,102802.38724761103
1150000.0000000005,859723.7890016948
698999.9999999995,686004.7792746335
304499.9999999998,210658.83257498918
339900.00000000006,507247.10245836165
242000.00000000017,256283.71754825712
409999.9999999997,265927.6772153284
565110.0,505319.3599928115
360000.0000000001,264320.18351591454
144000.0,147597.7298685109
139000.00000000003,122465.60171771204
183000.00000000012,231553.8725667234
270000.00000000006,252292.52278400896
149000.0,169436.98083489985
262500.00000000023,281672.7796170171
181000.00000000006,228473.70265097916
454000.0000000002,387509.0210819137
291999.9999999998,266509.2970971977
435999.99999999965,400310.46601271624
152499.9999999999,152682.86649461737
177500.00000000015,172306.30764246697
188000.00000000012,101590.71398869732
266499.99999999994,273720.5865953369
465000.00000000023,445176.3599418553
158999.99999999997,318352.76831358817
280900.0000000002,295225.0974626269
407000.0000000001,386215.92497995193
590000.0000000003,426221.3881349715
267799.9999999999,243117.33103082067
261999.99999999994,179178.383963649
348999.99999999994,324823.9066276812
1529999.9999999988,907520.8818711856
448999.99999999994,457717.05126595526
735000.0000000005,579783.1452719346
149500.00000000012,167257.3854635749
178999.99999999994,153483.8856379689
139750.0000000001,139432.86946744035
600000.0000000003,371269.8927652709
273999.99999999994,254057.0177171935
275599.9999999998,265029.17441152653
416000.0,338784.9087391321
719999.9999999995,552374.5678375956
155000.00000000012,273465.33620633045
795500.0000000005,459246.897074344
104999.99999999997,158268.20680821838
235000.0,222342.5789100546
149000.0,141804.7746779243
364999.99999999977,273766.7486276772
827999.9999999997,314610.9214827259
297000.0000000002,174209.2086996238
44999.999999999985,88400.91580014807
989999.9999999992,689656.5172232791
717599.9999999997,583082.7276899954
220899.99999999994,246804.61674811822
140999.99999999994,168515.3719818633
93999.99999999997,114709.30130202175
749000.0,474035.3061106651
280000.0,290575.5879727459
196230.00000000006,273170.0935890327
645900.0000000003,654769.2187755246
320000.00000000006,262750.5309455045
138000.00000000006,225224.87501671168
249999.9999999998,254512.81726437405
268499.9999999998,264673.81766362564
382000.0000000002,510938.3103952215
249899.9999999999,210581.128513208
649000.0000000006,646309.857308442
418000.00000000023,479407.4270182682
228000.00000000003,211044.28755449888
562999.9999999997,600875.6031318023
279899.99999999994,287608.30195368297
118799.9999999999,154261.2743829515
60000.000000000015,133834.6251156682
322400.0000000002,304182.139328886
209200.00000000003,170485.55283004063
180000.00000000003,179880.11691110308
249000.00000000006,284674.72502214235
289500.0000000002,307698.5673828659
229000.00000000006,239358.6750005161
600780.0000000001,392251.2897941887
90000.00000000001,122194.0472113022
184000.00000000015,207667.34802892915
315000.0000000002,554217.8598202092
525000.0000000003,424176.00603161514
90000.00000000001,126472.02041863365
166000.00000000003,239785.5562916996
706000.0000000001,444896.0467919897
109000.0,140763.07691891617
138000.00000000006,154548.82770205862
109900.00000000003,255485.3894520206
1145799.9999999995,609053.6588094233
490000.0,453843.6028256511
244999.99999999997,221538.41219961064
218400.00000000006,258629.4105473639
354999.9999999998,315084.81353502546
549999.9999999998,569924.9892509431
213000.00000000015,219160.20401806512
348999.99999999994,326426.13869334734
276999.9999999998,335559.9863236719
359000.00000000023,195320.49042205763
385000.00000000023,620302.8631649574
600000.0000000003,646411.6945258884
242000.00000000017,408644.83184120146
278249.9999999999,215440.88493427105
180500.0,174278.7609609931
790000.0000000003,563651.8649953818
114999.99999999991,155748.1822585837
150000.00000000006,189580.07843353917
114499.99999999991,185382.726728317
996999.9999999999,495740.83184136526
573000.0000000001,426816.7383479397
309000.00000000006,276599.4574388333
280000.0,340801.19448696874
1194999.999999999,428358.4110633052
348999.99999999994,354844.7513115018
229000.00000000006,261953.93901056994
315000.0000000002,301152.1335032616
179500.00000000015,394589.21361884335
279899.99999999994,269445.5651197302
192999.99999999985,182164.81853810014
254400.00000000006,230143.58211494933
138000.00000000006,178035.57062658994
320000.00000000006,271424.4444131191
211499.99999999983,195817.26184644195
129000.0000000001,234654.53986193685
349999.9999999997,168353.54370801192
875000.0,837648.93565631
169000.00000000012,158185.36928359483
235000.0,227078.1350014611
294999.9999999998,336623.8512449577
225000.00000000015,180179.23082605816
80500.00000000001,137283.56611092415
133999.9999999999,184571.8521248159
429900.0000000001,314794.52553380764
244999.99999999997,272164.3096498719
110249.99999999994,164781.43586563217
315000.0000000002,429543.1292651696
392200.00000000006,224450.33083985696
360459.0000000003,362051.50328002614
158999.99999999997,187138.1215766799
620000.0000000005,586345.4172233328
90500.00000000001,130531.50719737244
565000.0000000003,502849.2879916037
1600000.0000000012,865617.6874747033
127199.99999999999,177476.13923386007
125999.99999999993,135305.58524545262
38600.0,81843.13232621276
54000.00000000001,184497.45998017935
440000.0000000002,441905.2618355403
172999.9999999999,229362.4852515001
215999.99999999985,231506.9230483381
49000.00000000002,97411.1714957286
615000.0,414178.01181637554
145999.99999999997,195787.91722874276
309000.00000000006,345433.3689780322
291999.9999999998,216593.6420508782
420000.0,600525.7370072705
405120.00000000006,430419.0020786767
89799.99999999994,113208.7447894113
90000.00000000001,152269.74827826282
374899.9999999999,459037.67773676204
244999.99999999997,152097.21797885507
233500.00000000003,204910.50432196198
570000.0000000001,403708.86676107196
297999.9999999998,189386.04859053943
268749.9999999998,380527.79206434387
139999.9999999999,270186.2789094753
739000.0000000005,803065.8462508497
775000.0000000007,635315.0178510438
191699.99999999994,290659.6040963073
169000.00000000012,156694.77652992605
387999.9999999999,517280.9619054233
309000.00000000006,365047.82752787526
127999.99999999997,171192.28247872775
170000.00000000012,193943.2726874647
239000.00000000003,160681.17726192018
155000.00000000012,214014.3810692236
385000.00000000023,529927.2215412201
324999.9999999999,245336.14953324813
330999.9999999998,490019.5862320647
67999.99999999999,152162.44991031886
64500.000000000015,95524.45424672279
525000.0000000003,559096.7357931288
649999.9999999995,608492.6032622522
444999.9999999997,389972.5073406147
491000.0000000004,400429.24415099557
173999.99999999997,131526.35347225177
651000.0000000001,677899.2131511864
339000.00000000023,279089.08929547627
75000.00000000004,118494.43074756434
540000.0000000001,464860.43556366477
166000.00000000003,213219.0068223227
392000.0,244121.0237308183
710000.0,541066.9133863129
171999.99999999988,180603.82950489552
238000.0,198656.2523943757
194000.00000000006,233569.8490779132
430000.00000000023,496345.7649949706
115989.99999999994,112743.14826684406
270000.00000000006,257292.09618204672
79000.00000000006,79207.51153922426
582000.0000000003,628459.1939436654
235000.0,354968.95953318966
404249.9999999997,363648.9462675185
759999.9999999999,744350.938940958
217000.00000000012,332890.84976350423
299000.00000000006,275450.8292338788
76000.0,62774.104581111606
354999.9999999998,349004.78771937086
237000.00000000003,273783.42360018654
255000.0000000001,260949.64372953222
261999.99999999994,177904.95495986598
359000.00000000023,347458.76179840066
541750.0000000002,451938.74021763774
259000.0,278719.71926014166
215000.0,300785.2444330131
424900.00000000006,438691.3589613097
198000.00000000006,262451.35577639216
136999.9999999999,173218.3713390176
186000.00000000012,186032.8637795067
116999.99999999991,134117.5791320813
296800.00000000006,240601.80229493967
322099.99999999994,255694.4976091279
895000.0000000007,481744.3828996272
375000.00000000006,488090.5564555727
449999.99999999994,508086.3052433995
409999.9999999997,392325.20079057885
630000.0000000006,582200.247800947
109999.99999999991,140103.10822922425
191999.99999999997,248393.4168867483
697999.9999999995,600396.3570608611
189999.9999999999,196243.62426751884
229000.00000000006,262897.71572731266
150000.00000000006,152321.40305323922
242000.00000000017,196445.62620183046
145000.00000000012,219238.80441079827
132990.00000000003,158423.80559882443
534999.9999999995,528709.5175036894
1115000.0000000007,904853.9653820256
124999.9999999999,144062.71077168267
1024999.9999999995,557708.9425333091
459799.9999999999,382440.98119752674
700000.0000000006,510116.969526345
379000.0000000002,299360.3904660095
46999.99999999999,93150.38284714414
349999.9999999997,231483.81850984594
116999.99999999991,129131.1690309475
229900.00000000006,249431.2085537962
315000.0000000002,430659.7265064114
139000.00000000003,189490.6567752863
143000.0000000001,268969.05916500534
204889.99999999983,143379.60964509164
158250.00000000012,232613.31608882383
474699.99999999994,291970.17992764927
86999.99999999994,126885.06500316004
159999.99999999997,214781.9644737115
312999.9999999999,353083.68991462834
75000.00000000004,95576.50685319466
177999.99999999994,164454.94826123148
261999.99999999994,396727.7050197789
295999.99999999977,286127.76878526557
979999.9999999997,692551.8215712148
423000.0,388381.28914944123
304999.99999999977,225783.07460744146
187000.00000000012,264313.6252899561
263223.00000000023,254882.91730327278
421499.99999999965,423420.6361231824
80000.0,106935.3623103166
263000.0000000002,210539.72105934532
1120000.0000000005,921816.0165267317
139900.0000000001,168583.86437972353
509000.0000000002,528037.468721577
86000.00000000001,88756.6342688322
93989.99999999999,140778.54525699854
109499.99999999991,181211.43977294792
562000.0000000003,509424.5088659453
460000.0000000002,423295.1232005713
630000.0000000006,754249.6950462413
68999.99999999997,108472.09571226242
718999.9999999999,632486.6379456167
265000.00000000006,283737.8739685895
181000.00000000006,151404.4405338625
416999.9999999998,383744.9498458658
199000.0000000001,289822.64940140414
185000.00000000006,190748.70548191015
84999.99999999996,141311.79027427174
142000.0,163034.29256359691
704999.9999999995,701129.1459644354
228974.99999999983,215425.52351747017
759999.9999999999,519092.9816825564
188880.0000000001,167336.92544494706
780000.0000000001,841198.5327816164
141327.00000000006,138300.22765659716
321999.99999999994,432091.01726765616
800000.0000000005,793215.2688394871
244500.00000000012,264312.4363549135
699919.9999999997,498456.91526802856
149800.00000000003,202065.0803529525
246750.00000000006,191323.74871176036
133000.00000000012,177020.35476209022
211849.99999999997,221135.572992805
312999.9999999999,249131.3599547196
244999.99999999997,150544.88724121638
159899.9999999999,175046.20923962074
167999.9999999999,201526.090265274
435000.0,747793.2580677872
866000.0000000003,885076.0447864262
199999.99999999997,150688.71080232886
179900.00000000006,121591.60169996988
674999.9999999998,752455.8663145673
90800.00000000004,141927.89792778602
304900.00000000023,281949.2250527255
590000.0000000003,552107.5584147726
294999.9999999998,206741.88936866293
247500.0000000002,246590.1272428581
199000.0000000001,213234.42378894557
892499.9999999995,465404.42021381255
309549.99999999994,213335.26887957443
399900.0,406119.9614405199
360000.0000000001,256421.4751037549
270000.00000000006,176772.760323975
70416.0,64682.38608607002
249000.00000000006,311183.8236008102
179920.0000000001,202069.0152092985
229499.99999999997,214212.7313525991
460000.0000000002,366618.097165276
231000.0000000001,229717.43298177514
464200.0000000003,340891.3998597378
139000.00000000003,128627.73800489272
513999.9999999996,287611.03283571947
240000.00000000003,255070.58297271494
881999.9999999999,650794.7921157297
99000.00000000004,71502.46941690658
409999.9999999997,615743.1878190464
540000.0000000001,519119.66459471715
240000.00000000003,212635.10899075895
280000.0,223400.2598803665
126999.99999999991,159223.85991976678
106000.00000000001,95430.81985764427
156000.0,187118.7515864897
199999.99999999997,225635.79011885388
167000.0000000001,185345.57427627398
171199.99999999985,185132.81624344524
174399.99999999994,130341.12930315352
360000.0000000001,168176.154544389
249899.9999999999,339147.37543969403
1550000.0000000012,758703.9697817799
210999.99999999994,137941.49202497766
291224.9999999999,223133.0406263964
1474999.999999999,588636.4615361296
152499.9999999999,194174.6446512595
179900.00000000006,312117.43994686066
121900.00000000009,123346.17978997761
398999.99999999977,248483.02793998207
196000.0000000001,213760.15207948303
158999.99999999997,170298.6079494342
227000.0,238497.22246489298
362999.9999999999,315985.85768661083
509999.9999999998,380644.5945535842
288999.9999999999,225332.336260824
164900.00000000006,169849.1009044622
1110000.0000000002,810168.0042562594
1140000.0000000002,750342.4229484993
344999.9999999997,390720.71757747314
86000.00000000001,156446.02230446992
800000.0000000005,611480.8419820323
455000.0,357205.237828514
1279999.9999999988,693052.0440871418
211879.99999999997,184912.10473718462
148000.00000000015,188645.24031173735
87999.99999999996,99337.71586235067
134999.99999999997,157608.14482364478
194249.99999999985,271103.1825185014
995000.0,778065.9078470079
599000.0,601522.6186372715
399999.9999999999,281115.82770397334
64999.999999999956,124592.73905734162
599000.0,568404.081701315
395000.00000000035,417385.78900735604
250999.99999999988,203122.2648784209
131999.9999999999,138197.60004509956
159999.99999999997,231936.18789452538
118999.99999999993,154568.38133557362
590000.0000000003,552042.4366310134
95000.00000000001,114121.21422879149
157989.99999999997,144332.43398069593
416999.9999999998,400794.2241601792
511899.9999999996,515058.29629747337
525000.0000000003,508673.66655869473
283000.0000000001,246426.00765293752
269000.0,282729.9938908244
496500.0000000001,277090.0231041031
126500.00000000006,161027.37365326026
1638999.9999999988,793013.894172482
489250.00000000006,326383.9040648889
259000.0,226195.89399107915
389000.00000000035,417100.50915149145
420000.0,486183.82586790284
789000.0000000007,627169.3198424199
915000.0000000002,993536.6292083024
284999.99999999994,291152.72962515533
43999.99999999997,85818.23803645941
1139599.9999999995,882446.6883587332
284999.99999999994,399139.475965744
452000.0000000001,416012.9644070388
161800.0000000001,184902.64157116754
156000.0,194001.2827508065
213000.00000000015,204899.59420624512
649999.9999999995,493121.8357148745
278000.0000000002,311868.6266447878
974999.9999999999,497358.07534102356
155149.99999999988,165133.90031208238
214840.0,193892.61657680405
276500.00000000006,298461.9388947755
171582.9999999999,188134.67481919425
135999.99999999997,156620.61838218328
167999.9999999999,150989.197896512
219999.99999999983,228674.41863065367
288999.9999999999,276145.8312669903
213000.00000000015,311627.26049573853
304499.9999999998,190558.27297666532
288999.9999999999,237495.63893904732
187000.00000000012,132948.29634541442
741000.0000000006,871159.0890892274
477000.00000000006,396656.05230351514
420000.0,394676.6324322676
244999.99999999997,259938.8361282487
827999.9999999997,752761.4178283871
293000.0000000001,284647.1544723902
199999.99999999997,213719.9830044159
81000.00000000007,236504.66667972287
400999.99999999994,396605.6609010156
259999.9999999998,257501.05806658015
337999.99999999977,367557.00363415014
261799.99999999994,334096.6815490114
129000.0000000001,111471.49033559917
342000.0000000002,414115.7405806885
215999.99999999985,216192.08111624233
200999.99999999997,234804.6977646907
169000.00000000012,167143.67580578997
264499.9999999999,269507.48629305384
289999.9999999999,331987.982490467
876750.0000000007,514450.49859381956
415000.00000000006,370952.722083541
129000.0000000001,146373.10158178923
280000.0,295757.8843592612
205000.0,211315.27575347468
289999.9999999999,368684.4433603915
89500.00000000003,75594.01660802634
206999.99999999994,317222.4164588026
645000.0,252217.75244763462
495000.0000000004,450603.74347704573
209900.00000000017,205817.657228381
287000.0000000001,240619.20778839104
347800.0,334621.0664272269
530000.0000000003,528458.631537313
177000.00000000006,138429.13104571908
265000.00000000006,247081.9582413251
70999.99999999994,81552.29511814228
597999.9999999998,373780.4154983127
425000.0000000002,436812.2804814239
654999.9999999995,380239.28789763805
651000.0000000001,418651.78389388684
890000.0000000002,723807.2178306201
127950.00000000007,191349.90864432923
816999.9999999993,736405.7308358642
139999.9999999999,176018.60242439635
138000.00000000006,91156.37947838387
217999.99999999988,211045.15176916795
249999.9999999998,204803.57540409354
289250.00000000006,269737.7320253641
488000.00000000035,255223.26488054087
474999.99999999977,443410.67461571004
356999.99999999994,269399.76282091654
320000.00000000006,326466.8962487866
270000.00000000006,192705.15884883978
129000.0000000001,121908.089768892
729999.9999999998,630402.9507133026
1270000.0000000002,732163.2920379364
700000.0000000006,434267.6383909044
139999.9999999999,206018.06571133577
310000.0000000002,329848.74856155145
108000.00000000001,104773.89845264735
276999.9999999998,251637.63837106325
360000.0000000001,340060.60539583623
349999.9999999997,300082.97442499216
339000.00000000023,411576.2478128308
399500.00000000035,392588.06260372215
415000.00000000006,441093.3171245825
455800.00000000035,471701.0539365247
306799.99999999977,213283.94023053496
339200.00000000023,153946.97447967326
1009999.9999999992,1108409.1704392252
175000.00000000012,264855.60031027376
687000.0,606132.5317285255
1340000.0000000002,897477.8838334396
188000.00000000012,164944.4121978724
109000.0,120380.08408081469
637999.9999999997,521268.5809453064
188999.99999999988,144366.75984129982
395000.00000000035,327139.1075283892
465000.00000000023,426696.8552910344
244950.00000000015,202338.8576546029
588000.0,239395.9022203128
172999.9999999999,222623.4469458772
90100.00000000001,161631.52724799048
218999.99999999988,160336.4912885445
90500.00000000001,141073.18901485694
179500.00000000015,245791.5979395417
1298999.999999999,1355970.9429627922
269000.0,225810.82652666004
225000.00000000015,276375.60397221555
725000.0000000006,484456.04906825605
388500.0,309435.23686308594
239499.99999999983,254175.74894784036
210000.0,198139.7705724894
420999.9999999998,359983.0990118406
310000.0000000002,335860.14909729554
599000.0,508456.01583263784
390000.00000000035,299373.41263217275
371500.0000000003,410317.78971682204
360000.0000000001,424937.71348795097
255999.99999999985,288573.60283600877
286000.00000000023,280807.3467281008
199999.99999999997,163869.21534957283
229999.0000000002,261065.83440620563
549999.9999999998,539389.5251596072
315000.0000000002,418993.73345731193
134999.99999999997,162026.58979102617
208999.99999999988,329208.88450300106
199499.99999999994,272845.74307009584
239000.00000000003,306733.6973279531
194000.00000000006,191044.43342979433
241000.00000000003,230223.01744184806
299000.00000000006,310192.2113287501
318000.0,213140.71177464264
248000.0000000002,296597.8379693626
209499.9999999999,175375.35376911226
137800.0000000001,148338.7784126291
177799.99999999994,188702.39827616778
84999.99999999996,149109.07765651983
353600.0000000002,284014.3479002056
49000.00000000002,148420.19894379535
387999.9999999999,255713.1574335124
354999.9999999998,571997.0368016722
291999.9999999998,260196.30215529935
195000.00000000006,180933.9022785163
368420.9999999997,442955.43619447533
109999.99999999991,119497.46502340806
228000.00000000003,167566.13438573325
117600.00000000003,178053.26850959033
199000.0000000001,240037.4710436027
719999.9999999995,683120.609374254
249999.9999999998,179422.48055618498
242000.00000000017,172785.05715253638
169000.00000000012,190600.3517095766
359000.00000000023,350040.997740186
775000.0000000007,659140.4362215477
604999.9999999998,532268.157341485
116999.99999999991,139530.84913945443
239000.00000000003,385198.64731708774
478399.99999999965,447549.58114756196
977000.0000000008,806769.1535964113
166384.00000000006,237887.8857484327
158999.99999999997,185451.03943702162
1185000.0000000005,585355.7598475516
319000.0,459687.802289951
210000.0,204898.44188373972
114999.99999999991,167677.1977002988
697999.9999999995,694199.6904392368
161000.00000000006,220632.16575985923
299000.00000000006,191543.87393127277
90000.00000000001,191089.01267134625
186000.00000000012,186333.4204079101
221999.99999999983,285913.5716841272
263899.9999999999,178214.80428534414
364000.00000000006,510255.4798762401
149500.00000000012,227559.3377308613
257000.00000000015,216536.14368783752
124899.99999999993,229742.81060532512
64400.000000000015,101883.97155721903
109999.99999999991,157001.34391717173
787499.9999999994,779210.9496148875
649000.0000000006,701238.5761938209
364999.99999999977,444677.01501388475
162180.0000000001,211482.10917598632
880000.0,637471.9276196557
37000.00000000001,88428.86347801995
126990.00000000003,169859.45715925813
212000.00000000017,241439.25430283914
830000.0000000005,757664.9291410106
269000.0,212549.29485045484
146999.99999999988,147167.9560711156
299000.00000000006,319688.3287566906
235000.0,222267.91009521825
376999.99999999977,323242.6601875247
287999.9999999999,331316.817032579
229000.00000000006,280846.6923706762
149500.00000000012,251535.57020297172
229000.00000000006,205190.0808832635
127400.00000000004,209013.3861065231
409999.9999999997,382983.0040900243
219999.99999999983,161968.42139223978
254499.9999999998,201388.08016305245
135999.99999999997,207067.06727842908
304999.99999999977,254998.73628444315
189999.9999999999,195055.2036889687
229000.00000000006,254914.00941753987
229900.00000000006,275575.99850794935
227900.00000000006,214020.6564336063
334999.9999999998,339789.40830934385
116000.0000000001,118371.32333648545
435000.0,385815.3736922538
769999.9999999997,625725.2018845399
211499.99999999983,151964.8465001205
319000.0,285313.52394235577
169000.00000000012,144204.314952136
509999.9999999998,497543.4493899721
158999.99999999997,196506.3614636736
229000.00000000006,243804.45507315022
498999.9999999996,307057.454151329
399999.9999999999,282402.6182989739
566000.0000000005,372407.6914882884
729000.0000000003,498806.5369559111
1210000.0000000012,639457.5538850821
118000.00000000009,258595.649092032
299999.99999999977,280330.7239145165
1329999.9999999998,1080850.2960436672
1575000.0000000002,637905.0549335547
120499.99999999996,179693.33255139567
249999.9999999998,229155.711748383
433999.99999999965,413752.51491964364
1048499.9999999994,729807.0589879748
275000.0000000002,225018.4038242212
759999.9999999999,783623.3476473701
119214.99999999996,99807.04359639827
339000.00000000023,264860.41534206615
455000.0,308847.7163565543
645000.0,611614.635381191
377749.9999999998,289153.26941852726
170000.00000000012,175334.5262462737
342000.0000000002,340669.7318961308
454000.0000000002,432643.3343665753
127999.99999999997,232523.834326021
385000.00000000023,314108.89081609243
248354.0,223740.25888912665
139000.00000000003,214464.54679597245
1179999.9999999993,588611.2456556043
255000.0000000001,353911.0093097371
169900.00000000003,354998.7592088115
156000.0,139721.00730520952
348600.0000000001,400108.1985039088
100389.99999999997,116824.92115165117
448999.99999999994,398348.64093728666
134899.99999999988,127723.96719264089
498999.9999999996,260301.33072056933
487600.0000000004,223418.87027018087
49500.0,83938.43300003406
109999.99999999991,105010.21933597233
186618.00000000012,186037.44862389972
455000.0,442964.86092844256
395000.00000000035,365377.0485649262
229000.00000000006,197075.79466263962
166000.00000000003,174566.39467802815
116599.99999999991,133179.48886455415
210000.0,206678.4654781863
337999.99999999977,207739.71946236945
99000.00000000004,149637.65926290466
341699.9999999998,343234.71604038164
530000.0000000003,521071.8711657526
188500.00000000003,186825.50523199
344999.9999999997,273787.31583560875
594999.9999999997,610817.6115299958
217999.99999999988,213105.4220687631
77500.00000000006,173687.66144111683
194000.00000000006,158803.55781631192
275000.0000000002,259875.23093912634
28000.00000000002,94847.19322437941
304999.99999999977,321057.3530625935
401079.9999999998,362948.95876361884
129989.9999999999,98149.48066449465
124999.9999999999,183847.4807440585
400900.0000000001,448846.77015598014
484999.99999999965,499447.45107804146
98000.00000000003,110314.89628134691
364999.99999999977,535221.8565138632
323999.9999999999,436040.83259513526
509999.9999999998,406361.22781828203
495000.0000000004,513726.25734175177
243000.00000000003,238365.1008829074
134500.00000000006,108514.25438326444
208650.0000000001,283465.936992432
104999.99999999997,133910.7026003829
449999.99999999994,349112.53770370653
155149.99999999988,183366.3130402687
264499.9999999999,173878.7549160629
267500.00000000006,243881.43604089378
106930.00000000007,175622.34731617468
225000.00000000015,262479.28378800926
320999.9999999999,498215.42378133105
235000.0,208535.6013496956
607999.9999999998,467530.54327902663
272999.9999999998,359305.30402911344
269899.99999999977,296256.9961176993
435000.0,793702.2886024059
1018499.9999999994,483265.19403159653
235399.99999999985,212452.83792608097
749999.9999999998,654384.5862051104
440000.0000000002,484690.1550322526
463000.0000000004,437896.77799453796
57000.000000000044,100028.11326787085
156499.99999999985,188049.070574215
898560.0000000007,564470.1000752045
131950.0000000001,152500.94637794458
148730.00000000012,181369.21272739116
299900.0,271857.4480211517
364000.00000000006,376429.6840654658
249899.9999999999,459328.3584085298
84999.99999999996,112520.02168077999
509999.9999999998,399427.7754679034
324999.9999999999,280463.82090334763
208000.00000000003,204576.62686229544
237000.00000000003,277044.0601977944
321999.99999999994,453097.14530390844
184000.00000000015,174085.01126523135
213000.00000000015,291539.79526680365
178999.99999999994,184352.0655745145
162000.00000000012,235581.62599327293
940000.0000000006,993229.4251294883
590000.0000000003,526089.718095135
199999.99999999997,568926.1233192444
85500.00000000006,119865.18814332531
205999.99999999988,255968.57827570447
67999.99999999999,99585.90639949388
333199.9999999999,473568.83907426754
297999.9999999998,295290.2800140014
138000.00000000006,159165.1392358408
228000.00000000003,239196.517823755
352999.9999999998,367779.0872085129
568999.9999999995,576599.5702176545
669999.9999999998,736833.99742924
249000.00000000006,226721.2113463334
269899.99999999977,221822.07161270425
144000.0,198118.6739579663
428000.00000000023,525540.0070547366
529000.0,492189.07668919896
440000.0000000002,423966.3883896331
171000.00000000012,208518.90819637312
110500.00000000001,88152.06671918488
413000.00000000006,232529.28126380855
213000.00000000015,250008.1020145802
332000.0,308273.11628903204
134999.99999999997,162208.8962905656
414000.00000000023,268297.07851519674
283000.0000000001,342847.49259383103
364999.99999999977,374250.14051428635
178999.99999999994,150821.40288179
407000.0000000001,538072.6968678616
1640000.0000000002,1323541.7990511537
1454999.9999999988,900093.3091910245
273699.99999999977,301422.67019339534
468000.0000000003,415365.85872110125
189999.9999999999,151693.12678398966
205000.0,240883.5012718034
145000.00000000012,184743.71758440183
809999.9999999995,740615.7022351042
998999.9999999995,902841.2049694528
275000.0000000002,256595.29849598504
219999.99999999983,207853.84367741557
739579.9999999997,389327.6669402676
289999.9999999999,265870.9646883106
377999.99999999994,432554.98594918294
275000.0000000002,304496.67239698576
271999.9999999999,299827.5519030394
66800.00000000004,139129.2108770514
441000.00000000006,308847.9243928039
395000.00000000035,429826.80388160195
233955.00000000017,173822.9602597271
104999.99999999997,170355.408778411
667000.0000000002,705426.7290813545
80000.0,87955.61533245064
379600.0000000001,271559.40131844627
432989.9999999997,479000.6229724387
288999.9999999999,252440.64898472352
162999.99999999988,249874.94485159634
490000.0,523546.71304780483
463600.00000000023,476159.4203726332
127500.00000000001,128060.49862147342
362899.99999999994,333070.043035467
313500.00000000006,254819.6093232593
1495000.000000001,1258605.119103393
281999.99999999994,238899.97518331886
217049.9999999999,234939.95860724716
575000.0000000001,397854.4108258368
134999.99999999997,209160.2930829032
257000.00000000015,223275.34431205038
433999.99999999965,551592.9240614896
233000.0000000001,240486.36676547187
243000.00000000003,291434.14658914425
1090000.0000000002,863068.7377574637
498999.9999999996,673057.8037640769
188999.99999999988,199627.3267720733
273999.99999999994,227602.78182232095
125600.00000000009,125872.72971176957
343999.99999999977,432937.96095904143
449999.99999999994,280339.33476059267
171438.0,221083.06236163637
369999.99999999977,261842.90621647055
100000.00000000004,154382.0941958394
129000.0000000001,135953.2155556309
710000.0,673698.7540409226
118999.99999999993,194921.82565075005
655199.9999999995,727480.2258051251
225000.00000000015,113868.390534018
95999.99999999996,201892.22495439104
151000.00000000006,146536.59323336498
438959.99999999994,452207.9602916838
789000.0000000007,764871.0635040285
272999.9999999998,406591.03543863026
217980.0000000001,302252.0472872501
214000.00000000017,131779.265953176
335499.9999999999,162257.45335521727
230000.0000000001,365023.28005455225
759999.9999999999,693680.9109745774
246399.9999999998,201590.4488495493
250560.0000000001,303716.41029560054
385000.00000000023,458120.13463527535
238000.0,169954.24309449535
171199.99999999985,92532.89296901783
396999.9999999998,367178.25549137004
435000.0,422931.2618632478
913999.9999999998,611093.8853933513
131999.9999999999,140036.11324430635
362999.9999999999,356078.42552907136
388500.0,258788.08253387033
475999.9999999996,432693.6972896097
1490000.0000000002,1279342.1478810296
330000.0000000001,411596.2512769307
739999.9999999999,579771.2053936501
339000.00000000023,402228.95674619783
223599.99999999997,263098.5599888492
122000.00000000003,167417.56017524778
929999.9999999993,574595.3285187737
524500.0,401986.1199660142
198000.00000000006,281214.5685060809
575000.0000000001,503916.4689120035
86000.00000000001,97544.130732175
244999.99999999997,266306.8832143035
148000.00000000015,144438.1376661368
346000.0,449658.019431734
210000.0,218768.80640726068
339000.00000000023,457335.3162715872
315000.0000000002,194468.19723816818
363699.99999999994,413408.684198667
780000.0000000001,705528.8235124889
332000.0,431117.9334559574
133000.00000000012,192977.31572877255
73999.99999999997,135750.66675461124
925000.0000000007,766813.5639241015
608999.9999999999,542922.4244710108
449999.99999999994,407966.57308960205
488999.9999999996,451421.3584550797
1249999.999999999,772265.9829064712
369999.99999999977,309912.77268779825
376899.9999999999,267977.8714060597
167499.99999999997,212378.71390056904
95000.00000000001,70222.67401617455
109999.99999999991,198715.80053577782
485999.9999999996,378241.59136899136
925000.0000000007,915865.0101954623
741000.0000000006,797355.0951442637
238499.99999999985,206428.37188421437
199131.0,225536.1506987844
265000.00000000006,412470.5097289013
116000.0000000001,183715.47354382087
585000.0000000003,514142.39770650887
219999.99999999983,214129.05187334243
283000.0000000001,203050.81932504987
228360.00000000006,286394.9528845375
279000.0000000001,299574.7004681416
240000.00000000003,333420.09809351957
425899.99999999977,367599.7049858465
181899.99999999988,112424.92825582682
899999.9999999995,894217.1675414096
197900.0000000001,259328.76148640504
590000.0000000003,456188.09875722986
219999.99999999983,287190.6053346495
294999.9999999998,372560.5907495613
284999.99999999994,205677.95633019955
37975.000000000015,73379.03512999981
334999.9999999998,372104.5170202418
225999.9999999998,221617.11248855863
134999.99999999997,203891.2786777442
178999.99999999994,166142.11908517004
217999.99999999988,243786.6968806064
1495000.000000001,1145133.6164379574
704999.9999999995,655599.8169933687
76499.99999999996,93738.97837592068
340499.99999999994,407601.91853300214
139000.00000000003,221868.75737178908
695000.0,683535.3340901006
235000.0,205236.1308137766
480500.0000000003,445916.783672663
85500.00000000006,129406.62859037415
695000.0,472647.4906156373
372750.0000000003,301156.6195711108
210000.0,202542.72671093486
169000.00000000012,225725.82961893245
37000.00000000001,82797.82136833265
155149.99999999988,263011.09095376683
210000.0,190303.60406423203
654000.0000000002,583445.6354225298
580999.9999999998,481095.7607285222
238374.99999999985,211712.98438099274
175900.0000000001,205114.61874446284
610000.0000000005,576656.0218543414
189999.9999999999,202383.22254409973
530000.0000000003,480592.55700764526
240350.00000000012,265964.1193560498
926999.9999999994,441340.80905145523
198000.00000000006,267930.55889612285
689999.9999999995,706369.6067135544
161000.00000000006,228897.94003157862
532000.0000000002,295130.3430402295
567000.0000000005,373170.3623215564
264000.00000000006,217873.70546323239
150000.00000000006,154470.10017473888
278000.0000000002,271234.63766035787
153999.99999999988,244902.3793053515
369640.00000000023,357869.7655736871
329000.0000000003,257952.9288144523
294000.0000000001,298956.24660336337
261999.99999999994,303936.18165763817
1499999.9999999986,593007.2654733473
540000.0000000001,577184.1895757352
348000.0000000002,296734.2861401679
177650.00000000015,186795.70596926587
326000.0,382952.4616340366
210999.99999999994,239535.01204107402
84999.99999999996,87561.93454210956
185000.00000000006,190542.82969704582
125999.99999999993,169663.83719145044
190799.99999999994,260454.19105064785
461999.9999999998,384288.6975608152
259000.0,227409.51418797267
495000.0000000004,592805.4182632251
229000.00000000006,196561.5839749626
270000.00000000006,232499.31389775669
113999.99999999996,196253.71956177906
95400.00000000003,87668.93807134792
75000.00000000004,83142.23259386056
49000.00000000002,108613.54669983493
310000.0000000002,224388.83637101622
289999.9999999999,265349.71658344736
342000.0000000002,357348.7322619738
590000.0000000003,617053.1338398607
1050000.0000000007,517389.93279412703
206999.99999999994,282486.35234436794
153992.0,289848.35800227465
259999.9999999998,303051.80491476966
155000.00000000012,142646.90813622117
150000.00000000006,185586.87498062698
399999.9999999999,290622.7986137005
210999.99999999994,173125.5523508463
183000.00000000012,207194.31501375337
339999.99999999994,313345.1060067332
365999.9999999997,342816.33425328287
490000.0,465610.30407612864
1400000.0000000007,927319.8518341839
288999.9999999999,252559.20471681253
343000.00000000006,244938.51848667726
228974.99999999983,211240.83657937878
84999.99999999996,161841.15015618742
84000.00000000003,128419.75457487477
495000.0000000004,689997.3225072416
54200.0,83828.33464563591
228000.00000000003,350400.16446457413
126999.99999999991,197641.2528903001
160500.00000000003,226816.39143800797
217300.00000000003,270612.45242757257
749999.9999999998,358753.63381702086
329000.0000000003,328616.71899968944
134999.99999999997,207260.94398861646
1299999.9999999993,805308.89269738
262500.00000000023,233529.21936882043
499990.00000000023,528711.1420687676
173999.99999999997,261472.36070486772
124999.9999999999,154749.11681709692
186000.00000000012,197941.45422519807
397999.99999999977,333943.33399602305
426000.0000000002,217720.6971088877
133000.00000000012,98031.83955150335
398999.99999999977,261586.61980094537
324899.99999999977,464978.28553339187
549999.9999999998,396972.3504322416
297000.0000000002,280588.0480529621
359000.00000000023,271739.71957852197
369999.99999999977,335799.7448026494
96999.99999999999,243224.40907008114
125999.99999999993,118004.36537221407
364000.00000000006,205761.0444941408
189900.00000000015,240452.27834729696
249000.00000000006,230529.49281441708
371000.00000000006,444010.2508326474
131999.9999999999,159908.01262700788
228000.00000000003,157065.46228336022
199499.99999999994,221753.86119208246
116499.99999999991,185773.9779174866
243800.0,220485.3084717891
338599.9999999998,350187.39665025746
435000.0,432321.0619055104
1090000.0000000002,754465.638030585
84999.99999999996,112155.62951797001
1290000.0000000007,1103078.599921274
611400.0,561036.8568054962
319899.99999999994,273753.4071030906
200999.99999999997,232664.60082859482
630000.0000000006,336379.7677085483
249120.00000000003,285053.78688148287
249000.00000000006,242677.74840808037
297999.9999999998,251890.1782167954
199999.99999999997,220239.14962627372
122925.00000000009,119469.23510665442
214000.00000000017,188157.97553009627
261000.00000000012,239535.74354516022
497120.00000000035,428962.2724328886
409999.9999999997,493817.6396678492
95000.00000000001,89920.19143863714
242122.0,284673.0925707909
1190000.0000000002,697509.8223216638
360000.0000000001,352262.0097119264
86000.00000000001,109536.30778743883
55499.99999999996,170149.72583600247
850000.0000000005,386935.29699800885
658999.9999999997,328302.82952566945
128199.99999999996,125303.47003235371
254000.0000000002,220681.04968342782
232399.99999999988,151953.69135534915
468999.9999999998,301327.2352593926
189999.9999999999,197829.10114138116
422000.00000000006,531609.1142733698
229499.99999999997,218654.01573809655
320000.00000000006,322525.6620279333
279575.00000000023,314786.75285173143
112999.99999999993,152148.03440451273
159999.99999999997,205436.78177205753
214000.00000000017,182916.9892675472
195000.00000000006,355443.7427058164
395000.00000000035,252804.33356656219
321775.0000000002,311252.1935530139
585000.0000000003,452317.2557725053
235000.0,179807.60390278432
75000.00000000004,93525.56913864447
188999.99999999988,232669.06674716092
124999.9999999999,85212.095171396
231999.99999999997,197412.9702558293
441000.00000000006,417431.97950311
336000.00000000006,353207.8231435781
297999.9999999998,258581.12092084563
637000.0000000003,527862.1929426244
491000.0000000004,377674.5154044484
241000.00000000003,178499.1039786496
698999.9999999995,452792.64123474975
116499.99999999991,164351.24183702676
312000.0000000001,317525.76009044074
162999.99999999988,169723.6675829369
175000.00000000012,217115.68936972038
1450000.0000000002,1135169.487975657
187500.0,200874.1425489223
107000.00000000003,191414.09229050312
780000.0000000001,603047.0762047105
269000.0,319833.39185918745
832000.0000000006,823156.8110161313
674999.9999999998,528886.374493672
494000.0000000004,454192.1199155944
254000.0000000002,244560.30739607706
304999.99999999977,226814.5793461182
316999.9999999999,315547.0514877699
159999.99999999997,137313.57641299895
530000.0000000003,440700.63988757663
221000.00000000006,195125.83035232645
397999.99999999977,329853.0168447599
390000.00000000035,435350.6087554469
146999.99999999988,181731.81461469166
310000.0000000002,383098.162645923
98000.00000000003,142796.82851847901
188999.99999999988,191279.52349839557
210000.0,347036.34879853163
348000.0000000002,264119.1743580145
154600.0,235151.88767076214
275000.0000000002,233132.993290566
418999.9999999998,382106.5823006183
148000.00000000015,150243.29166712106
271000.0000000002,453438.6084203292
739999.9999999999,535977.5779867911
1200000.0000000005,913888.3281314209
405000.0000000001,413820.6211548432
199499.99999999994,253942.753745166
235000.0,266126.30285292113
426000.0000000002,361735.686008232
432000.0000000001,422055.19656140456
255000.0000000001,239200.2097678436
267000.0,293860.8100669627
686399.9999999998,539704.8989530017
330000.0000000001,263741.25454813906
270000.00000000006,328205.17961598444
709000.0000000003,655643.2810121159
208999.99999999988,235397.10652147702
155000.00000000012,220440.68159809915
55000.00000000004,101999.27797015023
219999.99999999983,226501.31972572414
245575.00000000015,230942.70064941433
211529.99999999994,285582.38521022303
399999.9999999999,407296.14674634207
785000.0000000006,775489.7320325787
446999.9999999999,632482.8866175157
337999.99999999977,346227.83196513954
364000.00000000006,356365.14439001883
315000.0000000002,261498.03372518058
174499.99999999994,206418.31711229854
475999.9999999996,348915.8079814278
231000.0000000001,186680.74556795188
294999.9999999998,354372.1873712292
1600000.0000000012,785230.0953890667
233199.99999999994,142726.3742727757
261000.00000000012,191237.75813706603
385000.00000000023,491004.3802421751
125999.99999999993,200711.41559622012
229490.00000000012,280435.9781400061
139000.00000000003,184577.71621519414
92000.00000000007,105534.65680820859
448999.99999999994,263463.5060928001
76999.99999999997,101233.908615807
189999.9999999999,156421.03130679711
79500.00000000004,104919.26226842358
492999.99999999965,373896.66236284934
1150000.0000000005,748736.7623008182
90000.00000000001,139827.09450331732
247336.99999999988,210177.7123090816
149200.0000000001,259964.74925681233
950000.0000000008,901642.9905446157
433999.99999999965,420302.2941857621
136500.00000000006,203856.17685372246
1099999.9999999998,424526.2595905228
540000.0000000001,617014.5305809526
165000.00000000015,407579.18669924076
181049.99999999985,136700.7978380124
95999.99999999996,194527.03372448514
1080000.0000000002,707692.5112005286
124999.9999999999,168630.0344751141
162999.99999999988,199013.0723396274
244999.99999999997,184475.96897153603
334999.9999999998,494333.87720817083
261999.99999999994,281171.98008042714
124999.9999999999,152307.35598009487
544700.0,470743.47752995463
416000.0,360718.4645156996
398999.99999999977,408997.0707116085
194900.00000000006,212038.63367920375
1429999.9999999995,1135172.6721895903
196000.0000000001,190375.26725567458
956999.9999999998,467956.09310403885
121000.00000000003,152616.81883637377
49000.00000000002,101602.91932206682
229000.00000000006,317195.10967978695
287000.0000000001,266431.39879888686
244999.99999999997,281945.1126098845
167999.9999999999,163536.3942317631
178499.99999999985,189589.80340746196
594999.9999999997,445698.34902762447
329900.0000000001,376866.8513282219
135999.99999999997,162637.82288535355
474999.99999999977,510594.356977696
85500.00000000006,107192.86852452539
175000.00000000012,159058.14371467163
191999.99999999997,219242.80720665734
502391.9999999998,704972.935608713
185000.00000000006,210980.71239375672
109999.99999999991,134210.9587534695
60000.000000000015,86449.43513339543
294580.0,408889.3062236467
360000.0000000001,402982.17173764243
582000.0000000003,607727.5329369428
375000.00000000006,420176.4182204315
474999.99999999977,690165.2980284725
468999.9999999998,452599.5627097225
90000.00000000001,122040.6040860873
320000.00000000006,250500.33927474314
682499.9999999995,526384.3690195861
320000.00000000006,257449.62599764322
597999.9999999998,335116.9884418309
79500.00000000004,108632.49856921013
156000.0,272416.3707397201
671000.0,652899.2004569774
239000.00000000003,205276.0220562596
188999.99999999988,212106.60717052355
495000.0000000004,419502.17246492667
357899.9999999998,352768.7298213933
834999.9999999998,555615.3025849324
227540.00000000003,249891.12818540208
460000.0000000002,394672.5265599112
392500.0,568915.9382398296
284999.99999999994,295476.60691280727
208491.99999999994,181733.53084530067
239729.9999999998,208169.82242001986
328000.0000000002,295333.26734147395
188000.00000000012,246136.58447730352
249100.00000000017,244803.01320727542
383500.0000000002,336014.62899918604
676000.0000000001,446030.6289159657
271999.9999999999,300560.77484614955
109061.0000000001,61403.34290779215
639999.9999999998,436286.9343802359
139999.9999999999,135036.79287203628
129000.0000000001,186797.91348268883
375000.00000000006,333952.7104403559
794999.9999999998,596935.9336312148
354999.9999999998,357201.15327080205
749000.0,712285.8512776032
189900.00000000015,183594.95870233505
458999.99999999977,509235.81992698857
101199.99999999997,167929.12943214102
203999.99999999985,217037.25200190037
1065000.0000000005,1082992.6430909233
255000.0000000001,191435.46789214798
279000.0000000001,313197.4815777642
106899.99999999994,72429.46918029172
39989.99999999999,118495.70583024877
95000.00000000001,128818.37587253081
225000.00000000015,285505.7330043849
171999.99999999988,207368.70899192433
259000.0,301102.44470987644
235000.0,219011.7823696898
82000.0,155959.3398108931
138000.00000000006,126678.92364863645
297999.9999999998,270853.3186828085
189999.9999999999,212651.2952355205
157179.99999999994,139781.3669715375
235999.9999999999,306527.4029278963
625000.0000000002,657754.6751158785
357999.99999999977,490804.57044190087
148000.00000000015,189589.79482935948
78850.00000000004,110686.60279308716
239000.00000000003,256024.73236045422
127999.99999999997,174168.40942612092
349999.9999999997,269604.33856511366
322899.99999999977,261500.19899993503
75000.00000000004,118041.65071669324
364000.00000000006,344482.65116438275
188999.99999999988,180340.69308307333
167999.9999999999,130246.12805499624
199280.00000000003,159320.27167185565
416000.0,278659.88958812074
145999.99999999997,134011.30134437553
279000.0000000001,158560.8947703358
82899.99999999997,209963.1688709513
156999.99999999994,210121.00629556554
385000.00000000023,349140.1070752891
214000.00000000017,206699.69835559573
92000.00000000007,176972.41213932232
252000.0000000001,201051.9650610832
265000.00000000006,305122.84588188806
468999.9999999998,540602.4515475275
188000.00000000012,369856.23976793454
299000.00000000006,424602.4404009416
155000.00000000012,115119.69761075718
436425.0000000003,338636.0094897385
150499.9999999999,116534.49269835887
249000.00000000006,279838.2802544832
126999.99999999991,142322.4542495556
250999.99999999988,442387.91485069017
249999.9999999998,405875.9138878766
492999.99999999965,391159.39202825236
95000.00000000001,199204.56402547372
1194999.999999999,975147.4859936436
243500.00000000015,324008.99503739836
90000.00000000001,104561.47853912003
1420000.0000000012,1310631.0782015754
594999.9999999997,693597.7032007254
573000.0000000001,437852.38059753686
364999.99999999977,302773.3378550501
649999.9999999995,730826.0814209894
739999.9999999999,499091.1598489778
212500.00000000017,189314.7476023645
1080000.0000000002,1000494.4055397268
214799.99999999983,154157.68930077762
79899.99999999997,117476.92727649522
120000.00000000004,128986.29231267095
240499.99999999983,282866.4477304641
347000.00000000023,313559.611021986
167000.0000000001,222973.67526014787
89500.00000000003,197724.97278779867
269499.9999999999,230855.43060615196
155000.00000000012,184941.54690217096
369999.99999999977,401604.78732448316
86000.00000000001,88162.51575013959
654999.9999999995,452181.1863760326
415799.99999999977,188225.8286605242
270400.0000000002,251424.23435869045
114999.99999999991,101749.58733015801
398999.99999999977,348953.23159169074
59900.00000000002,94135.01832088896
297999.9999999998,254702.8636848622
373999.99999999977,278505.89963012084
177000.00000000006,185903.19830489383
194000.00000000006,363857.8009949915
46999.99999999999,180065.66529648323
267000.0,268207.9371095173
219999.99999999983,221874.02579567212
178999.99999999994,153357.088558187
148000.00000000015,241205.8113812322
580900.0000000001,454722.09707066417
299999.99999999977,239061.77536215674
573000.0000000001,444745.8518718889
124999.9999999999,211961.96114128412
173999.99999999997,226607.63127666543
299999.99999999977,361124.92955793254
263500.0,277350.5097707027
281999.99999999994,169173.5154130634
289999.9999999999,197375.3819459681
758999.9999999998,1255665.1849825291
526315.0000000001,332564.62878549
628800.0000000003,336001.8055323672
388500.0,307035.08912840695
498999.9999999996,455805.6550669284
169000.00000000012,237499.8701994137
463999.9999999998,374845.47253179236
287999.9999999999,365091.9099377318
1095000.0000000005,1112226.6531498998
407000.0000000001,516297.228708015
249999.9999999998,200930.88637805104
184000.00000000015,184690.44006709216
315000.0000000002,261061.1903786962
156999.99999999994,146847.10341556492
182500.00000000012,234800.36972246267
70000.00000000001,108307.20192717055
599000.0,423380.24946559296
233999.9999999999,277262.6120466896
257000.00000000015,194390.83311010659
1579000.0000000007,449661.9412799731
169000.00000000012,174748.6805891056
170000.00000000012,149243.3198375081
152000.00000000006,119967.75870198618
134999.99999999997,180376.50561531435
171199.99999999985,237294.46341330672
144000.0,216675.90570682782
233999.9999999999,260756.88538431004
249000.00000000006,239187.78580911693
554000.0,543438.5835219935
414000.00000000023,389544.7385285794
594000.0000000005,549250.6622882774
264000.00000000006,290927.4543757346
185000.00000000006,186753.6920782782
106499.99999999996,131219.89667620373
92000.00000000007,147615.01995844775
261000.00000000012,258652.93161554
525000.0000000003,463634.892290024
156000.0,199578.978934899
574000.0000000001,533176.370681124
509999.9999999998,631423.4663012442
387999.9999999999,352753.09962062875
193200.00000000012,227959.5056868219
199999.99999999997,138072.3494829814
169000.00000000012,207591.6979543303
313500.00000000006,200439.16840473367
299000.00000000006,376781.315640443
116000.0000000001,91905.5283013685
86999.99999999994,227722.50683624845
541999.9999999995,385407.69653860584
199000.0000000001,175029.86054545443
275000.0000000002,606278.9498696235
195000.00000000006,202053.37817045525
794999.9999999998,895171.5142902101
163499.99999999988,275119.1000451233
145000.00000000012,147957.70169587896
821999.9999999998,370238.39448813285
318000.0,345130.3931179534
363974.9999999997,242164.69762373556
167999.9999999999,227661.6627200896
202000.0000000001,242618.27556694814
659999.9999999995,543347.7236216443
269000.0,319822.6566122747
700000.0000000006,652141.0769503254
680000.0000000003,708844.0256756699
178499.99999999985,164817.68585219758
165000.00000000015,185630.81003814208
324999.9999999999,271945.54965536646
649999.9999999995,685339.3712466774
130000.00000000009,146642.63050570132
144000.0,139138.92232656488
229499.99999999997,271811.8061536426
360000.0000000001,293329.54555497994
182000.00000000003,177572.27518816516
215000.0,275217.98452568665
215000.0,168344.94572119878
229000.00000000006,142631.75713686383
467955.00000000023,378417.2854819417
195000.00000000006,236224.1171248759
479000.00000000035,310718.26061786886
369999.99999999977,433009.38650688156
221000.00000000006,193995.31959274996
645000.0,619276.0842265566
244999.99999999997,188566.76411657932
120000.00000000004,227306.87354416566
178999.99999999994,191342.17556519053
280000.0,304724.8763905776
158999.99999999997,131677.28767955233
77999.99999999994,147342.76776677964
890000.0000000002,926628.8808890826
420000.0,338936.46965710644
297999.9999999998,208075.5979180592
208999.99999999988,147236.1609630679
180000.00000000003,201059.09384944575
178100.00000000006,179565.9314876842
267000.0,227575.67480485066
299000.00000000006,301909.5802031133
90999.99999999991,91703.7271642085
291000.00000000006,364469.79979360197
244999.99999999997,302590.3590745789
398999.99999999977,479680.52581042034
46099.99999999998,112181.07731946355
215999.99999999985,185985.99993852436
299000.00000000006,222246.21608707414
186375.00000000015,147590.4116564309
249999.9999999998,232095.4390984282
178499.99999999985,189109.8955101426
884000.0000000002,503916.51289627457
1169999.9999999998,722940.7825522263
478399.99999999965,427442.7843012085
498999.9999999996,576340.84880875
192999.99999999985,175625.12251699236
420000.0,415506.8371650293
534999.9999999995,427166.6315359495
77350.00000000003,139557.86862367493
794999.9999999998,389598.2908715708
415000.00000000006,292147.134007606
468999.9999999998,452730.06729775976
64999.999999999956,92489.78798372074
895000.0000000007,746064.5710248695
238101.99999999994,242517.27904757654
725999.9999999998,1239080.905308661
195000.00000000006,256653.59242571285
1247999.9999999995,580653.9038876063
130000.00000000009,125761.19694297126
1020000.0000000005,1029645.7599822718
131999.9999999999,147240.8603591633
729166.0000000002,344629.95253822795
174075.9999999999,218225.90418074786
520000.0,572316.3953065386
346000.0,423428.0519735042
147200.00000000012,177785.21971641603
89500.00000000003,160863.72047553275
189999.9999999999,158305.88155127683
150000.00000000006,139004.71433791192
294999.9999999998,271261.05144465534
362249.99999999977,271064.2094642626
177999.99999999994,131117.37128526415
749999.9999999998,549326.4351660054
196099.99999999983,258089.57691148578
269000.0,280325.21878573677
215999.99999999985,248318.29057579106
160500.00000000003,235972.5617441043
293000.0000000001,338701.1683554932
498999.9999999996,488656.42685260857
371999.9999999998,326717.8643968625
617999.9999999999,528407.6019470622
148000.00000000015,165352.84391115257
698999.9999999995,517895.67651196395
224128.0,223749.9709577378
136999.9999999999,174261.56938138205
289899.9999999999,276184.50844868075
399900.0,490814.96867214073
126999.99999999991,161969.39734617382
364000.00000000006,390695.8667789398
383433.00000000006,292004.38791209477
225999.9999999998,197012.12783373974
399500.00000000035,350738.2898759255
312000.0000000001,300439.86709631723
149800.00000000003,223220.08136531198
375000.00000000006,328683.344896018
364999.99999999977,358434.915486388
77350.00000000003,80741.33366914562
188999.99999999988,231153.5459043731
1110000.0000000002,832780.0178844846
452999.99999999977,386313.34104294516
145000.00000000012,122821.10633609962
620000.0000000005,420452.5092261124
273999.99999999994,246932.7151638064
237000.00000000003,265873.86515606154
1380000.0000000005,1014872.9126744624
1262000.0000000007,1235988.3874157409
170000.00000000012,175752.56955250114
158999.99999999997,236279.54432971176
215000.0,230455.79495785607
742999.9999999998,630102.7465914772
369000.0000000001,417241.6999554309
186300.00000000012,200456.49484605988
297900.0,200912.37290680382
364999.99999999977,583578.5649062344
1690000.0000000007,1193538.683974574
480000.00000000006,381732.50852779247
995000.0,886525.4854883373
390000.00000000035,376590.46705211746
267000.0,226365.68458693015
97900.00000000003,99608.61722074766
1271999.9999999998,813803.5707679776
299990.0,310577.1894340677
540000.0000000001,386641.6698600697
249000.00000000006,273738.1692474651
210000.0,254285.17108601207
315000.0000000002,331843.84738625074
685000.0000000005,575934.8588253766
128900.00000000003,133312.43427652947
239625.0,256833.0201982294
261500.00000000012,219366.77011595658
739999.9999999999,530954.894265588
146999.99999999988,135600.8369366927
65700.00000000004,105255.31435928687
328000.0000000002,432859.9369252132
480000.00000000006,447783.13278656616
53500.00000000004,131983.72281472187
639999.9999999998,600568.1860688295
474999.99999999977,276498.20866449253
178999.99999999994,188265.8052112306
255999.99999999985,130455.20904536262
358700.0000000003,404284.2934801919
685000.0000000005,513374.9007917773
228000.00000000003,335097.7249215797
249999.9999999998,201751.67357983277
375000.00000000006,371739.9904485831
530000.0000000003,389938.20547633985
235000.0,208370.58038029075
221490.00000000012,257160.4141650217
149099.99999999994,172823.11275384892
925000.0000000007,477078.3427155259
342000.0000000002,262863.65669245063
164299.99999999988,135779.40870903488
448999.99999999994,446663.36555024737
364999.99999999977,368917.0744682241
292875.0000000001,215133.53212144246
149000.0,155552.949392403
490000.0,677826.7109971803
180000.00000000003,145222.82773214104
542420.0000000005,659912.6831648868
177000.00000000006,249374.35741008265
299000.00000000006,343206.69775114604
420000.0,620469.7404205768
145000.00000000012,186227.15285284282
435999.99999999965,377694.3567666071
134999.99999999997,115221.28537228768
343199.9999999997,380337.8931394685
362000.0,370233.49241729366
259999.9999999998,206323.0100284525
120000.00000000004,172362.15088387617
394500.00000000006,241049.9212869882
104500.00000000003,127889.10183509582
175000.00000000012,234844.53114486457
309600.0,309104.6753807369
103000.00000000001,138900.7537828689
190799.99999999994,206011.8130837222
385999.99999999977,386439.20171350066
590000.0000000003,531706.9565778363
375000.00000000006,291218.43295702856
166000.00000000003,120053.51823991333
165000.00000000015,136834.5528784552
1249999.999999999,615408.7609427923
230000.0000000001,233175.8907333056
634999.9999999997,692908.7493520787
870000.0000000006,680650.4397008413
85749.99999999994,148382.54292794492
170000.00000000012,205626.7100596964
158999.99999999997,164532.4257107796
714999.9999999995,573812.6412142874
339999.99999999994,338113.94649312133
390000.00000000035,351789.6634810337
532000.0000000002,452800.6692357402
178999.99999999994,139025.12513993395
289999.9999999999,335225.18305291334
300149.99999999977,336197.3060419171
208999.99999999988,196237.80053678984
162999.99999999988,214628.10807393468
182239.99999999997,234754.53456125004
227000.0,248758.96602442468
224499.99999999985,215173.46019224104
544999.9999999997,311779.7883821892
177999.99999999994,250133.7502553707
396999.9999999998,361163.1109687968
149000.0,217691.6841574786
113999.99999999996,118460.68038744327
330000.0000000001,363989.8301381268
114499.99999999991,163213.04199669036
133000.00000000012,160584.68604264964
188000.00000000012,156022.50751808647
148399.99999999997,152761.04298013102
364999.99999999977,329585.50110742345
151000.00000000006,197302.83727972198
392000.0,357888.3849348465
126999.99999999991,131083.7085153479
1350000.0,581149.8588433154
77999.99999999994,137877.949394642
188999.99999999988,152689.4530786891
546999.9999999999,417048.66731915955
171999.99999999988,186815.08338120076
208650.0000000001,196549.3739369733
116999.99999999991,134893.37076119278
302000.00000000006,340214.6312528431
1090000.0000000002,417443.98044029274
1090000.0000000002,1036011.3894760951
362075.0000000001,324789.40182574186
210000.0,272540.82544049335
233199.99999999994,278918.0395572177
297000.0000000002,386350.669900957
488999.9999999996,407199.90254110604
779000.0000000001,748354.4131234555
312000.0000000001,470956.8328664895
114999.99999999991,146737.79992739198
396999.9999999998,468193.74309258396
194249.99999999985,223389.89431104274
449999.99999999994,469214.55352553225
283000.0000000001,321208.8231336121
239000.00000000003,331201.8019373142
138000.00000000006,108321.6886643634
305950.0000000002,217513.5002910981
374500.0000000001,383236.53424849367
254000.0000000002,259448.43019370886
240350.00000000012,130711.47500177965
449999.99999999994,397516.4605133258
310500.00000000006,237987.6343527566
199000.0000000001,394952.9233405199
57500.00000000001,102060.15099943893
390000.00000000035,376545.3367603482
149000.0,205658.42679939762
81000.00000000007,92046.72085812871
1150000.0000000005,781142.4471305264
174699.9999999999,210268.6855480258
604500.0000000005,287791.1741702656
286329.99999999994,259408.27594732487
318000.0,251517.8261218024
478124.99999999977,292424.9829511574
369999.99999999977,273373.5816428448
625000.0000000002,425044.9580200976
177498.99999999997,273073.55721977627
99500.00000000001,239644.00756946826
344499.9999999999,302981.6191513569
265000.00000000006,270809.10064336273
336000.00000000006,186540.58053508773
460000.0000000002,452407.53379270365
188999.99999999988,199906.19007131687
483400.00000000035,447559.64455129445
124999.9999999999,125432.01633498329
588000.0,594257.3996882295
280200.0,252175.9812266509
890000.0000000002,750215.7991574423
152000.00000000006,220897.73426935123
1317699.9999999995,949910.0705330349
334999.9999999998,215597.70807887556
84800.00000000007,138881.26315121286
54499.99999999998,195271.31487104922
304999.99999999977,247392.3935159414
249100.00000000017,309380.4386505489
291499.9999999999,382012.16583388
206999.99999999994,314822.81349525275
195500.00000000006,170911.38083612133
129000.0000000001,317025.8677151813
525000.0000000003,337029.7044667949
530000.0000000003,350999.89240034035
312500.00000000023,342404.7043053077
302083.0,351541.51157470385
339999.99999999994,343179.0472443201
540000.0000000001,481425.3763292825
240350.00000000012,291806.6190931832
995000.0,1147648.017667059
189999.9999999999,246216.08037905957
261000.00000000012,215510.52569328048
998000.0000000008,866183.800810451
429500.00000000023,443162.0203070248
177000.00000000006,258445.07550237357
177999.99999999994,455753.2341257259
864999.9999999994,561320.1122862826
579999.9999999997,329420.86553888244
209241.99999999985,212222.50478485104
238000.0,257673.6356536272
476682.9999999998,445424.82455025014
122000.00000000003,96008.10789035037
649999.9999999995,308930.64869563037
254400.00000000006,275524.3408319602
438000.00000000035,385183.1796369423
642000.0000000006,637402.5316733433
259000.0,241556.0650781845
223000.00000000003,371940.64266028866
130000.00000000009,155562.08961572472
194000.00000000006,256154.88278682026
297999.9999999998,252630.33279286823
88500.0,103303.64817932241
121820.99999999996,84418.68247800843
369000.0000000001,319550.9130391304
431599.9999999998,327967.75495044637
620000.0000000005,657969.1430799348
96299.99999999997,301035.18446227605
192099.99999999985,179842.44924096795
635999.9999999995,435949.79082199675
1173999.999999999,1059114.9951204935
167000.0000000001,142333.89107437103
244999.99999999997,253776.05218691783
261999.99999999994,252916.5450079559
513999.9999999996,554953.4350083848
139750.0000000001,167311.0338234728
615000.0,758629.4245258005
385000.00000000023,306073.4214575792
1550000.0000000012,1066003.9840051692
206999.99999999994,221310.1750134558
202000.0000000001,184722.4414630234
124999.9999999999,260720.402193235
394900.0000000002,567614.9904816452
348999.99999999994,312601.9934798426
1190000.0000000002,836942.5497015484
294000.0000000001,419776.2336163327
199899.99999999997,201055.05554590208
265000.00000000006,187225.61234804528
142000.0,199538.045131925
148499.99999999988,109895.26975972098
87999.99999999996,116485.3671050448
274299.9999999999,264114.22617489327
227000.0,243216.85871763196
472500.00000000035,488849.22716408136
484000.0000000002,506981.0678934755
283500.0000000002,173171.5745430581
614250.0,404221.74639788404
238499.99999999985,332202.32823131286
239000.00000000003,275168.22993345745
178999.99999999994,131587.806712744
64999.999999999956,107043.04275529677
299000.00000000006,303205.21297521907
893999.9999999998,1111408.993050929
258000.00000000015,277468.4093815565
60000.000000000015,130072.55431268208
100700.00000000006,245585.86060246694
120000.00000000004,155720.44669994005
315000.0000000002,472296.1129538749
261999.99999999994,273670.0975428866
129000.0000000001,157963.57186994728
171999.99999999988,125821.08097703359
420000.0,484784.2682847722
175000.00000000012,178302.67445444755
149000.0,245174.46966613512
70320.00000000001,111305.40390751236
189999.9999999999,147650.7461234969
38990.00000000001,95845.83958393631
98000.00000000003,141751.2845341303
348999.99999999994,398532.83464650996
75959.99999999997,114328.44871691006
369000.0000000001,429578.8597736708
437000.00000000023,491979.3611800435
999500.0000000003,885193.422916121
170000.00000000012,269202.3193786264
830000.0000000005,825606.263556875
294999.9999999998,365080.6941522366
469999.9999999998,375517.9210475436
314000.0,491785.50385041104
269000.0,317302.7057841054
979999.9999999997,1075710.392134141
162999.99999999988,156402.41006235816
497999.9999999996,257141.6591301402
294999.9999999998,292019.3342220216
95999.99999999996,77722.15004006383
305950.0000000002,380423.7589290641
330000.0000000001,260188.16037121718
294999.9999999998,187117.25878930526
298200.0000000002,310206.93615379126
241000.00000000003,242935.90163274598
390999.99999999977,392377.0444489667
1198999.9999999998,827653.6322790676
199000.0000000001,308158.3605206393
299999.99999999977,203839.77307615243
656938.0000000002,429555.06578941224
1140000.0000000002,714144.484811222
259999.9999999998,212991.47192388694
555000.0000000002,465217.1933464864
469999.9999999998,476408.3086728736
265000.00000000006,268180.93577587977
458500.00000000035,391645.0685501856
197500.0,263486.893618051
227499.99999999997,210951.506410075
658999.9999999997,473847.07198615605
91299.99999999996,90471.40997231883
1229999.9999999995,1159970.84541886
398999.99999999977,427652.93532659905
544199.9999999995,578640.7208493766
719999.9999999995,644186.6702445676
249000.00000000006,175123.5881582098
329000.0000000003,253207.37271033082
68999.99999999997,111570.04888658822
205999.99999999988,199303.73045015137
457999.99999999965,454697.82632838737
229000.00000000006,258231.60197208892
255000.0000000001,287891.1786678759
507000.0000000003,385211.1905110404
398999.99999999977,421621.11152229714
1249999.999999999,540964.2476753392
360000.0000000001,340114.56417665235
348400.0,403933.39167315187
396500.00000000035,312365.7342620978
1190000.0000000002,713875.253562831
291999.9999999998,295180.0307325798
125990.00000000004,97779.69147163394
283000.0000000001,352608.1243838308
328000.0000000002,379576.1473586742
84000.00000000003,124873.8413322684
788880.0000000002,580977.6175134787
377360.0000000002,320693.50044072303
138000.00000000006,167854.75500809506
155989.99999999988,178357.30197236568
315000.0000000002,313318.3457721165
649999.9999999995,337727.0376649684
379999.9999999999,466424.14468728605
297999.9999999998,207639.72412401842
124500.00000000003,193233.89344606362
749000.0,622834.4515825283
205000.0,227698.97844785737
40000.0,77392.51933984058
351449.99999999994,369321.47146215703
649999.9999999995,647368.9004006387
60999.999999999956,99871.50666334681
534999.9999999995,498081.30215659103
794000.0000000007,580788.4823372851
382999.9999999997,348314.08927824924
134160.0,152323.3636507274
607999.9999999998,570516.0010238898
540000.0000000001,509833.97867860337
440000.0000000002,402986.988359955
120000.00000000004,158772.10786369088
215999.99999999985,240191.032733774
64800.000000000044,98006.28431799586
1194999.999999999,722365.9333487627
579999.9999999997,544530.7563700015
1099999.9999999998,873109.6410754959
455999.99999999977,403355.57739211194
134999.99999999997,156200.53679761168
242000.00000000017,186787.7906430148
218400.00000000006,263587.0987202359
343000.00000000006,312772.5249789664
1485000.0000000012,1154156.0099405833
416999.9999999998,340046.03565842484
149800.00000000003,132464.50773675868
214000.00000000017,280405.86420724465
415000.00000000006,377929.5407323955
187500.0,195615.58890282433
312999.9999999999,290350.93232722994
330150.00000000023,328853.80121403566
1175000.0,562722.7697698515
576800.0000000005,531555.8027643075
625000.0000000002,645598.8703833331
794999.9999999998,963231.170109259
198000.00000000006,124542.4026914379
