y_real,y_pred
99000,246734.67303715614
510000,411685.17424154043
315000,368347.4353421046
270000,302591.1550278059
280000,295520.684842401
328400,355981.98518221686
59000,112835.47728323216
160000,180432.07796917274
345000,328662.13921215327
299250,189897.60413772915
229000,294887.6109521808
285000,322347.7769548402
440000,444946.3772893844
496000,470865.1571821387
158000,199036.85304296808
216275,298939.13504546485
259500,210781.72342218974
445000,332474.03286754683
74900,169271.95597695353
145000,149173.30223955787
166720,97210.41772150523
139000,210613.98178098243
230000,458509.99558869103
205000,272297.2484756508
212000,177675.2679812133
175000,191739.5245686691
226300,267441.78940486064
272000,215671.55882531859
189280,728610.0543122626
260000,236782.30567942167
254000,399769.4447941002
210000,303264.32644400303
357000,447464.91286586475
160000,210938.00870860455
618596,669693.0030507982
375000,277747.7890696138
332325,344755.3617598848
115500,176071.37822818695
295000,425318.4194811568
155000,329267.70667916397
136000,185450.55913445045
460000,425041.5523489535
208740,178781.54289123433
417000,282559.49434470537
129000,144652.6145682749
330000,391084.7006139538
369000,356032.1135559788
255000,330259.39047098934
249984,266796.5547112037
995000,808835.2573205854
292000,281115.65490748105
145000,270788.0324214934
465900,365656.5300050744
192000,264086.9975275855
288000,305409.28708324034
92000,103834.70511706972
200000,165383.68541014203
219500,218265.86265184806
1179000,1009176.3126592012
340000,315037.61472084204
223000,303221.7130764179
410000,321165.08867063635
367500,464673.1668330283
115990,149475.419205621
185000,177053.63833636953
510000,623257.7514955737
379000,469141.03913049516
219000,277259.1725011903
65600,113222.2849316947
235000,190947.06982755312
178000,189033.03338280367
233000,276212.3843000965
151960,315419.9848100301
311900,313726.65731195174
434000,375999.4537190233
520000,402437.59384182637
349900,398618.35194025
188000,195468.65044891427
199000,200097.18207409323
405000,352353.87529923534
132990,169643.20530979554
204750,151892.6481058024
99000,248760.9769850511
639000,592476.7154644816
177500,155147.99114287415
241500,245770.40685575752
136000,113699.10928003296
79500,96709.59063603583
225000,188738.42727642457
128000,204504.33808400782
380000,436901.78951866855
396000,242711.1665601456
598500,438945.01923898654
338000,507783.16203680134
769600,417143.6191498444
299900,232253.8871236957
77000,110856.20700511805
210000,207016.28814011152
1580000,1543401.1776219779
350000,251289.1028733
462000,333944.2585034948
230000,458569.7439041852
212000,161625.07476915594
50000,133476.92421985912
38000,71305.54895078318
208000,137781.78695875194
989000,778754.0718320257
415000,392644.68027222395
144000,277694.97642522975
144500,222202.71691580076
214000,231987.22514837768
649000,276030.9283604727
257000,233410.58917398582
399000,216797.85960852867
680000,682269.0018030077
153000,102144.96299415258
271000,263144.4604330156
250000,210616.11483177348
245000,171842.51924313736
229500,298759.85970849765
932000,695021.809157358
134500,156124.41117774823
295000,353352.5059804126
489000,386072.298712721
425000,281893.9349942776
470000,376036.15686896077
237000,283356.9480345283
174000,267805.7624162179
790000,443150.93382456456
300000,231212.09290259142
119000,110956.70034277721
440000,565797.9956608353
270000,228079.78077887653
469000,1025879.4547059315
311225,344338.29608780186
261250,235882.93849102774
315000,347961.57862786856
750000,635137.4381971592
327000,476727.3089619719
170000,290094.6320688402
65000,265424.5310857537
266000,339629.6697196852
279000,377497.2635197722
369000,254826.01933607465
442000,368974.6206568589
280000,204726.75034084616
69000,137121.48482275562
262500,339254.7923529631
136200,188520.5700845638
648800,1018104.738545353
328300,207302.2918598278
86000,173409.15089295924
69000,125185.68981534928
169000,165310.09513690814
720000,784613.9576660494
219000,392016.0507705663
375000,453114.82194201276
129600,254693.30137530089
250000,199896.4003384113
615000,314327.05610548484
191700,151943.49892517086
225000,206397.71511032802
937200,389011.00876957
323000,370401.2155054077
529000,627343.0939850836
281000,348942.3787513208
255000,234994.62390240273
92000,148159.3120677075
135000,125480.42037177738
1150000,1105268.1047549332
310000,295169.0479684623
615000,593320.0223533693
528000,445061.73628391966
355000,313303.3792224832
238740,177227.2472046975
425000,377944.7189128534
238970,240595.10572397467
159000,242709.57088975637
230000,243468.56556547622
580000,474561.2501304664
233200,304612.12144823157
225000,289519.4640228625
292000,263706.61609270604
245000,273752.24850079947
358000,447159.3823019679
60000,66044.41649925704
472000,323455.80481118
370000,389034.54211717326
313000,364704.06078367884
120000,89783.03770352434
673100,688536.2110664815
495000,453516.08746767795
165000,138071.62782410946
421000,405388.6859012466
74000,162919.32340964896
161570,189336.56609511402
220000,297761.03343065636
185000,262170.6454261057
572000,373510.62951203436
574000,367546.40846663323
205000,200781.2979863259
279500,307028.4108319772
230000,233220.51009375486
322400,336479.4177565735
225000,179435.38635553204
323000,202884.944478287
258000,247048.9115779454
510000,749761.3735495809
224000,235594.9138568364
199500,117714.93064112043
935000,406621.5541793066
93075,187986.30390691644
386500,365840.3704324991
83000,66740.0705774911
56000,87497.72219665596
239000,306004.10054871795
490000,550911.4235144481
331000,473164.9504955018
519000,589192.4509288985
360000,359725.2062701879
392200,264533.9594969536
399845,309725.316455259
195000,313333.68835961574
170500,162181.2563729616
126250,163272.1999439575
235958,156674.66179251182
659000,926570.6851665826
227900,304209.0891792354
442000,567986.5897749042
173500,290409.97208610846
884000,805462.5976460767
369900,380467.9031049768
145999,125201.50525633039
320000,138769.62985000858
156000,205515.09919936702
146000,173272.97517922331
104650,95541.59574825403
48500,51658.38836960056
158000,135395.15086096036
275600,201384.95640767625
241000,220351.80355063218
252000,191496.49766725142
384060,356007.88581679756
450000,493486.76742524595
980000,1248507.8063993766
780000,440641.1461365181
270400,239112.44116958967
645000,313881.0136694809
322800,354105.3233650866
432550,578590.7676276098
395000,330245.7913568577
51000,95045.24195672524
315000,314286.9305948634
399000,289313.8391920754
365000,246363.22937223557
419000,376684.2742993332
201000,174462.18173625873
499000,476257.51620974985
1290000,952565.9876142521
104500,61264.58913385554
475000,579016.4676566162
199500,269895.403817623
121000,224066.78028635477
590000,550370.4162203618
210000,226498.1416660399
158550,126096.81073407165
295000,341842.55676504
159000,162408.4591440184
40000,93997.55650705179
219000,223776.90643298763
220500,219104.46938641916
297000,258826.9788110762
549000,421865.4012039325
179500,195341.07126676614
462000,381236.23292957107
599000,549016.2968707009
455000,454043.0328435623
160500,131941.30172381824
1290000,1195148.0089583118
80000,151247.67569245922
300000,194910.4770746677
366000,302214.3383430382
53850,75969.48948391393
259975,291673.4089253648
499000,546827.3619356834
232000,152615.1922057431
375000,215654.4842856679
567010,576309.9241672897
311000,229212.0173508847
189000,171195.6436914695
208000,233880.69470729164
108500,116246.86431390373
311500,208148.37506140387
155000,186132.13508569886
243800,137043.27040233908
498000,389389.3146741495
233550,295575.2156575081
414000,442486.3427590727
237000,373371.82672929275
140800,92731.63293079552
450000,468194.8734879115
221500,290441.1169272938
240000,187880.47619086897
86400,108304.09247969644
290000,264315.6652946544
239558,178263.75053688305
76100,112022.6870552118
225000,130326.91545787858
434000,260945.82058998753
650000,1062396.1532087466
97000,117106.8291002424
256000,204477.5636247021
997500,678151.2788677826
294000,406495.200243018
395000,394159.57437792385
295000,316430.81084477383
725000,1084881.9581142196
139500,119357.09837661317
82700,73451.22853519558
535500,315006.33318328834
289000,240030.48917967558
425000,325512.13009103434
179000,257693.3676421782
548000,560770.7327216575
390000,435602.4738399314
340000,207713.91920753886
118275,103450.87981000457
155000,137992.687330113
279000,302367.8697455903
199000,140078.67859650086
286000,234233.77367074104
355000,410623.86388606
395000,369523.80786350206
384000,542936.5288828925
370000,407860.2753660297
135000,145628.51930248534
165000,241136.26242318575
1230000,1137345.4825786855
256000,226792.104845413
485000,413746.5128498149
395162,380846.3614149511
380000,346823.4362792394
336500,288884.6152874115
298000,253183.72682572828
139000,166269.83624975252
199000,256670.25840896694
105500,201147.01415693248
315000,365905.85833331844
170000,201902.91198973454
660000,636492.3066803243
270000,308439.1633138628
209800,195234.86697719686
172000,255618.57956699477
275000,253461.32814277784
312000,299088.3837201261
480000,751468.3730008285
153000,123022.02573826633
170000,211066.53603400107
129600,89880.9631557585
373000,353820.1383921525
435000,405889.8052279111
112350,240335.5980788757
463000,336233.6555095084
430000,288921.85231359286
1140000,1333090.5640019043
192400,175414.21655752297
86000,216276.5668132341
75000,71076.33986242797
229950,131120.79706730886
169900,111368.1410009549
272900,733557.2753680792
560000,283808.0310355134
700000,529498.5494160296
194500,200613.99909624632
450000,575700.7365804235
720000,786973.0450712773
420000,323282.21030500164
267500,382750.6040301693
175000,196793.44198782757
385000,467109.8190018134
249000,238104.08023955082
199000,189998.76401875349
94000,325634.9776944675
138000,161600.80595802044
262500,238706.3796489095
99000,124432.77676603138
228000,238589.15415854196
240000,323438.86878539243
498200,200943.28069118896
91840,98825.61707289476
58000,75494.9655500207
187000,122550.7870987238
229000,247995.78996685604
290000,370853.9470098589
885000,1205485.8606427694
940000,762106.6047021302
239000,211655.78447977296
1155000,813437.5268360102
229000,325399.76254720165
820000,583021.8491153847
45000,86477.63347384635
168500,480132.6751875074
135000,138723.66909783072
179000,162074.86744650596
240000,321302.7338095476
125000,132703.10788405707
258000,261624.55430012287
530400,574694.0304796055
269000,354138.11537312623
280000,320732.52593483304
296500,259172.46714419173
48000,87283.12203407325
128790,70547.67076314685
116400,141499.1146365595
340000,272886.1966313633
274000,246856.02511858314
270000,261457.95744558852
99000,154575.71394210614
158000,167741.5016658251
1260000,647188.4876400771
251000,177621.81137581883
265000,406576.9272506056
396000,472380.0753127997
605000,322785.16032612807
110000,121015.16603242922
472500,206555.07144846942
329000,269214.32858233125
274000,220591.3360741554
398000,1137451.6415780259
319000,415579.4832704764
261000,232451.31430983712
750000,597842.8098068496
334000,357828.52350132127
239177,196900.88325966682
170000,245732.4239160872
236250,315535.24203414767
259000,312236.347284311
149000,182607.8064496676
244900,280212.97668123536
237000,262396.4518661696
162000,122426.99714933726
183500,119515.82704844675
236200,226283.95403237524
147000,148404.72943475159
148000,317965.3201834066
142250,214206.57779466765
365750,295527.9932094632
349650,397184.2696392218
210000,284942.7378394621
350000,137628.3476099127
379600,623890.7320430226
29000,29747.91934317891
307000,409547.31580384413
69500,215862.2857334327
230000,380810.6858620355
108000,326134.0465863298
210000,268979.79026842455
260000,167662.71344741556
174000,141356.42719979084
730000,632298.7798525953
230000,128588.03145692487
424999,451928.02640671853
84000,93001.65886888497
149000,259694.30907423596
113000,77611.49264647394
298000,146282.27002828373
169500,148305.38317298217
300000,287871.9793117715
189500,219461.71212595137
487000,388331.5579908113
725000,704205.9599521456
140000,150158.69548372558
327360,473635.69833160256
200000,208323.97543392994
531500,433280.6556815127
163900,201742.09600067677
230000,313294.7271711382
123000,222001.3005599023
129900,90041.03349169933
395400,460965.12123788917
249000,280519.87007080653
223000,208208.62096068863
1449000,1501349.6585688465
245000,230762.15173956248
356000,203997.17823774854
332000,358097.5927744466
320000,509716.8701540588
219429,282275.1529164369
131000,145027.11809619423
566500,388358.8417074403
279000,272990.85292313236
172000,146849.34065185906
266000,260354.76797751128
115590,104778.61083304243
256800,279094.16309373983
112000,84811.44410057177
340000,349315.00616073835
409000,605758.4507502522
915000,959492.5976212752
940000,787759.9634345705
181000,199822.60270423983
615000,394425.5107617997
220500,180257.4577971294
157000,130196.1134361157
415000,337187.28736840707
399000,476499.1108306253
224000,255204.7120680878
198000,194817.8668179348
297500,379648.0262329235
606000,214067.38755372245
829000,484107.46945538634
229000,203860.36484559206
306000,301624.522739037
233200,234017.38683892784
163525,197608.39638915387
790000,509960.4177696511
169000,145063.5848634595
362500,370992.1476196678
995000,615573.9066551608
200000,119859.99164297285
846000,849276.9534719099
398000,328261.39008735213
162000,199572.758741021
399000,313011.0364612722
156000,169293.8310387837
398240,194911.8156506144
328000,439562.63102365815
241040,324395.11858082167
1080000,685064.5307911944
1158000,602552.9016662249
448000,277043.83601409686
269000,262028.17311600907
174000,155183.8860434042
149000,157910.5984837197
133000,79967.59889509792
240000,245006.5668941448
223600,216014.83260084118
360000,446049.1895308833
269025,324688.96476758656
348150,295823.9110922336
358200,336103.5759824169
52000,244172.83006618096
1194000,669747.9476260337
408000,231245.46960086192
160400,184704.49802262377
309000,271375.04688969284
137000,177615.6004556896
350000,659754.1395774272
144450,131535.80816839804
327000,344061.0136750834
226000,241548.6476329833
222000,214558.53043983254
339200,220262.90991899947
618000,358725.0430470914
337600,182001.70450137023
1630000,1535772.2973577448
78850,94805.77309666087
592800,322658.3897485038
585000,643275.0152568734
396000,158294.95877861747
212800,182265.79178207807
188100,143754.850922472
182000,187268.91525866423
735000,575106.3464570168
315000,238836.55237627772
391000,857701.8705450391
469000,278652.3219521828
499000,333992.3359219011
265000,191286.0874413424
270000,276767.04582454293
268928,142382.21003167686
399000,198936.91559047747
76000,136979.92467413144
500000,423497.55132936605
167000,228388.18090818814
348150,508281.47491229617
108500,128440.48680297626
204000,215625.68425427956
49500,445142.7010923316
86000,181672.67098285197
1370000,763299.0605589813
168000,191433.32122557174
820000,440017.4192776294
460000,411853.525516506
975000,816297.1823618769
210000,215305.27031213042
203000,314806.58266770066
495000,302437.27058310376
163000,336381.173142535
165850,69723.52516078607
620000,446944.76563791273
265000,262583.9317963323
226000,282273.0729781828
221550,279651.2149912112
135000,118940.91374451529
630000,676875.5998864688
495600,216983.15116480514
155150,160519.4996670766
149000,177785.50811100425
350000,202217.05749274476
895000,369111.79605560104
501600,449972.98286662385
191000,233971.1546007786
930000,687464.0503445341
190000,188944.67157641554
89000,156746.99775267238
379000,177268.03067131745
481275,542118.8980783102
621600,581271.1034920906
435000,426507.5579109066
152000,157931.33050444213
118000,72107.73560070382
849900,764874.4040525139
111600,111410.49127663815
295000,303634.54203887813
124900,124769.42884172377
249000,388601.1828925368
649900,452024.56577161024
263000,376589.5397694476
118000,173880.60034879574
339900,417483.34527737024
740000,680385.353635782
337000,280104.6393108813
1350000,984222.2562793071
53600,160006.7301128848
258000,438180.691044258
96500,89323.11721689472
198000,271609.23954965454
540000,587768.0469644312
147630,128899.79357561964
211000,176330.73147307374
34000,92441.2610644394
1525000,1175556.7193804164
105500,159978.86844081755
264400,239317.19768948312
280000,239052.14728466028
242000,198679.62469991695
265000,365107.8521604953
163000,197088.1024759218
359000,381888.78618603584
86000,93556.77038685058
210000,225228.88112754413
690000,673924.5712628393
157560,132585.31473134836
206000,155675.06451218604
365000,410513.3692039608
244600,282282.5883284921
399000,407842.8558180114
840000,651625.7044091182
220000,113888.22182133966
145900,208260.9260500391
189000,162895.11782922567
109000,80386.58004280007
180000,192526.72550570738
420000,374629.7402574691
109000,96132.01972481288
441000,178468.55412106725
1650000,1553896.3078804214
799800,936157.5139931382
1490000,540801.3642961187
995000,1024814.8703196446
550000,413375.6207732477
600000,424794.3030219124
358000,295631.3638875316
240000,224402.1142375365
420000,391728.5235252354
195300,368736.83970597014
669000,688754.4754471381
191600,266734.0673347491
350000,345751.1396384147
445000,519900.6161707028
81000,91208.04591307546
125500,125316.13772184032
159000,171743.6061897608
374000,403281.44868608046
158000,193627.57299359396
196000,156633.8881426581
100990,257703.4197622893
380000,369177.30773246085
288750,217915.93236444407
214500,187369.54053075946
227800,256223.80823262647
824000,398267.0918510894
207000,393697.4380281625
95000,174827.81530056303
176700,140837.46436075025
230000,198046.04573056003
467955,413582.76017791417
340000,343810.4462005995
220000,299138.6883857449
115000,295315.12904022785
653000,466973.3335178774
157500,203534.8961620594
155500,173915.95140898664
129999,140282.2307407005
330000,315843.31893710094
1540000,1273464.7661746938
495000,578873.420313006
380000,329934.17360540834
110000,66940.7502510371
485000,382191.712197441
245000,320917.3476815163
185000,183635.02252839133
376000,423437.5614109202
189000,172623.463464964
615000,719497.259089824
237000,217969.89320056912
449000,397864.69045496336
589000,612081.9140514384
232000,142913.01530590167
169950,202681.53736544502
120000,109831.92588116569
269000,242462.4905945242
258475,221592.38218989703
595000,396240.1717996458
439000,642504.4003618313
187000,129991.86019267178
139500,114065.45784075634
399000,503345.7591250393
839900,836115.3190771531
334000,286667.4248458999
1031000,1212012.844507703
255000,255472.8172943299
890000,733890.5555221449
475000,683955.7067589398
787500,683986.2732055198
292000,320869.05794443615
369000,225311.50629067174
415000,436737.34008618305
99000,360971.4665566823
289000,348163.4379664972
199900,291031.64549761725
769000,419202.90446407365
178500,200648.38117662517
283000,280851.4920773149
177065,167202.79626108453
335000,295170.676552342
1250000,812109.7911421316
730000,726095.046100717
502000,418076.4092866772
417000,343370.2146378992
225000,149383.88946875144
148000,151581.0832572533
195000,305257.07828679547
115000,87588.47045594075
142000,186005.97729865657
740000,448125.1314026158
271000,344382.77881275496
189000,188292.59070631882
720000,491229.65907320374
225000,225947.78017949584
326000,257304.55173564205
173800,98313.92877859727
325000,563254.1498268376
430500,248548.67476240272
148000,394567.5868852248
363965,331449.69515311514
515000,619824.7415140619
163000,136453.10947090862
360000,423838.9967543591
319000,442716.71449880756
214000,208324.09948008662
570000,374982.5291922371
186375,160871.52785022877
530000,626158.7993578722
178500,317645.48370824376
338000,292145.2995462622
575000,869929.7271180043
249366,288454.7172539202
275000,458564.52389534016
1141400,577443.1337640417
285000,157960.42455055617
250000,199960.2030117546
214000,149730.20417417606
205000,252354.27082147822
183000,189228.87114708513
540300,427734.04495583096
219000,169143.03548708776
1495000,848369.151074015
55000,78227.8301433131
1380000,916651.4701730389
1350000,980949.5822167767
834000,235701.08078532745
318000,497717.7250194099
290000,241339.77282839714
317000,338979.0155486323
398000,222766.2328864522
64800,139463.63751352325
308000,183281.69413997963
179500,90589.92236040921
180000,234990.3133937864
388000,318298.1639014849
614596,663656.0929174328
748800,663987.8003356284
149800,152659.9767433712
415000,445391.369201219
730000,716618.4633452646
339400,314939.9186556319
314000,353685.43711866305
364000,432341.29991171375
109500,101763.22407569176
589000,687052.5672920928
74000,60729.17451099582
192600,276376.0637916907
155000,205423.63068369235
241500,199310.4553944364
422000,288347.19542560296
121000,116229.20223820141
1180000,1233695.7032098016
30000,131720.15688762307
127900,187081.0636783995
120000,159079.69008793516
560000,641831.9706333578
131250,133518.81425293547
495000,414769.7382645464
376000,278667.02266497596
241860,312622.1973032734
716000,526986.6455511741
199000,276834.216365504
320000,194475.02780122202
315000,292161.67782952444
490000,224965.77234570216
969000,615801.3108326705
235000,230195.24393364866
468000,366825.93979009124
315000,270086.5677823465
330000,326658.4717125728
213000,269154.28554574127
509500,467957.7724902378
191000,244626.77021097447
1080000,723817.32668609
65000,64840.87086468072
227000,235230.09370854148
682500,764232.3244795925
363120,442556.50099666655
699000,460751.9364492992
244950,187233.4544411744
102000,293039.2918948008
325000,306692.0673044761
255000,267151.23852207203
93000,101018.0482307548
490000,464945.6012111332
451000,392011.94525632897
252000,155608.99441530855
56000,120122.26716807549
209000,155605.73355194993
462000,585530.9084481224
1260000,621035.5418179191
399000,420291.81859892735
150000,190844.75506186034
549000,622485.0386988936
310000,385471.8533809171
220000,112751.85030184528
379000,417356.858723279
79000,70782.25423607485
599900,428306.19636970095
530000,591966.871662089
132000,138949.58565465116
122500,102634.69869072706
65000,155940.30301355972
299000,235055.0591149064
318556,283841.0557817758
209000,180559.09418453564
320000,214720.1992481725
348000,280734.6763584527
384800,288098.7977476292
240000,351029.6837244461
230000,243503.6865339756
161000,292417.82636560214
291000,375205.08365303476
219000,275985.3839120073
219000,135668.60552623976
320000,286609.1591113234
1525000,985454.505528813
345000,248625.4285188205
445000,220814.6670345172
570000,410263.9075986311
375000,443911.3584804339
507000,269357.9271298716
80000,100889.14402316407
235000,276987.6175604081
465000,512447.95590997225
218000,184338.0826444168
328000,443639.9073601973
855000,303147.9750291501
140000,264420.73716499825
39500,59152.08228687417
430000,488830.63749154034
845000,1371961.0460136775
478000,785848.9209471879
130000,117602.9536712629
103000,81972.32869647253
105000,60210.29059723522
241020,286174.94548667484
665000,725712.2100830394
56000,116679.31980744463
620000,580687.538015356
590000,482495.31194601045
171200,199674.5429597462
147000,95410.78064310832
88000,112024.31789301783
598500,500933.95215210196
599000,841034.1160142807
225000,204606.06112272711
292000,302700.46375824854
340000,385275.699023448
147000,159791.68823671268
580000,375603.0361779911
840000,348056.4733840118
245000,252546.3074841689
328600,175027.79421559218
335000,286803.0323248493
463000,503829.6776527921
371500,463132.28803685796
65000,162762.5127994109
455000,494976.20401776186
212000,181887.16934918286
449000,480057.05860480835
219900,310669.0598218248
110000,181142.23528245027
295000,316064.79977294995
219000,202360.256063573
970000,776833.2494848091
245000,263427.2210258466
209000,159931.63378456948
183750,77381.63761197492
168000,188446.08596016688
174900,212490.6631348984
222000,444914.94609074434
108000,159992.26748646024
214000,254449.02673505008
330000,361361.9892845117
199000,129440.0225800653
230000,181829.38936495228
341087,398935.1375041457
180000,175312.27822612526
76200,127553.64442694347
315000,223135.19671940585
410000,216819.11495100276
159000,159987.22641683245
357000,456225.8858829402
215000,291883.71041337185
173750,251283.9730351595
269000,228507.58702468593
785000,1122826.8129058364
291436,380104.60979783395
314900,258463.5732118594
820000,539173.4814091497
240000,285852.9460420085
292000,144602.80195614896
160000,158306.1836268431
133000,119881.38828701027
299000,281250.8416056655
75500,149875.1315969973
630000,504051.9990819786
580000,860590.5733831543
100000,132075.3074517961
65000,135100.9335121254
275000,224438.0126433624
139500,264837.92709027394
239000,281981.346322317
340000,241095.37643170875
162500,154313.68670589133
269360,189055.7179590583
268000,366736.8136952476
270000,237441.76719968786
65000,187493.45747915338
254000,225990.467587298
112000,313863.19622350024
477000,408521.79323145223
419000,287758.3093151521
229000,177762.98736139757
380000,117493.11751439846
780000,1212607.4422242448
225000,228220.51711494915
95000,75559.71740098199
239000,260103.3355179806
275000,312499.0772356536
362000,317780.149480162
230000,235791.25736297062
621000,364301.5322964751
350000,223579.94255291464
270000,226151.32128299167
250000,181192.74039609657
381000,307568.77940633247
94000,90277.35679555613
850000,383260.72719794133
342000,349382.71152323665
129000,203011.32103248377
299600,248365.9456105284
795000,809179.0580265525
399000,967984.8689150949
352000,478015.23868233257
64000,234355.89940140466
447000,583271.0523718757
1049000,934138.5948592228
650000,574426.1297183526
245000,256402.13596272172
142000,178652.68284527768
310000,352394.285848542
161000,120485.3224072877
186700,264886.8934976373
249000,237767.04894057868
475000,662569.230028729
359000,402858.3866451318
178383,177752.4781519043
230000,215484.31981534098
73200,91391.724673959
325500,281808.3695446825
378000,246274.41377130762
229000,229709.96968958856
29800,96243.87406437844
260000,482863.10820252605
95000,106895.22494744547
479000,434662.81109307427
827000,618444.0498120962
285000,596186.7996260719
228000,238640.71878354327
155000,154127.022272748
372000,327042.7316500229
33000,89971.55870613399
799000,292725.8863392098
795000,590281.2802101424
450000,474680.847550433
293000,213955.8028953597
143000,90020.28517692605
298000,282478.12829461397
398000,464938.6998055581
453000,547683.7338373457
380000,303068.27195284975
180000,169598.15855316844
960000,807231.5926668074
235000,240983.67303660655
435000,251629.2087703367
479000,479616.07450327586
55000,198723.59425354126
143000,284956.06405867677
36700,62678.807796665365
545000,262555.62340848404
1237113,329438.4022569109
470000,895248.6328475669
320000,221441.83253666843
255000,260285.3956633663
157000,129951.52566986052
617000,349028.92262077116
569000,445208.2185534504
204900,229887.7619905748
340000,239604.0658425831
146300,180260.26192801163
220000,251909.740386095
134500,145728.9605347498
650000,750677.0908027813
282000,226909.5744120807
231000,297905.66532221466
189000,174426.72473761547
396000,432779.5392493472
258475,310135.99352029676
330000,430583.53697932546
179000,230222.41224458948
201600,231905.99679682672
245000,240041.21555801746
349030,305538.0573037513
189500,195968.9943695625
370000,494333.3402526498
180000,201329.0333474406
158500,116708.76568971314
355000,212814.42306169795
360000,332718.5226378699
145000,72528.4987512099
390350,368913.2453250444
219000,138883.43523852475
129000,239007.47426069717
455000,372700.7659350291
436000,464882.2771888952
127000,193543.121775399
79900,105551.25274736332
138000,281479.9319661141
195000,131282.10460211698
90500,116944.59533245384
420000,587208.9254724549
449000,374892.75929949805
324000,306238.0177504618
249000,159917.55734177888
345840,397117.884419054
277000,189271.91498948215
169000,350315.33534168784
345000,317697.08516386483
475000,394249.9834369874
50000,61833.49370578939
469000,624722.2631845938
499200,553096.008631786
399000,304312.9110295434
219000,192849.86164884287
465000,175046.86138907695
660000,600677.0428375336
465000,429012.99747470487
235000,166521.23489600158
190000,203146.75573532018
140000,140234.73091599933
147290,120415.46448666003
419000,345375.2538449691
169000,166510.21218598494
580000,585492.9597103675
116000,92889.90727637526
290000,199223.2585633778
594596,645112.1358442954
250000,214582.9232266375
99000,134000.16852722073
339000,292782.7453131338
179000,221832.92782470153
305000,244543.38332562073
140000,155763.61681587464
330000,399776.18717909005
129000,224199.00229767238
445000,392847.81337161275
108100,146292.33779075468
1050000,860091.52673246
135000,168819.94940106742
120000,122959.13737975451
296000,107851.30339946308
265069,235108.7501208558
196700,261983.47152806082
138000,85635.18132479525
419000,318682.9518173228
210000,210278.47759658887
141000,173494.0551235125
305000,176947.14969492843
80000,138041.1999206391
63000,120708.09271118967
225000,349882.64713190374
345500,211476.29701538675
94000,92066.6383637265
170660,348643.127937435
900000,782078.7624672083
379000,594486.4454046104
334000,395814.8199173201
82000,148065.9337871012
249000,384074.59652396204
125000,105533.07317161758
240000,160580.528545386
77000,86071.45242106004
597940,377624.9648380866
845360,793336.9459685906
1280000,994534.8650865483
689900,709919.0913735626
419000,376234.919384748
172000,174586.88496315433
130000,265789.9618742692
188000,347310.56610236235
539000,481315.13078354875
632000,579277.351768945
199000,381957.46848007984
326000,435910.7988500332
177500,121262.10648800821
367500,442547.43376049516
174900,187069.8132895457
310000,295044.25453436974
449000,333319.77642981714
436000,572411.8441975923
199500,610415.1980454252
129000,159012.25388148264
1445000,1343944.8629965347
203000,244389.5448321479
96000,123518.97319316457
520000,227005.39868193373
180000,147314.1607800568
304000,348587.9268453807
64200,128391.32215822337
300000,301699.09714595665
125700,133005.08738129004
466400,297356.8472304028
284000,292690.21956168005
187440,114235.96280346556
383000,395517.62806684664
122000,240085.77169316827
225000,287086.60071247956
148000,179381.80903854192
312000,298983.82032870426
329000,334103.9653765379
280000,501041.1858627245
147279,246040.57876902746
344510,253168.24575864366
695000,662979.2829385028
238000,224918.76541172128
1100000,1001132.1775949971
219990,357476.89617379097
276000,266221.7215372803
173000,169271.38351408922
699000,992750.7543834547
416000,362476.9166686516
155000,272947.626554503
340000,375798.9394842857
227500,302466.8036290163
159500,193116.35149940138
345000,318112.9067054824
644000,718247.9390906942
299000,192875.48839403666
170000,121856.05547314927
1680000,1690000.0
224000,152556.0736939106
336000,443905.3762606315
299000,282906.439047446
88000,140653.2417193992
33000,76554.42865423328
451000,412363.87568922393
249000,254998.12130004348
237000,280262.9133141428
159574,137244.34127629767
435000,253407.88099667517
134000,238312.35555299642
195000,442909.90285341337
292320,279972.2430230811
990000,1528266.772110183
100000,103038.89680135678
175000,203225.76325591086
176400,211724.56647032278
182000,187026.76712786162
265000,245455.33749039046
1000000,453220.453924368
185000,287826.13392226276
168500,208947.47235094407
690000,705571.4998542591
282000,265808.6283115607
190000,280580.122734376
175000,258053.95777982846
447200,333941.30933888815
174000,79959.05399641847
153500,154828.491017596
499800,581937.2554700418
162000,161337.12697835328
268000,227508.252221786
163800,122017.21458820424
465000,382330.2245539172
311500,282325.90949962265
789000,691697.4320588374
220000,275767.0064928836
184000,131652.1089505474
147000,168866.11749541757
333000,376143.65889120806
709200,573014.6880671046
1050000,427222.51453556435
129100,166556.26359312233
134000,303184.64614615834
187000,160824.98080485314
1150000,654500.9172543976
268000,149190.9216793418
719000,839593.338006733
185000,235520.04815980128
545000,633161.5238549968
167200,196866.9573443706
240000,198460.045841489
435000,565718.4271510952
335000,355308.88840655197
519950,446156.3321271011
615000,295805.7842393064
299000,275275.3902836994
934000,916392.1515220914
96300,297887.33318028634
245000,315594.39794504544
210000,331728.14311210974
430000,195555.15794454768
399000,454780.14245924156
549000,269635.4249648616
271000,237191.87313431603
139950,103558.47575323147
570000,479552.49663529336
253000,187012.16451305384
168000,277855.49136495846
169000,140867.96455102117
176000,188874.88120648905
125200,294683.107945961
549000,385012.4668417479
72500,94844.6406632672
334000,325586.5655614454
243000,208474.0945637257
1150000,1140197.3341533507
715000,661823.0591720362
180000,178784.18072190435
345000,250028.55788987447
98400,133813.81767651162
560000,249676.0486224296
195750,148729.09489993885
177200,496682.97486763453
620000,703850.7298528521
239000,328292.6077072021
129000,288224.2675338255
310000,334478.4074351836
98000,221205.93384661197
94300,96791.12100222206
578000,585189.3097156987
54900,133057.56766230197
159500,210135.6062149093
92000,180757.94044879198
578000,324713.8854934741
320000,274470.19043778715
370000,321686.5612088598
370000,312993.09930564737
68000,89623.73967871082
138500,222174.5891177999
325000,292177.907200477
282000,390732.7639355722
232000,250089.86028575324
250000,279790.2240261495
460000,348719.79716168524
159000,96489.83698441571
29900,101542.63335015057
689000,803573.9304315575
196000,183983.92721391568
419000,404909.3909704503
1160000,601838.8890191697
96000,401183.6641410231
126000,87103.65019789412
230000,269227.545651828
320000,465811.5583472252
206000,405591.60432714684
234999,223374.60215879412
341000,226039.2845213272
417000,395001.643755005
249000,339605.33086178557
166384,140227.8436733794
135000,151758.32122720047
349000,298829.24956987443
263000,327462.5862293783
112000,84847.06690023436
1099000,846016.013255752
123000,135364.20700534078
460000,479082.5839797285
260900,148721.31289804046
692000,369821.8554311624
366000,453168.16056990775
260000,360169.3392360247
89650,102078.10730833972
750000,700565.4515625904
224000,228657.84329216697
140000,116876.98666316384
129000,242921.40979840056
113000,156941.949446258
200000,202487.36632543794
79800,121448.16183379448
134490,101136.67880332634
249990,220470.03477870533
795000,1452860.6789626924
480000,719931.9785759413
190000,105708.27284322583
422000,475186.18844401476
169000,212420.92411244387
629000,421505.379513183
98000,62907.73199395009
569000,689548.449461803
429900,378381.09869615495
289000,324931.34604951995
650000,645915.8134230227
188900,175803.10105666707
278000,316089.447801341
395000,460762.32562457066
346500,577444.964119103
296500,210855.04306758117
575000,623006.7099095386
345000,317447.4229228834
138000,114349.11808631597
134000,210163.62658002056
449634,344573.0100968491
950000,666297.8841846858
821000,510490.24138796865
219000,152347.3127359678
414000,490759.5131742128
430000,440675.5946069693
463000,355466.73601328005
479000,469984.2857844204
366000,332209.62944087846
159000,317934.77818231646
650000,450145.18699064996
218000,125260.95024723762
188000,400637.508586833
369000,256745.96068235117
296700,236080.8752997161
395070,177768.26932237952
262500,221249.70961937375
299900,311747.75541751925
1290000,511702.3722732082
256000,83855.88620476956
914000,554232.4577089642
1282000,981585.2565480197
370000,355037.3867090529
228000,242970.1356079375
320000,315974.6542087177
345000,317856.6706839768
619000,528519.9247579986
65900,122445.3551242395
247000,289811.5284862765
139500,159676.43426387123
376000,290336.46732742357
258475,311220.8838421432
514000,349964.42791348026
388000,391691.1074238932
100100,189302.87671094874
109725,72523.25579707105
730000,912579.6144244556
490000,406177.3007466309
468000,493208.81270107825
265000,306522.45310481323
160000,346390.8174660376
999500,390786.5275212367
385000,252073.10608655823
142000,155261.64455862314
85000,315127.86863172124
234000,345327.10114502726
172000,191773.37802915892
466000,523709.79206531914
549000,598306.3797730891
91500,86933.6600100074
330000,219880.30240253
249000,292809.1812965661
538000,520734.3902697917
379600,303609.9996108507
110500,179139.97018885516
77000,66875.55959163266
292000,177254.6705666103
228000,140687.68276306379
80660,80349.2560073157
339000,293420.5223834428
515000,510722.7042503253
254000,273819.42323173146
49000,58355.37085055614
220000,299952.19115955883
139000,179348.9650857053
216000,187106.07944161515
101000,220712.53660774225
285500,304122.11320565216
259000,150365.50565689075
211000,357769.987421454
257600,284257.96208755014
1285000,907383.080395474
180000,234910.57548849858
629000,325247.12118960527
357500,255056.23208558597
209048,253488.62608479202
59000,72959.25227460395
222000,253708.8454784092
315000,320614.1817321568
498000,376303.9184120624
697000,439886.9394701387
245000,351509.33144235547
69000,96525.93421461456
279000,263950.2573300098
155000,158791.17103372046
129600,89763.87264784418
169000,222704.57882151002
578000,556223.7219525411
267000,233900.42264243547
315000,369977.711631507
272000,222770.08648467518
142000,171693.50196573546
299500,347410.4416353748
379800,379147.2885099334
285000,143187.8207592244
741600,650760.3404267591
420000,393876.083776602
112000,136229.7457953627
349000,531360.3494685659
520000,350949.82912260597
425000,538666.650986434
68000,84656.76914969062
40000,68850.99411345157
78000,67113.74216006233
796900,761142.1701022568
242000,229185.53876336623
234000,306859.5918448517
71000,117702.20742435135
360000,306671.4517696292
195000,171497.43250506176
291000,278264.0478954282
159000,131464.5381032961
414000,461937.26374589663
74000,62055.24700974515
54000,166306.54997952664
188500,185378.76961476897
190800,215579.91131266553
299000,168669.5470733079
325000,196107.13829330026
390000,309154.99581912224
181000,198791.8069631483
299000,288119.66386673244
145000,59271.91518825158
430000,469460.9064673869
335000,422469.1549383
203000,349842.00367836526
262000,218416.23943745924
699000,751054.3012011197
258000,297822.0770987967
1400000,829890.7055363774
780000,736291.5266947688
382000,259491.76720083118
350000,254803.44676591142
173000,224881.39235481285
97000,103702.62901376642
415000,387230.8068427033
357000,306352.37913949706
224000,235365.66238234763
410000,453396.70801505673
159975,153897.0433262559
283500,267542.0004439949
303000,245676.85404688786
332800,258170.4142439639
299900,273280.980692613
128400,119615.35295472635
398000,550539.2195048343
630000,391679.9136697354
65000,249963.16393732195
148000,102476.82348876681
205000,207771.1658970762
889000,839338.6992800648
239000,297725.5232424056
170000,271000.9648621536
84990,79376.75867839441
327000,238195.9412944523
220000,166093.33003835636
357000,372243.5772069294
478400,374459.2437149412
147000,165510.1039458182
300000,255084.8697176543
627500,680185.5722298033
265000,378754.8155143822
28900,104446.18056589396
395000,283871.04123953934
147000,117719.61098016659
180000,209680.96519739137
372000,277694.3521941894
169000,222725.5634429531
389000,435865.25215254794
311000,513063.3021068157
199500,130199.12519953055
172500,159187.4372409076
218000,193470.10267505987
280000,275515.62595918286
209000,108155.89950903312
214000,233335.21641739263
262000,211839.80070656253
106500,116513.00797779912
229500,257533.0924455099
795000,830514.2010396455
174500,263647.35257974704
348500,198542.2028151741
123000,103028.72708361167
372000,435394.1878890955
337580,295272.54904301214
289000,159063.27146977992
258475,261414.919634468
344000,345907.9406533743
253200,328299.1673263983
238000,347845.12119991507
180200,194194.305643458
359000,321903.6787334581
350000,435001.44678593514
220000,130260.72985665947
299000,210937.26737334757
254000,357058.6134432973
270000,295115.5923083709
499000,393737.3599686217
1095000,305703.3551262561
621052,554808.7716697799
760000,697675.7290013947
179000,124756.61507015512
161120,262818.83246165526
625000,537353.0089053588
146000,148867.18121973955
717000,355117.40077446215
182000,145494.57509040157
880000,783762.732611555
210000,378008.96179728844
394900,339163.7530762378
385603,353721.9602228294
134000,97177.79546683046
350000,330785.10110358003
347000,405954.1580336693
381443,270151.24108757987
529900,406944.000250131
389000,219519.0377057201
561060,490212.1142097421
189000,201867.14305387755
380000,310584.7174727506
89000,101839.54959636962
95000,92750.44922942588
299000,301576.47409580514
237000,243088.40225969534
250000,138769.9915912027
198000,215172.19741907326
149000,288828.67678627296
430000,286773.94541369315
147000,157788.9322651056
365000,162635.8006166399
97000,158771.30871538978
129900,98597.34162864632
438000,489781.1452985034
292000,324290.15405133995
205000,266661.73270517285
292000,453926.0451713198
281000,183577.25718552072
274500,200557.45287767143
257000,330088.51563195174
268000,282357.61780659267
1295000,1116539.034700913
180000,205955.73308133296
171200,104819.84807367544
1350000,1195465.2136756517
158000,146347.5610596494
295000,221228.356508432
144500,233485.6962204331
260000,198088.6950159527
336000,311968.93574336346
64990,96752.84096836261
213000,486641.522032244
1315000,641795.1251357396
1179200,745930.8520809119
152000,194325.27319230768
189000,201162.69117361738
249000,409992.67989965476
449900,318706.30698482983
72000,67934.79153530872
699000,410285.8066277059
1100000,1218374.4438191566
486900,393594.76545590063
190000,298649.50261010806
287000,208961.0333585723
93000,89325.2474231552
394000,428359.3123173378
1248000,535512.9049581335
379000,366022.52166672883
254400,286020.3114939592
88000,82847.01728081726
358000,488899.8405593578
473000,527399.8113274236
476000,605305.6055347925
399000,310629.5988577123
224000,168593.77178615986
585000,625498.7559139741
619000,606831.485520415
840000,681912.2742325321
149800,101123.84970121436
448000,324744.1645765384
103305,118367.33553198684
170000,140411.16393336942
89000,107491.47445588608
150000,156850.1523385039
214000,171698.180336239
714900,550396.5015816223
263000,204276.96126527103
219000,250516.3257601897
87800,169917.93693555033
399000,222229.92273297944
570000,474776.63488182833
285000,244012.9532753549
799000,581387.9018199878
450000,308116.43957359466
333760,238782.44599200902
239000,270795.9291238811
234000,221211.65216818973
142000,107195.53086447676
209000,176054.37926004903
368000,282053.55228356033
224000,260754.24216184285
299000,261710.73392290503
568000,332347.3609968334
193500,302509.8738519942
129300,108677.3055163441
253000,289362.57248086145
72000,85899.85925057458
1590000,1437022.8874539041
249000,295653.0634917969
520000,471723.051330959
329000,248134.50415776056
222000,227871.35151026785
110000,123037.20010023216
273000,339670.4903177232
96000,122218.65306597365
375000,303751.04325642367
549000,708933.1122200435
245000,224298.03368210845
139100,282610.34421512566
360000,243434.61324186812
250000,214185.98579611472
319000,279686.81893469475
267000,335503.88959594036
268000,252462.10703605818
992000,552291.8064245938
299000,420952.9281777248
189000,206825.42301427945
357000,291171.67594473466
135000,104491.39285455774
420000,265278.73367525975
195000,240250.3831756786
278000,330286.3945840716
420000,290620.39659436507
144450,166112.70229270557
711000,769789.1869937519
226000,261121.18732679292
284850,188994.81189094495
365000,380697.6928276407
570000,486000.7447300548
265000,219702.74244453284
239000,183306.12742193814
383433,319414.2382170118
518000,345404.73197976296
210000,430113.4195920147
85100,121250.08800525917
925000,427717.59450975416
90500,230646.6776336623
699000,614485.1858477701
145000,167486.72813385082
319000,301701.24338805483
198000,148645.4178606408
155000,101026.0788294869
274800,245366.1312175361
384000,463060.3324588905
85000,98857.85534594838
935000,1014915.0127890744
180000,229610.82464149082
350000,253176.16136546226
249000,299838.581001336
50000,141034.8893446587
85000,131579.75176808456
315000,320842.9121838332
251000,346964.0350044312
199000,196649.62696428323
259000,238314.53584531826
188000,142452.99614325177
399000,352783.0817713783
1195000,656735.9764471574
399000,355410.85808868863
453000,721338.3095751746
884000,518612.5009171477
330000,557941.5637976519
418000,233786.30687696417
508800,263299.4798552889
370000,283626.9118591476
215000,214280.29265517276
525000,514651.8940165136
344000,227366.99097857633
355000,364366.45765262755
100000,168152.08526037
177000,256939.79181278014
240000,294220.6030507236
291000,235319.69493288628
86000,99496.1774916137
328600,270251.73777874705
50000,122461.39260922633
450000,248143.90739134836
281000,321307.22940272227
249000,233584.68064374785
127500,144151.86841127733
67000,59102.022138722576
125390,158650.39800368104
355300,292649.4674967581
164800,226525.93153937373
369900,389975.7040198396
150000,288878.6716334012
236000,320485.6409151481
51290,44507.411320904204
149000,54627.26459857865
231000,253605.18070426153
280000,603384.7606770523
417000,279725.18087331555
320000,644309.5393527641
145000,144463.86162651022
40000,74596.74994803076
265000,420237.89218444924
229900,264152.0967552334
244700,184035.91389450623
167000,201839.41783693957
279166,513220.4399978943
114000,102593.65584131138
927000,661131.6658383524
283500,272010.99350288033
1290000,1085810.3912963176
352000,430304.23132960266
310000,223639.6322924707
338000,391715.2534477591
198000,159654.11356969323
137500,141129.03522573135
28750,70931.08630985497
369000,333740.06159922126
819000,1456331.1417618857
220000,168437.7902888079
299000,468328.9718421636
420000,318570.8426480682
418000,332023.0877978324
275000,311368.14491560834
371000,500526.3446968951
1113000,974769.9629207421
115000,145517.45756931705
224000,246989.9208096233
172000,78013.78060105542
1520000,833666.9742321367
109000,125951.90515952854
780000,1165759.3061745944
222600,170848.32910449684
299000,369644.1821318429
179000,205383.8670896339
88000,140645.2064572374
209670,306206.16811616055
299900,237308.78387474339
855750,590548.3064012824
345000,282038.40913347004
166000,190147.89122301436
149000,149730.22830747807
108000,105758.046827739
130000,78966.84572375203
219000,173119.95398564398
339000,413836.2566812853
228580,182875.82065952822
453000,548599.8123914336
483000,765560.5887876668
60000,88153.9134206961
267990,606488.3008150958
1230000,1364802.5906023628
120000,132691.7265884033
375000,99290.34601183685
137000,193432.13317642242
394000,397475.09426873905
631000,547286.7632937703
281250,295839.93851429725
340000,328572.3326731682
1200000,444881.3282208819
69000,87762.60823536769
1100000,1066818.1206132895
224720,264905.3015628744
749000,720402.0478613465
173225,132219.33144122674
476800,367526.7739948475
60000,121952.69067808408
480000,343535.55509566073
435000,320821.0545813543
559000,512207.0992322638
416000,402477.79670604534
405000,355633.5662924514
215000,242806.28100584788
995000,1079426.1417133608
257000,363185.8793358828
239200,186230.38641717663
165850,197923.8427640979
249000,313580.5979084373
333000,173826.95190184904
239900,204950.88368889777
306652,415250.51565156993
364000,292632.37408155977
119840,108829.41717979156
162500,241953.16678762514
281333,287954.6372995026
398000,341266.7943985164
154100,269915.22347288823
30000,58564.34804214526
180000,403177.08672674856
520000,332305.04977885383
269670,275336.87133132253
106000,218583.72523168565
184400,174829.04878848433
265000,217574.53691690395
457000,457563.7665078238
299900,342054.98145789374
299000,314908.5928666872
272000,247555.71070649626
1039500,881781.0739796584
169000,240423.57472451468
207000,218778.90682876806
566500,357317.19041911734
289000,215851.10287005533
472500,446702.5460329732
1400000,1130283.2466527708
199000,165178.09389897186
207900,224304.80253582902
169000,137567.10802988245
169373,202038.24090900028
49990,49238.875825698306
148000,142801.87711188968
413000,440145.79140248755
344850,361999.0041598865
468600,662603.7148681668
256000,175219.14489862017
238740,176706.21470494883
172950,188837.78599417605
299000,443610.3496321087
435000,310513.415414091
236000,143493.21874137165
257000,214914.51240363464
557500,403952.75344372494
445000,401025.03494765656
282510,287193.5952652986
369200,534798.0686840857
588000,559147.5216852534
1520000,717047.686598024
417000,279795.3991143456
235000,242001.5783988197
468000,420412.7448893182
940000,878661.0638187159
200450,219216.4586422358
394000,401278.0386223472
369000,471962.63101529307
36000,71350.1211134605
455800,524877.5608094183
445000,537630.5840130354
436000,484715.97168203694
55000,187323.28832944384
69130,84359.13863685502
289000,405790.10063836176
241500,182353.5090729748
80000,66780.74526597268
650000,486432.13233267935
125000,169465.4404620865
330200,484255.88074619224
155000,195043.54532735312
318000,273359.79486023204
347000,363198.2781984973
426000,439341.5562111641
409000,303197.02719746745
264000,133537.55889885232
227704,244304.90891965645
367500,461698.3151480778
360000,388136.75260781636
339000,476115.75621905073
168000,280359.62602591264
125000,113624.50016753063
209400,258792.96952995242
388000,316031.31422279443
325000,501911.1726733115
520000,343271.0435654132
650000,776288.1722828125
192000,196113.25817323002
95000,147572.24419726702
392000,220181.1853831518
140000,412458.87617023464
212500,142066.72981380348
394000,339954.0870317572
45000,74223.03737309865
673000,782501.0320710125
283500,242635.21526671544
49000,130080.08322838042
197000,204863.7111393832
465000,484795.80419592594
369500,451689.19744119263
220000,204520.674320351
290000,368385.125621725
255000,288145.28174235154
189000,188409.24368853768
270400,236459.31217379877
399000,293163.0116363317
179000,278393.18516798987
259975,272982.4689743697
290000,346061.86667550664
341000,277777.4862721289
106000,108598.10575589992
80000,126991.25705985024
28000,69796.5416653168
375000,315568.9907510737
30000,64049.30942376926
730000,458485.9527495064
241500,223486.23963051153
537600,500154.30043451797
266800,122008.61047608922
392000,194857.06630917505
515500,902483.7847952945
273000,161522.43422502853
124000,169761.72725551864
61050,56956.82425898697
149000,178219.48610825057
222600,79261.26489197402
720000,317680.35391757987
884000,661927.9999007579
346500,185460.5924162831
447900,364607.6031844862
650000,384417.8104553563
299000,241485.9007477698
222600,288965.7909654611
740000,546685.2043399825
77200,105335.09175759583
119000,189401.80556399142
201500,181011.30234439898
300000,256774.77784969463
350000,252388.40831818501
188000,223532.75592809744
420000,545742.4475886673
198500,130248.58276974657
250000,242897.24913031617
99500,117814.29286536553
165000,185036.6154719745
1050000,553622.2928252231
354165,255384.6262884826
165000,194898.3860728657
204000,151647.88530788056
190000,205809.1429232885
824000,779610.8893538747
675000,583345.92581452
99000,113058.42262681903
135000,171152.84033031546
95000,117135.19182747003
212000,177882.70351071574
391000,358036.6265748762
73000,81343.04857324631
320000,317742.62617296237
193500,252740.48190393753
120000,192472.67907495948
95000,237573.002926636
545800,280517.7937812143
275070,281484.23088389833
349900,322557.14566854347
415000,479156.65309414925
282000,265908.3041872201
719000,678240.1345042322
750000,681609.3309623068
318000,250094.00403570707
745200,613678.7634674956
161850,164086.8654465396
269000,255039.69566796173
1230000,1034060.2205460044
101990,134693.411137071
550000,282900.4852773546
237000,238196.94868627845
250000,176057.81557700539
220000,234865.30878822392
490000,1055828.6099311712
686400,439235.1341347947
420390,453175.59098907554
282000,300426.5923479035
549000,383135.1379065781
179000,154849.66495746994
302000,302660.3021750946
77000,95995.93060431289
216900,315116.4766463069
624000,602010.2051404894
1150000,713455.74755588
299000,233681.03269163406
795000,1085419.0215076273
288500,342455.74154262326
313900,262981.1658755687
540000,368356.653571326
763000,1139691.5622910457
610000,415170.4342807746
665000,691260.6156231217
785000,383672.99463992484
399900,328251.0796698135
159750,207266.68256869836
367500,519566.02556893486
128000,235019.65755956178
452000,461057.6310611266
720000,762735.9444069874
590000,395158.860447772
275000,233930.1780873277
290125,387128.0779471861
449900,341403.29010163696
650000,585561.5462923928
1020000,688735.3751853318
79000,547609.2510057441
360000,352547.1799975663
975000,492973.6449042188
315000,166513.58084807702
350000,372504.03509299865
123000,154755.3081589448
159000,229996.7579890139
900000,953683.2335977014
598000,472050.558214106
309000,232988.87025285262
330000,361071.0548305126
175000,117240.01214558807
630000,757795.629195006
1040000,735266.534874591
266000,228052.1085969899
149000,211113.03894570706
270000,419651.5709667371
269880,354202.9065634628
249000,168900.41849305085
426350,423368.44430339325
1200000,704989.6946478568
325500,230792.11867049258
799000,971918.0443518319
209000,258231.72566850198
319500,408298.56041927246
200000,197448.36975926947
148000,330023.05060326715
1470000,913591.7367005204
256000,257849.6088890657
210000,191558.37067348798
259975,270840.1484832187
700000,665447.2069401176
320000,573168.1420239225
449000,416756.18887714203
255000,218323.10831352673
300000,220111.5209204776
990000,1508140.5967296273
124000,122539.54565939505
157000,198483.61774991223
109000,183520.56065671725
34000,61358.818627749795
226900,247396.77199166274
494000,285856.80765039194
360000,441265.1379126625
228000,200810.34365822232
276500,289261.36852102174
48000,70213.73468017779
61000,94169.82881196206
113400,203869.4709485183
245000,290237.2193100534
520000,384147.4114257708
79900,104085.34254001467
126000,93877.01773659352
213000,281868.03037517663
195800,112125.16065635183
430000,499000.2444962499
163000,290851.44245911407
244000,227273.56888595596
428000,238391.7368713615
30000,50207.14434495532
392000,382066.3585623853
120000,196565.33227774227
288000,308109.10923229577
375000,519901.3597906339
157500,153542.80375698552
279000,356726.41411591583
535600,355700.1652163818
915000,1023838.2078209994
262000,127187.79682573922
645000,639938.8280991394
182500,222759.25356969587
169000,189973.13853683523
415360,500025.5728773949
249000,242717.6758281521
1495000,1279823.5050056227
64000,98972.30307979447
509500,293702.90000424185
619000,522779.43666380807
273000,163696.82898077424
590000,601529.0139411154
980000,812897.7219149863
80000,78606.5472739035
494400,419406.0009947535
279000,337471.6838033284
232100,167470.32692379644
116500,150770.64018032578
63000,138423.81019659564
402000,426718.214684973
243800,212107.42236451825
320000,358801.82371571485
414000,317469.289403863
1150000,987814.076253264
660000,208842.33178681368
939000,603207.1434792359
319000,156792.4890395039
415000,538133.795946508
936000,422044.36882273934
445000,444424.6340668328
87499,141864.89928109583
345000,215210.33081714864
188000,148891.28677262316
1100000,1031416.1302648648
268000,220302.02834769906
728000,377935.88759939
232100,113993.3268886092
167000,237569.24665484522
101200,138431.46306095558
369000,378753.1088670878
372000,778459.687388622
289000,276882.18496284954
700000,455504.6575771922
222600,266638.19935805385
995000,622334.2019587776
48825,79835.34742474937
460000,880119.0963462337
127500,143654.93019757062
342000,432206.2784032824
107000,85910.0629248008
649000,498540.2335730159
118800,151279.22574752133
325000,358130.2496439557
184975,330352.382608371
226500,213128.53305111048
202000,147784.84347440043
76000,84328.87387427266
315000,258908.99553610326
181050,139278.2896329575
153000,204752.0691145069
163000,197405.98265695965
60000,208989.891103135
273000,384471.8004759413
299000,396133.82615645736
399000,263660.3778201042
250000,251647.16786677064
291000,305787.4005728416
254000,363092.508457261
460000,505886.27974506794
935000,668785.6829159823
634400,576354.8848038755
312000,717328.8066158826
520000,312334.15460240294
275000,315327.94603888196
300000,132143.07040409988
520000,357567.91181728774
180000,144198.70240848095
135000,169982.54736772488
249900,289782.77979266224
710580,533575.9273603923
315000,180520.8654422421
285000,222190.6389844128
157000,184097.14183540185
453000,273707.60241016693
699000,630306.7356543202
34000,53899.57636983111
273000,316033.33758612943
388500,341991.4150852837
549000,437603.82705208403
225000,310015.72919934086
236000,324882.1869313166
196000,214708.4403687654
481200,289819.1523170736
112000,149392.23440370188
84000,99889.98233775207
413800,295167.1843412219
209500,257574.47946929926
845000,965954.4283330147
378000,408288.1102727471
297000,291070.83072978107
380000,322067.0858772204
135000,222207.90010465914
927000,1054039.5638399986
256000,157655.24558250656
369900,383335.28275405406
153500,175614.0374419868
110250,101275.22243273225
269000,264963.6887594867
636000,638087.0099276069
416500,386685.7843400578
210000,166653.34400056396
705000,851567.6785996115
259000,224214.79311468272
340000,379074.07794277865
200000,201171.89067705328
309750,207398.46510437827
110000,167670.9782844551
208000,220683.5326975307
299000,350983.47831389215
613000,442252.9702553069
260000,203552.67190841763
611325,491884.84284570324
86000,80889.07188466728
252280,181658.6293174255
590000,337567.00957515877
445000,472833.0878533422
363000,489530.751068831
148000,154010.77775848642
1260000,1546930.9168101393
151500,159802.06770848588
210000,281265.50318598596
292000,238513.67947103537
415000,284953.24202765356
202000,186991.42674525784
259000,191072.33753403008
662000,620961.9542440154
436000,214594.02661682302
699000,831015.2194413005
278000,330496.1402615832
260000,232778.57332905717
255000,221454.0296742175
149800,95039.41373407147
68900,92042.58458963309
995000,813344.5068171003
189840,144314.30777075136
178295,244810.6671767029
449900,491997.6622257876
303000,287768.53565241344
450000,455191.8562171034
552000,543198.8822135904
295000,345509.0093909394
429900,404674.90280781296
145000,343059.2487781434
209000,223392.82599754757
749000,589866.2041360086
299900,302254.84998623433
281000,314425.7621404801
265000,251369.265250393
750000,550585.9076790867
339200,417056.9604841501
97000,169997.52262441648
675000,953407.6375783609
750000,648636.6144351417
275600,206300.74369169542
339710,276730.4530561471
1590000,535226.3385563457
661350,539635.2195445005
142000,168219.76043332953
275600,267976.08443478687
255000,271671.2605587068
172000,162597.9998776314
124000,219927.18911634115
279000,181683.90597416103
860000,738607.8967046185
118800,228210.75273504393
332700,254217.0442292943
998000,446478.8957608222
76000,87385.0297859156
439000,278297.91169443686
194000,81779.53823855594
1100000,990903.9551866521
426000,241389.50948237727
253400,244257.27503969322
272000,171270.57531359978
119000,123656.30506671885
650000,700234.7237153105
322700,244959.45655507734
413000,378190.3391480985
969000,1283944.7041710652
276000,269714.92564651725
115000,137095.24793258862
89500,161433.20053500813
367000,195651.06383973724
205000,210837.74297199593
230000,171779.3309261028
979000,474012.47774197
203415,175566.5128984064
269000,380488.9813168685
175725,115903.59899262823
325000,303177.06875384634
174000,202376.622175467
237000,187654.7363451618
116500,117518.13652124035
286200,297758.436703291
307400,188865.61292564846
164000,152796.7506899184
298000,202275.8854934972
426000,463903.7155677129
89900,149423.19300078714
198500,213601.4327089608
272480,220748.74397254313
1030000,1250141.4063411807
728000,504219.2773788085
1150000,1240550.722989309
490000,359928.4207950613
312000,279103.93296474457
336000,204708.961856384
890000,623269.0007831713
318000,250247.9750859074
181125,143481.14558960538
203500,204290.172580175
587000,480280.224117799
197025,133156.02112980667
550000,599127.3646845631
546500,448959.73568256275
118750,81106.065590165
389000,301521.27624674496
89000,130373.61574315758
96600,188123.7538957261
450000,425365.38598796463
95000,86825.6145202749
785000,636971.8983976673
287000,451327.90975413215
599000,405968.4891791666
480000,475315.87927672267
399500,238798.14500995624
884000,655548.076968226
496000,378539.50585746014
180000,197350.53382543282
372000,393173.1765201679
355300,276011.0220646568
213000,211719.82146932185
462800,422578.01007219363
274000,239602.21546681112
550000,710662.6876483505
469000,293467.28187712806
218325,249273.18047821254
625000,623662.6993257911
1040000,1264225.2390730968
264000,291904.5760212299
96500,83490.71363448762
425000,282137.634471854
75000,112869.0658395009
166000,205854.0544785573
656910,274521.9666924982
204000,236133.8045463917
759400,436379.0274964204
113400,171231.75257231813
580000,826450.178318104
149000,130101.28368411616
315000,276129.7288756972
130000,202850.39806450182
187000,211072.6423223063
505000,528687.2567938423
570000,606785.2838205904
148820,156008.46707972474
186560,211141.06139661072
213000,129344.316300539
305000,279785.8037534263
276500,329436.6388310063
775000,866595.9267255982
213000,228029.89230020833
147500,94413.5415952011
795000,1018824.2335331774
255000,319300.72799383197
350000,297867.46206802933
243000,144437.80791451092
830000,575328.523563575
139500,106948.60336138365
218000,152203.1189804633
434000,333118.0982606586
570000,424493.0449634289
340260,323445.57550084003
230000,620822.3205542882
321000,221818.37793629925
148900,276166.42435491836
75000,77809.93248549443
386000,299876.67605615
123700,102654.46293166271
158000,159520.06434384052
179900,231550.5730089807
390000,543749.6015502134
149500,153042.83529356858
254000,312370.1726796432
136500,113378.87217422247
1260000,292040.9725812063
453000,410888.4444103218
1500000,1094719.7999240514
1214000,953937.8139903567
146800,136266.50723735482
277000,297921.82298161945
88000,277926.76553040626
372000,352333.901857172
689000,728495.2029709367
250000,282762.22698513686
195000,283979.697324631
175000,210253.42384441753
236000,334753.80137011263
795000,721325.6217871219
455000,459368.44583631
730000,705452.1651327682
163000,153948.49457520247
243800,227354.6822822224
177500,215965.06120866607
242000,220621.40568002893
340000,311440.75283506
65000,144239.25208899862
430000,383869.8219674105
507000,654403.1523685079
80990,50440.55361035003
252000,353137.12657035125
149000,141028.56473680845
139700,192450.44283332824
266000,202772.61947011607
549500,347628.8335815915
127000,240992.29789261965
616000,428244.4939868133
350900,266590.612077133
250000,225383.50456839954
206700,217199.6231084922
370000,433097.3080215536
630000,452111.2301021196
226000,199222.22405095844
95000,64579.321574681024
179000,283016.24977913947
575000,636048.3859696195
550000,244365.49422640496
1320000,784553.4289983578
455000,387454.0828525181
799000,556689.0238471376
896100,856468.1339399307
499000,442936.56053057424
515000,318864.9459818947
549000,579981.0748548136
381000,382243.8937657526
217980,220115.82724090677
124500,164385.5338784599
233200,239386.9800849861
189000,164290.15973352702
222390,262877.28073363577
186600,214809.1171203082
365000,530122.6479496683
412000,286777.2233948506
428450,484354.00073448406
167000,304319.2127856328
195000,260744.24717626302
122000,134813.5856933436
60000,108060.74611453676
352000,302034.8161574462
340000,424263.67656934046
135000,190706.23865570375
174000,298136.0928706206
68000,125128.45392318605
110000,152918.97342837675
187000,150265.02731036083
230000,265501.53421686625
1424250,393814.5484503999
106000,319337.75951715594
978500,744673.7208552228
372000,381852.95224608836
579975,692641.1807987372
192800,180267.08295638522
192150,187061.4745099875
163500,157119.07446254333
136000,136024.15828488575
343000,337832.5550561287
319000,198562.15907932064
75000,120464.00031880029
161000,128484.25469483953
550000,642911.1605586895
610000,445152.7786122506
495000,423093.5327349409
399000,358908.7341893227
148000,244916.7230820101
282000,356336.4955630008
720000,548645.5220772746
377000,197280.38851129214
265000,362724.49893435364
33000,115623.79100987791
609000,548588.5333112018
425250,419503.4435195287
275000,229855.54462926893
286000,373087.29865146487
126100,135855.48693926536
149000,121142.80995089145
1507000,740357.6616731206
153000,165776.4367867767
362129,208730.76605883564
63000,80070.47210180546
86500,92044.77883086207
199000,207235.0472580039
346000,414794.5463724169
99990,150593.20966616416
703000,419699.63035628776
534438,548961.5899902378
238000,288099.15757220367
42500,87893.89858325646
89800,165955.99039262522
1552500,511737.4037590108
1100000,1082249.1943138745
284850,234387.24227659754
399000,352720.878686865
600000,303576.23017500417
299000,307421.37677675555
467955,448425.4222094731
373000,335508.1482959378
177000,175058.1002364217
89000,159062.33983129894
189000,235685.02483385484
165990,389614.04575763305
115000,118114.48090500436
513000,259264.98728576256
799000,701043.9812766364
252000,302240.53075008106
312000,396830.16631366574
699000,626957.0001153968
222000,429636.2963021799
192000,141511.5762161088
725000,482906.0986827294
148400,209294.0818442174
650000,849495.5149820764
643750,343824.26654157194
429000,423214.0158234441
759800,349074.6721296835
139000,120030.13723658238
490000,574434.0951776676
210000,220738.2495300561
498720,452501.7583693807
439000,377029.6136865971
442000,427954.0223026109
299900,331565.05743769737
349800,443737.10787442
735000,446520.28254539205
55000,63595.245281610885
259000,470326.91438377375
249570,217376.05879212957
297700,398210.0314227031
720000,511690.50153762987
88000,115624.111888844
126000,161964.52883828557
117000,448657.44293046155
179000,311820.8178030397
519000,395850.3551610386
409000,366620.9781881375
330000,375057.67877913447
425000,202378.77403830065
120000,164185.6064143584
599000,342629.6088623825
1630000,1584492.3203128488
130000,161882.56339904448
260000,161938.80780951784
344000,751682.5804161333
250000,345751.5015805184
89450,114833.78793671232
405000,266337.713535542
310000,299825.264294897
346000,334855.7282468869
284000,342083.6569687238
141750,106624.94799752976
320001,314493.8570137782
226500,279038.7754616495
221500,196283.60240538736
309000,316836.29380647
1495000,1690000.0
169000,332652.5356935396
203000,236106.8391622689
118900,118361.72302495617
280000,291682.4882922361
420000,203060.80613780525
160400,183009.4541938555
210000,210004.1407793518
349000,304728.3405302276
280000,254846.84405168658
435000,465780.32660971145
552700,220741.7169097095
334400,135433.36729975053
158000,158905.00397833422
160000,179182.98924910996
270000,107180.34339900936
265000,219559.90603750185
623000,492708.21716365253
340000,380612.3521601908
179000,118997.75082432605
160500,119758.71140039193
48000,97678.76794776313
149000,116477.63996898477
140000,185788.72713657253
189000,184849.4771026427
259700,224360.79377809342
153700,175928.320712233
159900,217257.5019288227
460000,363168.23596726684
173000,212893.49077293347
223400,216845.90043243425
70000,105430.37499447998
150000,126539.81990032471
250000,298690.3266054022
106000,128232.54491270296
275290,147584.79448703752
169900,169036.59777253665
120000,79405.26888478672
375000,699896.9202818271
229000,232636.68754912083
331450,415301.7036591187
115990,230222.67324094367
682500,428400.5553716009
250000,206642.79292868098
280000,274539.32401597424
742000,869912.6563070696
485000,491462.5660325472
469000,475603.03556964715
146000,250620.887270697
380000,298325.7522794371
232000,146629.21446193068
321775,303600.37534349336
227000,318251.1847141999
384000,362689.09261117177
278000,224392.64074291362
330000,315239.564553444
133000,224237.36113379913
547000,601378.9492920599
116000,87519.25049323031
352000,324205.4509235694
146490,158718.92633273016
362000,185257.78060246294
139100,113586.60684607101
382000,349526.4422253365
189000,175367.67151718316
159000,237319.7394391059
499000,800031.1669407217
495000,347544.27264684904
565000,492795.5271617328
174000,134220.82890514738
472900,389195.4458194824
224000,338271.41429668997
212869,266056.7874979794
193000,231506.6616335641
220000,262036.70789844004
315000,244672.93931326867
590000,521028.070318934
352000,325266.18677208805
1330000,1095973.9711093751
194000,156191.33380544692
127000,179340.11413772733
107500,86396.37142533323
588000,568951.9493357025
332000,307544.1047506529
120000,162447.7994638141
239000,339168.84815740207
270500,259110.89751684896
359000,353759.94512385223
1390000,1156933.6340982667
1141400,592323.658261385
305000,308183.5500910992
99500,229402.47834305433
218500,167768.37144120646
890000,581854.7882530798
230000,138176.945165644
645000,563070.4243728331
150700,292564.0765183828
125000,70280.15765021188
462000,506355.19642935524
377000,427271.5391649983
249600,196600.52119914631
159000,182579.9797151886
235000,183990.97553977484
138000,162844.78702808244
220000,198656.10706434568
265000,247108.8366520153
265000,395628.0713954868
1199000,1006226.5789125796
399000,361790.7752228218
96750,124328.11425980853
112590,202949.1790889565
137000,240860.39499411397
194000,264871.58412094443
282000,364440.0830509426
192000,301673.80547052156
495000,249023.4379767078
330000,188613.50686457957
599000,624836.1871461803
378000,326603.0859558272
65000,95945.197654781
238500,245881.1031498611
129990,127268.95716179213
197000,157226.9471857601
329175,281817.0616526106
75000,130931.76824639301
458000,395212.31650586455
199000,197084.90125312292
620000,609824.1439828885
240000,355316.83463201066
95000,98639.2557392888
440000,336819.48723855213
472000,377518.73412685556
255800,195530.73518325947
99919,60624.613801068524
270000,281081.5568398762
355300,594182.2376594334
179000,244554.7026172412
317000,215494.784197117
240500,412464.84020665043
415000,655062.7692709134
588000,656862.6689527233
425000,201483.6302332392
515000,440930.93256408704
267000,224589.6398589675
749000,619477.5543413172
206140,157312.02314154213
367500,196731.2440980386
169500,172127.00597073045
680000,1149591.0443146518
282000,362332.39403015823
237300,210443.66401753676
279900,270003.02644967096
370000,315714.9245128478
152000,150922.6847686324
69500,70892.03220132888
242200,186133.2968359891
157000,197471.21860257917
1190000,1099933.845433858
339000,307119.1831361959
197900,221935.02683270688
1190000,910629.1152792971
479000,517110.0928837027
55000,54005.60829389096
349000,411558.6925301071
102460,95063.01646854087
53000,77253.42659536267
170000,231532.9368738801
340000,435091.12554777565
229000,152961.8534829797
419689,319051.4675495759
285000,472778.2784318484
335000,258655.9885124429
262352,171543.08396564447
280000,301199.3070982402
565000,479325.4127455352
136200,73810.79204211103
749000,1005959.937157979
399000,347363.7550335625
679800,607013.864823647
244000,284191.18721298897
520000,280764.0675142547
71000,146333.40152509673
437000,489271.04631249653
599000,391927.9160478694
120000,165971.16083414966
645000,759481.4823859732
132000,116388.07375634558
1000000,442912.8831977508
145000,130621.96734699137
794000,779967.8063236802
178500,164334.63177857228
1236000,412624.3490401803
1139000,966538.6636994056
65500,109246.69516140046
170000,215956.3007036132
360000,242192.74338386214
315000,217655.16751517612
314000,505339.3730735645
185000,190579.05540453558
154000,123228.12760056405
682500,271571.3212531442
235000,245142.46200362372
303000,242349.58207665803
316000,265555.6661448469
25000,76611.61584140752
249000,144945.45447125737
130000,133644.42853275745
291000,443370.47196733294
610000,579121.7191640513
229000,229823.06908264113
528000,121584.54264011796
223000,173588.73533223505
415000,408832.9684622283
744000,731298.3569698124
380000,606833.4364545714
139750,126120.12793167762
117000,137663.3361159181
188000,307698.2671846857
660000,473256.95617299166
217000,294539.38983278774
343400,327936.96230828634
350000,440132.0936982561
235000,147029.4353031756
416000,272673.9692407505
1525000,1187378.6226402137
210000,234653.86041106723
498000,284657.556689102
230000,157914.10753884492
290000,497763.5886599883
220000,213135.17413014817
690000,930541.1216152866
184975,331562.5503232942
770000,613834.5850010047
132500,225199.61105932624
85000,133726.92378853366
132000,265254.1651902956
450000,408840.5568429268
79000,189975.7089076004
140000,216317.82154224807
189000,149366.2833030242
699000,545032.5961606755
470000,354046.46303161024
363000,267709.5581237246
227900,208677.51297736654
366000,922334.3565332438
420000,374428.3622273936
391229,538944.3709552737
390000,304750.1463213193
149800,110506.8252713557
220000,141188.89904648435
192800,180136.18309819666
273400,257623.34763426098
239000,276733.4352043195
249700,400951.22784588055
580000,509055.2741587119
484000,271618.22482803353
180000,167066.35084468435
74500,147681.8140872122
420000,337964.50020612567
89900,120775.39770991504
156900,160114.43513973165
675000,292250.3384701142
275700,141728.79617657076
1190000,932770.4292240483
249000,255631.71611130002
89000,108757.45852466665
216000,340753.7527043698
159000,141707.320601432
129000,166722.07493253995
495000,311753.3298001065
275000,173266.4856682477
340000,394407.4805930096
315000,333522.87234294444
275000,314240.7297048101
229000,297663.7146377493
394000,478505.5417356778
819000,459012.2806634342
167200,257206.10354436046
380000,305070.5642686974
392200,204697.00842123982
1680000,1690000.0
485000,426200.06524772476
170000,279172.16441034136
210000,205867.31910313235
235000,504655.9911140763
299000,283084.0732897102
110000,151941.05291555246
376500,443746.46081861225
68000,97883.70176119237
420000,455794.0314067807
385000,288071.7191262772
449350,395151.6502177423
212000,139979.9391399221
600780,321286.7317810129
336500,377401.93358485104
232500,210873.20426442288
213000,220196.80133465532
186000,185864.53080398252
159499,162915.88930135488
116000,117718.29997160485
222000,236264.15746674952
269000,275623.659513695
184000,146772.20752382907
119000,136302.0691892173
252000,222775.44372568556
181900,164402.9737228127
189000,206227.7412208627
143500,179609.21310265537
399000,328168.90447761904
256280,341952.0582190268
232000,217442.1807175248
220000,243022.9465344696
99500,93886.65729801531
213200,188613.10479618778
56000,112470.98084253063
590000,439065.7010774812
156500,158998.9926711471
308000,294744.9743970097
110000,218354.87013487212
200000,196974.62808542015
163000,166243.531418638
1050000,433049.30593090196
213200,236700.76103490806
294000,265569.40961175814
320819,256229.75553475853
316900,390998.50724721415
218500,98380.83113911591
445000,526149.425412206
309900,361615.49452837964
373000,345922.23598945054
544000,582788.5339857426
265000,208264.15010495594
362000,349177.04373121617
379000,271315.47963859147
385000,315451.36392851715
859000,1087622.5499983642
214000,253145.63681749834
313900,397617.9366984512
645000,624858.9329485567
178000,196937.5832210755
323000,178925.17536677138
998000,952559.1371500725
728000,408422.1949210741
251895,222782.7569817724
380000,340402.195693232
1592000,810374.5623751614
191000,235922.9959329606
199571,170517.53622014314
430000,559622.536209584
141500,152303.59987695963
127000,128394.84220902006
335874,419198.76632730634
430000,547226.8294816669
220000,125730.93139927638
173250,132517.19599395315
199000,154643.97348316872
182796,162603.19476785292
238000,187363.87570531713
111800,109905.88094600917
530000,355715.3313853994
115206,64977.765548653304
320000,101551.11228924974
415000,196533.820988342
141700,193074.53847160694
189000,273040.26247590635
315000,419996.5720769139
155000,255019.93426517973
285000,261095.62381608968
300000,325158.7254648792
163000,145346.81599033892
299000,325660.6692142927
174735,243898.6071368898
216000,286188.9114714632
287000,230150.8544091468
599000,259177.8701690146
664500,424785.69206892775
740000,980786.0687136631
277500,625212.1442162229
171000,199207.90849195386
364000,389121.0436309304
352000,336092.19847133075
153000,223685.31504472386
383000,314474.7410001104
146990,158460.10218145812
63000,139098.6050633552
440000,255529.224282734
390000,419458.260949334
159000,119561.06720099843
399000,332441.32669867127
483000,527136.0505335984
310000,293036.80697147286
166000,234846.65175895937
495000,509880.7116913244
159800,241613.45686119585
233000,416684.1994874063
115000,122379.22591088148
679000,737498.5991925636
365000,271522.47974867787
845000,365838.4753378421
136500,159074.83325385232
171200,207930.39388899034
125000,246856.4910204894
174000,272995.68768432795
90000,95585.99797837056
514000,637295.7135456788
500000,640462.219873515
336000,345036.4417907787
177799,235723.92309120676
790000,842298.3854977094
275000,212228.91114019454
261000,409371.38567446516
255000,326475.4994200104
504000,632911.1717639397
450000,319896.6134217924
150000,162233.47677224234
167500,198460.11005377755
1600000,710087.1654546682
137000,100581.57978605038
425000,311526.2770808804
148000,93076.26690066842
213000,284740.7746638385
249000,240602.95630124467
139000,114360.44748293963
133750,122929.81082130177
248000,430479.3267069902
208100,208928.28319849988
890000,482379.21958209504
178000,216293.24091371638
159760,198187.90911702334
990000,456411.643687834
313500,581375.2819304147
400000,331944.3684044185
999100,1231247.1076746376
259000,359778.29586927174
168500,171709.84937111955
335000,386116.6640400219
160500,106803.58237479888
1250000,821427.0814613366
409500,357536.12484672567
149250,75588.83467299584
133500,254746.3349837221
180000,216803.590843041
198000,138768.86033313564
116500,108436.36822510285
449000,515139.6768246194
167000,118703.42962680932
162000,155006.02364717567
168000,182840.26385186712
136590,136236.62683835605
466000,351987.80350533297
158000,161155.5068617001
623000,667704.5889996013
720000,481897.9982805398
305000,267898.35021115653
154425,148781.79518679547
234000,375235.85596542555
215000,107448.63509973571
49900,37651.795676204056
629000,526938.0840347513
740000,849946.367283937
574000,243640.2961880466
183000,142068.54702543712
203000,177670.98124092777
1210000,724149.9477891593
279900,219620.9946362212
320000,442653.6615789089
203000,240888.13572511714
356000,237340.3903109013
320000,177867.93199244933
82000,188626.5079713897
320000,244304.52920273456
209000,260202.38453390915
396522,422756.7042625847
295000,391431.9547207377
290000,313043.8949671563
208000,168114.2553449072
225000,317071.368598586
344000,235933.05414816085
69990,96774.58985891487
169000,145884.30451066574
279000,368254.5160370854
172000,158675.4008817682
158000,221517.41380044026
345000,346443.00484347896
199800,208305.07605855103
172000,324837.95455730153
199000,176228.64892257308
195000,193632.55601514064
698500,562768.3986987938
160500,98462.3125305083
750000,523521.28382397746
177000,101485.0122939266
1650000,685626.4201289531
115000,229892.42303505313
237000,288186.44191289885
540560,534456.6951648945
350000,232255.16869961843
379800,245217.6781346802
975000,672084.109972006
326000,350921.06201369804
178500,199500.9127876186
386000,295527.3177774856
110000,201312.2455541891
488000,584103.1082292496
70000,135678.1910748019
152250,134711.18686490465
71500,97135.59429534012
160500,292425.51726355066
98000,120073.45912722904
219000,127636.56040354639
1036000,1270696.6775352655
414000,490230.1903436557
155000,121662.14953385615
315000,347551.45135682623
71500,77930.40730149827
247000,186156.5391997742
342000,269203.07154214504
245000,110491.02714546162
139000,109134.0155527362
248000,130532.84870647837
201400,197799.7521800597
284850,300200.0785244414
248500,243853.52629817155
196800,233263.40726318932
90000,79802.7986612482
330000,258520.80660777463
630000,707862.1547855423
840000,731651.1178776303
525000,450122.59754195885
86000,125339.35785882808
215000,430036.17541189736
257000,179971.63423457995
143000,242671.8266608895
668000,387933.47031304706
290000,335536.67197765945
181000,384518.412836889
185000,275376.5463616179
90000,146731.03773879673
1050000,703574.7978509283
940000,383746.0339177329
367500,490887.81948873773
232000,201895.09812386302
150000,244824.63930166225
699000,303412.8365000006
179000,138515.19467524174
730000,628787.9983061289
460000,400546.57256574504
520000,653465.0669794161
103000,115669.69525619145
227500,269742.4111111274
87000,199742.7491232056
139000,192660.42797796
306000,274185.93765150686
314000,278260.9106276231
290000,236938.82018089146
169500,157633.20698237466
202000,170405.4920402355
137000,125157.67765561733
419000,402492.56315599417
424300,402863.14491185755
398000,245754.47247802498
467000,337084.0986270217
386900,296437.7631097017
268928,142231.12986151033
213500,264341.8037384562
130000,168594.25958055328
487100,413148.09388240136
32000,43831.92681609019
287000,199071.87064604694
393900,478646.41612992185
59950,56875.56073626062
630000,527871.0707980073
88000,170614.89543242278
262000,366593.75452907645
283000,226420.63251586223
110990,120522.84130700675
198252,166683.61082943084
457500,584423.1254611393
364000,285442.137677556
240000,166492.37193317714
199000,167659.72327647347
192000,213116.2483160099
760000,708048.6335882073
790400,374940.1127757725
115000,151475.614222232
186000,90864.25892884225
119000,224358.307836704
820000,336343.65714791307
570000,585729.6075981657
160000,179259.36301035286
249755,265082.9384644845
1198000,1027806.4723763459
299000,363612.33780831087
378000,553972.4866828502
249000,240805.29614745203
235000,292588.2394215321
410571,502821.64656627114
225320,194162.3262672964
890000,959628.18988408
424000,330934.3128088748
96000,114087.76770109063
400000,225721.40010736653
256000,250639.15532404132
396000,166110.59789730457
70000,137203.92004671993
355000,425223.97049257293
208000,199338.58792481426
525000,370917.05031992967
240000,183499.32858736184
679800,283576.6526266987
160000,168792.01812008588
238970,239546.4306478719
529000,570267.4945014031
144400,89077.26969863565
315000,214766.60280309254
103000,161399.73028247146
164000,191208.17864758623
449000,357454.8586992325
315000,370853.29420021735
199000,205974.39086842438
64500,192141.9506606548
160000,179030.46922042005
985000,700329.685770633
215000,147241.3678986056
229000,270736.83041290636
175000,204326.8755146269
330000,357293.0635841717
566800,576828.7477566643
168000,170393.13378766915
282500,543521.4936420115
145500,198240.6695091244
124500,227462.08013873178
110000,230913.76794974547
149000,131447.14055192875
960000,625049.516424958
89000,143302.1546571212
640000,924290.575681216
178000,197942.6836811972
550000,595942.9826892517
298000,318971.3212085092
138000,128583.00610391867
245000,255873.5847384464
320000,383004.80813695194
225750,249767.85774801462
850000,1099324.000902482
1175000,838640.1306577709
146200,132678.99289503723
249000,254076.208279816
295000,324766.1324093406
139500,144226.67002720476
128000,151336.81456767902
159000,125473.2084947465
72150,209985.68740296652
255000,321442.52586607786
299000,419375.577993029
229000,116161.50788235472
221000,120185.7389994796
585000,564430.800952968
189000,189266.84109592097
104860,73279.07786908204
999000,999122.8205354295
172500,242213.8068429844
96000,73436.12436879834
1070000,950813.0911199634
335000,245504.42794740212
72000,133455.57607857345
185000,226342.91427194639
150000,176103.93999680754
365000,373720.9131118572
149000,236912.74241958297
147000,154177.5411800247
633000,457937.00340439175
380000,337438.3891769369
263000,126882.0789443121
350000,308652.3715184454
199000,116255.20824264635
702000,500630.2273928349
464000,412245.7201022413
305000,213913.0185074075
149800,141291.97761727477
305000,250682.97741559523
86000,115965.46227882749
1048000,919334.92128214
212000,334262.65310444304
344000,272542.78286216845
339830,275498.4041937908
49500,70073.64638317177
699000,751970.4655989765
49500,57853.271801482486
356000,397765.6193391944
204000,273779.24367995874
304000,212118.8497115237
240000,267872.6195397222
682000,630677.4026047565
492000,319020.6219962749
56000,56666.46550425008
741000,575463.2672634722
614000,529633.5004861925
929000,339806.0669308393
410000,207112.05174451755
215000,202872.51910936632
550000,262335.12804604974
420000,426242.7290664899
243000,274330.0115563352
199500,95764.420634707
158000,178399.6605422817
279000,190795.4862258075
235000,240238.94138296082
367000,311357.79124383413
261000,179280.6961708349
199000,253115.6036345006
410000,493850.06336329435
268000,214483.83057958676
380000,291204.87555189803
348150,255879.6311253569
108000,148604.76958963773
135000,130820.35348918119
555000,697373.4467427176
59000,598327.3729910358
128400,139378.92965480583
485000,209426.09165856018
553850,504088.39064363705
168000,138240.1985472952
209000,203100.3523958967
217000,180467.781831237
92000,168331.47070666042
435000,369234.2447094143
279000,285292.957500072
389000,282834.87483891036
110000,95858.29241313295
230370,265679.136947231
220000,223393.07586983533
99510,97769.7156462329
378000,491530.13029963215
707200,760914.8287812365
383000,363250.80705791054
314000,217234.33696074501
267000,236916.4802151201
168400,284967.43861569645
585000,324234.8866328323
219000,205861.2691198643
388000,426800.2229232893
1400000,1364916.6767353143
65000,105054.77757216315
187000,207444.0112042379
207500,197184.37284019528
74000,222486.22194115535
199000,227876.82646438974
395000,301872.1814776766
147900,96376.8094558832
294000,289200.3050870045
187250,209238.23267467268
119000,193796.35578671476
575000,511623.3438347766
159000,173689.92916646512
406175,310664.96666388336
105840,339622.53982352547
139000,126607.24027647235
235000,256383.8434835655
239000,191205.3362323921
218000,242295.7126316902
235000,189833.33279248702
510000,392988.7551276008
84000,133768.46114019045
185000,179329.6115251547
388000,355571.1210530241
368000,388489.11150350154
143990,263170.511916463
799000,681643.3036191964
472500,330875.02564300766
687000,552771.3457874695
219000,397622.8949379946
272500,209392.38431802028
334000,435242.7698691025
510000,414973.4966452536
230000,205005.65552780047
210000,167455.70245406908
1170000,512683.75847806496
215000,113463.30270054376
560000,446907.2788453846
319000,309153.52252276096
250000,179832.44756473112
285000,230285.3011329174
410000,585674.1462079332
175000,191374.75410464572
394900,635279.525306905
300000,317036.1572831435
127800,108373.75861044816
220000,275175.12181707565
450000,610965.903877336
179000,159117.20303382337
834000,739519.4811144577
1134000,464987.7343753751
254400,341204.47612981
52000,62158.421032927574
607000,593345.0674192375
66000,123517.16999756242
144000,195995.32354378674
82500,384902.9668432507
367500,157851.27546075048
166720,97128.29529981075
114000,85161.74278839276
359000,339721.9307714471
1129000,974532.5933100831
148600,76299.46717574396
130000,132479.2747431811
45000,189428.66309355994
470000,525123.7777219361
234800,153845.28627881058
265000,328959.8696114935
1627000,1690000.0
123500,209009.30707275675
174000,83391.27140109039
670000,499330.8389758165
355000,358474.3968086424
136500,119387.78514486557
230000,213253.25541183742
950000,1104418.6735604096
235000,160466.37871955783
735000,276248.0002848286
399000,436663.38164052326
295000,302298.3500816378
325000,314830.7637557248
255000,345829.7623498544
224000,234809.4096443245
183750,223985.87976196097
285000,321845.9996894685
401000,491949.9620425538
267267,281980.6076039607
330000,267256.20456902793
195900,227016.17116146674
44500,139300.20324076
160000,236078.631836982
190000,213370.47130444812
72000,79636.14023659324
515000,515872.64638157387
226800,423908.1277574729
219000,504873.662923045
260000,120429.13007545663
698000,216126.81472197408
299000,373306.9812487078
375000,373906.94116451446
71000,92966.29130750791
330000,393733.7000971692
251000,275686.9449308717
639600,751008.4078369687
229000,168827.51120668036
995000,791194.9577714796
728000,781859.3885212337
198955,234138.74889324664
792000,823246.6083801374
375000,353152.77184345166
220000,359106.8901031009
65000,113471.4747142444
197500,157463.296760311
1315000,640623.05156331
240000,252517.134514762
549000,384161.02129257965
108500,118264.90646287071
95000,148593.4680752969
223000,239191.79472009552
498883,562545.4148021234
442000,262532.84750765667
1095000,899414.2166361948
194000,121308.06581921925
170500,269146.8506246115
400000,226459.01528626558
66000,45636.52923761447
197000,259348.0180936108
348500,287758.5213371048
186000,162972.23604737304
138000,137389.49554885746
143500,120663.59046065754
235000,382855.35335335595
156500,156079.44422010318
199000,142911.84708978122
459000,454732.08913202916
538000,495516.0186633411
136500,187631.81432725707
129990,212545.82865882578
401000,404388.7522677904
338000,311715.2638772378
676176,328693.3445157634
1198000,1035261.8007748559
57000,67605.17952176546
105000,110128.69627264663
494000,456881.22458653327
710000,563575.6699979197
265000,260229.38626779412
347052,350838.3946195619
321000,308719.94451699307
433000,265310.86376411945
96360,125537.28641768766
242000,235342.09058072095
548500,854038.4506587624
510000,383246.8608770984
1150000,1109541.9097344845
160500,293516.629579323
514000,632787.0530406707
259000,182760.1045386509
255000,295151.7415764577
298000,254556.76069849724
349000,347520.4176808042
340000,388905.4563853545
349000,463801.40960271424
79000,130282.01255418974
662000,628947.0752135672
459000,597507.53875078
350000,129585.57705412924
830000,745426.2582220769
290000,362679.60130347376
146000,104681.55699999451
75990,96058.91828862422
96500,133998.99817010335
136000,98787.45162226992
168000,294886.498562966
278000,205038.60660218404
169000,291174.71922414337
68000,205305.48703249783
350000,343411.1078621697
338000,315033.0345934138
157000,145327.58802896985
218000,263693.4770114777
913000,951687.0748596028
386250,485914.04985274153
78500,127676.7931196779
175000,205737.31262001226
96000,128496.2911180105
50000,75189.87461629744
997500,897446.5437167329
95000,300583.9344908308
459000,423248.53653427656
147000,151881.85178928438
430000,318597.5416595231
208000,350380.3051489505
215000,108263.72365316092
160000,246722.59844302884
174000,138443.59205597176
309000,374524.46311648557
270000,284193.9920110966
336000,186760.390506766
462000,364816.73438279174
199900,223381.50117234676
938000,375187.1835182066
682500,374136.4154824623
649000,418526.6125155197
650000,899799.3331740886
290000,249196.90137560116
152000,134535.82208287864
80000,107655.75672126762
338000,343584.6117365774
147000,185325.85024394485
376000,322702.9102506748
369000,319209.7048417179
595000,308334.1564734505
199900,163556.41680204228
431500,387629.7349804325
599000,323365.35210250155
1140000,618638.1007884743
443000,526183.9388077636
279000,301310.2258839388
265000,271011.231259507
245500,220546.47681343995
349900,427019.3005853844
449500,552072.6028068103
360000,254727.246549028
430000,392317.19142642245
178000,226857.9781275961
228000,276137.8252485358
55000,159405.79186702028
208000,222355.9398712297
275000,230578.10320939939
757000,965284.3648668664
634400,576148.5827853957
599000,413687.49903546105
137500,216452.1264743489
440000,389143.8708467281
625000,627533.5252963552
210000,195920.90085891966
339000,396674.6600492851
135000,112293.17973258691
92000,88625.64028934643
172000,325165.08363248967
146000,75154.97437506118
1230000,1389729.1664356538
69000,83756.48611363466
1110000,1231609.010794871
96400,173872.73689070286
292000,248148.5145482998
144000,192248.31693912073
408000,292404.9848349762
990000,754925.6604343381
908000,610344.2283993821
524000,759465.3054200166
370000,203995.64791164044
215000,207723.36113064585
399000,423381.69102651253
350000,511735.8309769789
359000,619721.7157711727
109000,169295.85816587353
228000,238381.6709410492
472172,247144.11471645135
449000,467954.9163169426
175000,136618.03658471594
86000,183807.01911377377
276000,322792.0620984724
245000,291550.5225921023
199000,177609.38529992828
71000,149015.91036607922
470000,407205.4372678158
379000,376102.29996557266
159500,137754.28624934275
1082000,951280.9683135765
157500,237330.15212372335
384000,456205.97561969137
700000,660853.2434262452
419000,544725.2488167243
299000,417092.20208272437
318000,252897.66402757328
165000,179690.65430342592
490000,443946.35556943
288000,328210.10435264354
169990,259964.6351415113
299000,509650.92783161165
600000,546850.6120533635
270000,311470.04058151186
207601,271962.9354949596
162000,120606.99469552036
490000,399825.1743643401
230000,261648.79655193537
380000,417035.8828881114
1635000,607833.6346163137
199990,187679.89427706032
246800,178950.51686847984
1080000,684667.5262312726
455000,385747.2360959189
327000,253192.6690532692
231000,190900.22621784074
121000,117171.88565598473
184000,211503.66764444872
56000,71559.76517467864
1150000,936983.3059533896
699000,556772.5426965561
304500,139122.88891335155
339900,452675.64211035735
242000,261316.56244451395
410000,343613.4128330143
565110,509025.35078458313
360000,308748.28485346696
144000,118141.93007088057
139000,95513.22494918678
183000,231559.6088150852
270000,304604.4338968913
149000,96996.30318098614
262500,286027.5323345708
181000,235553.52052300898
454000,296214.2006870387
292000,309664.3065286165
436000,445402.1220762832
152500,179473.85300046767
177500,145222.22211520516
188000,98908.10752128085
266500,280828.30996722437
465000,485651.3246351186
159000,325207.0332698053
280900,412171.07591418497
407000,307253.9165559907
590000,513815.7872666715
267800,387332.5963678848
262000,215545.3018582258
349000,417055.23365670536
1530000,707258.8841819002
449000,487329.2468422238
735000,771199.1922152325
149500,127555.4658839177
179000,183147.36454329858
139750,108791.09889567674
600000,417393.02476133936
274000,285839.974161862
275600,230862.49464416492
416000,402999.03895719734
720000,963261.2340748492
155000,184579.21745808623
795500,423208.28464563383
105000,144574.66877322877
235000,176095.94840618665
149000,177158.3250171158
365000,363850.9789252794
828000,305945.8619897486
297000,167598.9946938017
45000,79045.2519163211
990000,620213.470840627
717600,663188.1391888101
220900,237265.6032512571
141000,229849.57419621578
94000,98018.58276530461
749000,565274.5926635794
280000,313037.3728575538
196230,347545.75129491935
645900,657031.7848270065
320000,350328.1732721018
138000,239773.56988044654
250000,255050.36836505553
268500,270735.11929299956
382000,302716.06130425725
249900,197669.45622897244
649000,741577.1534977019
418000,390748.50353317586
228000,177106.20554200423
563000,563092.919731454
279900,319381.3741637543
118800,101260.93578896899
60000,191289.78707485748
322400,273397.27946843044
209200,182547.2189577703
180000,204810.61626859978
249000,263583.91827600845
289500,395971.7852702111
229000,207955.0271130554
600780,309876.62827105226
90000,80910.64262709502
184000,229937.36254204338
315000,493403.0889406702
525000,742827.9312090648
90000,127278.30149791995
166000,217269.46658623908
706000,317754.93761563004
109000,106769.58654255614
138000,122980.7821853606
109900,239576.9290477824
1145800,471948.7807346268
490000,486325.23338427715
245000,203008.03238547916
218400,251630.79505724052
355000,415967.8979253133
550000,536388.5076382073
213000,201750.89035969804
349000,350164.8480564511
277000,434050.22120112716
359000,182300.89383751107
385000,343964.09078013
600000,590352.1160535524
242000,339201.5097603567
278250,253374.22592283995
180500,124704.65923494447
790000,926123.9261332102
115000,144350.60200061795
150000,146266.58290446992
114500,129858.81489803358
997000,709267.9453691656
573000,513539.0308890821
309000,278633.527009528
280000,276041.79170437297
1195000,289345.88668659254
349000,438994.07354439993
229000,195755.21437521648
315000,220726.0374459814
179500,236862.7899096971
279900,312584.70394571614
193000,184721.19725343658
254400,211384.4695699468
138000,192812.87132919018
320000,272477.4859933152
211500,199531.1737768884
129000,218291.88443233463
350000,190481.7048734712
875000,894429.5276368401
169000,146136.78630541373
235000,175645.6716747237
295000,404702.12598839396
225000,237604.3272694708
80500,136677.8047738736
134000,188610.1757506504
429900,354096.5335800565
245000,368068.8070055624
110250,97863.24447616651
315000,561215.6698657296
392200,204362.23981628468
360459,383316.70387151925
159000,160838.0722305431
620000,449410.26078298903
90500,107524.58211172756
565000,670779.5882739909
1600000,1690000.0
127200,131487.26485754212
126000,183286.47683793568
38600,58127.79875000785
54000,176465.12008975583
440000,435431.19379254594
173000,165270.900240292
216000,238047.05842857188
49000,104540.75804646946
615000,412340.4829945815
146000,177550.94222538223
309000,344925.7469389474
292000,242823.10160513254
420000,406963.6826014391
405120,389312.1010228356
89800,150219.84443305837
90000,155343.8855408949
374900,465825.84306349565
245000,168926.65432743382
233500,215317.03386085993
570000,318572.36925529444
298000,288050.66484666726
268750,450187.1727717459
140000,330488.7912639215
739000,932163.5775754111
775000,1094063.349563559
191700,342536.59991248354
169000,136936.73091544793
388000,557917.9653635661
309000,451493.3280285207
128000,187613.31871673092
170000,199473.88929293235
239000,265821.48439216864
155000,225385.33073942037
385000,508261.5271451263
325000,137824.00315025265
331000,459643.0874244127
68000,75782.0940758105
64500,95388.93638469322
525000,446654.85377496015
650000,431684.7106508973
445000,545870.620406632
491000,413829.6229256013
174000,147987.73554316704
651000,623512.7365516316
339000,269662.917540645
75000,124862.29643683856
540000,258938.51645921974
166000,247666.76926453842
392000,297159.28127368196
710000,536253.1760319001
172000,199364.80117177975
238000,215866.5194271191
194000,276195.8842974909
430000,513100.8290643252
115990,107431.9225407277
270000,310757.31985714583
79000,108211.17837172445
582000,850703.64432337
235000,267225.8152588353
404250,408193.4894399429
760000,627496.4327397952
217000,331356.82549474086
299000,299389.272719314
76000,45310.69234249918
355000,369401.6562685169
237000,280771.8801079536
255000,286125.55443099263
262000,178735.5902514233
359000,241410.05368364093
541750,548006.7369002616
259000,191204.39659165093
215000,308362.09357696667
424900,388734.9423263233
198000,328362.3402516426
137000,149702.3121792801
186000,161474.45009666285
117000,120258.19155242715
296800,258921.17809263576
322100,279638.13798414666
895000,400082.80775123567
375000,494683.6375416035
450000,641250.8668759747
410000,510761.6172631695
630000,564392.7956211905
110000,98738.37488475165
192000,282824.7846756813
698000,669528.5297782246
190000,221839.9551359453
229000,360115.10533864936
150000,124874.77804585925
242000,234765.78356018587
145000,199209.78816133074
132990,169788.5470314512
535000,479378.92608361004
1115000,1015322.0864121245
125000,122874.98610032834
1025000,493085.83308553835
459800,496728.2809348145
700000,714752.9380208334
379000,285367.0995911263
47000,82009.24856720862
350000,257003.6305696649
117000,116277.19769759891
229900,264470.08963321924
315000,392635.91662807093
139000,178687.3481702757
143000,246251.36856827926
204890,117643.00790710766
158250,224975.78143617115
474700,292271.58009342797
87000,118074.90408989051
160000,259389.83882978786
313000,318357.2152705927
75000,107587.86184817483
178000,173345.45965075164
262000,1019295.722842045
296000,468730.2091479893
980000,455086.2216561877
423000,333049.13697623706
305000,274592.8438470428
187000,211004.68532947035
263223,287673.54658521584
421500,434052.6677158219
80000,68655.71180482036
263000,263720.03482328047
1120000,912265.8382641075
139900,222102.82370987016
509000,514737.17034261243
86000,100520.29648086289
93990,88971.9869413105
109500,159009.60064474514
562000,475167.48526075546
460000,385112.05229704076
630000,841048.8611547094
69000,123810.36887391802
719000,678082.8470671664
265000,417957.2387627971
181000,158861.47225606366
417000,397299.53930816805
199000,222691.6371978055
185000,145915.24112910285
85000,185287.50296804425
142000,134056.37580568207
705000,671095.0009246818
228975,200642.33508561275
760000,467018.15140132105
188880,203855.5798431937
780000,987496.5245890778
141327,101124.47977429512
322000,385351.1878471144
800000,822441.5787716105
244500,371154.6366264099
699920,306936.1354250956
149800,181462.12459178598
246750,248945.77027587316
133000,111442.61148120358
211850,242443.18925137285
313000,235271.9339151227
245000,167730.63195177302
159900,177193.43674541285
168000,202442.1039570172
435000,498429.65154602664
866000,848736.8988879934
200000,150463.7417385765
179900,95381.90952994098
675000,1073528.8418619176
90800,151385.77296177566
304900,343666.24729156407
590000,447718.9462488629
295000,338158.44391605025
247500,332431.3618090211
199000,287080.35911382333
892500,949258.812827506
309550,195410.59459450515
399900,410699.6777801249
360000,234070.7618127473
270000,206337.38251196005
70416,61136.17447853778
249000,302317.2683560411
179920,193830.34984016756
229500,321542.43087338505
460000,324393.8712350793
231000,244387.05573385762
464200,421361.09657664096
139000,118829.03878178568
514000,452768.84164282546
240000,315736.06990054145
882000,702776.6603853618
99000,87714.95314404894
410000,496816.8249310864
540000,491909.2777909723
240000,132534.45823069185
280000,320095.6326269675
127000,162285.36305347798
106000,85366.49536366503
156000,142628.43324958833
200000,347441.98880986054
167000,184797.5321668877
171200,161859.07861395983
174400,143112.9316259605
360000,237415.14260922684
249900,289205.2999446038
1550000,881928.8120032236
211000,114535.6731060124
291225,157208.45712753336
1475000,667588.4958254669
152500,287205.79124535044
179900,257191.89008110858
121900,109392.77370761655
399000,274108.0055843414
196000,217828.6916672036
159000,141379.28237353804
227000,217627.33488523116
363000,333957.44927957724
510000,343377.114952702
289000,307760.0170893764
164900,171579.5329780497
1110000,579682.6325350706
1140000,1690000.0
345000,379486.2233078625
86000,147775.34164677165
800000,617371.6056476937
455000,285655.409561494
1280000,819292.6120286022
211880,249388.9162770592
148000,205553.62274452718
88000,88480.07075469807
135000,200890.12278505106
194250,314848.2883567009
995000,824468.5237609328
599000,730937.0512186476
400000,317782.6145623582
65000,108420.43034284184
599000,739413.7169545721
395000,357761.4877694503
251000,224566.10975680378
132000,118577.25281067344
160000,209074.3521524587
119000,124409.71840765556
590000,436339.81202497816
95000,122541.60287064593
157990,152169.73355851386
417000,420495.2211348917
511900,432008.6113008666
525000,494590.2420856956
283000,325410.3171938794
269000,306331.6797721464
496500,287175.6385000942
126500,181263.538516385
1639000,846786.3456634313
489250,367576.5528358958
259000,299203.29371248675
389000,516581.606738305
420000,421807.75155271357
789000,717598.0709282135
915000,1280368.626358801
285000,300169.46980339196
44000,91003.49851622287
1139600,1161941.8771931552
285000,405135.93615856237
452000,320021.72451623983
161800,217402.5435317286
156000,271900.2594761779
213000,150725.04637292045
650000,472174.03190551844
278000,252028.75828955253
975000,493610.4342084235
155150,194990.12794049806
214840,198763.34873080035
276500,342218.4824098856
171583,175949.1340427978
136000,226258.09396209716
168000,138855.48859423253
220000,230456.3360016796
289000,241308.16625724506
213000,352119.98575501685
304500,195591.01802797843
289000,202697.43568267088
187000,161429.2659337351
741000,797360.9227340716
477000,593230.3254692414
420000,396778.04035359545
245000,236616.57660678145
828000,648215.1163992847
293000,387373.2051852159
200000,277244.0421477633
81000,297710.7287187033
401000,382755.5076096378
260000,244423.96935034645
338000,416758.9630079848
261800,372787.1660157769
129000,95387.13375419629
342000,384722.45439445495
216000,244280.60919991857
201000,238223.74260108374
169000,156691.18446102767
264500,218429.45731906785
290000,375491.3769316224
876750,307703.832328579
415000,377367.4344124936
129000,124164.88704188651
280000,208464.48451430074
205000,252808.53736760042
290000,359408.94607450604
89500,98867.66683510302
207000,420300.3122751889
645000,284298.41995737504
495000,599216.8888844727
209900,239638.96154767112
287000,254807.8853000033
347800,248685.79616209216
530000,674766.7241339341
177000,157299.68140264478
265000,292110.021642442
71000,67812.11452979539
598000,585767.0382298431
425000,498466.70709895063
655000,448537.8743038436
651000,472998.32164203754
890000,815127.5995362118
127950,181884.81404932713
817000,584309.5353641862
140000,147695.7038437105
138000,100061.22336328797
218000,229281.71842635307
250000,201775.93870143362
289250,236741.15093043406
488000,354294.08225241775
475000,470986.8160631291
357000,269280.62307878246
320000,374337.63463545474
270000,200771.27211942885
129000,111748.0150580321
730000,418337.4333298828
1270000,1271046.904477859
700000,331358.2576119408
140000,209045.7604172919
310000,250692.15894417136
108000,79911.45534267892
277000,314327.76952610177
360000,483477.7835889313
350000,355670.8620795806
339000,431658.2132379263
399500,351091.2525463722
415000,437759.53735583596
455800,481439.05138469615
306800,219826.75172426243
339200,139577.37483791378
1010000,1277837.1228539497
175000,292493.38379996305
687000,808255.2938216663
1340000,1038451.8149660775
188000,156451.89276469854
109000,198792.19950798032
638000,491646.12731936446
189000,154750.27587934156
395000,249963.7462714466
465000,482895.6121406663
244950,295600.719972669
588000,250875.08250936383
173000,305591.03024843696
90100,99779.11330181955
219000,205963.38829275142
90500,101591.15879749834
179500,167636.87694591613
1299000,1471538.193781764
269000,193234.94806860402
225000,212050.20545648117
725000,705947.3046290162
388500,258768.6411647571
239500,215399.249903558
210000,112490.28061576611
421000,389722.0288468946
310000,295449.06569528516
599000,671796.2984149253
390000,335281.39399140695
371500,372150.01425802987
360000,547058.1985515573
256000,453801.90173178096
286000,319866.96323418914
200000,164060.63534232162
229999,278756.6717591165
550000,933003.7531469968
315000,766553.2743314289
135000,222056.0118055491
209000,258313.20694485234
199500,349853.1162711726
239000,378174.71636372147
194000,171019.90650736674
241000,273260.5433664173
299000,347675.7253777588
318000,244722.8887054213
248000,263886.2731835561
209500,166219.16238644265
137800,155175.3564205622
177800,172752.25598729958
85000,106544.9218386757
353600,296373.1941338592
49000,146904.00951518936
388000,191812.06984219502
355000,404980.1077805135
292000,280494.5788643624
195000,157639.12657496394
368421,318013.1911681227
110000,109752.54636399359
228000,247489.44434773602
117600,130820.21672848525
199000,297845.71700905636
720000,495934.4764649986
250000,142174.66954093878
242000,261131.80134698594
169000,255948.95185631132
359000,301444.39111438073
775000,905765.7320875175
605000,481696.0511486461
117000,149390.52640486418
239000,492135.660522788
478400,501369.3105895877
977000,725264.3911345953
166384,199729.23992016958
159000,145073.2117312368
1185000,455709.25647597166
319000,327446.7631548071
210000,237167.28102262705
115000,187420.6707846738
698000,818272.3999955384
161000,274958.6873194517
299000,208416.57727631216
90000,181210.2387851
186000,145485.6273717656
222000,192200.1967122447
263900,252948.15938825317
364000,526721.6199202685
149500,222433.1634958169
257000,239588.73024330445
124900,173907.4557971737
64400,57430.84062723401
110000,146787.2550313246
787500,680917.5350119389
649000,716362.7926250226
365000,339527.13603173
162180,235600.61407790243
880000,776638.0993714869
37000,63714.559104833264
126990,161628.1841321921
212000,250869.28134042653
830000,733295.91721134
269000,271919.89630922844
147000,144207.116214379
299000,298351.0842346468
235000,236777.95680861868
377000,338197.59480741236
288000,339497.81400427106
229000,307967.6293970168
149500,292335.0930987928
229000,139084.15616954394
127400,236887.8853926409
410000,382598.8590338976
220000,132512.47230110952
254500,170760.40295397732
136000,208585.13193978858
305000,230465.3828649603
190000,215821.8636886683
229000,268232.80348107405
229900,255862.15766119224
227900,160501.6842178881
335000,359681.33015178406
116000,90937.6056136314
435000,416579.4361884157
770000,766336.924067564
211500,151732.80698247286
319000,261391.23048933822
169000,225915.4763495746
510000,528686.7973197617
159000,196150.283823938
229000,217559.54302433948
499000,366543.69418199064
400000,352106.8878362055
566000,511174.2303434559
729000,507819.99913528975
1210000,465645.61554815783
118000,350322.683758419
300000,278554.2612218604
1330000,812547.6370820876
1575000,693377.9366851038
120500,190181.82393646202
250000,188408.44386852067
434000,532130.2400860903
1048500,543082.3216357566
275000,216545.57215240956
760000,735922.6253064679
119215,120086.0803115503
339000,260419.14597706342
455000,467081.46087478555
645000,500240.4218790441
377750,311598.0629016432
170000,330252.2132558922
342000,296228.0496363236
454000,288772.665340556
128000,150428.02342493075
385000,325634.2023555221
248354,270949.9847477164
139000,260880.51414022568
1180000,793795.1805980512
255000,318203.7480465839
169900,328654.36648214224
156000,134041.59567411497
348600,365871.62738228653
100390,120501.8703085276
449000,418671.3072654904
134900,105076.4808221221
499000,283611.36995737767
487600,185310.25708058453
49500,173803.26114095227
110000,90439.38505119011
186618,157506.31152949657
455000,479775.9216874784
395000,360115.4104040794
229000,216896.38080775712
166000,172706.52768919064
116600,127562.79777521748
210000,238184.2490737161
338000,226207.62271120495
99000,119180.231006159
341700,392237.82951375516
530000,501890.2239985703
188500,201775.71923352318
345000,221260.1567355556
595000,641772.2337012319
218000,203878.60785421848
77500,174727.27208107707
194000,245521.73553582618
275000,353408.4303688502
28000,63599.316192687744
305000,323916.8144392705
401080,444723.9273209869
129990,105540.24463649241
125000,193278.08670801445
400900,393268.45583559555
485000,403764.05366649135
98000,126942.49489189983
365000,333794.7569939954
324000,349509.3740759236
510000,420606.5960461821
495000,512577.1668699264
243000,274464.48548190563
134500,153267.95658498284
208650,343883.72884095024
105000,89263.1181439502
450000,380915.1374365416
155150,224145.71402100028
264500,229961.47104359377
267500,225258.35169662512
106930,249132.2067348021
225000,278316.107122698
321000,432211.5434684185
235000,227260.18157279995
608000,401133.2436103843
273000,306723.5623628405
269900,386889.78213537997
435000,554600.072639267
1018500,346585.3095276235
235400,200609.23032133066
750000,533909.8080710501
440000,399206.33386196854
463000,379582.6148102056
57000,110686.2691570547
156500,198131.11742347293
898560,571797.0644283119
131950,205635.83757182662
148730,177633.2636206591
299900,271959.8263479495
364000,381665.4766948654
249900,493860.34660058806
85000,85524.4071205783
510000,393106.70705391
325000,251516.89743110348
208000,223375.21084970582
237000,247652.3421810231
322000,509840.469573069
184000,157923.88804982483
213000,268192.0878035106
179000,168796.10452722077
162000,236517.87204826585
940000,1064260.3066177703
590000,435610.5661063909
200000,346902.3515698442
85500,138468.7621156352
206000,183107.99078506004
68000,96580.2752455499
333200,358636.79406218446
298000,255216.86754633553
138000,173485.25139873885
228000,185638.42798092213
353000,333836.05938470137
569000,739666.2998186913
670000,547316.7588505258
249000,246247.0307098705
269900,212446.49546929705
144000,146430.10808039393
428000,463803.8182997309
529000,408114.80840034795
440000,398187.2939259747
171000,230326.91271954597
110500,91161.22494344189
413000,285688.1846815466
213000,302276.02170695394
332000,353330.02854157914
135000,96883.50806230339
414000,344143.3851399477
283000,447107.1018806815
365000,263289.4844326564
179000,182370.0095160944
407000,546123.9706552124
1640000,1389160.7486175266
1455000,1248742.6518292178
273700,320294.20139055897
468000,291829.2393401606
190000,154340.57993881326
205000,229910.1074515095
145000,120552.08329497182
810000,448424.0143432564
999000,772596.2421034727
275000,248527.6661582551
220000,287442.96054343163
739580,346353.8833308261
290000,307339.84908413095
378000,467475.64199589146
275000,306003.5147036383
272000,296596.83224479295
66800,208518.57540583648
441000,322709.6227430427
395000,505249.3769605615
233955,129438.07669247853
105000,205223.76948674483
667000,560944.3852277899
80000,98233.81250896076
379600,257092.61508647332
432990,441579.3376489504
289000,302453.91865103005
163000,236387.84534020984
490000,527823.4168119035
463600,359007.77258945414
127500,74571.77684175684
362900,336435.89211330435
313500,338877.75885351846
1495000,1000093.4513156207
282000,180425.7905550338
217050,264112.41688148386
575000,416899.3090548002
135000,206731.774201014
257000,243411.4848498958
434000,613771.8455381881
233000,257546.82031409707
243000,340367.21542555594
1090000,982320.1220392134
499000,800342.583695713
189000,243541.74455568296
274000,195487.89245823986
125600,126518.27822896544
344000,519171.12277333497
450000,305795.6335271137
171438,250111.63653088736
370000,327316.2745262339
100000,141119.48879786834
129000,140925.44059493992
710000,503667.42545943626
119000,197798.69621574334
655200,936121.0341199723
225000,128061.34308632347
96000,194863.11885732107
151000,209143.25784621463
438960,401538.1991575396
789000,767372.6630561093
273000,497483.9549561565
217980,300511.54194879584
214000,123995.1439536039
335500,136676.38410126837
230000,322914.6660302923
760000,749986.9382487038
246400,169172.43206588455
250560,375656.5490263015
385000,394665.4218629357
238000,203587.95828476106
171200,104111.05987970231
397000,424599.99220595224
435000,377452.8697733406
914000,542028.4597911398
132000,131033.50250567602
363000,340836.4775302271
388500,262088.48322853257
476000,489088.0043678441
1490000,1300870.9502360746
330000,371543.42590889544
740000,379665.53289181273
339000,394967.2618075615
223600,215721.76342245573
122000,172953.92853578535
930000,469440.47916020965
524500,498416.26717113104
198000,187235.94380240873
575000,548731.6762828578
86000,91116.57335998479
245000,243532.84731693545
148000,92957.6770422687
346000,756172.6241328581
210000,168181.71026426984
339000,419937.0169641813
315000,125787.13094383295
363700,372626.96452179976
780000,1046365.1755395585
332000,340404.10287842475
133000,235004.31220080878
74000,202090.97310209196
925000,872212.6630035458
609000,503698.4979006691
450000,473919.6739719771
489000,456182.35943780065
1250000,947099.897363398
370000,354111.0030134131
376900,241340.13833402336
167500,233364.12200151818
95000,70378.77696408195
110000,318557.1546089997
486000,423133.83179579047
925000,880881.6695436947
741000,748832.6754476621
238500,249918.59176444192
199131,235345.95748651825
265000,396491.34571865393
116000,138859.52674263733
585000,480406.35425576475
220000,197218.528183804
283000,262851.2788640783
228360,338811.7543228245
279000,233412.37639237684
240000,453542.6708175412
425900,369834.98430877866
181900,85488.61781365707
900000,1140926.3411206584
197900,317464.99282993446
590000,404600.56755949056
220000,227260.23829456852
295000,336568.0216785097
285000,217587.44595590964
37975,27154.071704764345
335000,365088.99926239444
226000,192772.82661350776
135000,118909.51306907466
179000,162144.35591229334
218000,232455.11996948184
1495000,1502811.373638447
705000,679182.0031890114
76500,79098.95877134003
340500,540120.8803262935
139000,336617.71394124517
695000,865974.9440754497
235000,233572.93572994552
480500,494602.750630055
85500,124841.57105046068
695000,455544.8796614699
372750,300332.45735782915
210000,185742.33077840504
169000,152194.47548188036
37000,97022.61298325927
155150,294805.5696978814
210000,206834.1741829954
654000,1152590.0429080038
581000,496139.2973941806
238375,233898.89181950473
175900,200140.33199182304
610000,344422.3787003534
190000,212145.86335302604
530000,411078.5309923523
240350,297475.4187064701
927000,405595.53865424247
198000,266082.01896640466
690000,575338.9068628887
161000,285549.50583348394
532000,291754.7089024716
567000,384794.003543858
264000,225435.9992392827
150000,162992.86332342893
278000,235429.11721567163
154000,174278.2951102285
369640,345999.0807471216
329000,236290.65210132927
294000,354930.99431189755
262000,334712.84689994174
1500000,742066.4825844844
540000,558341.709867488
348000,303846.1599259729
177650,153240.17394011817
326000,302854.118932548
211000,155390.89611361997
85000,85658.7288668278
185000,231732.7248446078
126000,140296.55389095255
190800,173375.5533344508
462000,548266.956114355
259000,287112.2439274282
495000,699755.0607083273
229000,205320.73163499383
270000,234675.1181828185
114000,129748.93187735145
95400,86858.67441248233
75000,72399.11681910072
49000,116876.7252077279
310000,165113.67328225123
290000,252554.23423650875
342000,414274.4723532846
590000,723005.1526595721
1050000,579124.5437952738
207000,240740.77260592795
153992,304330.03541910724
260000,276238.2947415062
155000,119726.91703681732
150000,199417.7550426869
400000,313346.9806457131
211000,215553.40939374393
183000,189594.92973905726
340000,234022.82274201882
366000,331051.80323621834
490000,399907.6562603183
1400000,1007849.606558343
289000,288658.8669568097
343000,264126.5257235367
228975,197927.94107537033
85000,169066.83432512113
84000,136972.56031926957
495000,651421.0752428895
54200,113496.57183569654
228000,394063.1296383585
127000,158563.49054006787
160500,314915.83706255344
217300,237076.75003707412
750000,400096.5821068803
329000,314989.2184511166
135000,221545.64752798158
1300000,1219526.5262400068
262500,157039.38739665927
499990,573103.1730269056
174000,301325.17903302034
125000,157221.89323905203
186000,144532.98201205768
398000,404149.1253390972
426000,254332.13578269392
133000,85586.0228388056
399000,202547.2536003141
324900,467539.52813170926
550000,238884.88018366738
297000,319783.1765334993
359000,341801.22157042945
370000,274187.0986431603
97000,247249.7705228632
126000,180732.20748127686
364000,196977.30388758212
189900,173728.35353902134
249000,213875.27134981018
371000,543766.598476239
132000,180789.89107531853
228000,152717.3134597016
199500,219679.8488674505
116500,140339.60007269122
243800,215250.40755184714
338600,487164.38824203034
435000,419494.10246079206
1090000,743829.8276383136
85000,82287.603033825
1290000,796339.2345915629
611400,346849.76183066616
319900,243201.9767610982
201000,257509.78775681084
630000,368328.910769726
249120,317574.4951048567
249000,291296.1113931782
298000,225073.48796526252
200000,171863.06741207693
122925,110739.88177434172
214000,158079.62388418053
261000,209575.78436521062
497120,507998.5267529679
410000,569697.000863915
95000,80348.48144142424
242122,357835.73119236005
1190000,1284105.5835170234
360000,407233.93449243373
86000,97245.01759963813
55500,144342.22467582813
850000,399783.0181274115
659000,377240.8670306595
128200,103632.66787987135
254000,224380.00856352903
232400,96316.14398085632
469000,275157.28143842815
190000,210019.00475969084
422000,502925.8295672075
229500,148602.1895775867
320000,316071.69734656136
279575,287359.6466970012
113000,136217.79826172345
160000,227422.351321501
214000,134671.3928996262
195000,320568.27028023906
395000,282648.5002884083
321775,338183.0819626317
585000,305829.476214235
235000,229792.44235302092
75000,105197.04573681974
189000,236654.1502953369
125000,103316.48105112147
232000,179804.24133254876
441000,401814.0457374892
336000,388857.6009553175
298000,207567.0645844509
637000,370010.41397234815
491000,413064.92785822623
241000,131724.4666230874
699000,410025.80441136647
116500,152955.97576477187
312000,250936.1018987242
163000,169749.58889686165
175000,292906.51197159284
1450000,1037277.9311221455
187500,195113.41734396602
107000,211210.03812014844
780000,794778.3523272737
269000,223336.20791241
832000,716008.1147727185
675000,424733.6426911929
494000,442342.98150888627
254000,236118.38351641665
305000,289558.72442553035
317000,234761.02602343608
160000,159872.4579473774
530000,464189.6443315355
221000,236142.6884122946
398000,310790.83086353063
390000,413629.09037335456
147000,242429.88485233983
310000,389807.2531093005
98000,131837.65352614626
189000,253602.3560180577
210000,355562.0594975211
348000,281320.211913065
154600,254624.59497150077
275000,219017.01816603253
419000,372058.82473936956
148000,163512.12400417053
271000,426303.58156585495
740000,694061.2258515069
1200000,993445.651424138
405000,477294.31416476856
199500,453037.2894344526
235000,280113.7314026963
426000,468733.9543238212
432000,358075.66189610487
255000,256025.40182975383
267000,273490.06518128
686400,609581.252849288
330000,236739.23671005393
270000,471048.7267220629
709000,679484.9785536717
209000,390999.3302785207
155000,226423.4371184343
55000,114550.07155221306
220000,245171.5362288297
245575,322497.99961013225
211530,261961.9904983401
400000,532891.764070912
785000,725240.2442608745
447000,730569.9580610415
338000,343607.75406829955
364000,434061.63728466205
315000,194169.93690238587
174500,154563.06523914114
476000,330122.14514864545
231000,195042.84115508394
295000,272156.23654909764
1600000,1213810.26857265
233200,71667.05505670636
261000,183502.39588214183
385000,394167.218275547
126000,211185.7284271654
229490,360642.12846348505
139000,189730.5703846502
92000,98128.84267990927
449000,251433.62413576926
77000,115272.38800231805
190000,301126.32784796547
79500,107486.37786447127
493000,498152.29293578153
1150000,1018530.6431580118
90000,119594.32646467097
247337,255826.6135252683
149200,364260.7673619919
950000,1017348.3937505076
434000,418986.44495806814
136500,216191.59587320688
1100000,614273.1023356946
540000,427664.9443971027
165000,489744.0625360683
181050,144050.0428799417
96000,107414.23494537934
1080000,802600.7950505973
125000,142770.31946609568
163000,227788.0580694947
245000,172133.10485953305
335000,865895.8637023724
262000,362294.4012730258
125000,134662.29550387192
544700,546903.9305678498
416000,247662.24339743552
399000,637899.0545187433
194900,190845.4151781831
1430000,1336583.053096116
196000,224642.39428647913
957000,584661.1334676832
121000,175578.16882080692
49000,78752.23768551297
229000,324152.153773769
287000,259756.3457864052
245000,248742.18002235267
168000,139218.85230483973
178500,356696.93464062316
595000,582883.142024438
329900,273389.2507843469
136000,131018.66763793105
475000,492308.37571839604
85500,114885.57301011789
175000,210918.6266324897
192000,230872.77118507633
502392,954247.476849868
185000,215938.23815857244
110000,171287.4436338459
60000,59273.17409492932
294580,496950.7519842975
360000,381975.6009770603
582000,498307.71105269354
375000,472011.3825660536
475000,560775.6953531048
469000,448949.9902536544
90000,81313.52665331398
320000,233752.1856141138
682500,257272.0019113851
320000,286181.23928753345
598000,470673.3207978538
79500,158399.89204361473
156000,342676.9149311742
671000,714715.5027972708
239000,239689.61208301148
189000,168870.16513310221
495000,465082.7563349071
357900,365095.3451744869
835000,293906.26561888086
227540,302567.85836112045
460000,291392.33071031014
392500,477308.22375632916
285000,400803.056696638
208492,241829.2705808075
239730,316511.9829799961
328000,282544.12552446773
188000,232996.75384333276
249100,193131.76865626598
383500,233573.45031005336
676000,549755.4791831713
272000,301024.21014592104
109061,52024.18904739067
640000,424344.6940989048
140000,79368.14008242356
129000,156455.87695735603
375000,290782.3896893041
795000,629211.8923834681
355000,145994.44408850026
749000,518155.7273926311
189900,256284.81009956423
459000,526377.2451060474
101200,150004.13728122864
204000,276350.7558842359
1065000,622105.9708417681
255000,188668.9451661478
279000,268804.1582690962
106900,59561.43329993743
39990,67435.97180619104
95000,141109.00267842578
225000,438657.8240512117
172000,193944.916987745
259000,342731.0432996858
235000,179394.5698283122
82000,253967.3530765396
138000,101717.1042107848
298000,254340.609843069
190000,213384.76427916976
157180,123423.0371859911
236000,370551.5089083014
625000,696640.1924856576
358000,491033.50370399706
148000,169265.3403915959
78850,95881.03816227899
239000,245182.4733436431
128000,194090.9522859851
350000,256464.3931535614
322900,234046.3537862967
75000,126970.69943742234
364000,328955.755348898
189000,210564.4240775442
168000,118908.40867783253
199280,187416.0972304614
416000,208632.1718284076
146000,169791.97241998996
279000,186179.67965871986
82900,312386.48280783254
157000,347518.3585057874
385000,319194.61030785687
214000,220860.57063336403
92000,147520.3672303067
252000,166468.46581197227
265000,311894.57042754075
469000,368107.6502623242
188000,327244.51609572035
299000,441776.64814766473
155000,114732.59520033315
436425,291511.0735468001
150500,131462.20592293193
249000,413364.8487557017
127000,138064.49372378414
251000,471839.2880127702
250000,426359.599456163
493000,411210.49605210335
95000,130549.62751529911
1195000,987994.4963807542
243500,367049.8033182332
90000,116068.49619142502
1420000,1412253.4117988413
595000,483712.62176003505
573000,512834.8552711957
365000,319070.66467915586
650000,1066120.7885269246
740000,418317.507516175
212500,193957.21531564512
1080000,1033241.6057335435
214800,194033.1815856012
79900,116943.88686899317
120000,98942.59157235033
240500,207734.28248380244
347000,323133.2859733621
167000,245467.0919593082
89500,244058.85820014356
269500,321346.75496307074
155000,166420.19483115818
370000,374471.21718871733
86000,82846.86479496724
655000,446148.1440634302
415800,152629.83819625046
270400,223362.1161608484
115000,73053.72358052236
399000,270778.20719485846
59900,90957.97423046634
298000,223411.32152061243
374000,230726.0734049332
177000,263913.46813858015
194000,505179.7029725981
47000,183101.0644618035
267000,267011.15464193723
220000,215342.49248704468
179000,139762.85822609154
148000,237069.21575921294
580900,531874.9155213666
300000,206045.65923467893
573000,670893.9345096378
125000,232096.41024966055
174000,211026.88347522286
300000,360154.21098871314
263500,288177.90471700166
282000,122739.31220723497
290000,252423.40788566132
759000,1690000.0
526315,249705.7738765031
628800,357731.31936323014
388500,368153.1582377335
499000,518562.88791084255
169000,228334.13934208604
464000,494127.2338572956
288000,260059.95970203532
1095000,1173425.462479275
407000,520202.8288594008
250000,297789.242742661
184000,181639.55247477154
315000,170531.16664319075
157000,108746.08206571991
182500,224850.3093412598
70000,123205.07405792379
599000,553486.379533171
234000,326506.7660707659
257000,193137.97496768946
1579000,521427.0792932399
169000,186748.9558344454
170000,167937.54373546827
152000,123037.75259623489
135000,180959.0065226752
171200,292746.8456803871
144000,241886.83599819816
234000,171847.35449347598
249000,213610.22609240282
554000,616182.3585372969
414000,442213.74771938665
594000,536088.4811579585
264000,240631.26493259924
185000,164634.1315516274
106500,130378.0608561148
92000,147466.08212670698
261000,444611.47063188
525000,733278.5758083138
156000,153138.21215747285
574000,615278.2054723524
510000,659638.8546440883
388000,334890.0160698296
193200,147328.7879331945
200000,98367.39289248349
169000,163896.88672579007
313500,370325.4115749047
299000,510173.59896312136
116000,68722.6794906462
87000,198010.64699355743
542000,399762.39316093473
199000,180215.62352578907
275000,627213.7512528618
195000,180874.58184007474
795000,686514.9903779288
163500,266335.2259455158
145000,112113.40565310192
822000,303563.6483912826
318000,299536.28076539375
363975,168546.5477780675
168000,361131.817461855
202000,233972.2017710207
660000,492110.6574321611
269000,324580.3819241282
700000,666433.7899537487
680000,885950.7530875398
178500,177259.64763134884
165000,134212.60495787472
325000,357406.9398902554
650000,741806.089671219
130000,151088.8799845006
144000,221139.5847702125
229500,341997.8843241595
360000,354868.01010183955
182000,194337.30607061333
215000,265647.3002701272
215000,141548.5167066313
229000,161926.88423761885
467955,341742.48911235365
195000,180273.11991297588
479000,337552.04052616475
370000,368389.25428102637
221000,203467.4551810359
645000,584969.1646529003
245000,240154.10375256345
120000,199672.9008384923
179000,155249.7673428149
280000,249471.28553415023
159000,126081.87039603703
78000,123397.33993809832
890000,922668.8329630096
420000,418790.8896199557
298000,146747.52077079058
209000,147292.54619465146
180000,194119.4403017785
178100,180610.31110476938
267000,229184.55865125466
299000,447099.4079469913
91000,67945.70093960891
291000,331280.9911220337
245000,233407.78310108825
399000,397734.6506753753
46100,117965.61495952096
216000,149684.8978301751
299000,200998.7768068901
186375,144553.358178804
250000,286401.6041871421
178500,147561.27579993207
884000,583461.3767816037
1170000,768581.8348887651
478400,336023.7073529371
499000,376754.7261019494
193000,179540.8345857732
420000,509625.64788055496
535000,381172.337501229
77350,122498.42727873626
795000,442513.10212887474
415000,291670.18375298096
469000,440280.95055846614
65000,95279.74324312227
895000,912828.3866122119
238102,319851.7722875745
726000,1690000.0
195000,189244.3600560484
1248000,468396.0951910801
130000,120069.64982057654
1020000,692297.3661190927
132000,156129.1497577057
729166,337933.3524123389
174076,229371.76427552835
520000,576056.1060962655
346000,458615.81041443587
147200,209950.7028066817
89500,158031.9871974335
190000,160362.98664422412
150000,143028.84878843822
295000,278151.5401434336
362250,276676.3909297616
178000,193625.98224241193
750000,535907.5936940667
196100,312063.5305857218
269000,286624.08951505367
216000,208843.96664983436
160500,206450.5923045309
293000,422459.7971320926
499000,489057.59328281536
372000,285006.5796933589
618000,625625.3015919899
148000,210936.30914135856
699000,880166.120467844
224128,167535.33028775032
137000,211865.89301217278
289900,314928.6250399701
399900,432245.8496004709
127000,106488.91793329771
364000,313072.6232536668
383433,283743.0342066166
226000,185094.88546187847
399500,432603.2938187062
312000,360508.07638317515
149800,201869.92861239784
375000,399794.3646371951
365000,425710.2327412944
77350,60584.85295219081
189000,203817.24168636103
1110000,542166.2228380883
453000,391174.0090283629
145000,101022.4210961379
620000,416809.74684722355
274000,271708.9706905486
237000,305597.2251534666
1380000,989062.2983963286
1262000,1114300.7325385776
170000,210413.20414746064
159000,307810.8411435041
215000,385903.9694322863
743000,406224.6040215658
369000,512713.74433945416
186300,191876.4042708129
297900,210634.80369888543
365000,648197.0716729437
1690000,1533320.8797854015
480000,345464.2423939693
995000,809661.5342822002
390000,314324.535458021
267000,256901.67565370092
97900,130884.28350470676
1272000,1072370.949178494
299990,390914.2787916437
540000,405176.67834892
249000,261528.0446390832
210000,303516.570891531
315000,255288.4989547294
685000,549821.028565987
128900,76396.36606484847
239625,257091.98902659386
261500,344715.1073626737
740000,622653.4381666433
147000,116997.11635006759
65700,106672.91516726841
328000,523327.1573141535
480000,335101.209682475
53500,135821.00654805053
640000,460403.12338352605
475000,377063.1130222997
179000,239087.3512921909
256000,194638.3499177288
358700,551873.6275508959
685000,341042.1882115419
228000,266600.46371770464
250000,206465.0125893015
375000,362624.2036725825
530000,325222.64834375633
235000,190903.32952958622
221490,354467.8871466394
149100,165587.9088355447
925000,402050.4518364139
342000,222144.45891806766
164300,128297.17368761126
449000,483868.00696963357
365000,420271.2369333535
292875,212919.06797657924
149000,162686.2121826148
490000,485784.88926411554
180000,235338.60511976713
542420,702740.4605813192
177000,216345.00005899929
299000,335607.49445033586
420000,521781.6565570663
145000,163026.9727929636
436000,379901.0572641161
135000,131508.63496737528
343200,447101.8707520147
362000,359968.8185652844
260000,301483.1443430236
120000,172542.49797804927
394500,248863.0176613088
104500,95399.14919896366
175000,272864.4706069183
309600,325538.1022450866
103000,120775.11407389308
190800,211710.13594301356
386000,368798.18487952667
590000,482550.54696762323
375000,308494.7456707363
166000,99239.35014891767
165000,169129.5277263286
1250000,1220793.3003457955
230000,296969.84303443064
635000,557725.8680220384
870000,972448.4340895398
85750,159873.40432008347
170000,176846.5429887458
159000,154357.99908917252
715000,368488.4786059003
340000,388308.04887976666
390000,320059.8983510124
532000,477376.4048311588
179000,172221.22193555723
290000,257920.88209000902
300150,282005.6369019185
209000,233075.19077871088
163000,205818.94853558665
182240,335922.91520095686
227000,170464.6331870676
224500,217901.1709548465
545000,237973.89563969988
178000,279515.575155214
397000,297747.49911099987
149000,165845.23462709412
114000,119880.21113735525
330000,443237.0213232357
114500,142850.44364056643
133000,115861.22435865761
188000,155700.9044330464
148400,128120.07348523515
365000,359115.9271375227
151000,159336.69390694055
392000,351310.84777788917
127000,115746.89476370515
1350000,464257.6595571371
78000,136982.10773226235
189000,158527.36860029266
547000,429378.33287933335
172000,203005.0152436177
208650,253046.79678012207
117000,100819.5479450119
302000,286497.8144948487
1090000,441031.4751079793
1090000,769229.9245515048
362075,327020.9122598809
210000,190081.34391531843
233200,364295.61957670114
297000,370746.52234242304
489000,318342.2861737498
779000,577142.1743253868
312000,335072.37935099175
115000,127742.01151201988
397000,524939.6055011499
194250,188513.0952865623
450000,372128.0180114185
283000,337616.71939058165
239000,350202.0290454243
138000,76978.73033398425
305950,159930.58522268268
374500,290546.81791982875
254000,282264.9161558431
240350,112121.86434935544
450000,253999.59652652763
310500,273588.9805786433
199000,330686.39998639893
57500,79770.88882591209
390000,417899.0966830678
149000,206743.55186049722
81000,78542.65473750194
1150000,1092229.3585233085
174700,248739.32460872649
604500,290854.8247255247
286330,243827.9424253914
318000,227639.61351413158
478125,637230.908143883
370000,297115.49192433327
625000,404541.19680675026
177499,331361.71172365424
99500,290012.7414764036
344500,396347.19795253297
265000,364090.64092408755
336000,145464.71524974963
460000,582293.8702305772
189000,165822.4367353486
483400,556661.9997054122
125000,82746.5142374772
588000,719910.8940674699
280200,253145.51886826032
890000,992419.8942351068
152000,236531.94521074253
1317700,1322175.190189654
335000,117301.1011196802
84800,133773.04711121198
54500,215250.56481502764
305000,368292.7599234637
249100,474818.1511626951
291500,264552.82261341845
207000,358324.40998451633
195500,184630.6765485009
129000,287462.319294556
525000,421957.2973806929
530000,337921.0261845433
312500,298142.5188325961
302083,334318.50055628706
340000,281729.2566466598
540000,627772.6242462691
240350,227563.18834210455
995000,1188468.3641120663
190000,169664.02107993877
261000,263445.05339107645
998000,898118.1153555269
429500,323157.5262576724
177000,293150.544274064
178000,478890.4875061256
865000,397752.5367407807
580000,285813.41976139555
209242,258213.25728429068
238000,219156.35589166335
476683,341743.158443704
122000,120845.82665881583
650000,336560.6668680763
254400,356015.6895790922
438000,604386.2371049069
642000,617721.9665021655
259000,225134.38570699285
223000,236829.11397960977
130000,124014.82250180977
194000,233462.84797288378
298000,213029.66290006638
88500,93171.3749550008
121821,55865.22579835188
369000,344792.8372615187
431600,323951.3277664569
620000,558086.3086440398
96300,306311.2443414112
192100,143370.45316631754
636000,890650.5871465728
1174000,857494.174619913
167000,205903.88079544806
245000,243181.13095400197
262000,258558.05685725543
514000,403474.37426963827
139750,179479.2293405589
615000,721811.4351406891
385000,336280.89783934073
1550000,1690000.0
207000,227001.8411164714
202000,222325.94734201292
125000,130774.45574324996
394900,635731.5106506847
349000,256224.0469935008
1190000,1069886.9307150946
294000,609652.5096805928
199900,303347.3291063061
265000,193211.02049888455
142000,283298.80071671784
148500,120905.61052351828
88000,113022.08541703525
274300,165810.7474152868
227000,219270.64773531727
472500,637734.2628596154
484000,556697.0974616607
283500,269118.234916748
614250,465469.68537003873
238500,239849.48067402607
239000,320708.00293884624
179000,102182.28960442958
65000,141549.15763091668
299000,357565.3694234296
894000,849421.3840360804
258000,258436.6490135602
60000,104690.0610973349
100700,168782.76216097444
120000,204613.01814462477
315000,295495.162083483
262000,204089.2129986848
129000,161307.31138012774
172000,107105.74756272271
420000,727246.7163783121
175000,111072.31875611069
149000,258378.581271479
70320,79871.12205895492
190000,178540.67066052067
38990,57221.41572893307
98000,131554.02435362164
349000,319302.21105962835
75960,155040.1449565062
369000,514854.89588278433
437000,687953.1317125844
999500,1012678.6177430317
170000,263092.9545579686
830000,565922.3467854761
295000,284701.2655266172
470000,385263.8214056819
314000,373991.782607959
269000,390118.15526534757
980000,1242323.5182173098
163000,119772.93423002903
498000,164640.1174070151
295000,270662.1855647321
96000,66304.72820977701
305950,344217.6107067596
330000,254104.17132191948
295000,263806.1843362634
298200,328268.9530870704
241000,307456.3907862686
391000,354759.27133300866
1199000,671844.2536432055
199000,212777.53018387733
300000,345404.1000716616
656938,380834.4377634148
1140000,1046592.0864067724
260000,256210.52439623297
555000,403451.7539840515
470000,540377.4386603807
265000,256129.31130049325
458500,289738.81948266004
197500,401991.66485778755
227500,279800.0609135933
659000,719449.4301716227
91300,140929.22251727848
1230000,1372760.305205175
399000,602241.7810192237
544200,813695.877189942
720000,539573.2441899976
249000,188897.52138314943
329000,234650.6839731055
69000,165653.57919934965
206000,169581.24961881328
458000,705115.518693481
229000,272473.7733436488
255000,324274.1553205647
507000,657401.5940231167
399000,403629.489465182
1250000,454029.22965048044
360000,298392.0940844691
348400,560873.4756784234
396500,356895.86741000396
1190000,595213.5625313062
292000,272379.4394299239
125990,85015.4591635966
283000,379503.00632550474
328000,380161.70597686333
84000,76820.61500869434
788880,621624.4866262537
377360,435592.6742755189
138000,174667.32918761627
155990,166537.2778259195
315000,276497.1110128234
650000,338307.2426057966
380000,486184.8907294744
298000,222485.7624779611
124500,227385.02493152852
749000,1006118.6776636812
205000,327403.2004735864
40000,81720.65128375622
351450,318212.96441297437
650000,389695.99784105684
61000,106876.44739423532
535000,568715.6257325927
794000,447490.40023058857
383000,335105.2139534805
134160,175445.774900684
608000,594753.2688167321
540000,478950.54536707856
440000,439369.94994723523
120000,220753.63374529933
216000,290063.9051822885
64800,60948.550359597495
1195000,672770.1439838292
580000,742747.3284665146
1100000,1307917.7479212468
456000,395328.8769317207
135000,169357.76102402352
242000,251236.89762913348
218400,270420.0149783191
343000,283248.9013331397
1485000,1143321.3842291576
417000,325666.4156651578
149800,111488.55282384402
214000,264770.225031538
415000,390091.59501414496
187500,194909.83662888163
313000,299625.46587353235
330150,477076.4132441202
1175000,711493.741577924
576800,617716.4468803379
625000,754179.8449159756
795000,688947.0517755212
198000,127223.16816719626
