y_real,y_pred_orig,y_pred_clean,residuo_orig,residuo_clean
99000.00000000004,448284.75271435454,417801.8186308005,-349284.7527143545,-318801.81863080047
509999.9999999998,259325.17540551233,275395.429919599,250674.8245944875,234604.57008040085
315000.0000000002,307857.36588480667,313439.3995875263,7142.634115193505,1560.6004124738974
270000.00000000006,357914.5077147312,366832.2495342018,-87914.50771473115,-96832.24953420175
280000.0,273785.0226107138,276966.57292986504,6214.977389286214,3033.4270701349596
328400.0,238569.84396056147,236192.52583753498,89830.15603943853,92207.47416246502
58999.99999999997,130275.84729693773,127069.63401901296,-71275.84729693776,-68069.63401901298
159999.99999999997,197137.01067584511,200136.75258491124,-37137.010675845144,-40136.75258491127
344999.9999999997,288018.8364478782,299814.02083731646,56981.16355212149,45185.979162683245
299250.00000000023,192289.29235837937,188063.9044287493,106960.70764162086,111186.09557125095
229000.00000000006,205423.5422226925,204613.1068034267,23576.457777307573,24386.893196573365
284999.99999999994,222925.42618250154,224197.3316112687,62074.5738174984,60802.668388731254
440000.0000000002,421507.2119579088,430414.66396193946,18492.788042091357,9585.33603806072
495999.99999999994,662982.0790793438,702180.3961562488,-166982.07907934388,-206180.3961562488
157999.99999999997,307406.58697693254,303892.5090426519,-149406.58697693257,-145892.50904265195
216274.99999999983,250750.33673182662,247104.98026917403,-34475.3367318268,-30829.980269174208
259499.99999999985,222939.92215059765,222580.55735420223,36560.07784940221,36919.44264579762
444999.9999999997,318183.0530755534,338151.44259582396,126816.94692444633,106848.55740417575
74899.99999999999,90851.41827364541,91492.94276274851,-15951.418273645424,-16592.942762748527
145000.00000000012,105134.92828672919,101107.91186060569,39865.071713270925,43892.08813939443
166719.99999999985,142374.4640507226,142050.17345234225,24345.535949277255,24669.826547657605
139000.00000000003,440211.14418328594,452323.7936072179,-301211.1441832859,-313323.79360721784
230000.0000000001,384793.28327025654,399507.4134055029,-154793.28327025645,-169507.41340550283
205000.0,205558.61995899698,204335.4395424076,-558.6199589969765,664.5604575923935
212000.00000000017,236229.61699891213,228690.3678628135,-24229.61699891195,-16690.36786281332
175000.00000000012,221067.79425810816,224334.22898757618,-46067.79425810804,-49334.22898757606
226300.0,238831.44426985196,237579.95309903493,-12531.444269851956,-11279.95309903493
271999.9999999999,182176.72621073129,181442.96737297357,89823.2737892686,90557.03262702632
189280.00000000006,436510.47550165124,431101.1941689954,-247230.47550165118,-241821.19416899537
259999.9999999998,463018.92385713797,467417.072483211,-203018.92385713817,-207417.0724832112
254000.0000000002,430469.3052285839,475664.9848931041,-176469.30522858372,-221664.98489310392
210000.0,307782.09985688777,309536.4310152936,-97782.09985688777,-99536.43101529358
356999.99999999994,471634.6128376745,481286.0556830175,-114634.61283767456,-124286.05568301753
159999.99999999997,203237.12766312907,189691.421776741,-43237.1276631291,-29691.421776741015
618595.9999999997,695324.3563593841,729088.4861258096,-76728.35635938449,-110492.48612580996
375000.00000000006,292881.32235663,280273.27056562423,82118.67764337006,94726.72943437583
332324.9999999999,312441.5798003114,332622.7265084483,19883.420199688466,-297.7265084484243
115500.00000000009,160823.1688047836,154633.8176660997,-45323.16880478352,-39133.81766609961
294999.9999999998,441263.88789090636,455882.0748091965,-146263.88789090654,-160882.0748091967
155000.00000000012,304903.9377791811,298861.6697124508,-149903.937779181,-143861.6697124507
135999.99999999997,151969.18140260983,147121.33437645543,-15969.181402609858,-11121.33437645546
460000.0000000002,364668.09176513704,401317.1950012628,95331.90823486313,58682.80499873735
208740.00000000015,165358.40722771277,164011.96862452847,43381.592772287375,44728.03137547168
416999.9999999998,229218.88829566818,226532.66056739335,187781.11170433165,190467.33943260647
129000.0000000001,158730.40045558437,163515.84461044805,-29730.40045558427,-34515.84461044795
330000.0000000001,301357.67081809684,307952.0337042362,28642.329181903275,22047.96629576391
369000.0000000001,303668.81956212566,305323.02634042746,65331.18043787446,63676.97365957266
255000.0000000001,192796.49235379157,196915.91940519094,62203.50764620851,58084.080594809144
249984.00000000017,258459.6294007586,252364.64265197434,-8475.629400758422,-2380.6426519741653
995000.0,778591.4807313286,755637.4471254135,216408.5192686714,239362.55287458654
291999.9999999998,286312.7307209097,281626.61114389286,5687.269279090106,10373.388856106962
145000.00000000012,278892.8090814086,285546.1476612846,-133892.8090814085,-140546.14766128449
465900.0000000004,344723.41314536624,370565.6913924398,121176.58685463417,95334.30860756058
191999.99999999997,522213.69375231717,514496.37078177073,-330213.6937523172,-322496.3707817708
287999.9999999999,245458.5013569856,257882.13259576343,42541.49864301429,30117.86740423646
92000.00000000007,129464.26980565605,132722.84069776625,-37464.269805655975,-40722.84069776618
199999.99999999997,221721.85822658782,218059.62874764425,-21721.85822658785,-18059.62874764428
219500.00000000012,185934.06564488861,192910.4861689353,33565.9343551115,26589.513831064804
1179000.0,873842.7001081323,932624.9734905616,305157.2998918677,246375.0265094384
339999.99999999994,266417.4454628497,279259.97931121476,73582.55453715025,60740.02068878518
223000.00000000003,226365.86949215038,232563.99771286175,-3365.8694921503484,-9563.997712861717
409999.9999999997,237626.007180261,244501.11439876226,172373.99281973872,165498.88560123745
367500.0000000003,386079.0652654949,400146.8674197125,-18579.06526549463,-32646.867419712187
115989.99999999994,192622.11689738493,200236.14956917014,-76632.11689738499,-84246.1495691702
185000.00000000006,194872.6206077499,193617.4195384516,-9872.62060774985,-8617.419538451533
509999.9999999998,472831.1028907111,504656.02722280327,37168.89710928872,5343.972777196555
379000.0000000002,443299.2895364242,459897.68813330244,-64299.28953642404,-80897.68813330226
218999.99999999988,238752.8504498114,226009.73467614895,-19752.85044981152,-7009.734676149063
65599.99999999994,101263.92113364107,96169.35378530326,-35663.921133641124,-30569.35378530332
235000.0,180630.54955801324,169957.90841694098,54369.45044198676,65042.091583059024
177999.99999999994,129616.25221368049,126801.28936794608,48383.74778631945,51198.71063205386
233000.0000000001,242625.4558389534,241262.40381750584,-9625.45583895332,-8262.40381750575
151959.9999999999,276651.65976421296,287154.47867547546,-124691.65976421305,-135194.47867547555
311899.99999999977,237190.14418145275,235191.4553878155,74709.85581854702,76708.54461218425
433999.99999999965,289829.3971716425,299332.16374539706,144170.60282835714,134667.8362546026
520000.0,396861.5791252392,400186.4328008801,123138.42087476078,119813.56719911989
349899.99999999994,1142142.0838098316,1150037.0244568558,-792242.0838098316,-800137.0244568558
188000.00000000012,210254.9281172292,201639.59437208273,-22254.92811722908,-13639.594372082618
199000.0000000001,297535.52405501954,309946.2072096829,-98535.52405501946,-110946.20720968282
405000.0000000001,356554.8102905642,363289.38914127054,48445.189709435916,41710.610858729575
132990.00000000003,281568.3477377507,272935.54973215575,-148578.34773775065,-139945.54973215572
204750.00000000006,191110.34902585347,196624.86951063326,13639.650974146585,8125.130489366798
99000.00000000004,448895.9443536704,418343.66356042615,-349895.94435367035,-319343.6635604261
639000.0000000006,416150.3699975345,406868.819767239,222849.6300024661,232131.1802327616
177500.00000000015,154880.89880698384,151173.4117737196,22619.101193016308,26326.588226280553
241500.0,260309.4024003293,262184.1505731951,-18809.4024003293,-20684.150573195075
135999.99999999997,132608.2490676445,129371.99706527835,3391.7509323554696,6628.002934721619
79500.00000000004,88704.78933549458,87226.55039696414,-9204.78933549454,-7726.5503969640995
225000.00000000015,213648.15473452615,203511.98816078075,11351.845265473996,21488.011839219398
127999.99999999997,183289.72311438966,180925.58054993564,-55289.72311438969,-52925.580549935665
379999.9999999999,307789.37813681166,307824.6603733783,72210.62186318822,72175.33962662157
395999.9999999999,244063.5922243215,244281.15072967685,151936.40777567838,151718.84927032303
598500.0,265493.1349799995,273133.30681572633,333006.8650200005,325366.69318427367
337999.99999999977,456504.5473920509,501735.7240120569,-118504.54739205114,-163735.72401205712
769599.9999999999,446871.1051569287,472834.6059208637,322728.8948430712,296765.3940791362
299900.0,271355.5585693886,278734.44002440956,28544.44143061142,21165.55997559044
76999.99999999997,157131.22031477027,158626.65849365116,-80131.2203147703,-81626.6584936512
210000.0,179970.87924140843,175462.49813543304,30029.12075859157,34537.50186456696
1579999.9999999998,782008.4379987947,789467.2809959233,797991.562001205,790532.7190040764
349999.9999999997,372243.4548932345,392723.19623602973,-22243.454893234768,-42723.196236030024
461999.9999999998,471747.07701442967,509144.34544336825,-9747.077014429844,-47144.345443368424
230000.0000000001,384097.6220961117,398672.2236162481,-154097.62209611162,-168672.22361624803
212000.00000000017,184972.505343073,187853.2655723813,27027.494656927185,24146.73442761888
50000.000000000015,179515.86013018098,187683.1835492133,-129515.86013018097,-137683.18354921328
38000.000000000015,63274.5394755308,59485.732302389784,-25274.539475530786,-21485.73230238977
208000.00000000003,248328.101463429,246556.18650571277,-40328.10146342896,-38556.18650571274
988999.9999999998,1649737.3183205382,1634051.094527349,-660737.3183205384,-645051.0945273493
415000.00000000006,396210.4044876907,412393.09188719635,18789.595512309344,2606.908112803707
144000.0,263451.3563897186,261720.63968664347,-119451.3563897186,-117720.63968664347
144499.99999999994,187945.92806264252,188133.9186639016,-43445.928062642575,-43633.918663901655
214000.00000000017,241088.64435548746,237444.5158655353,-27088.644355487282,-23444.515865535126
649000.0000000006,310624.8539009165,326615.2594278038,338375.14609908406,322384.7405721968
257000.00000000015,294190.9666087277,295330.6001559972,-37190.966608727555,-38330.60015599706
398999.99999999977,287086.4251624511,285409.38056820736,111913.57483754866,113590.61943179241
680000.0000000003,884195.8243095519,907853.3872497528,-204195.8243095515,-227853.3872497524
152999.9999999999,94407.70131501414,90656.19486320253,58592.29868498577,62343.80513679738
271000.0000000002,232494.52280841424,238652.39345189594,38505.47719158593,32347.60654810423
249999.9999999998,204067.9209124408,198089.77451055296,45932.07908755899,51910.225489446835
244999.99999999997,199921.44559061265,206282.79930964348,45078.55440938732,38717.20069035649
229499.99999999997,241868.84867220043,232121.35581204802,-12368.84867220046,-2621.3558120480448
932000.0000000002,1395098.9156568276,1422977.8213585967,-463098.9156568274,-490977.82135859644
134500.00000000006,148785.2314554826,142411.82661855785,-14285.231455482543,-7911.826618557796
294999.9999999998,257409.02820567836,262428.15046881663,37590.971794321464,32571.849531183194
488999.9999999996,398163.25324966386,426516.6250748014,90836.74675033573,62483.37492519821
425000.0000000002,275923.8868140323,278521.6420547028,149076.1131859679,146478.35794529738
469999.9999999998,333750.06514840934,321500.12171498575,136249.9348515905,148499.87828501407
237000.00000000003,249630.5321530053,252837.32051722534,-12630.532153005275,-15837.320517225307
173999.99999999997,192174.64840377803,187367.80934972622,-18174.64840377806,-13367.809349726245
790000.0000000003,348320.2190073934,353640.1441887632,441679.78099260695,436359.8558112371
299999.99999999977,290841.6526723964,299858.39900023025,9158.347327603376,141.60099976952188
118999.99999999993,171501.08994228847,167309.32625829222,-52501.08994228854,-48309.32625829229
440000.0000000002,363224.7573348418,366783.07922823884,76775.24266515835,73216.92077176133
270000.00000000006,333699.34651133016,335666.7349290314,-63699.346511330106,-65666.73492903134
468999.9999999998,647780.585035744,699546.426111968,-178780.58503574418,-230546.42611196818
311225.00000000023,648569.1793917582,833468.8020420135,-337344.17939175793,-522243.80204201327
261249.99999999988,228766.763161994,231223.90420538705,32483.23683800589,30026.095794612833
315000.0000000002,374703.85293716245,374728.8000467257,-59703.85293716227,-59728.80004672555
749999.9999999998,673808.7499855654,740636.0736882201,76191.25001443434,9363.92631177965
327000.0000000001,505358.75213260227,536030.6098106867,-178358.75213260215,-209030.60981068655
170000.00000000012,485721.7925915726,464811.41171129077,-315721.7925915725,-294811.41171129065
64999.999999999956,178825.5820553816,173731.4236905125,-113825.58205538163,-108731.42369051256
265999.9999999998,209850.0356521586,213925.01843734863,56149.96434784122,52074.9815626512
279000.0000000001,381118.741723166,379628.17604468355,-102118.7417231659,-100628.17604468344
369000.0000000001,241054.2969502043,246899.7542187343,127945.70304979582,122100.24578126581
442000.00000000035,490555.297917464,546599.6187097278,-48555.29791746364,-104599.61870972742
280000.0,247428.55425112025,246145.67462275163,32571.44574887975,33854.32537724837
68999.99999999997,151278.6696553179,148884.14646086277,-82278.66965531794,-79884.1464608628
262500.00000000023,306544.261426874,300471.98283286643,-44044.261426873796,-37971.9828328662
136200.00000000003,217451.95672345388,220475.6555287035,-81251.95672345386,-84275.65552870347
648800.0000000005,810264.6926692859,916220.5907278473,-161464.69266928546,-267420.59072784684
328299.9999999998,332868.86290960415,317036.2094483525,-4568.86290960433,11263.790551647311
86000.00000000001,211282.4716725523,202150.75267322824,-125282.47167255227,-116150.75267322823
68999.99999999997,135057.532094629,135793.115463685,-66057.53209462902,-66793.11546368504
169000.00000000012,199039.0488622519,200077.72740660192,-30039.048862251773,-31077.7274066018
719999.9999999995,707076.1213430802,744322.5718854801,12923.878656919347,-24322.571885480545
218999.99999999988,258988.51029608768,270249.9927695609,-39988.5102960878,-51249.99276956101
375000.00000000006,400052.72237930953,379976.492565604,-25052.722379309474,-4976.492565603927
129599.99999999994,202457.40589851417,195798.8952649143,-72857.40589851423,-66198.89526491435
249999.9999999998,190182.67909692862,187212.37614798878,59817.32090307117,62787.62385201102
615000.0,282782.3158996863,283933.5902430106,332217.6841003137,331066.4097569894
191699.99999999994,163828.07364019193,157952.80595306994,27871.926359808014,33747.19404693
225000.00000000015,180680.8298661203,181663.77570888118,44319.170133879845,43336.22429111897
937199.9999999994,232883.84733629614,233853.32070324608,704316.1526637033,703346.6792967534
323000.0000000003,357829.59793736966,373189.94380491757,-34829.59793736937,-50189.943804917275
529000.0,512858.0297963313,528990.4996068878,16141.970203668694,9.500393112190068
281000.0000000001,214714.9327096906,217567.77076343584,66285.06729030953,63432.22923656428
255000.0000000001,223161.7549746772,230222.77972844394,31838.24502532289,24777.220271556143
92000.00000000007,215583.2234550453,216463.3294802016,-123583.22345504524,-124463.32948020152
134999.99999999997,159176.00152615033,156341.13114245265,-24176.001526150358,-21341.13114245268
1150000.0000000005,811218.1275342683,807474.1793966336,338781.87246573216,342525.8206033668
310000.0000000002,298840.17475229927,303969.4529375969,11159.825247700908,6030.54706240329
615000.0,670720.6707032658,704057.5741987709,-55720.670703265816,-89057.57419877092
527999.9999999999,377238.91938604345,373448.7818807048,150761.08061395644,154551.21811929508
354999.9999999998,583918.1131252296,610735.0305042577,-228918.11312522978,-255735.03050425783
238739.9999999999,204011.65632850316,200429.33369779153,34728.343671496754,38310.66630220838
425000.0000000002,466216.27145618974,479072.07517168095,-41216.27145618957,-54072.07517168077
238970.00000000017,206364.63222290724,210389.0639294359,32605.367777092935,28580.93607056426
158999.99999999997,284567.4646887945,273461.8400066304,-125567.46468879454,-114461.84000663043
230000.0000000001,320380.50948412635,305993.2962270009,-90380.50948412626,-75993.2962270008
579999.9999999997,529111.1112814274,552997.7856143856,50888.88871857221,27002.214385614032
233199.99999999994,350049.9246232651,375577.8516083353,-116849.92462326516,-142377.85160833533
225000.00000000015,294255.09347085893,301011.55334605434,-69255.09347085879,-76011.55334605419
291999.9999999998,268190.8045817452,270392.1404805277,23809.195418254647,21607.859519472113
244999.99999999997,277263.7747204525,285457.00772839505,-32263.774720452522,-40457.00772839508
357999.99999999977,507260.063475291,526091.0467913927,-149260.06347529124,-168091.04679139296
60000.000000000015,99840.90975042949,97588.27892969413,-39840.90975042948,-37588.27892969412
471999.9999999998,267739.99721708626,291528.60521720187,204260.00278291357,180471.39478279796
369999.99999999977,507368.12588486075,568497.8244274656,-137368.125884861,-198497.8244274658
312999.9999999999,516131.7362215306,533403.2197522459,-203131.7362215307,-220403.21975224605
120000.00000000004,112964.66019396715,112135.614406061,7035.339806032891,7864.385593939049
673099.9999999998,639713.9380176269,674855.0854400349,33386.06198237289,-1755.0854400350945
495000.0000000004,439720.66473470087,466396.2459980778,55279.33526529954,28603.754001922614
165000.00000000015,426854.6995662018,406384.93791706424,-261854.69956620163,-241384.9379170641
420999.9999999998,683731.5275078542,814393.6988798891,-262731.52750785433,-393393.69887988927
73999.99999999997,175235.87250162792,178011.13927325912,-101235.87250162795,-104011.13927325915
161569.9999999999,201043.42190650452,194862.55570173112,-39473.421906504605,-33292.55570173121
219999.99999999983,397790.90912789165,374698.9629872525,-177790.90912789182,-154698.9629872527
185000.00000000006,219849.0419917225,225237.7147923074,-34849.04199172245,-40237.71479230735
571999.9999999999,247888.26377067022,233907.80343576777,324111.73622932966,338092.1965642321
574000.0000000001,307073.1847083981,322547.9711471317,266926.815291602,251452.02885286842
205000.0,190330.55063071314,195400.61717291205,14669.449369286856,9599.382827087946
279499.9999999999,314005.55643309397,341128.6505191799,-34505.55643309408,-61628.650519179995
230000.0000000001,247967.77620787022,246972.19703583908,-17967.776207870134,-16972.197035838995
322400.0000000002,247206.38254623816,241309.97941214373,75193.61745376201,81090.02058785644
225000.00000000015,156822.04512266122,167518.90539710422,68177.95487733893,57481.09460289593
323000.0000000003,299009.0637760648,288651.83766054857,23990.93622393551,34348.16233945172
258000.00000000015,289688.0940217156,292905.55242681014,-31688.094021715428,-34905.55242681
509999.9999999998,434554.3051052158,437913.33986360196,75445.69489478401,72086.66013639787
224000.0,240856.89198534485,235633.8183161751,-16856.891985344846,-11633.818316175108
199499.99999999994,150004.87287619544,149324.63305949874,49495.1271238045,50175.366940501204
935000.0000000006,368840.80227955466,388446.55781746993,566159.1977204459,546553.4421825306
93074.99999999999,263955.1242145925,277088.03432658606,-170880.1242145925,-184013.03432658606
386499.99999999994,272163.198836246,278197.9929868958,114336.80116375396,108302.00701310416
83000.0,126758.5667048785,126436.9852797108,-43758.566704878496,-43436.9852797108
56000.000000000044,121166.48281843333,118475.05835051474,-65166.48281843329,-62475.05835051469
239000.00000000003,226859.35983537757,230282.54839354628,12140.640164622455,8717.451606453746
490000.0,479958.5096286031,473107.1671826838,10041.490371396882,16892.83281731617
330999.9999999998,413138.9236830767,445131.90868812375,-82138.92368307686,-114131.90868812392
519000.0,483855.9116381988,496554.2597107564,35144.08836180117,22445.74028924358
360000.0000000001,415306.72218151373,424023.5818867752,-55306.722181513614,-64023.58188677509
392200.00000000006,339589.9697945045,321803.9651250051,52610.03020549554,70396.03487499495
399845.00000000035,310186.4979329947,316586.3180754214,89658.50206700567,83258.68192457897
195000.00000000006,265620.28739579685,281342.0281055822,-70620.2873957968,-86342.02810558217
170500.00000000012,172512.45709682666,176757.0005844152,-2012.457096826547,-6257.000584415073
126250.00000000006,174780.80565828297,171822.8908616408,-48530.805658282916,-45572.89086164074
235958.00000000015,112476.15620088238,114811.3420942357,123481.84379911776,121146.65790576444
658999.9999999997,415696.9696269485,417683.7931073301,243303.03037305112,241316.20689266955
227900.00000000006,257969.00723266284,277889.0272102642,-30069.007232662785,-49989.02721026412
442000.00000000035,518184.6940567573,542987.5471964912,-76184.69405675697,-100987.5471964908
173499.99999999985,274818.0509146782,269376.37407624454,-101318.05091467834,-95876.37407624468
884000.0000000002,445067.57970712276,470043.0106734823,438932.4202928775,413956.9893265179
369899.9999999998,359221.2753048588,367489.16582984326,10678.72469514102,2410.834170156566
145998.99999999994,152129.38550382337,154100.29004559867,-6130.385503823432,-8101.290045598726
320000.00000000006,151908.56829671317,149808.98539780144,168091.4317032869,170191.01460219861
156000.0,223266.08342356037,214194.44654246847,-67266.08342356037,-58194.446542468475
145999.99999999997,217484.5230276791,213725.123587484,-71484.52302767913,-67725.12358748403
104649.99999999999,139900.84799903163,137232.4632278704,-35250.84799903164,-32582.463227870423
48499.99999999998,80050.25149211386,78174.65014057727,-31550.251492113886,-29674.650140577294
157999.99999999997,172148.6893490916,168859.9048004514,-14148.68934909164,-10859.904800451419
275599.9999999998,204981.4916340413,196373.76583271704,70618.50836595852,79226.23416728279
241000.00000000003,177163.84110617547,171908.7477114273,63836.158893824555,69091.25228857272
252000.0000000001,164720.28815528267,163360.74794071802,87279.71184471741,88639.25205928207
384060.0000000003,449425.4694602128,482293.2177677283,-65365.46946021251,-98233.21776772803
449999.99999999994,442297.239153734,424167.07718760596,7702.760846265941,25832.922812393983
979999.9999999997,445532.848094468,439061.04021336825,534467.1519055316,540938.9597866314
780000.0000000001,502597.96554949804,522708.0949520159,277402.0344505021,257291.9050479842
270400.0000000002,248608.32729936842,249582.72595473038,21791.672700631752,20817.27404526979
645000.0,265697.7828407583,262046.96119186876,379302.2171592417,382953.03880813124
322800.0000000002,254969.4196599682,259077.87530375342,67830.58034003197,63722.124696246756
432550.00000000006,348397.3301265914,335443.60911785497,84152.66987340868,97106.39088214509
395000.00000000035,230875.7703408028,237547.77493384527,164124.22965919756,157452.22506615508
50999.999999999985,104189.51837446928,99564.45030983431,-53189.51837446929,-48564.45030983433
315000.0000000002,321537.06522966945,317521.12003209745,-6537.0652296692715,-2521.120032097271
398999.99999999977,349832.3136756129,341041.8203648007,49167.68632438686,57958.17963519908
364999.99999999977,117974.65594971066,116996.85639823767,247025.3440502891,248003.1436017621
418999.9999999998,297491.19863124704,300987.56559524994,121508.80136875279,118012.43440474989
200999.99999999997,346324.2687328654,355308.764205561,-145324.26873286543,-154308.76420556105
498999.9999999996,498047.1572897685,503368.48997309053,952.8427102310816,-4368.489973090938
1290000.0000000007,898558.9143139615,911313.026464966,391441.0856860392,378686.9735350347
104500.00000000003,93061.57499210599,93753.61837871683,11438.425007894039,10746.381621283203
474999.99999999977,606763.3526628164,621399.1637020201,-131763.35266281664,-146399.1637020203
199499.99999999994,259813.05113567438,277817.49868608074,-60313.05113567444,-78317.4986860808
121000.00000000003,196237.9409096431,188785.45794233104,-75237.94090964308,-67785.457942331
590000.0000000003,577230.4351087784,549070.1042069789,12769.564891221933,40929.895793021424
210000.0,233919.53218063278,233817.82993020132,-23919.532180632785,-23817.82993020132
158550.0000000001,150788.62078134823,148680.62730143187,7761.379218651855,9869.372698568215
294999.9999999998,347694.54730281106,347592.3905730296,-52694.54730281123,-52592.390573029756
158999.99999999997,240626.91107242432,225587.6008590182,-81626.91107242435,-66587.60085901822
40000.0,89770.33057364415,88239.89783463719,-49770.330573644154,-48239.89783463719
218999.99999999988,145967.77471630496,140673.53933520053,73032.22528369492,78326.46066479935
220500.00000000012,294014.1936776038,302367.3321677494,-73514.19367760367,-81867.3321677493
297000.0000000002,222128.28324004138,222258.58870290345,74871.7167599588,74741.41129709673
549000.0000000005,406077.86847902276,404092.37219681655,142922.1315209777,144907.62780318392
179500.00000000015,227940.7261070187,224963.43026458294,-48440.72610701856,-45463.4302645828
461999.9999999998,272371.88930874056,272557.81771601905,189628.11069125927,189442.18228398077
599000.0,607516.1730923147,607750.6338896342,-8516.17309231474,-8750.633889634162
455000.0,533905.3496872432,542688.1918417983,-78905.34968724323,-87688.19184179825
160500.00000000003,174828.6049940411,169492.28271445842,-14328.60499404106,-8992.282714458386
1290000.0000000007,1401461.0098878099,1600200.798192328,-111461.00988780917,-310200.7981923274
80000.0,166651.071486856,164021.30025550016,-86651.071486856,-84021.30025550016
299999.99999999977,214133.79697753082,210803.74132010795,85866.20302246895,89196.25867989182
365999.9999999997,326004.320449023,346830.56433733634,39995.679550976725,19169.435662663367
53850.00000000001,107942.69285048307,107073.64883825148,-54092.692850483065,-53223.64883825147
259974.99999999983,228311.77630138365,227262.4260300715,31663.223698616173,32712.573969928315
498999.9999999996,584062.1139907651,630570.4176555648,-85062.11399076547,-131570.41765556525
231999.99999999997,115834.87636420077,111811.4202870879,116165.1236357992,120188.57971291208
375000.00000000006,258329.6701654844,256746.8676608605,116670.32983451567,118253.13233913956
567010.0000000002,463433.812593966,469657.67587332125,103576.18740603421,97352.32412667898
310999.9999999999,194857.44814974556,186461.07673098712,116142.55185025433,124538.92326901277
188999.99999999988,253256.47806885082,246152.99217541408,-64256.478068850935,-57152.9921754142
208000.00000000003,144653.7948706743,144624.97770486146,63346.20512932574,63375.022295138566
108499.99999999999,146975.7660188304,140899.7257263643,-38475.76601883043,-32399.72572636431
311500.0000000001,195024.35928016005,201575.48353556546,116475.64071984007,109924.51646443465
155000.00000000012,199305.30807923913,194405.1692935089,-44305.30807923901,-39405.16929350878
243800.0,173799.91568589004,169871.24471404406,70000.08431410996,73928.75528595594
497999.9999999996,566182.8852737268,566597.8974110605,-68182.88527372718,-68597.89741106093
233550.00000000017,227304.05734568895,236706.46967896473,6245.94265431122,-3156.469678964553
414000.00000000023,457924.5908770532,472096.2204469231,-43924.59087705298,-58096.220446922875
237000.00000000003,273217.2289588613,284481.7877705577,-36217.22895886129,-47481.787770557654
140799.99999999997,110906.8404443174,105440.94231400767,29893.159555682578,35359.0576859923
449999.99999999994,329806.02868725266,322892.5461340465,120193.97131274728,127107.45386595343
221500.0000000002,247262.17211146213,252314.90603166225,-25762.17211146193,-30814.906031662045
240000.00000000003,230186.29576745877,230716.49174630333,9813.704232541262,9283.508253696695
86400.00000000007,126233.35506171836,117610.42274118497,-39833.35506171829,-31210.4227411849
289999.9999999999,291345.34244798997,294377.09401568497,-1345.342447990086,-4377.094015685085
239558.00000000015,161980.01088828396,163369.09155693173,77577.98911171619,76188.90844306842
76099.99999999996,119328.88393753378,118790.67220550864,-43228.88393753383,-42690.67220550869
225000.00000000015,125873.7865642811,121763.60229242689,99126.21343571905,103236.39770757325
433999.99999999965,665498.3512542296,748823.6180512505,-231498.3512542299,-314823.6180512508
649999.9999999995,1384845.117601691,1461807.351115503,-734845.1176016915,-811807.3511155036
96999.99999999999,165650.49876141918,160333.83939131166,-68650.49876141919,-63333.839391311674
255999.99999999985,374994.0237833444,400458.68819820863,-118994.02378334457,-144458.68819820878
997500.0000000007,309611.1050869381,321825.2020006196,687888.8949130626,675674.7979993811
294000.0000000001,427176.20562615385,449745.72183427,-133176.20562615374,-155745.72183426988
395000.00000000035,269864.67683006305,264449.1240928729,125135.3231699373,130550.87590712745
294999.9999999998,240000.162576387,249939.53787720177,54999.83742361283,45060.46212279805
725000.0000000006,598926.9174698303,606834.1243220182,126073.08253017033,118165.87567798235
139499.9999999999,158329.29252218385,158035.57763463925,-18829.29252218394,-18535.57763463934
82699.99999999994,93553.82428632643,90558.78136722141,-10853.82428632649,-7858.781367221469
535500.0000000001,342389.30919394305,330727.05924192537,193110.69080605707,204772.94075807475
288999.9999999999,289038.9100182376,289111.16570434725,-38.91001823771512,-111.16570434736786
425000.0000000002,267150.2789724012,265825.4949693253,157849.72102759895,159174.50503067486
178999.99999999994,262741.19188724045,259894.0330402715,-83741.19188724051,-80894.03304027155
548000.0,639477.380806652,640668.4388630508,-91477.38080665201,-92668.43886305077
390000.00000000035,467392.86928742944,486198.93522674276,-77392.86928742909,-96198.93522674241
339999.99999999994,230886.97452426061,231413.10126601395,109113.02547573933,108586.89873398599
118274.99999999996,145940.51108537792,135920.1951332788,-27665.511085377962,-17645.19513327883
155000.00000000012,167168.2532210666,172337.09789730306,-12168.253221066494,-17337.09789730294
279000.0000000001,292628.98458660545,299601.6200570465,-13628.984586605337,-20601.620057046355
199000.0000000001,168904.2956135196,167409.88710205563,30095.704386480502,31590.112897944462
286000.00000000023,216086.37888928197,220134.13429678086,69913.62111071826,65865.86570321937
354999.9999999998,345678.93722595344,341228.41577644326,9321.062774046382,13771.584223556565
395000.00000000035,309177.11207052163,319633.03411680594,85822.88792947872,75366.96588319441
384000.00000000006,325229.7828909302,341680.04822032736,58770.21710906987,42319.9517796727
369999.99999999977,439270.4902319743,435327.1136333516,-69270.49023197452,-65327.11363335181
134999.99999999997,162214.12781799168,163818.15430264213,-27214.127817991714,-28818.154302642157
165000.00000000015,218639.77680895955,220326.16435859643,-53639.7768089594,-55326.16435859629
1229999.9999999995,957499.0378731738,1008176.766059638,272500.9621268257,221823.23394036153
255999.99999999985,219780.7116856457,214683.430659958,36219.28831435414,41316.56934004187
484999.99999999965,527382.1290535647,547262.33482648,-42382.12905356509,-62262.334826480364
395161.99999999965,235729.80335677022,252281.57540492035,159432.19664322943,142880.4245950793
379999.9999999999,379021.7048800623,384499.1899888137,978.2951199375675,-4499.189988813829
336500.0000000001,255534.2093889171,266965.89246207435,80965.79061108301,69534.10753792577
297999.9999999998,229423.44014168685,223657.52599706966,68576.55985831298,74342.47400293016
139000.00000000003,218393.75741074292,221890.46236469,-79393.7574107429,-82890.46236468997
199000.0000000001,437333.3968172817,453755.68056584743,-238333.39681728164,-254755.68056584735
105499.99999999993,219217.56111848698,226524.25425472698,-113717.56111848705,-121024.25425472706
315000.0000000002,232581.597037475,225375.70492494688,82418.40296252517,89624.29507505329
170000.00000000012,226252.1468460996,228582.9599027437,-56252.146846099495,-58582.959902743576
659999.9999999995,537213.5138934153,518732.6451536103,122786.4861065842,141267.3548463892
270000.00000000006,231593.38954415187,243805.19596919251,38406.61045584819,26194.804030807543
209799.99999999994,183056.46933897407,172284.86219718662,26743.53066102587,37515.13780281332
171999.99999999988,266553.7886290731,259384.2883374419,-94553.78862907324,-87384.288337442
275000.0000000002,324391.11629526864,324395.7457768791,-49391.11629526847,-49395.7457768789
312000.0000000001,397023.36360357533,404659.6744141326,-85023.36360357521,-92659.67441413249
480000.00000000006,717876.885309828,721718.0477160321,-237876.88530982792,-241718.04771603207
152999.9999999999,181857.78157487497,185216.32153083148,-28857.781574875058,-32216.32153083157
170000.00000000012,133106.04249636186,128786.80010537116,36893.95750363826,41213.19989462895
129599.99999999994,103776.80199092312,100665.26407827936,25823.19800907682,28934.73592172058
372999.9999999999,405707.1373297397,381910.91043633665,-32707.13732973981,-8910.910436336766
435000.0,438334.37614311645,451290.4618964115,-3334.3761431164457,-16290.461896411492
112350.00000000004,192743.50378872678,196668.9665096985,-80393.50378872674,-84318.96650969847
463000.0000000004,279972.8800958941,294895.79063603276,183027.1199041063,168104.20936396765
430000.00000000023,164801.15686437069,159753.04612968245,265198.84313562955,270246.9538703178
1140000.0000000002,671362.511706171,660241.9779006048,468637.48829382926,479758.0220993954
192399.9999999999,154922.9277639665,147915.89424936677,37477.07223603342,44484.10575063314
86000.00000000001,184178.92925776748,190646.0050532879,-98178.92925776746,-104646.00505328788
75000.00000000004,96951.18296594358,93289.3151703573,-21951.18296594353,-18289.31517035725
229950.00000000003,178360.7535124769,185245.52212811378,51589.24648752314,44704.47787188625
169900.00000000003,115918.35744143646,113883.0915142806,53981.64255856357,56016.908485719425
272900.00000000006,327844.17359012115,343276.51404595614,-54944.17359012109,-70376.51404595608
560000.0000000003,324662.12234966824,341807.4804518909,235337.8776503321,218192.51954810944
700000.0000000006,427522.69181033433,430373.5004889264,272477.30818966625,269626.49951107416
194500.0,247590.3149028503,264321.1596841712,-53090.31490285031,-69821.1596841712
449999.99999999994,386848.621143146,382464.41077126673,63151.37885685393,67535.58922873321
719999.9999999995,707437.7519814223,744693.0304670541,12562.24801857723,-24693.030467054574
420000.0,189190.43050805773,183717.5076811217,230809.56949194227,236282.4923188783
267500.00000000006,317279.39894438913,315913.1838793486,-49779.398944389075,-48413.183879348566
175000.00000000012,141635.76698278025,135892.18884201488,33364.23301721987,39107.81115798524
385000.00000000023,757656.8918302815,724469.692811324,-372656.89183028124,-339469.6928113238
249000.00000000006,325229.93937391374,347826.5598872441,-76229.93937391369,-98826.55988724402
199000.0000000001,212775.2166285693,215776.1480016513,-13775.216628569207,-16776.14800165122
93999.99999999997,343266.9922605442,371975.23741430644,-249266.99226054424,-277975.2374143065
138000.00000000006,160158.88214507233,158402.5986575518,-22158.882145072275,-20402.598657551745
262500.00000000023,205596.47055006376,215296.85817935612,56903.52944993647,47203.141820644116
99000.00000000004,114871.06619714804,107695.71493001364,-15871.066197148,-8695.714930013593
228000.00000000003,166590.55964230528,165132.06246155218,61409.44035769475,62867.93753844785
240000.00000000003,298556.38001289545,303229.1735376413,-58556.38001289542,-63229.17353764127
498200.0000000002,215726.04125899146,202298.93913219194,282473.9587410087,295901.06086780824
91840.00000000004,133615.02577781514,133736.51603967242,-41775.0257778151,-41896.51603967238
58000.00000000003,102050.07081454035,98469.88783642747,-44050.07081454032,-40469.88783642744
187000.00000000012,193374.81208052047,193366.19163750688,-6374.812080520351,-6366.191637506767
229000.00000000006,293461.49271856376,297132.51699537237,-64461.492718563706,-68132.51699537231
289999.9999999999,398301.9788436286,414307.32223131915,-108301.97884362872,-124307.32223131927
884999.9999999998,1192921.0924897993,1205822.5542505279,-307921.0924897995,-320822.5542505281
940000.0000000006,632202.2296531234,666024.8761971163,307797.77034687717,273975.12380288425
239000.00000000003,164768.91515861853,165985.96187422326,74231.0848413815,73014.03812577677
1155000.0000000005,894864.7307827347,977862.7697984894,260135.26921726577,177137.23020151106
229000.00000000006,506983.5926140098,481589.23274387355,-277983.59261400974,-252589.2327438735
820000.0000000005,381989.62120061263,369777.86075724656,438010.37879938784,450222.1392427539
44999.999999999985,127504.1806450052,130793.86603448937,-82504.18064500521,-85793.86603448939
168500.0,330891.86842256796,342296.7901855367,-162391.86842256796,-173796.79018553672
134999.99999999997,174102.0846638445,164542.6543184527,-39102.08466384452,-29542.654318452725
178999.99999999994,214239.94741320694,207725.6160727302,-35239.947413207,-28725.61607273025
240000.00000000003,263409.72948923806,271317.16362436686,-23409.72948923803,-31317.163624366833
124999.9999999999,187436.28404246652,182567.01035218211,-62436.28404246662,-57567.01035218222
258000.00000000015,240375.03279607478,241694.58762515,17624.967203925364,16305.412374850159
530400.0000000005,982369.8951483695,993882.2637038154,-451969.895148369,-463482.26370381494
269000.0,287003.48723380506,288074.4184260606,-18003.487233805063,-19074.418426060583
280000.0,344763.5253166037,356734.7403168741,-64763.525316603715,-76734.74031687411
296500.0000000002,258180.7816492345,246860.06999260985,38319.218350765674,49639.93000739033
48000.00000000004,121905.48192642399,121906.11835863885,-73905.48192642396,-73906.1183586388
128790.00000000006,111212.87237874835,107996.50615811477,17577.12762125171,20793.493841885283
116399.9999999999,179851.04244081164,173265.1480816539,-63451.04244081174,-56865.148081654
339999.99999999994,231993.28551397618,227221.38162403385,108006.71448602376,112778.61837596609
273999.99999999994,178030.93213049643,179586.2924935653,95969.06786950352,94413.70750643464
270000.00000000006,252404.93263976107,261925.82254977347,17595.067360238987,8074.177450226591
99000.00000000004,103143.05388681889,102401.09284104702,-4143.053886818845,-3401.0928410469787
157999.99999999997,149880.6538717014,142820.41026316278,8119.346128298581,15179.589736837195
1260000.0,311274.09401424,309959.6876236948,948725.90598576,950040.3123763052
250999.99999999988,159760.01541081181,158936.21170598437,91239.98458918807,92063.78829401551
265000.00000000006,340376.6993757618,341896.52790448477,-75376.69937576173,-76896.52790448471
395999.9999999999,444772.65921252896,470135.851016766,-48772.65921252908,-74135.8510167661
604999.9999999998,275351.76854865305,298770.4626270622,329648.2314513467,306229.53737293754
109999.99999999991,165474.59529826866,157665.07004761946,-55474.595298268745,-47665.07004761955
472500.00000000035,206491.48434073472,206143.36011115374,266008.5156592656,266356.6398888466
329000.0000000003,293034.41811312846,288589.2929304616,35965.581886871834,40410.70706953871
273999.99999999994,232476.00737560983,223036.49216021915,41523.99262439011,50963.507839780796
397999.99999999977,788909.1460978885,877977.1509639564,-390909.1460978887,-479977.1509639566
319000.0,289058.3229203182,298208.0888498786,29941.677079681773,20791.91115012142
261000.00000000012,226234.47036136375,230396.66364680734,34765.52963863636,30603.336353192775
749999.9999999998,671503.2936450954,699450.6340928782,78496.70635490434,50549.365907121566
334000.0000000002,333303.80152568006,357806.77304301684,696.1984743201174,-23806.77304301667
239177.0000000002,169143.50446557064,175238.47156830347,70033.49553442956,63938.52843169673
170000.00000000012,253173.663025484,245377.49457918308,-83173.6630254839,-75377.49457918297
236249.9999999999,303786.44634144526,325279.50492241164,-67536.44634144535,-89029.50492241172
259000.0,248121.4490251774,257539.16738853353,10878.550974822603,1460.832611466467
149000.0,148913.55190327944,147785.48309287222,86.44809672055999,1214.5169071277778
244900.00000000015,345867.8502974155,336130.3172647083,-100967.85029741537,-91230.31726470814
237000.00000000003,262130.91962419497,253227.6466336047,-25130.91962419494,-16227.646633604658
162000.00000000012,156334.49328717677,154303.36370428282,5665.5067128233495,7696.636295717297
183500.00000000006,118455.2187836238,115547.78413608056,65044.78121637626,67952.2158639195
236199.99999999985,264499.6894545715,270345.68760627526,-28299.689454571664,-34145.6876062754
146999.99999999988,174143.5340482039,170240.25590531743,-27143.53404820402,-23240.25590531755
148000.00000000015,231574.58037476987,230968.10358848216,-83574.58037476972,-82968.10358848202
142249.99999999988,152466.43416823907,152218.8603970086,-10216.434168239182,-9968.860397008713
365750.0000000001,277948.01412285474,290990.3347139401,87801.98587714537,74759.66528606002
349649.9999999997,393254.78608651774,407824.1811999309,-43604.78608651803,-58174.18119993119
210000.0,249369.08787248237,261469.70691299436,-39369.08787248237,-51469.706912994356
349999.9999999997,189568.84542225095,188988.57569035926,160431.15457774876,161011.42430964045
379600.0000000001,566610.449416149,582267.7206114217,-187010.44941614883,-202667.72061142162
28999.999999999996,103640.90510919559,98778.39506064956,-74640.90510919559,-69778.39506064956
306999.99999999994,272809.51289191394,287600.3019844533,34190.487108086,19399.69801554666
69499.99999999996,208359.74055108495,206674.36217074216,-138859.74055108498,-137174.36217074218
230000.0000000001,425582.8478823871,391746.5710423284,-195582.84788238702,-161746.5710423283
108000.00000000001,209915.22702524016,215493.45491998622,-101915.22702524015,-107493.45491998621
210000.0,219877.09866389423,221573.4202840362,-9877.098663894227,-11573.420284036198
259999.9999999998,185413.3936866413,186031.10511411022,74586.6063133585,73968.89488588957
173999.99999999997,160082.41341484594,163078.75167456426,13917.58658515403,10921.248325435707
729999.9999999998,616198.2731663727,703218.9689946168,113801.7268336271,26781.031005383004
230000.0000000001,169533.97210648883,168968.96418393034,60466.02789351126,61031.03581606975
424998.99999999965,405135.4267831579,429384.85884334607,19863.57321684173,-4385.858843346417
84000.00000000003,134699.30001366528,128172.19051479259,-50699.300013665255,-44172.19051479256
149000.0,251228.18170834822,267128.4236034147,-102228.18170834822,-118128.42360341467
112999.99999999993,147260.4778014027,150280.30327458217,-34260.47780140278,-37280.30327458224
297999.9999999998,142243.6306612673,141492.76736217187,155756.36933873253,156507.23263782795
169499.99999999985,292898.4846375913,303162.95531662717,-123398.48463759143,-133662.9553166273
299999.99999999977,193950.30861035624,193850.37844003658,106049.69138964353,106149.62155996318
189500.0000000001,354233.6799101868,345438.09054767364,-164733.6799101867,-155938.09054767355
486999.9999999998,411660.9685447176,434800.48095019866,75339.03145528224,52199.519049801165
725000.0000000006,504412.4042036906,500883.4832799431,220587.59579631,224116.51672005747
139999.9999999999,119539.71069590244,118272.64864848333,20460.289304097474,21727.351351516583
327359.9999999998,419252.86296903866,426723.1616020445,-91892.86296903883,-99363.16160204465
199999.99999999997,250623.06462270505,231480.19694925655,-50623.064622705075,-31480.196949256584
531500.0000000005,481586.27185663686,488987.357702389,49913.72814336361,42512.642297611455
163899.9999999999,192945.25960871766,184528.41094229746,-29045.25960871775,-20628.410942297545
230000.0000000001,255257.78817498835,250176.49607904747,-25257.788174988265,-20176.496079047385
123000.00000000009,220841.17723666414,210107.1513321435,-97841.17723666405,-87107.1513321434
129900.00000000012,106839.5220026295,101340.734086762,23060.477997370617,28559.265913238123
395399.99999999994,385693.0080579319,407862.0949923046,9706.991942068038,-12462.094992304686
249000.00000000006,317214.00485522405,315608.4765818926,-68214.00485522399,-66608.47658189252
223000.00000000003,173093.4585490393,172197.93827408485,49906.541450960736,50802.06172591518
1448999.9999999993,896243.9437669315,895750.1662246088,552756.0562330678,553249.8337753905
244999.99999999997,202759.38202841586,216760.42690268875,42240.61797158411,28239.573097311222
355999.99999999994,193047.27643913074,193181.13143937674,162952.7235608692,162818.8685606232
332000.0,282508.4994388836,282715.52715635847,49491.50056111638,49284.47284364153
320000.00000000006,524095.6877582302,520171.3190503168,-204095.68775823014,-200171.31905031676
219429.00000000003,171532.46856441663,180892.61395753868,47896.5314355834,38536.38604246135
130999.99999999997,151107.63372071876,145213.1561649034,-20107.63372071879,-14213.156164903427
566500.0000000002,303537.1242827376,298266.30945479387,262962.8757172626,268233.69054520637
279000.0000000001,302062.48777253367,297057.2549299985,-23062.487772533554,-18057.254929998366
171999.99999999988,192912.54869911887,190872.87345037187,-20912.548699118983,-18872.87345037199
265999.9999999998,212152.94849657538,214265.18340467615,53847.051503424445,51734.816595323675
115590.00000000003,130613.0884605588,127623.72601386804,-15023.088460558778,-12033.726013868014
256799.99999999988,178417.60799573592,174471.33035111404,78382.39200426397,82328.66964888584
112000.00000000004,172657.35524188966,170386.7117038758,-60657.355241889614,-58386.71170387576
339999.99999999994,346449.9070741947,354363.1368797747,-6449.907074194751,-14363.136879774742
409000.0000000001,422860.5209752588,424662.4870271543,-13860.520975258667,-15662.487027154188
915000.0000000002,602648.5337520589,617549.8816440196,312351.46624794137,297450.1183559806
940000.0000000006,634104.7148504248,667606.1551103398,305895.2851495758,272393.84488966083
181000.00000000006,314835.81225765805,304770.9561478296,-133835.812257658,-123770.95614782954
615000.0,297393.3419142839,309791.8081797987,317606.6580857161,305208.1918202013
220500.00000000012,211769.10302626513,204290.95122858154,8730.896973734983,16209.048771418573
156999.99999999994,165396.23325582943,158690.0340663813,-8396.233255829487,-1690.0340663813695
415000.00000000006,281352.8460375897,285663.9193224254,133647.15396241035,129336.08067757468
398999.99999999977,343380.4022792461,362446.11015361117,55619.59772075369,36553.8898463886
224000.0,192791.48445634518,186227.94485623864,31208.515543654823,37772.05514376136
198000.00000000006,241822.87492554114,253222.08527297206,-43822.87492554108,-55222.085272972006
297500.0000000002,241156.5348174499,253956.21429891343,56343.46518255028,43543.785701086745
605999.9999999994,184294.34698630712,170856.7755130413,421705.6530136923,435143.2244869581
829000.0000000002,369279.43636870023,362418.8087948453,459720.5636313,466581.19120515493
229000.00000000006,240954.72080560177,230117.6299042588,-11954.720805601712,-1117.6299042587343
305999.9999999998,259110.504426425,271163.50882387895,46889.49557357482,34836.49117612088
233199.99999999994,247930.26807694335,252506.42347527467,-14730.268076943408,-19306.42347527473
163524.99999999985,167499.05998655988,160504.58819980934,-3974.0599865600234,3020.4118001905154
790000.0000000003,460526.84574899444,446874.3230591,329473.1542510059,343125.67694090033
169000.00000000012,162000.0204852979,158118.4773353779,6999.979514702223,10881.522664622229
362499.9999999997,352391.77132422716,354240.23813076597,10108.228675772552,8259.761869233742
995000.0,956014.659482023,1007812.916162926,38985.34051797702,-12812.916162926005
199999.99999999997,121517.16295601631,118748.51810179534,78482.83704398366,81251.48189820463
846000.0000000001,745418.248922234,757313.2001741919,100581.75107776606,88686.79982580827
397999.99999999977,382063.2525075574,385990.1414911257,15936.747492442373,12009.85850887408
162000.00000000012,179058.17305733304,180396.12905859578,-17058.173057332926,-18396.12905859566
398999.99999999977,353259.78205383755,370541.3970970144,45740.217946162215,28458.602902985353
156000.0,300656.7994327607,322405.62980361836,-144656.7994327607,-166405.62980361836
398240.00000000006,163225.80815947813,170324.53518837044,235014.19184052193,227915.46481162962
328000.0000000002,360871.0096102863,360130.4733836614,-32871.0096102861,-32130.473383661243
241039.99999999994,484020.9777170719,469971.7830934209,-242980.97771707195,-228931.78309342096
1080000.0000000002,561972.4765237808,550149.9283419136,518027.5234762194,529850.0716580866
1158000.0000000007,516826.9504165285,512732.6494420515,641173.0495834722,645267.3505579492
448000.0000000002,245224.12633239882,248422.63964292486,202775.87366760135,199577.36035707532
269000.0,236879.73559527184,233869.6829630493,32120.264404728165,35130.3170369507
173999.99999999997,248004.0657642171,248301.570143285,-74004.06576421714,-74301.57014328503
149000.0,189707.7091024996,196874.24692525933,-40707.70910249959,-47874.24692525933
133000.00000000012,118114.20025980797,117644.15112779354,14885.799740192146,15355.848872206581
240000.00000000003,191375.8277978042,196315.84407938394,48624.17220219583,43684.15592061609
223599.99999999997,206456.0319852746,221881.10567503408,17143.968014725368,1718.8943249658914
360000.0000000001,725141.6288995611,713383.2329082313,-365141.628899561,-353383.2329082312
269025.0000000002,314012.89900175546,324828.0146487365,-44987.899001755286,-55803.01464873634
348149.99999999994,277717.5889344774,312743.14557491516,70432.41106552252,35406.85442508478
358200.0000000001,624871.7891273479,632131.2069801181,-266671.78912734776,-273931.20698011795
52000.000000000044,180282.8195857563,186471.57416000878,-128282.81958575627,-134471.57416000875
1193999.9999999998,609446.902800196,617866.7129951074,584553.0971998038,576133.2870048924
407999.99999999965,171639.99019780854,175803.24071983408,236360.0098021911,232196.75928016557
160400.00000000015,278042.0942676381,267397.5804662581,-117642.09426763796,-106997.58046625796
309000.00000000006,322660.8018563212,344607.8870832959,-13660.801856321166,-35607.88708329585
136999.9999999999,266581.7130549303,255943.49568304492,-129581.71305493041,-118943.49568304501
349999.9999999997,834469.9589836124,853892.1018860122,-484469.95898361265,-503892.10188601253
144450.0,174912.63745356555,183523.01012153664,-30462.63745356555,-39073.010121536645
327000.0000000001,294445.13906963845,307879.2471789727,32554.86093036167,19120.752821027418
225999.9999999998,551898.8681226398,537939.8255047349,-325898.86812264007,-311939.8255047351
221999.99999999983,344645.8694840393,336035.97955863003,-122645.86948403949,-114035.9795586302
339200.00000000023,276682.0775702233,272303.8229831421,62517.922429776925,66896.17701685813
617999.9999999999,311032.06370428385,306490.7999176933,306967.93629571603,311509.2000823066
337600.0000000003,166716.76681642683,170504.0867237286,170883.23318357347,167095.9132762717
1630000.000000001,1132697.9443864243,1191504.5486255724,497302.05561357667,438495.4513744286
78850.00000000004,176134.98263149342,174693.24083990045,-97284.98263149337,-95843.2408399004
592800.0000000003,433839.56924581004,436199.8963581854,158960.4307541903,156600.10364181496
585000.0000000003,433835.11661315354,426412.2434594343,151164.8833868468,158587.75654056604
395999.9999999999,176518.66497333284,189500.11431463703,219481.33502666705,206499.88568536285
212799.9999999999,278234.1314093469,268660.0269578539,-65434.13140934697,-55860.02695785396
188100.00000000003,174520.15839020332,175659.00493404592,13579.841609796713,12440.995065954106
182000.00000000003,176357.8712338218,176608.56441260132,5642.128766178241,5391.435587398708
735000.0000000005,342542.5265003057,358389.25808522623,392457.4734996948,376610.74191477423
315000.0000000002,341991.36835090566,388836.2284319226,-26991.368350905483,-73836.22843192244
390999.99999999977,645369.1627622372,668122.6500276504,-254369.16276223748,-277122.65002765064
468999.9999999998,333487.0017158801,353196.53120229417,135512.9982841197,115803.46879770566
498999.9999999996,315367.01008744,338000.77493388404,183632.98991255957,160999.22506611556
265000.00000000006,256404.75531288545,261991.4966818102,8595.24468711461,3008.503318189847
270000.00000000006,245075.05595203314,240138.67826468404,24924.944047966914,29861.321735316014
268927.9999999999,142531.8179543554,142859.52768136509,126396.18204564447,126068.4723186348
398999.99999999977,282066.6775961814,261744.6940849617,116933.32240381837,137255.30591503807
76000.0,168541.4515314519,161458.3448166998,-92541.4515314519,-85458.3448166998
499999.99999999977,472042.85077687807,480199.7981444288,27957.149223121698,19800.20185557095
167000.0000000001,180817.24942658667,186625.91046087994,-13817.249426586583,-19625.91046087985
348149.99999999994,340060.6400447683,339607.7592907133,8089.359955231659,8542.240709286649
108499.99999999999,167807.1590713083,161680.95024745297,-59307.15907130831,-53180.95024745299
203999.99999999985,147761.58975813419,145298.5607913066,56238.41024186567,58701.43920869325
49500.0,302119.3056481589,339724.76455152634,-252619.3056481589,-290224.76455152634
86000.00000000001,280800.2389691146,281737.58285951585,-194800.2389691146,-195737.58285951585
1370000.0000000007,638511.4707549154,638383.3915680172,731488.5292450853,731616.6084319835
167999.9999999999,163117.44730005943,166867.240460572,4882.552699940483,1132.759539427905
820000.0000000005,271991.00385693344,286464.33590354794,548008.996143067,533535.6640964525
460000.0000000002,359386.8078017803,380591.699180327,100613.19219821988,79408.30081967317
974999.9999999999,1086728.8913943495,1088680.4593987213,-111728.89139434963,-113680.45939872146
210000.0,340436.7048966963,327456.5320045885,-130436.70489669632,-117456.53200458852
202999.9999999999,212580.61044820328,220550.7326493317,-9580.61044820337,-17550.732649331796
495000.0000000004,259752.0936429136,264783.51059245004,235247.90635708682,230216.48940755037
162999.99999999988,365244.37306032475,368140.4684301294,-202244.37306032487,-205140.46843012952
165850.0,108440.85748987457,107648.88711838088,57409.14251012543,58201.11288161912
620000.0000000005,481467.5526324898,490027.15412098577,138532.44736751064,129972.8458790147
265000.00000000006,200381.7574971011,207616.79510551147,64618.24250289897,57383.20489448859
225999.9999999998,284875.8326842247,276817.23651514325,-58875.83268422491,-50817.23651514345
221550.0,269443.97424213344,272499.71795473486,-47893.97424213344,-50949.717954734864
134999.99999999997,243686.3613219355,234366.5006162984,-108686.36132193552,-99366.50061629844
630000.0000000006,747884.6663564183,762902.071467663,-117884.6663564177,-132902.07146766246
495599.99999999994,226241.90615990406,227102.54815785956,269358.0938400959,268497.4518421404
155149.99999999988,144880.7439169881,140314.4475337404,10269.256083011773,14835.552466259483
149000.0,188699.00726282498,184224.941767278,-39699.007262824976,-35224.94176727801
349999.9999999997,197612.43639007106,203035.4209026067,152387.56360992865,146964.579097393
895000.0000000007,501905.2190745361,483398.38028150215,393094.7809254646,411601.61971849855
501600.0000000002,334555.7430486107,333886.79930406174,167044.25695138949,167713.20069593843
191000.00000000015,278752.6052203892,284348.6658342741,-87752.60522038906,-93348.66583427394
929999.9999999993,669359.6347103204,742374.045339239,260640.3652896789,187625.95466076036
189999.9999999999,206254.51904364812,208175.29236959497,-16254.519043648208,-18175.29236959506
89000.00000000004,157444.41902485985,155977.4319088249,-68444.4190248598,-66977.43190882484
379000.0000000002,195118.7404672543,189347.32468839313,183881.25953274587,189652.67531160705
481274.9999999998,623174.432748122,661833.9999513833,-141899.4327481222,-180558.9999513835
621600.0000000001,578773.7566664362,613425.7475607214,42826.24333356391,8174.25243927876
435000.0,482282.2502104189,494333.01790895575,-47282.25021041889,-59333.01790895575
152000.00000000006,244278.75524567312,251366.8576116971,-92278.75524567306,-99366.85761169705
118000.00000000009,106438.42649140647,100639.34066289496,11561.573508593618,17360.659337105128
849900.0000000003,482758.75303062866,492570.4507436071,367141.2469693717,357329.5492563932
111599.99999999999,160677.60793786956,158842.3719861638,-49077.60793786957,-47242.371986163824
294999.9999999998,548856.9724577571,528359.0203341788,-253856.97245775728,-233359.020334179
124899.99999999993,160945.181585759,158217.70665633888,-36045.181585759085,-33317.70665633895
249000.00000000006,506057.72684877395,527791.2862651912,-257057.7268487739,-278791.2862651911
649900.0000000006,289403.0126927652,308618.95302935963,360496.98730723537,341281.04697064095
263000.0000000002,399883.2691588918,409784.14351935725,-136883.26915889164,-146784.14351935708
118000.00000000009,201980.40962229136,217127.7425154757,-83980.40962229128,-99127.7425154756
339900.00000000006,329397.4700884488,341088.94495795696,10502.529911551275,-1188.9449579569045
739999.9999999999,699074.1446234552,733046.9312147564,40925.85537654464,6953.068785243435
337000.0,335802.9797172706,335041.90401730506,1197.0202827294124,1958.0959826949402
1350000.0,718143.740236221,744168.7963799686,631856.259763779,605831.2036200314
53599.99999999999,218267.61112826082,230217.4416746332,-164667.61112826082,-176617.4416746332
258000.00000000015,335980.8734880662,342403.6947766846,-77980.87348806605,-84403.69477668448
96500.00000000003,115333.05132150742,112324.16543758391,-18833.051321507388,-15824.165437583884
198000.00000000006,235346.2131594022,236521.05443474083,-37346.213159402134,-38521.05443474077
540000.0000000001,512957.8024038485,548355.1337127404,27042.197596151615,-8355.133712740266
147629.99999999994,158788.5928644196,165487.3234464467,-11158.592864419654,-17857.323446446768
210999.99999999994,310632.1070424314,306268.3098087064,-99632.10704243148,-95268.30980870646
33999.99999999999,104517.99893632387,103954.03529291638,-70517.99893632389,-69954.03529291638
1525000.0000000005,729520.8719044065,777665.5823978329,795479.128095594,747334.4176021676
105499.99999999993,179950.08220365242,192101.19137335927,-74450.08220365249,-86601.19137335934
264400.00000000006,200966.4366394535,206253.32201252488,63433.56336054657,58146.67798747518
280000.0,264878.37216151936,254433.99690498904,15121.627838480636,25566.003095010965
242000.00000000017,170086.47575825572,162979.953782924,71913.52424174445,79020.04621707616
265000.00000000006,414683.83483369666,426743.7138904731,-149683.8348336966,-161743.71389047307
162999.99999999988,129318.4564514418,127762.01767686378,33681.54354855808,35237.98232313611
359000.00000000023,660397.5822244525,667046.2335705991,-301397.5822244523,-308046.2335705989
86000.00000000001,181930.04262964835,192513.46802678678,-95930.04262964833,-106513.46802678677
210000.0,268800.00602358126,277393.4718940958,-58800.006023581256,-67393.47189409583
689999.9999999995,375853.9261639458,383197.2671263957,314146.0738360537,306802.7328736038
157560.00000000015,154620.68880435269,153185.52537023762,2939.3111956474604,4374.474629762524
205999.99999999988,161506.12351110927,165817.5960618439,44493.876488890615,40182.40393815597
364999.99999999977,366716.8728171803,372043.7528968149,-1716.872817180527,-7043.752896815131
244600.00000000006,223189.55406004557,228637.99146561927,21410.445939954487,15962.008534380788
398999.99999999977,291882.3675626874,293623.23873512656,107117.6324373124,105376.7612648732
840000.0000000005,671072.4073429303,710600.8020332447,168927.59265707014,129399.19796675572
219999.99999999983,171032.95483061313,167579.57998537092,48967.04516938669,52420.42001462891
145899.99999999994,178130.883324069,172014.00837848487,-32230.88332406906,-26114.008378484927
188999.99999999988,178511.52021086853,177706.5111588076,10488.47978913135,11293.488841192273
109000.0,144035.59543902072,143883.1173450952,-35035.59543902072,-34883.117345095205
180000.00000000003,217926.50378387154,220558.30766082756,-37926.50378387151,-40558.30766082753
420000.0,264098.8019199382,268253.1666129627,155901.19808006182,151746.83338703727
109000.0,97305.53497042513,95825.70539490203,11694.465029574872,13174.294605097966
441000.00000000006,306865.9174580343,311287.53039388265,134134.08254196576,129712.4696061174
1650000.0000000007,1042202.208095341,1066637.8199114022,607797.7919046597,583362.1800885985
799799.9999999994,622747.3067850661,648674.406127758,177052.69321493327,151125.59387224144
1490000.0000000002,420292.9771796866,416887.2188679935,1069707.0228203137,1073112.7811320068
995000.0,918323.7543968989,958192.1041582825,76676.2456031011,36807.89584171749
549999.9999999998,298008.54032738006,308427.6778460854,251991.4596726197,241572.32215391437
600000.0000000003,1077662.7740302086,1101253.332468528,-477662.77403020824,-501253.3324685277
357999.99999999977,218403.6657394843,224625.88463400156,139596.33426051546,133374.1153659982
240000.00000000003,216553.70321976664,218435.40580708956,23446.296780233388,21564.594192910474
420000.0,396329.5399996333,406120.8889703022,23670.46000036667,13879.111029697815
195300.00000000003,293762.96089615376,294328.17606880516,-98462.96089615373,-99028.17606880513
669000.0000000006,443578.842091152,449488.0129547539,225421.1579088486,219511.9870452467
191599.99999999994,225322.40462226822,228702.68357895134,-33722.40462226828,-37102.6835789514
349999.9999999997,310177.63717788726,300580.2543992257,39822.36282211245,49419.74560077401
444999.9999999997,449169.3766818277,437713.1254534943,-4169.376681827998,7286.874546505394
81000.00000000007,126500.39899218074,119110.14705703514,-45500.398992180664,-38110.147057035065
125500.00000000006,153293.19379278936,148190.04647218244,-27793.1937927893,-22690.04647218238
158999.99999999997,284433.25521186006,281797.38154363324,-125433.25521186009,-122797.38154363327
373999.99999999977,717613.7167311552,719701.6492083048,-343613.7167311554,-345701.64920830505
157999.99999999997,168269.66099410568,174167.36917375377,-10269.66099410571,-16167.369173753803
196000.0000000001,237908.31240877704,231369.20400356853,-41908.312408776954,-35369.20400356845
100990.00000000003,289155.48630636703,307341.8272831129,-188165.486306367,-206351.82728311289
379999.9999999999,387155.09154941863,382021.50691271934,-7155.09154941875,-2021.5069127194583
288749.9999999999,212465.42530596664,210392.18138478513,76284.57469403325,78357.81861521475
214499.99999999985,207245.26225840548,216811.5883232084,7254.737741594377,-2311.5883232085325
227800.00000000006,143438.42638062025,144347.65499644366,84361.57361937981,83452.3450035564
823999.9999999994,1690000.0,1690000.0,-866000.0000000006,-866000.0000000006
206999.99999999994,480839.2577948351,499817.86279117496,-273839.25779483514,-292817.862791175
95000.00000000001,152966.8853059426,153142.95419224925,-57966.885305942575,-58142.954192249235
176699.9999999999,169806.1482112221,171627.24463636213,6893.8517887778,5072.755363637785
230000.0000000001,219915.19875878352,218796.18881239364,10084.80124121657,11203.81118760645
467955.00000000023,366411.4263138712,387947.79227968457,101543.573686129,80007.20772031567
339999.99999999994,252851.29010168114,256786.68417131976,87148.7098983188,83213.31582868018
219999.99999999983,348247.69012286473,363181.15361706377,-128247.69012286491,-143181.15361706394
114999.99999999991,195066.19742825563,190450.07517704557,-80066.19742825572,-75450.07517704566
653000.0000000001,577629.0051660625,618663.6145687469,75370.99483393761,34336.385431253235
157500.00000000006,345645.52403071104,370125.3204535227,-188145.52403071098,-212625.32045352267
155499.9999999999,205815.66045171954,207487.28696035699,-50315.660451719625,-51987.28696035707
129999.00000000006,170968.79531498946,159858.0016630417,-40969.7953149894,-29859.00166304165
330000.0000000001,274466.32440236356,285117.93312469433,55533.67559763655,44882.06687530578
1539999.9999999988,1366787.6885285995,1474813.179214956,173212.3114713994,65186.82078504283
495000.0000000004,474821.6319072743,462096.97335074435,20178.3680927261,32903.02664925606
379999.9999999999,234121.2263416323,234659.54942077387,145878.77365836757,145340.45057922602
109999.99999999991,201983.25511300864,200624.1009771762,-91983.25511300872,-90624.10097717628
484999.99999999965,443021.3101908698,441053.2261807531,41978.689809129864,43946.77381924656
244999.99999999997,364085.1334250642,385832.3621544458,-119085.13342506424,-140832.36215444581
185000.00000000006,206122.0081885498,209623.64478000827,-21122.00818854975,-24623.64478000821
376000.0000000003,353760.59741673444,364474.5667518042,22239.40258326585,11525.433248196088
188999.99999999988,132315.95649309066,130166.05687742865,56684.04350690922,58833.94312257123
615000.0,369039.5116639659,360168.96374023467,245960.48833603412,254831.03625976533
237000.00000000003,264501.2850561008,255452.53029629946,-27501.28505610078,-18452.530296299432
448999.99999999994,432233.20869251585,431656.68448794226,16766.79130748409,17343.315512057685
589000.0,369496.84801252105,390734.77337392356,219503.15198747895,198265.22662607644
231999.99999999997,162261.0720652708,158804.9767214532,69738.92793472917,73195.02327854678
169949.99999999988,251659.78838090942,246011.5312640956,-81709.78838090954,-76061.53126409571
120000.00000000004,141471.4617505124,134836.2426352477,-21471.461750512346,-14836.242635247661
269000.0,363614.7776074051,361182.3134195444,-94614.77760740509,-92182.31341954443
258474.9999999999,219068.068834567,239021.46892812144,39406.93116543291,19453.531071878475
594999.9999999997,579383.214195818,605893.1972814156,15616.785804181709,-10893.197281415923
439000.0000000001,574068.8958694258,590356.5586527705,-135068.89586942573,-151356.55865277036
187000.00000000012,246056.63414284962,247286.573119185,-59056.63414284951,-60286.573119184875
139499.9999999999,155713.31914010964,151941.17586018777,-16213.319140109728,-12441.175860187854
398999.99999999977,346939.11409858125,366517.210433425,52060.885901418515,32482.789566574793
839900.0,817840.7476080302,820923.2276862464,22059.252391969785,18976.77231375361
334000.0000000002,259204.96815997353,262497.5577569303,74795.03184002664,71502.44224306988
1031000.0000000002,1018775.0243158067,1038783.9309446807,12224.975684193545,-7783.930944680469
255000.0000000001,757648.612837828,752584.8846550047,-502648.6128378279,-497584.8846550046
890000.0000000002,653771.1613081263,686602.745105691,236228.83869187394,203397.2548943092
474999.99999999977,467011.096216839,470248.1069128628,7988.903783160786,4751.893087136967
787499.9999999994,501407.00637143693,519805.8164914362,286092.9936285625,267694.1835085632
291999.9999999998,204468.07058676158,196857.66867983044,87531.92941323825,95142.33132016938
369000.0000000001,226813.4765027119,223566.58709251456,142186.5234972882,145433.41290748556
415000.00000000006,309924.72102017904,322048.1329411905,105075.27897982101,92951.86705880956
99000.00000000004,251970.82037291068,247274.90239637732,-152970.82037291065,-148274.9023963773
288999.9999999999,325556.27613850404,317373.30895144504,-36556.27613850415,-28373.308951445157
199899.99999999997,243289.18896324743,243595.94182457842,-43389.18896324746,-43695.94182457845
768999.9999999997,373660.06686432706,376009.91650586814,395339.9331356726,392990.0834941315
178499.99999999985,246977.14768947306,249411.69711066046,-68477.1476894732,-70911.6971106606
283000.0000000001,283046.6218591393,283195.9700698197,-46.62185913918074,-195.97006981959566
177065.00000000015,171068.22919363237,167837.3067981833,5996.770806367771,9227.693201816845
334999.9999999998,218220.48161125163,222480.3562907162,116779.5183887482,112519.64370928361
1249999.999999999,401040.1991671121,402830.7039973366,848959.800832887,847169.2960026625
729999.9999999998,379217.42561880517,372328.4227472531,350782.5743811946,357671.5772527467
501999.9999999998,358265.3589960348,368884.8862681412,143734.64100396505,133115.1137318586
416999.9999999998,250088.4452850702,250908.9151252216,166911.55471492963,166091.08487477823
225000.00000000015,135524.0020419394,130548.53495010297,89475.99795806073,94451.46504989718
148000.00000000015,105232.10424825927,101529.86422632258,42767.89575174087,46470.13577367757
195000.00000000006,240926.6063451889,245863.24229010838,-45926.60634518883,-50863.24229010832
114999.99999999991,103180.14976690763,100194.05910952606,11819.850233092278,14805.940890473852
142000.0,191800.36166939157,197564.63287599594,-49800.36166939157,-55564.63287599594
739999.9999999999,405440.2129783025,410872.80252759176,334559.7870216974,329127.1974724081
271000.0000000002,281559.44694518176,287811.8690754411,-10559.446945181582,-16811.869075440918
188999.99999999988,191968.9297467697,189787.62128794505,-2968.929746769805,-787.6212879451632
719999.9999999995,306218.7544918243,297491.1618159729,413781.2455081752,422508.83818402665
225000.00000000015,226091.98935848018,227031.60576422972,-1091.9893584800302,-2031.6057642295782
326000.0,197487.41653883472,197390.88891906754,128512.58346116528,128609.11108093246
173800.00000000003,126881.6461931935,127062.16188766675,46918.353806806525,46737.83811233328
324999.9999999999,569773.2628532273,566872.2475802163,-244773.26285322744,-241872.24758021638
430499.99999999994,226170.11856688128,223520.13001782203,204329.88143311866,206979.86998217792
148000.00000000015,296764.92398975755,297312.3458298334,-148764.9239897574,-149312.34582983327
363964.9999999998,381345.57237493194,407404.5575616332,-17380.57237493212,-43439.55756163335
515000.00000000006,428524.1819274392,447765.71992531593,86475.81807256088,67234.28007468412
162999.99999999988,223469.8444843033,213586.17236179882,-60469.84448430341,-50586.172361798934
360000.0000000001,328742.31666652946,323355.4197925112,31257.68333347066,36644.58020748891
319000.0,441190.29012457695,441278.39160191506,-122190.29012457695,-122278.39160191506
214000.00000000017,176155.4429911032,175052.04231977026,37844.55700889698,38947.95768022991
570000.0000000001,332054.48443764966,363834.5854210148,237945.51556235045,206165.4145789853
186375.00000000015,123731.66629782994,120572.21936131961,62643.3337021702,65802.78063868053
530000.0000000003,584003.3142549223,624969.7842229916,-54003.31425492198,-94969.7842229912
178499.99999999985,258534.0446043235,253921.01801784706,-80034.04460432366,-75421.01801784721
337999.99999999977,218220.2874885314,223812.51228204428,119779.71251146836,114187.48771795549
575000.0000000001,422004.213305571,453669.644007931,152995.78669442912,121330.35599206912
249366.0,218788.27100130724,228504.58749985794,30577.728998692764,20861.41250014206
275000.0000000002,284388.8927208809,294289.8197986767,-9388.892720880744,-19289.81979867653
1141400.0000000002,850188.9366494898,876437.1122403808,291211.06335051043,264962.8877596194
284999.99999999994,173995.42134605232,177289.68374277785,111004.57865394762,107710.31625722209
249999.9999999998,216270.28258250226,224941.82691417096,33729.71741749754,25058.173085828836
214000.00000000017,168246.59826845117,161097.6347043993,45753.401731549005,52902.365295600874
205000.0,173681.79735743237,182266.14153498548,31318.20264256763,22733.85846501452
183000.00000000012,187374.49353356878,193881.2905517787,-4374.4935335686605,-10881.29055177857
540300.0000000003,388005.56307102897,395961.4305485564,152294.43692897138,144338.56945144397
218999.99999999988,175211.21919453994,181205.06406069035,43788.780805459945,37794.93593930954
1495000.000000001,540278.0746861693,560469.0715060852,954721.9253138317,934530.9284939157
55000.00000000004,116258.74277675741,115724.00801193455,-61258.742776757375,-60724.008011934515
1380000.0000000005,367360.69350715843,349375.53657793405,1012639.306492842,1030624.4634220664
1350000.0,717958.8227876015,744015.9220721144,632041.1772123985,605984.0779278856
834000.0,209323.1977052228,204850.95481695648,624676.8022947772,629149.0451830435
318000.0,337118.66744884505,343712.0980954729,-19118.66744884505,-25712.098095472902
289999.9999999999,264703.47466377914,254441.74946710965,25296.525336220744,35558.25053289023
316999.9999999999,629035.7336475174,621889.1155635931,-312035.7336475175,-304889.1155635932
397999.99999999977,584185.2664145967,584807.7198113761,-186185.26641459693,-186807.7198113763
64800.000000000044,171407.22562630955,168500.76843457177,-106607.2256263095,-103700.76843457173
308000.0000000001,269774.8716323573,271063.75097842736,38225.128367642814,36936.24902157276
179500.00000000015,114321.24426417761,112360.54071837048,65178.75573582253,67139.45928162966
180000.00000000003,263897.9223203808,265352.40422886924,-83897.92232038078,-85352.40422886921
387999.9999999999,303642.51580188866,311440.8685314114,84357.48419811123,76559.13146858849
614595.9999999998,694827.8826507685,728952.0281914881,-80231.88265076873,-114356.02819148835
748800.0000000003,316003.50207854586,321542.77268285706,432796.4979214545,427257.2273171433
149800.00000000003,219408.7305294432,233219.36049931697,-69608.73052944316,-83419.36049931694
415000.00000000006,233195.69850715584,226641.44506740003,181804.3014928442,188358.55493260003
729999.9999999998,743600.2212807604,763926.0424232462,-13600.221280760597,-33926.04242324643
339400.00000000023,199533.88799086845,205158.92213915664,139866.1120091318,134241.0778608436
314000.0,274790.70211765246,263211.2080650936,39209.29788234754,50788.79193490639
364000.00000000006,409799.9543292348,431961.88782068586,-45799.95432923472,-67961.8878206858
109499.99999999991,128035.32954390955,122585.43471613084,-18535.32954390964,-13085.434716130927
589000.0,700037.9683300687,689708.3877913981,-111037.96833006875,-100708.3877913981
73999.99999999997,100824.74950373296,98305.59067653882,-26824.749503732994,-24305.59067653885
192600.00000000017,302698.7557175584,314956.3332997956,-110098.7557175582,-122356.3332997954
155000.00000000012,173654.0383079941,167404.60633652323,-18654.038307993993,-12404.60633652311
241500.0,235102.44933130796,225456.5734573504,6397.550668692042,16043.426542649599
422000.00000000006,231171.5245949559,237361.46672745436,190828.47540504416,184638.5332725457
121000.00000000003,213631.69543080794,200731.93934408284,-92631.69543080791,-79731.93934408281
1179999.9999999993,879690.3551496177,916840.706173284,300309.64485038165,263159.2938267153
29999.99999999999,176366.03673005343,174072.55253472427,-146366.03673005343,-144072.55253472427
127899.99999999993,211769.2306683932,202155.82937837756,-83869.23066839327,-74255.82937837763
120000.00000000004,142852.20168020562,134952.24150861835,-22852.201680205573,-14952.241508618303
560000.0000000003,582461.3558696393,581103.6014307502,-22461.355869638966,-21103.60143074987
131249.99999999997,144722.8115977729,140842.05525220782,-13472.811597772932,-9592.05525220785
495000.0000000004,303037.21877637465,324252.5757271752,191962.78122362576,170747.42427282518
376000.0000000003,267383.1312585101,271159.6056124757,108616.86874149018,104840.39438752457
241860.00000000003,488404.583700834,559377.1229334614,-246544.583700834,-317517.12293346145
716000.0000000003,449224.62250684213,483298.2618955738,266775.3774931582,232701.73810442653
199000.0000000001,287222.9988061717,299819.5358410501,-88222.99880617161,-100819.53584105
320000.00000000006,256679.51075625248,249163.6897588624,63320.48924374758,70836.31024113766
315000.0000000002,205708.64460033027,224728.7545421781,109291.3553996699,90271.24545782208
490000.0,231202.6748564809,219218.54637022718,258797.3251435191,270781.4536297728
969000.0000000008,315576.388577527,333010.42462435697,653423.6114224738,635989.5753756438
235000.0,169842.47503590566,165881.44545070772,65157.52496409434,69118.55454929228
468000.0000000003,247883.5175296161,251691.93341427174,220116.4824703842,216308.06658572855
315000.0000000002,217769.8621725269,225591.55367831045,97230.13782747329,89408.44632168973
330000.0000000001,297675.65419333964,297670.10300508677,32324.34580666048,32329.896994913346
213000.00000000015,248551.48311410335,242123.10820140046,-35551.483114103205,-29123.10820140032
509499.9999999998,579665.8641750447,593948.7877841984,-70165.86417504487,-84448.78778419859
191000.00000000015,318476.4865423324,358179.3413737787,-127476.48654233225,-167179.34137377856
1080000.0000000002,571510.3861111203,559629.3822655922,508489.6138888799,520370.617734408
64999.999999999956,92978.10636940983,90357.3068431041,-27978.10636940987,-25357.306843104147
227000.0,296411.73084265715,299584.647359052,-69411.73084265715,-72584.64735905197
682499.9999999995,420431.6819639713,443090.0823801237,262068.31803602824,239409.9176198758
363120.00000000006,616744.8163931993,630929.8478854346,-253624.8163931992,-267809.8478854346
698999.9999999995,356210.73218402575,371929.2442914496,342789.2678159738,327070.7557085499
244950.00000000015,246669.0150088201,238416.68662980152,-1719.015008819959,6533.313370198623
102000.00000000001,223679.24931186825,231160.71978248373,-121679.24931186823,-129160.71978248372
324999.9999999999,625321.2818051667,627595.697923327,-300321.28180516686,-302595.6979233271
255000.0000000001,381356.6443924535,390992.81568843906,-126356.6443924534,-135992.81568843898
93000.00000000007,138739.78409795157,134407.11167006608,-45739.7840979515,-41407.111670066006
490000.0,399923.38300799835,408763.67800215026,90076.61699200165,81236.32199784974
450999.99999999965,319439.0982062581,318776.4362288973,131560.90179374156,132223.56377110234
252000.0000000001,175740.4465441961,184365.71698020783,76259.55345580398,67634.28301979226
56000.000000000044,149461.24867261373,149632.77148415762,-93461.24867261368,-93632.77148415758
208999.99999999988,252325.07784349693,251330.73025824985,-43325.07784349704,-42330.73025824997
461999.9999999998,740575.0162787179,780653.7095549599,-278575.0162787181,-318653.7095549601
1260000.0,367828.44649739144,383049.95857992256,892171.5535026086,876950.0414200774
398999.99999999977,279888.9175571602,293637.7004746175,119111.08244283957,105362.29952538229
150000.00000000006,193827.3079533482,192303.72469774916,-43827.30795334815,-42303.7246977491
549000.0000000005,618747.3839494103,652693.0803309369,-69747.38394940982,-103693.08033093647
310000.0000000002,389149.2557891217,407710.28609124257,-79149.2557891215,-97710.2860912424
219999.99999999983,177283.66001716393,178459.55410442533,42716.339982835896,41540.44589557449
379000.0000000002,391486.0073584859,394933.6059491896,-12486.007358485716,-15933.605949189398
79000.00000000006,118090.19843568007,106445.47696933479,-39090.19843568001,-27445.476969334733
599899.9999999997,444402.71353541524,477885.7084914249,155497.2864645844,122014.29150857474
530000.0000000003,441820.01576163265,469395.67884809687,88179.9842383677,60604.32115190348
131999.9999999999,127867.42874620375,124166.20965771143,4132.571253796166,7833.790342288485
122499.99999999996,125227.21374251525,121486.12436919335,-2727.2137425152905,1013.8756308066077
64999.999999999956,108796.93195272017,106911.24754323036,-43796.93195272022,-41911.247543230405
299000.00000000006,209400.69528445986,204776.54717028266,89599.3047155402,94223.4528297174
318556.0,273720.8657305779,288145.77347526676,44835.134269422095,30410.22652473324
208999.99999999988,241294.7548393551,235139.75536852868,-32294.754839355213,-26139.7553685288
320000.00000000006,231487.4076567198,223306.97878263952,88512.59234328027,96693.02121736054
348000.0000000002,263401.59490616026,267371.8317748749,84598.40509383992,80628.1682251253
384800.00000000023,369068.2972237941,359587.06624014943,15731.702776206133,25212.9337598508
240000.00000000003,309273.0280690928,317990.3594594116,-69273.02806909275,-77990.35945941156
230000.0000000001,284167.54448346846,284136.83585030556,-54167.54448346837,-54136.83585030548
161000.00000000006,254180.933864069,263116.29764128546,-93180.93386406894,-102116.2976412854
291000.00000000006,343531.99678916635,339231.0915937752,-52531.9967891663,-48231.09159377514
218999.99999999988,191961.60075274485,186261.93994522336,27038.39924725503,32738.06005477652
218999.99999999988,203430.7274752061,198971.6253412685,15569.272524793778,20028.374658731394
320000.00000000006,262661.96709661005,264309.70096989686,57338.032903390005,55690.2990301032
1525000.0000000005,1690000.0,1690000.0,-164999.99999999953,-164999.99999999953
344999.9999999997,217761.83358284706,216705.46085632563,127238.16641715265,128294.53914367408
444999.9999999997,377996.7503479486,384532.11038343026,67003.24965205113,60467.889616569446
570000.0000000001,294018.7601427753,312319.4816019381,275981.2398572248,257680.51839806203
375000.00000000006,265525.1419502194,282008.6702867133,109474.85804978065,92991.32971328677
507000.0000000003,269885.9115146135,283215.0036737127,237114.0884853868,223784.99632628757
80000.0,85727.23105541972,82135.32743868485,-5727.231055419717,-2135.3274386848498
235000.0,292192.17993520014,297831.35774899536,-57192.17993520014,-62831.35774899536
465000.00000000023,649291.7893565642,655977.9303940316,-184291.78935656394,-190977.93039403134
217999.99999999988,218687.9163964828,217032.06333540205,-687.9163964829058,967.9366645978298
328000.0000000002,374445.2044422136,417098.314587656,-46445.204442213406,-89098.31458765583
854999.9999999993,348490.7633718921,365850.44894496904,506509.2366281072,489149.55105503026
139999.9999999999,243085.53372476838,247358.3079249507,-103085.53372476847,-107358.30792495079
39500.00000000001,92136.32330478697,89842.88130560065,-52636.323304786965,-50342.88130560064
430000.00000000023,411600.39206392504,403037.9517221036,18399.60793607519,26962.048277896654
844999.9999999993,859707.8332773722,973562.7463492721,-14707.833277372876,-128562.74634927278
478000.0000000002,503865.039233126,509967.827074612,-25865.039233125804,-31967.82707461185
130000.00000000009,221022.703749421,211842.35229570465,-91022.7037494209,-81842.35229570456
103000.00000000001,100145.05742126715,99162.46326174709,2854.9425787328655,3837.536738252922
104999.99999999997,116137.36791361158,114203.31008283063,-11137.367913611612,-9203.310082830663
241020.0000000001,215020.58048080804,223583.21278036167,25999.419519192044,17436.787219638412
664999.9999999995,679348.4443790287,719711.3157617581,-14348.444379029213,-54711.3157617586
56000.000000000044,177058.3260586439,171336.37663649916,-121058.32605864386,-115336.37663649912
620000.0000000005,407818.0581422552,419919.48325707566,212181.9418577453,200080.5167429248
590000.0000000003,278292.6271111152,281206.6211282879,311707.37288888515,308793.3788717124
171199.99999999985,174960.28844840237,181742.68693911983,-3760.2884484025126,-10542.686939119973
146999.99999999988,109042.66799279879,108134.93805028967,37957.3320072011,38865.061949710216
87999.99999999996,147586.5451431722,148514.0356142784,-59586.54514317225,-60514.035614278444
598500.0,303510.366742654,293945.49567805545,294989.633257346,304554.50432194455
599000.0,644615.3226770584,633254.5469169545,-45615.3226770584,-34254.54691695445
225000.00000000015,290830.9446827613,284529.5607018823,-65830.94468276118,-59529.56070188215
291999.9999999998,222415.44585770115,226355.4053096153,69584.55414229867,65644.59469038452
339999.99999999994,255109.5950086107,270941.79450935824,84890.40499138925,69058.2054906417
146999.99999999988,213196.3956786846,215732.96096128272,-66196.39567868473,-68732.96096128284
579999.9999999997,341899.9251935849,348311.504030858,238100.07480641478,231688.49596914166
840000.0000000005,219396.90612502693,212874.7984606651,620603.0938749735,627125.2015393353
244999.99999999997,287943.5172813012,295822.8660302277,-42943.51728130123,-50822.86603022771
328599.99999999977,208906.22623212886,214699.32064044735,119693.77376787091,113900.67935955242
334999.9999999998,274987.99427013786,269533.0454789116,60012.005729861965,65466.95452108822
463000.0000000004,1200382.052218429,1250621.7353494132,-737382.0522184286,-787621.7353494128
371500.0000000003,381379.2968731391,400078.914392352,-9879.29687313881,-28578.914392351697
64999.999999999956,151334.8770988379,150680.22554744387,-86334.87709883794,-85680.22554744392
455000.0,506633.2460013961,536181.1607440797,-51633.246001396095,-81181.16074407974
212000.00000000017,186548.39222082295,187757.62922718533,25451.607779177226,24242.370772814844
448999.99999999994,585069.4160155181,589870.4106903309,-136069.4160155182,-140870.41069033096
219900.00000000015,307708.9513940513,320393.9365476326,-87808.95139405117,-100493.93654763247
109999.99999999991,251405.7519370053,265648.6972998374,-141405.75193700538,-155648.6972998375
294999.9999999998,204695.5268741361,205230.5648971728,90304.47312586373,89769.43510282703
218999.99999999988,195393.60263530992,192258.3434832176,23606.39736468997,26741.65651678227
969999.9999999999,562781.3265383759,604298.7386068249,407218.67346162396,365701.261393175
244999.99999999997,167394.08470349773,166901.40981932552,77605.91529650224,78098.59018067445
208999.99999999988,187445.9277262294,183525.66114435907,21554.072273770493,25474.338855640817
183749.99999999994,121584.90176994327,121500.16361466772,62165.09823005667,62249.83638533222
167999.9999999999,179269.52303577855,180133.0567462083,-11269.523035778635,-12133.0567462084
174900.00000000006,182701.28765579168,179753.35216253658,-7801.287655791617,-4853.352162536525
221999.99999999983,444829.0344003293,483121.4489921719,-222829.03440032946,-261121.44899217208
108000.00000000001,138297.2855177866,134048.46175761818,-30297.285517786586,-26048.461757618163
214000.00000000017,211737.26795934085,218408.7336272189,2262.732040659321,-4408.733627218724
330000.0000000001,282081.0873258092,283289.6917684833,47918.91267419094,46710.3082315168
199000.0000000001,109495.02731638831,107724.31213406958,89504.97268361178,91275.68786593051
230000.0000000001,394030.0517437219,380436.51611556415,-164030.0517437218,-150436.51611556407
341087.00000000023,403135.6786507989,439017.83770344977,-62048.67865079868,-97930.83770344954
180000.00000000003,167385.99264640533,158844.81519164384,12614.007353594701,21155.184808356193
76199.99999999994,160043.86426106514,168183.38110432346,-83843.8642610652,-91983.38110432352
315000.0000000002,402985.1058252226,452631.8950040454,-87985.10582522245,-137631.89500404522
409999.9999999997,354124.37907282705,351197.37085792696,55875.620927172655,58802.62914207275
158999.99999999997,144647.5299149668,137064.28030935186,14352.470085033157,21935.71969064811
356999.99999999994,543181.5588297469,559278.5843376992,-186181.55882974697,-202278.58433769929
215000.0,228356.72351235198,228536.07912175357,-13356.723512351979,-13536.079121753573
173750.0,153804.37209917692,147757.6722489397,19945.627900823078,25992.327751060307
269000.0,277499.95592789055,274890.4071981756,-8499.95592789055,-5890.407198175613
785000.0000000006,789695.4760017073,825332.9793379273,-4695.476001706673,-40332.97933792672
291436.0000000001,261596.79831812065,275579.3410039933,29839.201681879465,15856.658996006823
314900.0000000001,196569.07966390002,196012.2421913174,118330.9203361001,118887.75780868271
820000.0000000005,553951.7431780811,557352.045342125,266048.25682191935,262647.95465787547
240000.00000000003,257000.5575594029,264346.3001172605,-17000.557559402863,-24346.300117260456
291999.9999999998,168699.87165152212,164531.32528512063,123300.12834847771,127468.67471487919
159999.99999999997,143442.25691918505,137358.94466032216,16557.743080814922,22641.055339677812
133000.00000000012,138967.4633326519,140636.74137429512,-5967.463332651794,-7636.741374295001
299000.00000000006,299815.55970390985,292256.9106024699,-815.559703909792,6743.08939753013
75500.00000000006,201687.45848307482,204205.74842854004,-126187.45848307476,-128705.74842853998
630000.0000000006,510200.4081021184,550860.9331090254,119799.59189788217,79139.06689097523
579999.9999999997,535650.454852953,556668.7590564421,44349.54514704668,23331.240943557583
100000.00000000004,172276.25402863836,172098.20947256743,-72276.25402863832,-72098.20947256738
64999.999999999956,176604.33236955988,183525.71052235636,-111604.33236955992,-118525.7105223564
275000.0000000002,204987.63049583966,202820.8896958867,70012.36950416051,72179.11030411348
139499.9999999999,185390.77021931755,193930.40258105448,-45890.77021931764,-54430.40258105457
239000.00000000003,241209.01633083133,241464.05718225922,-2209.016330831306,-2464.0571822591883
339999.99999999994,208770.89646884857,215796.8187571941,131229.10353115137,124203.18124280585
162500.00000000012,116143.58319251877,113624.65071487137,46356.41680748135,48875.349285128745
269359.9999999999,199191.62200651236,191388.4827255973,70168.37799348752,77971.51727440258
267999.99999999977,255691.28668903004,264057.2622358338,12308.713310969732,3942.7377641659696
270000.00000000006,259560.81447379023,258952.9106699563,10439.185526209825,11047.08933004376
64999.999999999956,170598.29623310437,166861.47576897457,-105598.29623310441,-101861.47576897462
254000.0000000002,164631.03623225584,166545.53901912578,89368.96376774437,87454.46098087443
112000.00000000004,232870.01618030705,230027.15369958527,-120870.01618030701,-118027.15369958522
477000.00000000006,387628.8259264711,386374.68035483046,89371.17407352896,90625.3196451696
418999.9999999998,655451.1064616633,640742.2907641921,-236451.10646166344,-221742.2907641923
229000.00000000006,157282.46552269778,156679.08512288707,71717.53447730228,72320.91487711298
379999.9999999999,152184.01529408456,151887.59888155432,227815.98470591533,228112.40111844556
780000.0000000001,684043.8867766421,725186.5896504733,95956.11322335806,54813.41034952679
225000.00000000015,238703.4702448624,243120.38515283293,-13703.470244862256,-18120.38515283278
95000.00000000001,105554.04093672558,101923.52205942747,-10554.040936725563,-6923.522059427458
239000.00000000003,291791.0580578544,282231.6264861209,-52791.05805785439,-43231.62648612089
275000.0000000002,314357.1045024989,326845.9318509178,-39357.104502498754,-51845.93185091764
362000.0,137017.54293257982,133969.063651716,224982.45706742018,228030.936348284
230000.0000000001,232742.51924896592,224256.39327489637,-2742.5192489658366,5743.606725103717
620999.9999999997,563589.7164447085,589186.6506275731,57410.28355529113,31813.349372426514
349999.9999999997,222891.71960193047,228371.79710068225,127108.28039806924,121628.20289931746
270000.00000000006,201374.11376291313,202747.51222220372,68625.88623708693,67252.48777779634
249999.9999999998,202495.1824453623,216568.09682610078,47504.8175546375,33431.903173899016
380999.99999999977,292919.5782682823,302696.5740321828,88080.42173171748,78303.42596781696
93999.99999999997,124523.77513489714,119549.54297543084,-30523.775134897165,-25549.54297543087
850000.0000000005,658739.1690800554,664090.5932236084,191260.83091994503,185909.40677639202
342000.0000000002,255762.0464508506,267150.7794994106,86237.95354914956,74849.22050058958
129000.0000000001,142428.67000580145,141056.89575745983,-13428.670005801352,-12056.89575745973
299599.99999999977,253799.46022300984,259935.2313224758,45800.53977698993,39664.76867752397
794999.9999999998,1313770.8844744365,1307279.7911486828,-518770.88447443675,-512279.79114868306
398999.99999999977,1270060.5910822824,1264414.6731055318,-871060.5910822826,-865414.6731055321
352000.0000000003,423727.28824448696,446617.9468893272,-71727.28824448667,-94617.94688932691
63999.99999999997,239967.5145418086,242448.45711181837,-175967.51454180863,-178448.4571118184
446999.9999999999,269993.9104355811,271229.99616745196,177006.08956441877,175770.00383254793
1049000.0000000007,531185.558046071,546347.2042703821,517814.4419539297,502652.79572961864
649999.9999999995,669996.1353166945,675736.2320044053,-19996.13531669497,-25736.232004405814
244999.99999999997,238035.19266772902,236678.07844287975,6964.807332270953,8321.921557120222
142000.0,220540.1547483553,216768.19245371225,-78540.1547483553,-74768.19245371225
310000.0000000002,262233.10735431605,259073.79796393574,47766.89264568413,50926.20203606444
161000.00000000006,219108.4367066137,222260.6681207871,-58108.43670661363,-61260.66812078704
186699.99999999983,261959.2494929029,256803.54376238046,-75259.24949290307,-70103.54376238064
249000.00000000006,285076.02626107534,282209.176849155,-36076.02626107528,-33209.17684915493
474999.99999999977,448848.3178124807,449761.3222108759,26151.682187519094,25238.677789123845
359000.00000000023,541456.3296197861,568013.6461112192,-182456.3296197859,-209013.64611121896
178383.00000000003,188585.809524464,186353.03815320972,-10202.809524463984,-7970.038153209694
230000.0000000001,152470.2678733116,148350.38307255215,77529.7321266885,81649.61692744793
73200.00000000001,115894.29392590192,108451.11037892551,-42694.293925901904,-35251.1103789255
325500.0000000002,268431.0578130488,278528.0126827742,57068.942186951346,46971.987317225954
377999.99999999994,232765.5908967541,233328.18850222687,145234.40910324585,144671.81149777307
229000.00000000006,223221.30122914544,222308.59301564356,5778.698770854622,6691.406984356494
29799.999999999975,168492.15689930957,165038.689096942,-138692.1568993096,-135238.68909694202
259999.9999999998,360278.2456798951,362947.92941391026,-100278.2456798953,-102947.92941391046
95000.00000000001,154542.82199336786,146036.26338269727,-59542.82199336785,-51036.26338269726
479000.00000000035,431387.6678996705,429805.2849727968,47612.33210032986,49194.71502720355
826999.9999999995,514962.68097529694,539538.5227476449,312037.3190247026,287461.4772523546
284999.99999999994,604577.4304818099,654744.0607827954,-319577.43048180995,-369744.0607827955
228000.00000000003,204908.24600651534,196701.1215084707,23091.753993484686,31298.87849152932
155000.00000000012,111522.43089815612,105025.39843105839,43477.569101844,49974.601568941725
371999.9999999998,716256.2516853675,719962.4714302648,-344256.2516853677,-347962.47143026494
32999.99999999999,159812.8769025365,166131.10537594135,-126812.87690253649,-133131.10537594135
798999.9999999997,523445.9491871066,627478.493829187,275554.050812893,171521.50617081264
794999.9999999998,479936.29072525515,458855.96985857614,315063.7092747446,336144.03014142363
449999.99999999994,539604.4532647697,550589.263338044,-89604.4532647698,-100589.26333804411
293000.0000000001,208711.92027834212,222026.961366377,84288.079721658,70973.0386336231
143000.0000000001,134788.1399467871,133813.61137382124,8211.860053212993,9186.388626178843
297999.9999999998,343771.49920242553,367184.92718677747,-45771.49920242571,-69184.92718677764
397999.99999999977,367036.99586465163,370250.1552261699,30963.004135348136,27749.844773829856
452999.99999999977,483673.0100803913,481345.28752484155,-30673.01008039154,-28345.287524841784
379999.9999999999,395602.7979325638,418052.2411586945,-15602.797932563932,-38052.24115869461
180000.00000000003,157754.1812727438,152098.62148244653,22245.818727256235,27901.3785175535
960000.0000000006,630404.4964930582,639983.1374296106,329595.5035069424,320016.86257039
235000.0,215483.3931980431,210908.47146353056,19516.606801956892,24091.528536469443
435000.0,240815.20858769992,242310.0636334173,194184.79141230008,192689.9363665827
479000.00000000035,526983.1367904482,528738.5685963186,-47983.13679044787,-49738.56859631825
55000.00000000004,219639.41887768987,237500.9494496218,-164639.41887768984,-182500.94944962178
143000.0000000001,251437.64555475,245114.3334407585,-108437.6455547499,-102114.3334407584
36699.99999999997,116335.55482038579,109538.24686946867,-79635.55482038582,-72838.2468694687
544999.9999999997,257426.9130309362,254192.5402992204,287573.08696906344,290807.4597007793
1237113.000000001,296822.9073608805,311203.9291760954,940290.0926391204,925909.0708239055
469999.9999999998,722988.5443491015,774594.7892631404,-252988.54434910166,-304594.7892631406
320000.00000000006,181364.8669827086,177483.4797394517,138635.13301729146,142516.52026054836
255000.0000000001,239186.86090317238,235190.21426700836,15813.139096827712,19809.78573299173
156999.99999999994,143707.9932796805,141744.32402992345,13292.006720319449,15255.675970076496
617000.0,400718.8276489086,414062.169236162,216281.1723510914,202937.83076383802
568999.9999999995,354964.60308063164,354536.32557040115,214035.3969193679,214463.67442959838
204899.99999999985,181501.05162769227,174192.2441031748,23398.948372307583,30707.755896825052
339999.99999999994,208277.00766107326,215237.71297891944,131722.99233892668,124762.2870210805
146299.99999999994,267962.12501835363,271420.6084079282,-121662.12501835369,-125120.60840792826
219999.99999999983,235794.7404044064,238559.4453696172,-15794.740404406562,-18559.445369617373
134500.00000000006,182919.1551802471,183940.63480597598,-48419.155180247035,-49440.63480597592
649999.9999999995,706237.468274015,718558.9748783095,-56237.46827401547,-68558.97487831
281999.99999999994,257496.84925959347,263880.9442135967,24503.150740406476,18119.055786403245
231000.0000000001,234626.10067715292,232982.37617270503,-3626.1006771528337,-1982.3761727049423
188999.99999999988,190998.3456784692,187760.85907152388,-1998.3456784693117,1239.1409284760011
395999.9999999999,539908.7496886785,557004.8477109489,-143908.74968867865,-161004.84771094902
258474.9999999999,325554.88961531676,335216.4208451431,-67079.88961531685,-76741.42084514318
330000.0000000001,244815.9114608062,254925.09800647947,85184.08853919391,75074.90199352065
178999.99999999994,218802.504190587,218935.1399733581,-39802.50419058706,-39935.139973358164
201600.00000000012,415621.9308640729,400086.3662837164,-214021.9308640728,-198486.36628371628
244999.99999999997,302972.08080985426,295039.0109434613,-57972.08080985429,-50039.010943461355
349029.9999999997,340708.79818229744,352749.8503998213,8321.20181770227,-3719.8503998215892
189500.0000000001,249553.8137115063,234195.43697557438,-60053.8137115062,-44695.436975574296
369999.99999999977,1061404.110473298,1058398.7044556583,-691404.1104732982,-688398.7044556586
180000.00000000003,260242.99165854897,253402.21687406307,-80242.99165854894,-73402.21687406304
158499.99999999997,146959.43756940708,142139.88904324116,11540.562430592894,16360.110956758814
354999.9999999998,312143.91532258387,381732.6016505682,42856.08467741596,-26732.601650568366
360000.0000000001,309118.8620583126,325681.88714740745,50881.13794168754,34318.11285259266
145000.00000000012,120277.91692162538,112996.03755489674,24722.083078374737,32003.962445103374
390350.00000000023,294748.61294691364,295974.62293924706,95601.3870530866,94375.37706075318
218999.99999999988,155369.88977731953,153407.79467959044,63630.11022268035,65592.20532040944
129000.0000000001,206189.5231297111,199636.09960851163,-77189.523129711,-70636.09960851153
455000.0,223837.85097744822,222661.44253959093,231162.14902255178,232338.55746040907
435999.99999999965,379005.00209839235,387382.4991380252,56994.997901607305,48617.50086197443
126999.99999999991,175269.7762148556,166068.14583271786,-48269.776214855694,-39068.14583271794
79899.99999999997,130933.67495577586,127360.7418256598,-51033.67495577589,-47460.74182565983
138000.00000000006,286041.6565837157,300610.3077215848,-148041.65658371564,-162610.30772158474
195000.00000000006,172582.24744887179,176308.59014911705,22417.752551128273,18691.409850883007
90500.00000000001,143388.7330925531,148716.2581499915,-52888.733092553084,-58216.258149991496
420000.0,551783.1552801431,580532.2745866635,-131783.15528014314,-160532.27458666347
448999.99999999994,202520.29322325467,203281.85920923593,246479.70677674527,245718.140790764
323999.9999999999,225828.02412076594,225189.47657756574,98171.97587923394,98810.52342243414
249000.00000000006,208451.25285730528,202800.38187586586,40548.747142694774,46199.6181241342
345840.0000000002,325296.6447612302,329510.7700470387,20543.35523876996,16329.229952961497
276999.9999999998,235276.04745336762,252832.56214990554,41723.95254663221,24167.437850094284
169000.00000000012,246910.2294233306,261652.33697413479,-77910.22942333049,-92652.33697413467
344999.9999999997,223906.0964054654,223838.65822485246,121093.90359453432,121161.34177514724
474999.99999999977,306538.4275880773,300550.3116277966,168461.57241192245,174449.68837220315
50000.000000000015,131105.49251933742,127995.21104573208,-81105.49251933741,-77995.21104573207
468999.9999999998,542084.3415668204,534981.1433481321,-73084.34156682057,-65981.14334813232
499199.99999999994,653604.3524606625,717131.593873664,-154404.35246066254,-217931.5938736641
398999.99999999977,309497.77033279586,306694.09422328306,89502.22966720391,92305.90577671671
218999.99999999988,217891.28425920766,208918.17141046037,1108.7157407922205,10081.82858953951
465000.00000000023,164256.19655395063,168415.12510430114,300743.80344604957,296584.8748956991
659999.9999999995,500652.772415753,507794.07784663944,159347.22758424655,152205.9221533601
465000.00000000023,303847.3071916448,307560.4273371422,161152.69280835544,157439.57266285806
235000.0,185883.92543347654,189979.93390589283,49116.07456652346,45020.06609410717
189999.9999999999,236139.97125627185,228598.85359024027,-46139.971256271936,-38598.85359024035
139999.9999999999,202286.38062124234,199750.96397928213,-62286.380621242424,-59750.96397928221
147289.99999999988,155795.2784300695,143296.9945746072,-8505.278430069622,3993.005425392679
418999.9999999998,318649.332313213,325239.8197735062,100350.66768678685,93760.18022649363
169000.00000000012,125032.62582602871,118765.96653523753,43967.3741739714,50234.033464762586
579999.9999999997,521762.8160043241,546387.0168834347,58237.18399567553,33612.98311656492
116000.0000000001,129156.14568061041,125447.20742690486,-13156.145680610309,-9447.207426904759
289999.9999999999,190684.20388635228,199613.9473179331,99315.79611364761,90386.05268206677
594595.9999999998,688168.395139176,721953.8787014838,-93572.39513917628,-127357.87870148406
249999.9999999998,208891.4860380825,212123.0522869225,41108.513961917284,37876.9477130773
99000.00000000004,143738.98988998582,139348.94217860838,-44738.98988998578,-40348.94217860834
339000.00000000023,294591.99289410055,292636.03924007964,44408.007105899684,46363.96075992059
178999.99999999994,193388.36994789614,188573.96787147064,-14388.369947896193,-9573.967871470697
304999.99999999977,271291.7691010536,289844.68855972064,33708.230898946174,15155.311440279125
139999.9999999999,160522.55296658384,152361.96838146233,-20522.552966583928,-12361.968381462415
330000.0000000001,312410.9113599121,313552.38560498663,17589.08864008804,16447.614395013487
129000.0000000001,245375.5630985954,253175.84718940238,-116375.56309859529,-124175.84718940228
444999.9999999997,412588.3785026872,445327.08878840215,32411.621497312502,-327.0887884024414
108099.99999999997,127863.63403473514,121331.0425068796,-19763.634034735165,-13231.042506879632
1050000.0000000007,536731.6177492916,530389.1201167933,513268.3822507091,519610.8798832074
134999.99999999997,181553.12512925544,179068.45084843482,-46553.125129255466,-44068.45084843485
120000.00000000004,116005.27927350094,116463.15225589983,3994.720726499101,3536.847744100218
295999.99999999977,139018.8043428723,137713.06757140547,156981.19565712748,158286.9324285943
265069.00000000006,240626.5580042482,247681.05352744553,24442.44199575187,17387.946472554526
196699.99999999994,194713.27564878014,194821.91226546193,1986.7243512198038,1878.087734538014
138000.00000000006,90572.02548815054,86878.53391293321,47427.97451184952,51121.466087066845
418999.9999999998,239629.41507852328,234761.5563028226,179370.58492147655,184238.44369717722
210000.0,149940.198092534,147014.35639438563,60059.801907466,62985.64360561437
140999.99999999994,189494.77557991087,179502.59932490057,-48494.77557991093,-38502.59932490063
304999.99999999977,204189.39229541845,206261.73810551825,100810.60770458131,98738.26189448152
80000.0,127378.94425264158,128521.70926205021,-47378.94425264158,-48521.70926205021
62999.99999999995,144256.78867197153,140898.9504607481,-81256.78867197159,-77898.95046074816
225000.00000000015,427741.00629473996,423528.4657167018,-202741.0062947398,-198528.46571670167
345500.00000000023,369123.2121261844,409507.58374850434,-23623.21212618414,-64007.58374850411
93999.99999999997,120847.13518064847,116053.11214191593,-26847.135180648504,-22053.11214191596
170660.00000000003,420143.1019768676,417816.2417646674,-249483.10197686756,-247156.24176466736
899999.9999999995,791281.0813689418,759415.6891203161,108718.91863105772,140584.31087968347
379000.0000000002,507570.04702806374,545786.283600244,-128570.04702806356,-166786.2836002438
334000.0000000002,331226.8171658616,339199.26966473256,2773.18283413857,-5199.26966473239
82000.0,145341.2427338996,142564.79777683778,-63341.24273389959,-60564.797776837775
249000.00000000006,377357.4801667255,380982.3455973729,-128357.48016672547,-131982.34559737286
124999.9999999999,159181.37314323647,146755.8924757341,-34181.373143236575,-21755.89247573419
240000.00000000003,209569.86861633754,209421.12268862923,30430.13138366249,30578.8773113708
76999.99999999997,130884.1310307142,128219.34902582232,-53884.13103071423,-51219.34902582235
597939.9999999999,831052.5241217208,971604.2269165851,-233112.52412172093,-373664.22691658523
845359.9999999997,797713.1836070492,823147.201393383,47646.81639295048,22212.798606616678
1279999.9999999988,588396.7331374617,569383.926306962,691603.2668625371,710616.0736930368
689900.0,808003.2800365426,806428.1370269614,-118103.28003654256,-116528.13702696143
418999.9999999998,289818.4585160156,295736.46218579524,129181.54148398421,123263.53781420458
171999.99999999988,367363.9133094071,358136.230989475,-195363.9133094072,-186136.2309894751
130000.00000000009,340434.16110053385,392632.9770394525,-210434.16110053376,-262632.9770394524
188000.00000000012,254414.52645678847,251107.05420978437,-66414.52645678836,-63107.054209784255
539000.0000000001,423192.90097579494,439760.4171215232,115807.09902420518,99239.58287847694
632000.0,525259.2669139749,517014.9718034777,106740.73308602511,114985.02819652233
199000.0000000001,370940.00153007236,381799.49047714163,-171940.00153007227,-182799.49047714155
326000.0,628141.8152658828,616899.3337567297,-302141.81526588276,-290899.3337567297
177500.00000000015,140799.07040876173,143686.64887698845,36700.92959123841,33813.3511230117
367500.0000000003,270475.08641137736,261685.16366047176,97024.91358862293,105814.83633952853
174900.00000000006,175157.18336459238,171865.37087137884,-257.18336459231796,3034.6291286212218
310000.0000000002,298429.0960993663,303476.32336521056,11570.903900633857,6523.676634789619
448999.99999999994,207176.06862552048,214278.9469087545,241823.93137447946,234721.05309124544
435999.99999999965,552917.9234459905,576484.0554440224,-116917.92344599089,-140484.05544402276
199499.99999999994,330851.0376862627,364920.94193829846,-131351.03768626275,-165420.94193829852
129000.0000000001,183217.86000579427,182049.69035049836,-54217.860005794166,-53049.69035049826
1445000.0000000012,868439.9863728974,855778.8769757006,576560.0136271038,589221.1230243006
202999.9999999999,301884.28602939006,307732.11507315096,-98884.28602939015,-104732.11507315104
95999.99999999996,101676.00201686191,99766.85494188551,-5676.002016861952,-3766.8549418855546
520000.0,308067.1110236849,292103.83894737303,211932.8889763151,227896.16105262697
180000.00000000003,207796.9669775562,221146.99975410188,-27796.966977556178,-41146.99975410185
304000.00000000023,279968.5675368445,287383.09478801436,24031.43246315571,16616.905211985868
64200.00000000003,154518.64769979383,157203.36562657633,-90318.6476997938,-93003.3656265763
299999.99999999977,310625.4876081271,312406.3368373339,-10625.487608127354,-12406.336837334151
125699.99999999991,136573.3152806316,126377.99916310559,-10873.31528063168,-677.9991631056764
466400.00000000035,359827.9769696924,367624.205545677,106572.02303030796,98775.79445432336
284000.00000000023,251282.3013624607,255527.27319368,32717.69863753952,28472.72680632022
187440.00000000017,146407.19548855815,149504.81300898845,41032.804511442024,37935.186991011724
382999.9999999997,421845.62723448675,420909.52271489345,-38845.62723448704,-37909.52271489374
122000.00000000003,188518.08369510307,187563.32498962927,-66518.08369510304,-65563.32498962924
225000.00000000015,344466.5034180361,336068.1655362658,-119466.50341803595,-111068.16553626567
148000.00000000015,143838.48746895924,137953.0761020051,4161.512531040906,10046.923897995031
312000.0000000001,230647.89597213676,229193.31897989486,81352.10402786336,82806.68102010526
329000.0000000003,207340.448003172,203115.295508247,121659.55199682829,125884.70449175328
280000.0,321729.67215691536,327721.54768603604,-41729.67215691536,-47721.547686036036
147279.00000000012,236522.15767350592,238688.570044513,-89243.1576735058,-91409.57004451289
344510.0000000003,228631.0933140892,231886.13341948492,115878.90668591109,112623.86658051537
695000.0,668427.6860201649,691814.4474829095,26572.313979835133,3185.5525170904584
238000.0,290204.97584998613,292414.4422608438,-52204.975849986135,-54414.44226084382
1099999.9999999998,930248.9438055649,935617.1464904572,169751.05619443487,164382.85350954253
219989.99999999988,392722.663352289,374280.27636151126,-172732.66335228912,-154290.27636151138
276000.0000000002,431643.082149053,430139.9762242836,-155643.08214905282,-154139.9762242834
172999.9999999999,203281.34189314325,211236.18721724744,-30281.34189314334,-38236.18721724753
698999.9999999995,561636.3545126502,582595.8655113981,137363.64548734936,116404.13448860147
416000.0,360546.6837774504,356335.20507248683,55453.31622254959,59664.79492751317
155000.00000000012,281105.42303199624,279751.79633352405,-126105.42303199612,-124751.79633352393
339999.99999999994,442442.5617275721,433954.3402276325,-102442.56172757217,-93954.34022763255
227499.99999999997,260495.492371857,264668.5030301469,-32995.49237185702,-37168.50303014691
159499.9999999999,401779.57843610656,420477.2994167843,-242279.57843610665,-260977.2994167844
344999.9999999997,296650.8044215976,298885.0352624072,48349.19557840208,46114.9647375925
644000.0000000003,450622.3250284769,470874.4073783494,193377.67497152346,173125.59262165095
299000.00000000006,178956.07952432855,178096.1759898851,120043.9204756715,120903.82401011497
170000.00000000012,169705.3676757259,165774.46242944116,294.6323242742219,4225.537570558954
1680000.0000000005,1690000.0,1690000.0,-9999.999999999534,-9999.999999999534
224000.0,224720.9242891333,225144.35707476758,-720.9242891333124,-1144.357074767584
336000.00000000006,364279.8316619866,380190.25853649527,-28279.831661986536,-44190.25853649521
299000.00000000006,280806.5324610495,277761.33844056964,18193.467538950557,21238.661559430417
87999.99999999996,170070.22356222203,169463.36133438427,-82070.22356222208,-81463.36133438432
32999.99999999999,104539.34910695875,104613.5753570214,-71539.34910695875,-71613.57535702141
450999.99999999965,316475.3380481794,317559.7257644274,134524.66195182025,133440.27423557226
249000.00000000006,323166.8944713118,323485.12392676756,-74166.89447131177,-74485.1239267675
237000.00000000003,305365.56687301275,296608.4730484212,-68365.56687301272,-59608.473048421176
159574.0000000001,113969.71013562554,113723.34683975019,45604.28986437454,45850.6531602499
435000.0,281863.66444027796,288215.5894894357,153136.33555972204,146784.41051056428
133999.9999999999,159698.7747166158,156926.41036993024,-25698.77471661588,-22926.410369930323
195000.00000000006,264698.42049210455,251871.0273614257,-69698.42049210449,-56871.02736142563
292320.0000000002,260587.70169726075,252511.4031610528,31732.298302739422,39808.596838947386
989999.9999999992,938548.795044295,935042.5241967879,51451.20495570416,54957.47580321133
100000.00000000004,94973.13941559811,96348.2197711871,5026.860584401933,3651.780228812946
175000.00000000012,220630.6975324841,219032.89371367716,-45630.69753248399,-44032.89371367704
176400.0,185773.89819854806,189228.56273550485,-9373.898198548064,-12828.56273550485
182000.00000000003,176462.47392470538,176728.85331572802,5537.526075294649,5271.146684272011
265000.00000000006,246989.9638509542,247351.49632285364,18010.03614904586,17648.503677146422
999999.9999999997,421295.0032541132,440460.9125807214,578704.9967458865,559539.0874192782
185000.00000000006,146672.02575706912,146037.07514878892,38327.97424293094,38962.92485121114
168500.0,349820.50217076764,350461.3079017257,-181320.50217076764,-181961.3079017257
689999.9999999995,744921.1559195645,750579.2134379711,-54921.155919565004,-60579.21343797154
281999.99999999994,168768.25491164613,170536.39906500065,113231.74508835381,111463.6009349993
189999.9999999999,276934.9746780345,267780.5008201325,-86934.97467803457,-77780.50082013258
175000.00000000012,196317.99443691448,199138.43516367037,-21317.994436914363,-24138.43516367025
447200.00000000035,380781.9730080727,447182.2320082252,66418.02699192765,17.767991775122937
173999.99999999997,140879.75423346067,141695.33704799207,33120.2457665393,32304.6629520079
153500.0,166492.71787038914,160980.945986269,-12992.71787038914,-7480.945986269013
499800.0000000004,563677.894661582,600464.265480878,-63877.89466158155,-100664.26548087754
162000.00000000012,178290.08662050587,178341.8980582363,-16290.086620505754,-16341.89805823617
267999.99999999977,241572.06280731433,234296.89580995947,26427.937192685436,33703.10419004029
163799.99999999997,157321.56036869274,149691.44575031477,6478.439631307236,14108.5542496852
465000.00000000023,519925.6702396034,536747.7008413423,-54925.67023960315,-71747.7008413421
311500.0000000001,297976.24232823396,296554.38217688457,13523.757671766158,14945.61782311555
789000.0000000007,500395.65209094353,512739.0698001033,288604.34790905716,276260.9301998974
219999.99999999983,308354.86579771177,304381.4063312807,-88354.86579771194,-84381.40633128089
184000.00000000015,163880.09438956834,161829.76155626634,20119.9056104318,22170.238443733804
146999.99999999988,193523.43471742506,187930.86214644692,-46523.434717425174,-40930.862146447034
332999.99999999977,408804.12337578845,428813.2161971627,-75804.12337578868,-95813.21619716292
709199.9999999995,308507.13393733784,333233.63532520254,400692.8660626617,375966.364674797
1050000.0000000007,822706.2701854372,866841.7222676701,227293.72981456353,183158.2777323306
129099.99999999994,168965.0140277987,168506.25381014962,-39865.01402779875,-39406.253810149676
133999.9999999999,405813.20846611727,421476.30041140073,-271813.2084661174,-287476.30041140085
187000.00000000012,116300.03904136783,110141.3270970897,70699.96095863229,76858.67290291042
1150000.0000000005,303685.19437318604,312220.718635461,846314.8056268145,837779.2813645394
267999.99999999977,137328.60475622234,131177.47590167922,130671.39524377743,136822.52409832054
718999.9999999999,630465.2324849397,709005.8855353016,88534.76751506014,9994.114464698243
185000.00000000006,228039.65351835854,239917.04257582038,-43039.65351835848,-54917.04257582032
544999.9999999997,393789.9677571399,416308.91431689565,151210.03224285977,128691.085683104
167200.00000000003,222397.25882232707,215820.948677046,-55197.25882232704,-48620.94867704596
240000.00000000003,204806.04014793533,195517.23044704253,35193.9598520647,44482.7695529575
435000.0,491225.6584125637,526798.1163128396,-56225.65841256367,-91798.11631283956
334999.9999999998,294086.5255295482,297813.599583931,40913.47447045165,37186.40041606885
519950.00000000023,348291.3185325429,384509.4247114963,171658.68146745733,135440.57528850395
615000.0,250472.08415786686,275430.1641426228,364527.9158421331,339569.8358573772
299000.00000000006,288089.95782338653,302606.4710002721,10910.042176613526,-3606.471000272024
933999.9999999997,493998.42497353005,496655.37767156755,440001.5750264696,437344.6223284321
96299.99999999997,311420.3786880673,308755.19713131676,-215120.37868806734,-212455.1971313168
244999.99999999997,352607.109680256,345501.26242699963,-107607.10968025602,-100501.26242699966
210000.0,245160.1955734045,259671.00906097924,-35160.19557340449,-49671.00906097924
430000.00000000023,174317.91427385723,173954.27556902185,255682.085726143,256045.7244309784
398999.99999999977,381936.7415225953,385654.18487802544,17063.25847740448,13345.81512197433
549000.0000000005,247676.22598469286,262162.6032406968,301323.7740153076,286837.3967593037
271000.0000000002,193121.04646627355,197444.53714739083,77878.95353372663,73555.46285260934
139950.0000000001,185316.78208712942,181676.88978709266,-45366.78208712934,-41726.88978709257
570000.0000000001,265638.0425173746,272049.1801047101,304361.9574826255,297950.81989529
253000.0000000001,251857.83333022663,249718.14113107865,1142.1666697734618,3281.8588689214375
167999.9999999999,264664.35612871504,256404.00902722118,-96664.35612871512,-88404.00902722127
169000.00000000012,168267.8975916938,166725.37539461354,732.1024083063239,2274.624605386576
176000.00000000006,216574.6975948177,217806.87389822575,-40574.69759481764,-41806.87389822569
125199.99999999994,256058.98385249937,265413.71513168,-130858.98385249943,-140213.71513168007
549000.0000000005,329718.91514892044,325330.59955758037,219281.08485108003,223669.4004424201
72500.0,110956.22913279729,114808.5622073499,-38456.22913279729,-42308.562207349896
334000.0000000002,251350.6937843351,248465.75397143135,82649.30621566507,85534.24602856883
243000.00000000003,213300.0242300988,210353.19899315137,29699.97576990124,32646.801006848662
1150000.0000000005,1194881.0517818928,1241187.3850918922,-44881.05178189231,-91187.38509189175
714999.9999999995,373066.8069674114,378026.81705360475,341933.1930325881,336973.1829463948
180000.00000000003,219612.20369893612,214555.77429783074,-39612.20369893609,-34555.77429783071
344999.9999999997,333077.33695841,335751.3308344357,11922.663041589723,9248.669165564002
98399.99999999996,133220.873005583,128706.03576510589,-34820.87300558305,-30306.03576510593
560000.0000000003,426085.8766027787,461438.495510696,133914.12339722167,98561.50448930432
195749.99999999994,160795.73335153877,160765.58217806547,34954.26664846117,34984.417821934476
177199.99999999985,392006.3752726303,388932.35555435997,-214806.37527263045,-211732.3555543601
620000.0000000005,487579.00220330956,556212.182947401,132420.9977966909,63787.81705259951
239000.00000000003,283145.9948226774,267183.9766940807,-44145.99482267737,-28183.97669408066
129000.0000000001,350631.29920487985,343907.8384630456,-221631.29920487973,-214907.83846304548
310000.0000000002,205316.60540762864,197836.5572046011,104683.39459237154,112163.44279539908
98000.00000000003,278263.3307995712,266472.6910004221,-180263.33079957115,-168472.69100042208
94300.00000000003,146061.21468345347,150173.7724866059,-51761.214683453436,-55873.772486605885
578000.0000000005,770773.6192442963,848356.0227168527,-192773.61924429587,-270356.02271685225
54899.99999999996,127088.90247169796,127889.8284515995,-72188.902471698,-72989.82845159955
159499.9999999999,298118.3875967411,308065.72698402154,-138618.38759674117,-148565.72698402163
92000.00000000007,197418.81440745617,198980.82711210006,-105418.8144074561,-106980.82711209999
578000.0000000005,357778.89253611176,372093.5584818981,220221.1074638887,205906.44151810237
320000.00000000006,251261.71806561924,256470.6542642397,68738.28193438082,63529.34573576035
369999.99999999977,249036.9854119056,259080.30368013302,120963.01458809417,110919.69631986675
369999.99999999977,464422.25394197274,436075.9097109365,-94422.25394197297,-66075.90971093671
67999.99999999999,106513.01854313712,104943.52216855634,-38513.018543137136,-36943.52216855636
138499.9999999999,240945.6463321293,243270.3929493351,-102445.6463321294,-104770.39294933519
324999.9999999999,222255.67481706434,232056.36228079817,102744.32518293554,92943.63771920171
281999.99999999994,367969.67852679535,370230.5756269247,-85969.67852679541,-88230.57562692475
231999.99999999997,145925.2276173483,146477.21763636553,86074.77238265166,85522.78236363444
249999.9999999998,338809.58175252395,344727.0859877206,-88809.58175252416,-94727.08598772078
460000.0000000002,275841.2681779418,279535.36189853813,184158.73182205838,180464.63810146204
158999.99999999997,137783.95096010904,135790.0674680785,21216.04903989093,23209.932531921484
29899.999999999996,78550.09641574796,75955.74639577206,-48650.09641574796,-46055.74639577206
689000.0000000006,793313.2284955734,930289.8626819244,-104313.22849557281,-241289.86268192378
196000.0000000001,224445.3136840334,221456.43905825354,-28445.313684033317,-25456.439058253454
418999.9999999998,561357.7466076097,558848.1932127152,-142357.74660760985,-139848.19321271539
1160000.0000000002,462634.4987916502,468580.6446104101,697365.5012083501,691419.3553895901
95999.99999999996,345139.60225845524,366440.128389217,-249139.6022584553,-270440.1283892171
125999.99999999993,134914.74263552838,137930.38505333962,-8914.742635528455,-11930.38505333969
230000.0000000001,592583.1978349217,571606.3798612664,-362583.19783492154,-341606.37986126624
320000.00000000006,234923.949227717,222467.2434243184,85076.05077228305,97532.75657568165
205999.99999999988,386358.29060848884,423916.0604019703,-180358.29060848895,-217916.0604019704
234998.99999999994,211105.12546988853,216245.141899076,23893.87453011141,18753.858100923942
341000.0000000002,180451.45033915658,185031.40014338386,160548.5496608436,155968.59985661632
416999.9999999998,352692.286996374,357374.00221597706,64307.7130036258,59625.997784022766
249000.00000000006,405321.7655873729,416008.87621524243,-156321.76558737282,-167008.87621524237
166384.00000000006,153397.52079409585,149631.85377060386,12986.479205904208,16752.146229396196
134999.99999999997,264278.04079269146,264643.38232946454,-129278.04079269149,-129643.38232946457
348999.99999999994,245303.41799159555,257930.03103174048,103696.5820084044,91069.96896825946
263000.0000000002,276861.2709511181,290001.2425010027,-13861.270951117913,-27001.242501002504
112000.00000000004,172630.16522694257,170370.08433997058,-60630.165226942525,-58370.08433997053
1098999.9999999993,676766.8904521067,676893.2622103521,422233.1095478926,422106.7377896472
123000.00000000009,134005.90995353434,126964.98496402966,-11005.909953534254,-3964.9849640295724
460000.0000000002,353902.66311732965,376942.77173699014,106097.33688267053,83057.22826301004
260899.99999999997,232084.75056643548,227616.28080741913,28815.249433564488,33283.719192580844
692000.0000000001,293667.1259391635,305051.3818862486,398332.8740608366,386948.6181137515
365999.9999999997,372383.5166995588,403859.8853647078,-6383.5166995591135,-37859.88536470808
259999.9999999998,313615.1040288509,337663.88677131006,-53615.104028851114,-77663.88677131027
89650.00000000006,95172.97932432975,92683.53005429286,-5522.979324329688,-3033.5300542928017
749999.9999999998,705271.1863652333,742601.0116778921,44728.8136347665,7398.988322107703
224000.0,336486.1531146921,339670.8234342925,-112486.15311469208,-115670.82343429251
139999.9999999999,98468.80166670191,96614.58060719566,41531.198333298,43385.41939280425
129000.0000000001,186385.1945773006,185522.01080236575,-57385.1945773005,-56522.01080236565
112999.99999999993,202746.04717178957,211797.33597774024,-89746.04717178964,-98797.33597774031
199999.99999999997,245106.39735751893,239312.25880062557,-45106.39735751896,-39312.2588006256
79800.00000000004,137542.02689395644,131528.6951908305,-57742.0268939564,-51728.69519083046
134489.9999999999,129205.30587502121,120560.5061132013,5284.694124978705,13929.493886798606
249990.00000000006,283286.331508605,279904.3494262171,-33296.331508604926,-29914.349426217028
794999.9999999998,827975.6755950373,826157.9267314377,-32975.67559503752,-31157.92673143791
480000.00000000006,496116.7470458417,495270.026692039,-16116.74704584165,-15270.026692038926
189999.9999999999,175037.99997921588,181664.51591450637,14962.000020784035,8335.484085493546
422000.00000000006,444500.86526027374,463134.6899681247,-22500.865260273684,-41134.689968124614
169000.00000000012,169617.5069957253,172078.01920319005,-617.5069957251835,-3078.019203189935
628999.9999999997,269980.87978411076,270218.7709521063,359019.1202158889,358781.2290478934
98000.00000000003,108853.0841208245,105750.04436116216,-10853.084120824467,-7750.04436116213
568999.9999999995,594481.0447463662,585658.8025774804,-25481.04474636668,-16658.802577480907
429900.0000000001,275040.6289995854,289063.2169220855,154859.3710004147,140836.78307791462
288999.9999999999,326566.7977046762,347440.3972865632,-37566.79770467634,-58440.3972865633
649999.9999999995,628861.0641893095,661841.2700312062,21138.935810690047,-11841.270031206659
188899.99999999988,220854.00371570673,226622.753777509,-31954.003715706844,-37722.75377750912
278000.0000000002,252562.84304581958,251148.25328999388,25437.156954180595,26851.746710006293
395000.00000000035,511112.6628152413,522518.0822576873,-116112.66281524097,-127518.08225768694
346500.0000000003,497142.024769772,554551.4624630065,-150642.02476977173,-208051.4624630062
296500.0000000002,229727.4819757663,229246.58516527544,66772.51802423387,67253.41483472474
575000.0000000001,540603.3524271856,569626.998469587,34396.64757281449,5373.001530413167
344999.9999999997,294304.22609682375,302697.8392751084,50695.773903175956,42302.16072489129
138000.00000000006,173859.02837147805,177316.55770558902,-35859.028371477994,-39316.55770558896
133999.9999999999,121391.52043419887,125823.92070439554,12608.47956580104,8176.079295604373
449634.00000000035,216233.17541756673,228378.70936252442,233400.82458243362,221255.29063747593
950000.0000000008,387167.19256140076,387297.5124886071,562832.8074386001,562702.4875113937
820999.9999999998,444678.0689068519,453147.25062048057,376321.93109314784,367852.7493795192
218999.99999999988,172747.30565726326,175118.4018031819,46252.69434273662,43881.59819681797
414000.00000000023,369110.49253355456,353220.22211292654,44889.50746644568,60779.777887073695
430000.00000000023,311508.08959378995,310133.24482080736,118491.91040621029,119866.75517919287
463000.0000000004,268773.4379557339,280489.870895135,194226.5620442665,182510.12910486542
479000.00000000035,401655.4478432136,413418.5019884762,77344.55215678673,65581.49801152415
365999.9999999997,212127.26487632006,214686.5018015723,153872.73512367965,151313.4981984274
158999.99999999997,242090.23243522708,244684.97920042597,-83090.23243522711,-85684.979200426
649999.9999999995,605697.9762510412,636065.7347788905,44302.02374895837,13934.265221109032
217999.99999999988,171714.98816154702,173084.2140753402,46285.01183845286,44915.78592465969
188000.00000000012,236900.59932136268,223165.93977838792,-48900.59932136256,-35165.93977838781
369000.0000000001,252653.92582060528,257206.66179960725,116346.07417939484,111793.33820039287
296700.0000000001,214903.40558471248,238195.17421786688,81796.59441528763,58504.82578213324
395069.99999999994,178087.9929372403,175220.5705936879,216982.00706275963,219849.42940631203
262500.00000000023,246272.19956597855,252618.90649107404,16227.800434021687,9881.093508926191
299900.0,331993.4707796354,353061.5802120314,-32093.47077963542,-53161.580212031375
1290000.0000000007,461526.01631595625,458888.0682346796,828473.9836840444,831111.9317653212
255999.99999999985,133108.78571144625,126820.24061874191,122891.2142885536,129179.75938125794
913999.9999999998,367403.51276772487,387367.8912513042,546596.4872322748,526632.1087486956
1282000.0000000005,629810.2979783395,695119.7899844045,652189.702021661,586880.210015596
369999.99999999977,344699.6068718852,353542.78438095143,25300.393128114578,16457.215619048337
228000.00000000003,241463.44402877448,236515.95092680727,-13463.444028774451,-8515.950926807243
320000.00000000006,390383.0644902191,395188.6583339542,-70383.06449021905,-75188.65833395417
344999.9999999997,297018.6854791061,299315.0008875488,47981.31452089362,45684.999112450925
619000.0000000003,317377.55777964223,333898.23071126954,301622.4422203581,285101.7692887308
65900.00000000003,153946.3758917355,152298.3657131524,-88046.37589173546,-86398.36571315237
247000.00000000006,184978.86332377224,183936.96756585067,62021.13667622782,63063.03243414938
139499.9999999999,187353.14723340247,183971.32813488093,-47853.14723340256,-44471.32813488101
376000.0000000003,220518.1296724333,223108.27929885793,155481.87032756698,152891.72070114236
258474.9999999999,326041.9712158415,335779.1329721581,-67566.97121584156,-77304.13297215817
513999.9999999996,294545.90905540145,302719.1412121672,219454.09094459814,211280.85878783237
387999.9999999999,346371.76492763945,333004.3479504813,41628.23507236043,54995.6520495186
100099.99999999994,163652.92178068796,167342.66570633755,-63552.92178068802,-67242.6657063376
109724.9999999999,71448.0739604563,70955.09368051017,38276.9260395436,38769.90631948973
729999.9999999998,400490.63638936705,409188.11209729896,329509.3636106327,320811.8879027008
490000.0,318519.29937611637,330350.6533487206,171480.70062388363,159649.34665127943
468000.0000000003,413882.0329164564,444646.57759249804,54117.96708354389,23353.42240750225
265000.00000000006,363693.78233947244,359099.733169463,-98693.78233947238,-94099.73316946294
159999.99999999997,353944.8830251945,394329.446756993,-193944.88302519455,-234329.44675699304
999500.0000000003,270895.33580943453,275147.85112239944,728604.6641905658,724352.1488776009
385000.00000000023,254683.54095346917,247982.94300206442,130316.45904653106,137017.0569979358
142000.0,181451.02360989514,176303.20421711577,-39451.02360989514,-34303.20421711577
84999.99999999996,186548.31332615745,181809.1436371117,-101548.3133261575,-96809.14363711175
233999.9999999999,294302.8455421834,299089.761089544,-60302.845542183466,-65089.761089544074
171999.99999999988,198260.84747561766,197589.05685924296,-26260.847475617775,-25589.05685924308
466000.0,354941.5600036787,371863.6951510083,111058.43999632128,94136.30484899168
549000.0000000005,284553.20054695994,299451.41292677535,264446.7994530405,249548.58707322512
91500.00000000007,144121.0146308286,137518.73390397514,-52621.01463082853,-46018.733903975066
330000.0000000001,212694.66392130943,212910.6124824834,117305.33607869069,117089.3875175167
249000.00000000006,278159.3781436914,273278.90625277377,-29159.37814369134,-24278.90625277371
537999.9999999998,556635.3491545325,527222.7194778259,-18635.34915453277,10777.280522173853
379600.0000000001,315330.7874108527,330429.9236732824,64269.21258914744,49170.07632671774
110500.00000000001,189801.19218352664,190630.8964141436,-79301.19218352663,-80130.89641414357
76999.99999999997,86150.00872613063,83761.29721493511,-9150.008726130662,-6761.297214935141
291999.9999999998,180305.97081241463,188970.42573014088,111694.0291875852,103029.57426985895
228000.00000000003,171581.31873523485,175465.01429362502,56418.68126476518,52534.98570637501
80660.00000000006,94449.29602630479,91249.79692374941,-13789.296026304728,-10589.796923749353
339000.00000000023,261625.64472296255,266514.52565476263,77374.35527703768,72485.4743452376
515000.00000000006,506640.2409239923,524476.2685293761,8359.759076007758,-9476.268529376073
254000.0000000002,171958.7861958174,182149.4133974797,82041.2138041828,71850.58660252052
49000.00000000002,99633.81378400886,98729.66113427936,-50633.81378400884,-49729.66113427934
219999.99999999983,239753.54538986518,240042.41741634445,-19753.54538986535,-20042.41741634463
139000.00000000003,238667.01174044466,231025.51576454277,-99667.01174044464,-92025.51576454274
215999.99999999985,181936.00948395432,184637.39780739136,34063.99051604554,31362.602192608494
101000.00000000003,226523.73465738574,225436.47791846198,-125523.7346573857,-124436.47791846195
285500.0,261315.1811451247,273937.337028963,24184.81885487531,11562.662971036974
259000.0,160456.85040344857,160797.49769402514,98543.14959655143,98202.50230597486
210999.99999999994,220119.64831491295,204758.99233657087,-9119.648314913007,6241.0076634290745
257600.00000000012,210003.21342567183,216214.93446220568,47596.78657432829,41385.065537794435
1284999.999999999,449800.5252697388,484010.2057580356,835199.4747302602,800989.7942419634
180000.00000000003,244685.54059702804,263394.8377935583,-64685.54059702801,-83394.83779355828
628999.9999999997,239996.12028381738,244674.74345565995,389003.87971618224,384325.2565443397
357500.0000000001,322541.0986704227,313819.21516074426,34958.901329577435,43680.78483925585
209048.00000000012,257807.94135128666,249794.78669190424,-48759.94135128654,-40746.786691904126
58999.99999999997,129406.19585080066,126351.11106259965,-70406.1958508007,-67351.11106259968
221999.99999999983,268612.5186413293,268088.63202497666,-46612.51864132949,-46088.63202497683
315000.0000000002,329609.64694033144,329425.29762405826,-14609.646940331266,-14425.29762405809
497999.9999999996,286462.2001217686,291882.1507538134,211537.79987823102,206117.8492461862
697000.0,398272.9642261319,391908.27359892154,298727.0357738681,305091.72640107846
244999.99999999997,236372.7670849284,249720.5622309525,8627.232915071567,-4720.562230952521
68999.99999999997,98966.33843191447,93412.38486470834,-29966.338431914497,-24412.384864708365
279000.0000000001,203331.1987403569,199420.74338394808,75668.80125964322,79579.25661605204
155000.00000000012,154490.4724406594,148342.90378325494,509.52755934072775,6657.09621674518
129599.99999999994,161982.42152378493,154027.68903057143,-32382.421523784986,-24427.68903057149
169000.00000000012,217819.43202008732,216573.11190694978,-48819.4320200872,-47573.11190694966
578000.0000000005,577425.360500728,574219.7818128506,574.6394992724527,3780.218187149847
267000.0,218412.06688368964,218199.1467792775,48587.93311631036,48800.85322072249
315000.0000000002,297363.62349539023,309377.6090796992,17636.376504609943,5622.390920300968
271999.9999999999,245865.29988153963,238457.7436808472,26134.700118460256,33542.256319152686
142000.0,195477.74063941912,197805.521428235,-53477.74063941912,-55805.52142823499
299499.99999999977,348561.9059076897,324126.9350892048,-49061.90590768994,-24626.935089205042
379800.0,308236.2327396207,315361.2184724888,71563.76726037927,64438.78152751119
284999.99999999994,202535.30478443843,204757.70213038928,82464.69521556151,80242.29786961066
741599.9999999995,437816.7803085607,464182.95143921155,303783.21969143883,277417.048560788
420000.0,310445.7521852778,303853.83101248054,109554.24781472218,116146.16898751946
112000.00000000004,169511.55208000742,162612.3922184316,-57511.55208000737,-50612.39221843156
348999.99999999994,460547.8323967178,473740.055182075,-111547.83239671786,-124740.05518207507
520000.0,392386.6696754181,404401.31538816186,127613.33032458188,115598.68461183814
425000.0000000002,430478.1628714993,449479.7909231573,-5478.162871499138,-24479.790923157125
67999.99999999999,135587.04487395333,130535.2928334079,-67587.04487395335,-62535.29283340792
40000.0,151471.95342311944,146623.3529682051,-111471.95342311944,-106623.35296820509
77999.99999999994,110206.92173417921,107913.84260506071,-32206.92173417927,-29913.842605060767
796899.9999999998,578242.4718379711,603326.12107528,218657.52816202864,193573.87892471976
242000.00000000017,265768.42807279364,273725.34661758825,-23768.428072793467,-31725.346617588075
233999.9999999999,248940.90376348642,248822.49180956846,-14940.903763486509,-14822.491809568543
70999.99999999994,135259.0521622912,132254.77570630625,-64259.05216229125,-61254.7757063063
360000.0000000001,331234.6778972426,351686.627743864,28765.32210275752,8313.372256136092
195000.00000000006,228708.41312390708,227613.67176620621,-33708.41312390703,-32613.671766206156
291000.00000000006,197817.01086568733,199879.60981083786,93182.98913431272,91120.3901891622
158999.99999999997,234218.69687360193,221397.90310634076,-75218.69687360196,-62397.90310634079
414000.00000000023,407847.16224209487,418895.5122594568,6152.837757905363,-4895.512259456562
73999.99999999997,129051.32873197758,128713.57073200667,-55051.328731977614,-54713.5707320067
54000.00000000001,172379.02411035576,171989.63183645584,-118379.02411035576,-117989.63183645584
188500.00000000003,138574.494204575,132263.4088536023,49925.50579542504,56236.591146397725
190799.99999999994,274185.2920332736,278262.293297772,-83385.29203327367,-87462.29329777206
299000.00000000006,224197.00231273373,231260.2980739044,74802.99768726632,67739.70192609564
324999.9999999999,152097.93145248387,147795.5455217505,172902.068547516,177204.4544782494
390000.00000000035,161464.4556810975,163657.92542638094,228535.54431890286,226342.0745736194
181000.00000000006,313899.80713265284,303714.98771345796,-132899.8071326528,-122714.9877134579
299000.00000000006,267275.5561678859,263883.5265519749,31724.443832114164,35116.47344802518
145000.00000000012,87164.66189802023,85494.53700500523,57835.33810197988,59505.46299499489
430000.00000000023,297033.23741141916,306670.6794216832,132966.76258858107,123329.32057831704
334999.9999999998,312611.07572113385,307764.0393506918,22388.924278865976,27235.96064930805
202999.9999999999,283507.5398314537,297219.78120165324,-80507.53983145379,-94219.78120165333
261999.99999999994,192648.81664029785,188871.29119706427,69351.18335970209,73128.70880293567
698999.9999999995,648675.3138136276,673086.6786374298,50324.68618637195,25913.321362569695
258000.00000000015,278003.7063519519,279034.75218679704,-20003.706351951783,-21034.75218679689
1400000.0000000007,753704.4938023103,842524.6141842689,646295.5061976904,557475.3858157318
780000.0000000001,695141.9605609089,732461.7649502167,84858.03943909123,47538.23504978337
382000.0000000002,542975.186422709,569765.900031917,-160975.18642270885,-187765.90003191686
349999.9999999997,268191.75302790425,271263.7299850057,81808.24697209545,78736.27001499402
172999.9999999999,210067.37624525197,210511.4835698009,-37067.37624525206,-37511.483569801
96999.99999999999,135360.66578123532,131807.3692286035,-38360.66578123534,-34807.36922860351
415000.00000000006,387345.1184446144,396436.88284527307,27654.881555385655,18563.11715472699
356999.99999999994,341357.9790328804,335515.9458622333,15642.020967119548,21484.054137766652
224000.0,519658.74668084696,502168.14858424326,-295658.74668084696,-278168.14858424326
409999.9999999997,631404.1076680846,639769.0360318124,-221404.10766808485,-229769.03603181272
159975.00000000006,158298.88498058214,158495.0370161812,1676.1150194179208,1479.9629838188703
283500.0000000002,212377.2799400185,206585.24963477315,71122.72005998169,76914.75036522702
302999.9999999998,290233.8414777867,299875.8316075998,12766.15852221311,3124.1683924000245
332800.00000000023,207067.26782191492,218565.38340830864,125732.73217808531,114234.61659169159
299900.0,191478.5373482288,193064.7447955337,108421.4626517712,106835.25520446629
128399.9999999999,126165.30174132058,118578.75986212854,2234.6982586793165,9821.240137871355
397999.99999999977,617384.422376745,612670.6903439976,-219384.42237674526,-214670.6903439978
630000.0000000006,267286.6405905095,259030.02476938823,362713.35940949107,370969.9752306123
64999.999999999956,206842.00742833075,209335.09166067722,-141842.00742833078,-144335.09166067728
148000.00000000015,134322.7095064664,131998.36247091222,13677.290493533743,16001.637529087922
205000.0,270879.08375440596,261898.70818251136,-65879.08375440596,-56898.70818251136
889000.0000000006,688890.8129525188,718626.8029421931,200109.18704748177,170373.19705780747
239000.00000000003,276167.16472151,282368.641754696,-37167.164721509995,-43368.64175469594
170000.00000000012,240248.54881470796,238983.11845529318,-70248.54881470784,-68983.11845529306
84989.99999999993,127202.50537788615,124213.57681727217,-42212.50537788622,-39223.576817272246
327000.0000000001,221961.88293849956,219153.88323182802,105038.11706150055,107846.1167681721
219999.99999999983,194581.89063088546,194042.51810484432,25418.10936911436,25957.481895155506
356999.99999999994,671407.6546735192,654315.0713197216,-314407.65467351925,-297315.0713197217
478399.99999999965,285621.9472989686,278064.2699567166,192778.05270103103,200335.73004328302
146999.99999999988,219412.3994774447,208796.1335707554,-72412.39947744482,-61796.13357075551
299999.99999999977,352946.6759100678,355581.52954710135,-52946.675910068036,-55581.529547101585
627500.0000000001,556662.6482679795,589570.1669560885,70837.35173202062,37929.83304391161
265000.00000000006,222704.37620015905,220607.21049192254,42295.62379984101,44392.78950807752
28900.0,103437.62995428422,96528.82791355705,-74537.62995428422,-67628.82791355705
395000.00000000035,193424.90759043695,193307.99923586278,201575.0924095634,201692.00076413757
146999.99999999988,117425.74149443819,111357.73475114377,29574.258505561695,35642.265248856114
180000.00000000003,222268.4800271668,222076.7962945374,-42268.48002716678,-42076.79629453737
371999.9999999998,292747.80891150236,289050.9746024103,79252.19108849746,82949.02539758955
169000.00000000012,163392.87571452078,165494.61897608681,5607.124285479338,3505.3810239133018
389000.00000000035,372160.7494633189,373327.30398033734,16839.250536681444,15672.69601966301
310999.9999999999,461061.1503571607,444205.0509529886,-150061.15035716083,-133205.05095298873
199499.99999999994,167872.6835291705,163278.39165249706,31627.31647082945,36221.608347502886
172499.99999999985,198402.34644743986,197207.88158784437,-25902.34644744001,-24707.881587844517
217999.99999999988,205084.24325338058,205435.8366267704,12915.7567466193,12564.163373229472
280000.0,285186.5719080566,285266.6760101842,-5186.57190805662,-5266.676010184223
208999.99999999988,158664.58640860385,156093.61056859043,50335.413591396034,52906.38943140945
214000.00000000017,316836.85949619097,316657.74890122446,-102836.8594961908,-102657.74890122429
261999.99999999994,168732.6053205986,168191.54681459407,93267.39467940133,93808.45318540587
106499.99999999996,167972.95825253247,168772.23163539922,-61472.95825253251,-62272.231635399265
229499.99999999997,298011.52908668766,294970.8258309521,-68511.52908668769,-65470.82583095212
794999.9999999998,672995.1423065661,654247.3612486304,122004.85769343365,140752.63875136932
174499.99999999994,225128.46403203494,228339.5802047764,-50628.464032035,-53839.58020477646
348499.9999999998,169467.11136928477,176118.5202286,179032.88863071505,172381.4797713998
123000.00000000009,118034.30750786209,108275.55770430749,4965.692492137998,14724.4422956926
371999.9999999998,509620.4244046409,527769.8407094914,-137620.4244046411,-155769.84070949157
337579.99999999994,218501.7696862408,214960.5384939354,119078.23031375915,122619.46150606454
288999.9999999999,162122.5569339192,160056.93577623236,126877.44306608068,128943.06422376752
258474.9999999999,126593.19999875553,123676.50613781306,131881.80000124438,134798.49386218685
343999.99999999977,293129.1952663508,317932.9171759534,50870.804733648954,26067.082824046374
253199.9999999999,270429.88869606366,284898.99911396677,-17229.888696063746,-31698.999113966856
238000.0,363970.6648076131,344274.86100579874,-125970.66480761312,-106274.86100579874
180200.0,184954.85863582173,183234.5717834174,-4754.858635821729,-3034.5717834173993
359000.00000000023,341834.1258080227,351990.6065319396,17165.87419197755,7009.393468060647
349999.9999999997,372573.29737935966,368452.5533176219,-22573.297379359952,-18452.553317622165
219999.99999999983,147947.09922075478,147330.93259333147,72052.90077924504,72669.06740666836
299000.00000000006,169744.43921622858,168953.531131149,129255.56078377148,130046.46886885105
254000.0000000002,263387.4345165029,256537.80681837074,-9387.43451650269,-2537.8068183705327
270000.00000000006,278707.81211819715,272187.39750173636,-8707.812118197093,-2187.3975017362973
498999.9999999996,344873.2803221167,345951.99350723275,154126.7196778829,153048.00649276684
1095000.0000000005,335226.23085074476,359576.1114584432,759773.7691492557,735423.8885415572
621051.9999999998,344926.9096961644,357446.27274443535,276125.09030383534,263605.7272555644
759999.9999999999,676302.233380809,700612.2040979825,83697.76661919092,59387.79590201739
178999.99999999994,143841.81263517533,141325.31674446163,35158.18736482461,37674.683255538315
161120.00000000012,166976.81263376758,178717.0462739195,-5856.812633767462,-17597.046273919375
625000.0000000002,725224.1035516848,751532.8974440234,-100224.10355168453,-126532.89744402317
145999.99999999997,179335.40621673202,185356.9369207259,-33335.40621673205,-39356.936920725915
716999.9999999997,439995.7035094423,495530.8511361085,277004.2964905574,221469.14886389114
182000.00000000003,123861.92444291122,119353.87498985705,58138.075557088814,62646.125010142976
880000.0,625028.6167921404,742933.7769585382,254971.3832078596,137066.22304146178
210000.0,381117.2236820168,389779.0067573596,-171117.22368201677,-179779.0067573596
394900.0000000002,313887.216971068,310142.13110061525,81012.78302893217,84757.86889938492
385602.99999999994,294114.7179648502,333533.04991514236,91488.28203514975,52069.950084857584
133999.9999999999,131830.03348865802,125656.15857610168,2169.9665113418887,8343.841423898237
349999.9999999997,271113.5262459575,262296.96518212784,78886.47375404224,87703.03481787187
347000.00000000023,283411.8814270568,280516.8004238034,63588.11857294344,66483.19957619684
381442.99999999994,246970.70656332522,254543.34511258127,134472.29343667472,126899.65488741867
529900.0,346248.9947022417,345668.4585557494,183651.00529775833,184231.54144425062
389000.00000000035,311837.4620549775,326557.1949588123,77162.53794502286,62442.805041188025
561059.9999999997,280205.2513087988,295694.3095019462,280854.74869120086,265365.69049805345
188999.99999999988,251497.6204320213,242620.83821023954,-62497.62043202142,-53620.83821023966
379999.9999999999,412493.25122471387,442955.32353366114,-32493.251224713982,-62955.323533661256
89000.00000000004,124644.2394308932,121871.06172167661,-35644.239430893154,-32871.06172167657
95000.00000000001,120117.3085680242,117769.6386348444,-25117.30856802418,-22769.638634844392
299000.00000000006,391012.46760069375,397176.07052140735,-92012.4676006937,-98176.0705214073
237000.00000000003,287994.36854748195,283641.7678679927,-50994.36854748192,-46641.76786799266
249999.9999999998,126981.9521368303,124047.10751710196,123018.0478631695,125952.89248289783
198000.00000000006,298933.8255465634,290893.69996363693,-100933.82554656337,-92893.69996363687
149000.0,340790.3108389562,334266.32506354206,-191790.3108389562,-185266.32506354206
430000.00000000023,283578.0309145467,287099.5113021726,146421.96908545354,142900.48869782762
146999.99999999988,211511.7842492823,223690.13849535017,-64511.78424928241,-76690.13849535029
364999.99999999977,189282.33495966435,198358.50303238042,175717.6650403354,166641.49696761934
96999.99999999999,188144.01950683136,180165.72408874755,-91144.01950683138,-83165.72408874756
129900.00000000012,134829.48577623282,135741.79045797038,-4929.485776232701,-5841.790457970259
438000.00000000035,524223.3038199625,587269.2199657903,-86223.30381996214,-149269.21996578993
291999.9999999998,465723.52799930115,488243.67367052124,-173723.52799930132,-196243.6736705214
205000.0,228920.73373209458,227724.07893315374,-23920.73373209458,-22724.078933153738
291999.9999999998,496472.25731194473,596397.063206443,-204472.2573119449,-304397.06320644316
281000.0000000001,207632.9178939775,204705.662769511,73367.08210602263,76294.33723048912
274499.99999999994,222309.82822631625,217532.28900987367,52190.17177368369,56967.710990126274
257000.00000000015,309507.75843624334,316169.9437965943,-52507.758436243195,-59169.94379659413
267999.99999999977,326999.5547336091,306815.00503109285,-58999.554733609315,-38815.00503109308
1295000.0000000007,1281168.8502147652,1413954.1148542806,13831.149785235524,-118954.1148542799
180000.00000000003,207803.27479702272,206196.94920453633,-27803.274797022692,-26196.9492045363
171199.99999999985,157316.36567310212,161226.85527595418,13883.634326897736,9973.144724045676
1350000.0,914310.8955439996,923180.8335641647,435689.1044560004,426819.1664358353
157999.99999999997,158811.86488054687,153229.44805989487,-811.8648805468983,4770.551940105099
294999.9999999998,290500.50801742583,300446.8486789714,4499.491982573993,-5446.848678971583
144499.99999999994,290098.5625952067,304861.26787142997,-145598.56259520678,-160361.26787143003
259999.9999999998,316096.6212858946,310313.1214767257,-56096.6212858948,-50313.12147672588
336000.00000000006,304437.15995634295,331777.17837359745,31562.84004365711,4222.821626402612
64989.99999999999,120745.32494023454,122042.39714481546,-55755.32494023455,-57052.39714481547
213000.00000000015,303066.345138335,317782.5438940961,-90066.34513833487,-104782.54389409596
1314999.9999999998,531711.0781505624,527143.0872658186,783288.9218494374,787856.9127341812
1179199.999999999,559883.8647752443,505825.6209246346,619316.1352247548,673374.3790753644
152000.00000000006,191276.379727588,189786.1746756315,-39276.37972758795,-37786.17467563145
188999.99999999988,287914.7774960541,301466.749969966,-98914.77749605424,-112466.74996996613
249000.00000000006,428475.77582369914,417937.99387958535,-179475.77582369908,-168937.9938795853
449900.00000000035,219411.43327925162,226901.54503844722,230488.56672074873,222998.45496155313
71999.99999999996,94663.02361296705,91406.61691396717,-22663.023612967096,-19406.616913967213
698999.9999999995,314886.68247805786,318108.3817269443,384113.3175219417,380891.61827305524
1099999.9999999998,1379608.2194742044,1524581.7770207466,-279608.2194742046,-424581.77702074684
486900.0000000002,300868.43421904574,305977.394240156,186031.56578095444,180922.60575984418
189999.9999999999,323698.2234605207,314988.54210985627,-133698.22346052076,-124988.54210985635
287000.0000000001,312963.83514113695,309798.1405110411,-25963.835141136835,-22798.140511040983
93000.00000000007,95461.63120212445,91934.42221998607,-2461.6312021243793,1065.5777800140058
394000.0000000002,296174.03428353096,292017.7985475102,97825.96571646922,101982.20145249
1247999.9999999995,291822.9276583084,301538.9118834228,956177.0723416911,946461.0881165767
379000.0000000002,369850.98349431675,393732.7993208489,9149.016505683423,-14732.799320848717
254400.00000000006,297058.29005564394,301872.6185660177,-42658.29005564388,-47472.618566017656
87999.99999999996,125541.63919075759,120008.09824896984,-37541.63919075763,-32008.09824896988
357999.99999999977,508079.31074021483,489507.1255306276,-150079.31074021506,-131507.12553062785
473000.00000000006,309830.77894379385,323405.29965678987,163169.2210562062,149594.7003432102
475999.9999999996,545503.4719175502,559926.490873375,-69503.4719175506,-83926.49087337538
398999.99999999977,260843.9006871866,249769.0766189221,138156.09931281317,149230.92338107768
224000.0,237852.3331377018,241044.51760587093,-13852.33313770179,-17044.517605870933
585000.0000000003,850689.2753918582,856970.0523992995,-265689.27539185784,-271970.0523992991
619000.0000000003,340406.45619758585,325054.7736046851,278593.5438024145,293945.22639531526
840000.0000000005,341556.5757764425,353948.13571388525,498443.424223558,486051.8642861152
149800.00000000003,219808.3159085985,221501.547809546,-70008.31590859848,-71701.54780954597
448000.0000000002,347182.60251958,345152.2809546378,100817.39748042019,102847.71904536238
103305.00000000006,155201.44583349387,159215.98897762317,-51896.44583349381,-55910.988977623114
170000.00000000012,155955.08639571452,162014.2659059707,14044.913604285597,7985.734094029409
89000.00000000004,138284.91705676602,139783.75249272372,-49284.917056765975,-50783.75249272368
150000.00000000006,106855.31174210843,103044.4006357652,43144.68825789163,46955.59936423486
214000.00000000017,172002.95865246042,172594.7609366755,41997.04134753975,41405.23906332467
714900.0,506867.86603420967,543890.8915170234,208032.13396579033,171009.10848297656
263000.0000000002,269041.9605282487,273411.248547209,-6041.960528248514,-10411.248547208845
218999.99999999988,351506.71232018113,353511.94982192613,-132506.71232018125,-134511.94982192625
87799.99999999994,179851.05328930053,172205.38367672102,-92051.05328930059,-84405.38367672107
398999.99999999977,254175.40614660783,278714.748130922,144824.59385339194,120285.2518690778
570000.0000000001,493178.34108216024,501943.4367648032,76821.65891783987,68056.56323519693
284999.99999999994,315587.06407679344,296939.0926510395,-30587.064076793496,-11939.092651039537
798999.9999999997,469016.6376969303,491928.1478063431,329983.3623030693,307071.85219365655
449999.99999999994,351896.20339763793,347929.84598183807,98103.79660236201,102070.15401816188
333760.00000000023,214699.83334047112,203295.18651868927,119060.16665952912,130464.81348131096
239000.00000000003,287200.83500677126,285644.0591388942,-48200.83500677123,-46644.05913889417
233999.9999999999,182200.18682744485,174938.85430862792,51799.81317255506,59061.14569137199
142000.0,132893.8514088959,132472.36129624653,9106.148591104109,9527.638703753473
208999.99999999988,192234.4616567379,194690.28204445358,16765.538343261986,14309.717955546308
368000.00000000023,234297.97095078012,240346.83768310538,133702.02904922012,127653.16231689486
224000.0,295787.71986447566,302038.24765588966,-71787.71986447566,-78038.24765588966
299000.00000000006,242840.96279603709,234902.80086380464,56159.03720396297,64097.19913619541
568000.0000000001,320915.31873014936,317403.0937526422,247084.68126985076,250596.9062473579
193499.99999999985,248352.88023025251,247244.2802213111,-54852.88023025266,-53744.28022131126
129300.00000000006,106870.34783364323,104905.51456622798,22429.652166356827,24394.485433772075
253000.0000000001,270857.54677031015,257139.75380358074,-17857.54677031006,-4139.75380358065
71999.99999999996,135175.20185571056,131922.55165372413,-63175.201855710606,-59922.55165372418
1590000.000000001,729419.4704136115,807670.1992590722,860580.5295863894,782329.8007409287
249000.00000000006,229983.13786083978,227355.64208938184,19016.86213916028,21644.357910618215
520000.0,530079.4572826315,534778.4010974506,-10079.457282631542,-14778.401097450638
329000.0000000003,280056.503940972,273957.06311421015,48943.496059028315,55042.93688579014
221999.99999999983,341594.3238141869,334585.4469850379,-119594.32381418708,-112585.44698503806
109999.99999999991,161065.6865101808,157148.58475536457,-51065.68651018088,-47148.58475536466
272999.9999999998,247149.9563938126,250897.79146684875,25850.043606187217,22102.208533151075
95999.99999999996,277340.50838523393,309858.46417276637,-181340.508385234,-213858.46417276643
375000.00000000006,349405.6560966613,340870.79236063466,25594.34390333877,34129.2076393654
549000.0000000005,864197.9368564899,850158.0289353521,-315197.9368564894,-301158.02893535164
244999.99999999997,254008.86753630041,261306.69665794724,-9008.867536300444,-16306.696657947265
139099.99999999997,221348.88173866246,235834.97228613886,-82248.88173866249,-96734.97228613889
360000.0000000001,290896.9127551934,307150.4474138567,69103.0872448067,52849.55258614343
249999.9999999998,256697.70724647204,246330.66829111986,-6697.707246472244,3669.3317088799377
319000.0,499935.98649006453,507413.294013803,-180935.98649006453,-188413.294013803
267000.0,335934.68857144157,328191.20939990185,-68934.68857144157,-61191.209399901854
267999.99999999977,355024.2254769954,366706.70988631377,-87024.22547699563,-98706.709886314
992000.0000000005,599399.1242632845,605276.4014820067,392600.87573671597,386723.5985179938
299000.00000000006,398600.5570633865,402153.54900250735,-99600.55706338643,-103153.5490025073
188999.99999999988,232737.98901632582,240531.6294167876,-43737.98901632594,-51531.629416787706
356999.99999999994,313788.7712622724,342799.27380474826,43211.228737727564,14200.726195251686
134999.99999999997,197249.1720290175,205829.48371755754,-62249.17202901753,-70829.48371755757
420000.0,362413.5852447233,358578.9805170171,57586.414755276695,61421.01948298293
195000.00000000006,210831.36018362353,215947.09494809655,-15831.360183623474,-20947.094948096492
278000.0000000002,373558.7804400754,371023.4419461903,-95558.7804400752,-93023.44194619014
420000.0,239355.62728317527,251768.93457517982,180644.37271682473,168231.06542482018
144450.0,262408.64252318867,253169.26498404972,-117958.64252318867,-108719.26498404972
711000.0000000001,554269.9387782366,565620.8821220441,156730.0612217635,145379.117877956
225999.9999999998,141946.51520914317,141216.95272996704,84053.48479085663,84783.04727003275
284849.9999999999,192430.13578114522,194471.9518729783,92419.86421885467,90378.04812702158
364999.99999999977,630190.5185360677,589933.8848189218,-265190.5185360679,-224933.88481892203
570000.0000000001,450833.6824029868,449159.5859455496,119166.31759701332,120840.41405445052
265000.00000000006,229216.2030394514,230702.77285366392,35783.79696054867,34297.22714633614
239000.00000000003,145987.78991705127,141445.5991351631,93012.21008294876,97554.40086483693
383433.00000000006,248544.78692734096,248947.9700883315,134888.2130726591,134485.02991166856
517999.9999999999,228517.57323326878,217798.5318756418,289482.4267667311,300201.4681243581
210000.0,373347.7848088503,391787.8874662709,-163347.78480885032,-181787.88746627088
85100.0,123344.71803326145,118058.60465787415,-38244.71803326145,-32958.60465787415
925000.0000000007,450879.2495456283,461766.7284060757,474120.7504543724,463233.271593925
90500.00000000001,187442.93386355165,181935.0231709425,-96942.93386355163,-91435.02317094248
698999.9999999995,593594.8180883775,607242.0270122954,105405.18191162206,91757.9729877041
145000.00000000012,165667.25495903182,160626.2900879163,-20667.254959031707,-15626.29008791619
319000.0,256628.75253724644,257858.07550121244,62371.247462753556,61141.92449878756
198000.00000000006,191219.48082553915,187288.97641859134,6780.519174460904,10711.023581408721
155000.00000000012,157776.70873004655,150830.58824674154,-2776.7087300464336,4169.411753258581
274799.99999999977,288891.1826322987,284454.48469288065,-14091.182632298907,-9654.484692880884
384000.00000000006,289202.2180731071,281622.0268143797,94797.78192689293,102377.97318562039
84999.99999999996,122966.2388945554,119089.30078168717,-37966.23889455544,-34089.30078168721
935000.0000000006,881148.246488195,911699.5566933329,53851.75351180555,23300.44330666773
180000.00000000003,213717.879675789,217025.9251610939,-33717.87967578898,-37025.92516109388
349999.9999999997,306442.0912957111,285564.8923992143,43557.908704288595,64435.107600785384
249000.00000000006,283294.8041119132,280204.7016769875,-34294.80411191314,-31204.70167698746
50000.000000000015,161584.52929276988,161818.89953721664,-111584.52929276986,-111818.89953721662
84999.99999999996,154193.89747040137,156864.2889119765,-69193.89747040141,-71864.28891197655
315000.0000000002,342366.7389048138,344135.4694847652,-27366.738904813654,-29135.469484765024
250999.99999999988,221432.47868727116,222540.16587826784,29567.521312728728,28459.83412173204
199000.0000000001,139108.27887023604,135226.88636149265,59891.721129764046,63773.113638507435
259000.0,322668.09757503786,322832.05023126095,-63668.09757503786,-63832.050231260946
188000.00000000012,250895.43288178378,251398.18740422186,-62895.432881783665,-63398.18740422174
398999.99999999977,334460.2684112609,342699.61327768984,64539.731588738854,56300.38672230992
1194999.999999999,499968.1928460863,518503.1746120451,695031.8071539127,676496.825387954
398999.99999999977,422314.7662551654,398034.71027002955,-23314.766255165625,965.2897299702163
452999.99999999977,736937.8718026276,745854.9589755075,-283937.8718026278,-292854.95897550776
884000.0000000002,279943.7503379488,263238.3086733638,604056.2496620514,620761.6913266364
330000.0000000001,587553.8209963905,571834.2483497561,-257553.82099639042,-241834.248349756
418000.00000000023,295465.4282155889,294917.18356809893,122534.57178441132,123082.8164319013
508799.9999999996,239914.81519557044,248709.56022672207,268885.1848044292,260090.43977327753
369999.99999999977,195330.39023506836,202740.8751457328,174669.6097649314,167259.12485426696
215000.0,188693.5135456196,196478.49757614871,26306.486454380414,18521.502423851285
525000.0000000003,412025.3993604701,431086.4237527977,112974.60063953022,93913.57624720264
343999.99999999977,270753.03513820574,274174.2444035289,73246.96486179403,69825.75559647084
354999.9999999998,233075.15362306824,224464.724655048,121924.84637693159,130535.27534495183
100000.00000000004,226834.40738330325,228059.90902215274,-126834.4073833032,-128059.9090221527
177000.00000000006,203896.1826273392,206604.630304186,-26896.18262733915,-29604.630304185936
240000.00000000003,358907.69555420725,363895.86907647876,-118907.69555420722,-123895.86907647873
291000.00000000006,208658.67988344317,212064.75611886845,82341.32011655689,78935.24388113161
86000.00000000001,162986.63113393862,159437.7967175914,-76986.6311339386,-73437.7967175914
328599.99999999977,214778.61669708212,212549.01619300846,113821.38330291765,116050.98380699131
50000.000000000015,146988.95113029523,145154.81202220495,-96988.95113029522,-95154.81202220493
449999.99999999994,215259.503194469,220652.6076179493,234740.49680553094,229347.39238205063
281000.0000000001,248333.96680143583,250081.95239099482,32666.033198564284,30918.047609005298
249000.00000000006,210710.6127403063,200758.05756045398,38289.38725969376,48241.94243954608
127500.00000000001,207022.25553425637,209433.04554198624,-79522.25553425636,-81933.04554198623
67000.0,157967.34559287794,153205.53690319916,-90967.34559287794,-86205.53690319916
125390.0000000001,169895.1701944198,160532.75772316346,-44505.1701944197,-35142.75772316336
355300.00000000023,375155.18235715915,387494.3917952784,-19855.18235715892,-32194.391795278178
164800.00000000006,227623.09539706618,233229.7578289379,-62823.09539706612,-68429.75782893784
369899.9999999998,248439.444380599,253504.05751379137,121460.55561940084,116395.94248620846
150000.00000000006,321680.92009620636,321480.83341927076,-171680.9200962063,-171480.8334192707
235999.9999999999,353377.1288140044,342479.20084438525,-117377.1288140045,-106479.20084438534
51289.99999999998,87285.42810850585,85294.63671860304,-35995.42810850587,-34004.63671860306
149000.0,135599.69624215996,133439.34887986636,13400.30375784004,15560.65112013364
231000.0000000001,228835.6251551217,222868.69690640405,2164.374844878388,8131.303093596041
280000.0,293969.7272996888,282468.65672198596,-13969.727299688791,-2468.656721985957
416999.9999999998,272099.7093166497,264680.81446816755,144900.29068335012,152319.18553183228
320000.00000000006,591798.4070407655,584213.1434982365,-271798.40704076545,-264213.1434982365
145000.00000000012,210360.3982428667,199575.60923519748,-65360.39824286659,-54575.609235197364
40000.0,129666.93271249963,128504.60370902854,-89666.93271249963,-88504.60370902854
265000.00000000006,457192.757677821,450360.2778158459,-192192.75767782092,-185360.27781584585
229900.00000000006,234563.94418151592,233939.18513514785,-4663.944181515864,-4039.1851351477962
244699.99999999983,245956.2870972909,235363.1103484433,-1256.2870972910605,9336.889651556528
167000.0000000001,262184.7284594624,250283.44895176304,-95184.72845946232,-83283.44895176296
279166.0,401929.3660677503,389849.45540434745,-122763.36606775032,-110683.45540434745
113999.99999999996,105653.69946993886,103639.35459460331,8346.300530061097,10360.645405396644
926999.9999999994,570457.1471594044,603780.6377196996,356542.85284059506,323219.36228029977
283500.0000000002,350145.063089743,357965.13738173345,-66645.06308974285,-74465.13738173328
1290000.0000000007,818093.0480052925,830095.6180218876,471906.95199470816,459904.3819781131
352000.0000000003,308645.5014861838,318896.6616249428,43354.49851381651,33103.3383750575
310000.0000000002,186160.47812767304,194383.0511554709,123839.52187232714,115616.94884452928
337999.99999999977,265859.1192193262,260559.02124285046,72140.88078067359,77440.9787571493
198000.00000000006,266791.22458544356,264433.6816100578,-68791.2245854435,-66433.68161005777
137500.00000000012,120032.41997329208,115417.26043546331,17467.580026708034,22082.73956453681
28750.00000000001,86991.08300513065,85384.97703805313,-58241.08300513064,-56634.97703805311
369000.0000000001,308285.1662505232,322740.11257747543,60714.83374947694,46259.887422524684
819000.0000000002,1246163.1232141897,1396921.7619788381,-427163.1232141894,-577921.7619788379
219999.99999999983,123130.67534619985,126160.56114479889,96869.32465379998,93839.43885520093
299000.00000000006,580797.0635145546,566077.6175616854,-281797.0635145546,-267077.6175616853
420000.0,277083.59247696144,275017.5631261996,142916.40752303856,144982.4368738004
418000.00000000023,338368.5377138539,361530.20633920294,79631.46228614636,56469.793660797295
275000.0000000002,311794.27569216193,323366.32866813004,-36794.275692161755,-48366.32866812986
371000.00000000006,380381.3081105033,380782.82609835675,-9381.308110503247,-9782.826098356687
1112999.9999999995,856238.8735061537,850590.1371422515,256761.12649384583,262409.86285774806
114999.99999999991,126469.44655562418,120424.41542379775,-11469.446555624265,-5424.415423797836
224000.0,298766.4336893204,283146.1086625482,-74766.4336893204,-59146.108662548184
171999.99999999988,122300.7244636905,118933.56785289783,49699.27553630939,53066.43214710205
1519999.9999999998,690090.6488763589,706668.9491444888,829909.3511236409,813331.050855511
109000.0,138699.70063357832,134837.9105911644,-29699.700633578323,-25837.9105911644
780000.0000000001,697823.934491886,815555.7593150468,82176.06550811417,-35555.759315046715
222599.99999999997,169854.76261563718,167402.07113233153,52745.23738436279,55197.92886766844
299000.00000000006,301057.5888172421,308623.75962267566,-2057.5888172420673,-9623.7596226756
178999.99999999994,244853.79309033693,256203.4093468515,-65853.79309033699,-77203.40934685155
87999.99999999996,161411.04361135268,162376.17969506924,-73411.04361135272,-74376.17969506928
209669.99999999983,243919.16494323744,257500.337263095,-34249.164943237614,-47830.33726309516
299900.0,226959.86217343147,246128.95638753785,72940.13782656853,53771.04361246215
855750.0000000005,487959.7639786946,505141.34940853127,367790.23602130584,350608.6505914692
344999.9999999997,271739.35146617354,265908.0246439781,73260.64853382617,79091.9753560216
166000.00000000003,238819.2715165797,254023.78328491858,-72819.27151657967,-88023.78328491855
149000.0,106144.03549173634,102720.34851171935,42855.964508263656,46279.65148828065
108000.00000000001,123553.55375483072,119984.64475208188,-15553.553754830704,-11984.644752081862
130000.00000000009,154126.41416580297,155316.79706439847,-24126.414165802882,-25316.797064398386
218999.99999999988,161438.0090781577,164896.0723246466,57561.990921842196,54103.927675353276
339000.00000000023,375784.6549772543,364635.10433776863,-36784.654977254046,-25635.104337768396
228579.99999999988,179276.058653601,182375.8239459718,49303.941346398875,46204.176054028096
452999.99999999977,483856.9311142848,481520.85839089064,-30856.93111428502,-28520.858390890877
483000.00000000023,490328.23929328396,528966.029962167,-7328.239293283725,-45966.029962166795
60000.000000000015,129419.49909658998,125277.40192711756,-69419.49909658996,-65277.40192711755
267989.99999999994,774522.3948639554,730547.0772207942,-506532.3948639555,-462557.0772207942
1229999.9999999995,865121.5172369163,858970.7067917758,364878.4827630832,371029.29320822377
120000.00000000004,170244.9946682608,167074.16770955842,-50244.994668260755,-47074.16770955837
375000.00000000006,167306.38957738492,168122.4173941453,207693.61042261514,206877.58260585475
136999.9999999999,261740.01417409402,258377.3418996249,-124740.0141740941,-121377.341899625
394000.0000000002,256515.11033891377,270263.4628991632,137484.8896610864,123736.53710083698
630999.9999999999,599757.8277606124,640986.4879915806,31242.172239387524,-9986.48799158074
281249.99999999994,301650.4297162133,294259.08146704664,-20400.429716213373,-13009.081467046693
339999.99999999994,208301.41930401715,210215.53095063294,131698.5806959828,129784.469049367
1200000.0000000005,314425.22787220706,306385.3648117257,885574.7721277934,893614.6351882748
68999.99999999997,221989.9195243432,214734.53400514548,-152989.91952434322,-145734.5340051455
1099999.9999999998,803064.7061668297,792701.8954765972,296935.2938331701,307298.1045234025
224720.0,276099.0350060314,289459.6488567573,-51379.035006031394,-64739.648856757325
749000.0,694167.679083975,741505.8819625399,54832.32091602497,7494.118037460139
173224.99999999988,132232.35898486775,129680.2989413185,40992.64101513213,43544.701058681385
476800.0,580943.6167616443,673224.5268900729,-104143.61676164425,-196424.52689007286
60000.000000000015,157238.0384640126,153964.91051358465,-97238.0384640126,-93964.91051358463
480000.00000000006,518864.0165622643,523006.67399766186,-38864.01656226424,-43006.6739976618
435000.0,353640.44529709604,351096.1719167559,81359.55470290396,83903.8280832441
558999.9999999998,340947.7595709462,361197.0062424429,218052.24042905355,197802.9937575569
416000.0,287364.3552964003,311668.33703828615,128635.64470359968,104331.66296171385
405000.0000000001,354745.5256056982,362380.58013058343,50254.47439430194,42619.419869416684
215000.0,304743.5123413253,315866.5019828039,-89743.51234132529,-100866.50198280392
995000.0,993982.6068975264,1060321.4966480387,1017.3931024735793,-65321.49664803874
257000.00000000015,272718.9164042417,277081.79559436283,-15718.91640424155,-20081.795594362688
239199.99999999985,169014.99238906824,169911.17718380407,70185.00761093161,69288.82281619578
165850.0,239280.44209750276,240510.49279533344,-73430.44209750276,-74660.49279533344
249000.00000000006,187396.54082659024,188367.43932267503,61603.45917340982,60632.56067732503
332999.99999999977,152431.1966292535,148423.83743162415,180568.80337074626,184576.1625683756
239900.0000000001,184467.02122848036,167887.6281486719,55432.97877151973,72012.37185132818
306652.0,274759.76872587844,293370.47225127334,31892.231274121557,13281.527748726658
364000.00000000006,279890.719813305,270140.8896275553,84109.28018669505,93859.11037244473
119839.99999999994,131132.71991811867,129162.39942974776,-11292.719918118732,-9322.39942974782
162500.00000000012,265290.0601182711,256328.3171096105,-102790.06011827098,-93828.31710961039
281333.00000000023,214033.27588823118,222046.4597074906,67299.72411176906,59286.54029250963
397999.99999999977,344792.9881329696,341214.38433889457,53207.011867030174,56785.6156611052
154100.0,351802.0827570859,359890.78690943896,-197702.0827570859,-205790.78690943896
29999.99999999999,84076.10818801657,82125.98872360475,-54076.10818801659,-52125.988723604765
180000.00000000003,272570.3777685662,297697.36667588126,-92570.37776856616,-117697.36667588123
520000.0,335334.3317899449,328859.9155154032,184665.6682100551,191140.0844845968
269670.0000000002,466964.86215418327,486062.8769020935,-197294.8621541831,-216392.87690209335
106000.00000000001,251514.1682366195,253958.8917463704,-145514.1682366195,-147958.8917463704
184399.9999999999,188407.47046614895,179616.6723325801,-4007.4704661490396,4783.327667419799
265000.00000000006,185608.10108020125,182863.57825601508,79391.89891979881,82136.42174398497
457000.0000000003,291255.52308129566,290804.21896170767,165744.47691870463,166195.78103829263
299900.0,442443.00393547886,446612.2198260492,-142543.00393547886,-146712.21982604917
299000.00000000006,263034.2794124921,255381.56461802337,35965.72058750794,43618.435381976684
271999.9999999999,268452.5773278575,252979.21670197495,3547.422672142391,19020.783298024937
1039499.9999999995,806193.8434274537,864774.6374176427,233306.15657254588,174725.36258235679
169000.00000000012,322868.13924955315,324945.7177489455,-153868.13924955303,-155945.7177489454
206999.99999999994,200852.61520473764,190215.49274756396,6147.384795262304,16784.507252435986
566500.0000000002,292368.3043313447,308060.79615466314,274131.6956686555,258439.2038453371
288999.9999999999,187779.56085262098,197262.33814594123,101220.4391473789,91737.66185405865
472500.00000000035,294403.33446368645,295668.7227068037,178096.6655363139,176831.27729319665
1400000.0000000007,769306.7918664927,789987.0136182492,630693.208133508,610012.9863817515
199000.0000000001,199136.22372775586,194373.46263973284,-136.22372775577242,4626.537360267248
207899.99999999997,319399.4008957683,333859.3519821925,-111499.40089576834,-125959.35198219251
169000.00000000012,187136.95367002217,185970.11539159616,-18136.95367002205,-16970.115391596046
169372.99999999997,164781.20185692987,168557.1895355813,4591.798143070104,815.8104644186678
49989.99999999997,82068.73148285803,78771.66654726112,-32078.731482858057,-28781.66654726115
148000.00000000015,190256.4097782969,192683.33924546142,-42256.409778296744,-44683.33924546128
413000.00000000006,527891.8476228366,560530.600924086,-114891.84762283653,-147530.60092408588
344850.0,1014926.4217123972,943145.5307165821,-670076.4217123972,-598295.5307165821
468599.99999999965,383661.09162325994,399540.12581183756,84938.90837673971,69059.8741881621
255999.99999999985,232562.75983657496,230585.45563817845,23437.240163424896,25414.544361821405
238739.9999999999,203750.94013940144,200177.31870441104,34989.05986059847,38562.681295588874
172950.00000000012,194415.1006555223,199098.56426705164,-21465.100655522197,-26148.564267051523
299000.00000000006,304647.8522202253,316707.41373267246,-5647.852220225264,-17707.4137326724
435000.0,360312.0861978137,353938.7201004082,74687.91380218632,81061.27989959181
235999.9999999999,189804.9109952728,192789.00820453168,46195.08900472711,43210.99179546823
257000.00000000015,234159.55466842098,234110.40087199584,22840.44533157916,22889.59912800431
557499.9999999999,305318.5069724968,315503.53870269825,252181.49302750308,241996.46129730163
444999.9999999997,307559.55988683034,320103.4358224758,137440.44011316937,124896.56417752389
282510.00000000023,472115.4700296866,491140.4808905244,-189605.47002968634,-208630.48089052417
369200.0000000003,303794.73752750154,319105.75090336095,65405.262472498755,50094.24909663934
588000.0,560642.9065217058,570168.6398256858,27357.093478294206,17831.360174314235
1519999.9999999998,603840.2923321421,619806.9907393765,916159.7076678576,900193.0092606233
416999.9999999998,272047.5740722863,264635.01682046824,144952.4259277135,152364.98317953158
235000.0,239543.6641182145,239359.5565793396,-4543.66411821451,-4359.556579339609
468000.0000000003,445392.59468597424,464685.15642336936,22607.40531402605,3314.8435766309267
940000.0000000006,456997.8353275538,491890.9445906199,483002.1646724468,448109.0554093807
200450.00000000006,139247.71367378204,138060.21546148055,61202.28632621802,62389.78453851951
394000.0000000002,428316.94889073947,446325.7911608132,-34316.948890739295,-52325.79116081301
369000.0000000001,442769.69426212175,442951.43700925907,-73769.69426212163,-73951.43700925895
35999.99999999998,135425.30846116832,134054.0520602336,-99425.30846116834,-98054.05206023363
455800.00000000035,582088.6540489163,662930.7060547579,-126288.65404891595,-207130.70605475758
444999.9999999997,438836.083072791,451032.0608177397,6163.9169272087165,-6032.0608177399845
435999.99999999965,480138.7924691268,463937.40454419906,-44138.79246912716,-27937.40454419941
55000.00000000004,201867.42508326762,202367.67232661962,-146867.4250832676,-147367.6723266196
69130.00000000004,125740.88122774236,121989.74707368632,-56610.88122774231,-52859.747073686274
288999.9999999999,427697.1504958951,419797.1979849808,-138697.15049589524,-130797.19798498094
241500.0,200695.93429477338,200811.8030785216,40804.06570522662,40688.196921478404
80000.0,88901.99223510205,86289.61195679338,-8901.99223510205,-6289.611956793378
649999.9999999995,289661.1234742806,315076.37711367384,360338.87652571895,334923.6228863257
124999.9999999999,179922.92945787605,186836.33107468917,-54922.92945787615,-61836.33107468927
330199.9999999999,414859.5264015875,433596.9955636413,-84659.52640158759,-103396.99556364142
155000.00000000012,157336.0090967658,157817.0141581828,-2336.009096765687,-2817.01415818269
318000.0,178108.64392508543,171944.0887599087,139891.35607491457,146055.9112400913
347000.00000000023,359053.994802694,344758.89995133795,-12053.994802693778,2241.1000486622797
426000.0000000002,300469.98120594444,301855.8956411938,125530.01879405574,124144.10435880639
409000.0000000001,249978.84569904182,246570.04225009438,159021.1543009583,162429.95774990573
264000.00000000006,135755.22368602428,131758.75660941223,128244.77631397577,132241.24339058783
227703.9999999998,166347.27099997882,166827.68256787065,61356.729000020976,60876.317432129144
367500.0000000003,381981.0525595517,407705.5070989538,-14481.052559551434,-40205.50709895353
360000.0000000001,274031.05048938637,275267.9227615498,85968.94951061375,84732.07723845029
339000.00000000023,357636.5764392192,354661.76250436075,-18636.576439218945,-15661.762504360522
167999.9999999999,303338.7340222039,313295.4858055928,-135338.73402220398,-145295.48580559288
124999.9999999999,190168.9923636639,196152.1464049297,-65168.992363664016,-71152.1464049298
209400.00000000003,272194.77301690396,291852.02994124,-62794.77301690393,-82452.02994123995
387999.9999999999,302481.7292476643,310315.54179322196,85518.27075233561,77684.45820677793
324999.9999999999,452970.82261386764,444205.01021929464,-127970.82261386776,-119205.01021929475
520000.0,647444.7204497316,877170.9564055608,-127444.72044973157,-357170.95640556084
649999.9999999995,880139.0634298065,943909.2138836546,-230139.06342980696,-293909.21388365503
191999.99999999997,191178.30508752936,194204.59028669557,821.6949124706152,-2204.590286695602
95000.00000000001,191795.85030573848,195181.60610086456,-96795.85030573847,-100181.60610086455
392000.0,263513.93320309324,258626.3780437196,128486.06679690676,133373.6219562804
139999.9999999999,423535.5496622743,428406.27106223744,-283535.5496622744,-288406.27106223756
212500.00000000017,168182.61727786972,176997.739524859,44317.38272213045,35502.26047514117
394000.0000000002,473208.5426065078,465871.7336260376,-79208.5426065076,-71871.73362603743
44999.999999999985,147980.04618529053,146321.95644897685,-102980.04618529054,-101321.95644897687
673000.0000000005,652601.8985475925,651864.0013059746,20398.10145240801,21135.99869402591
283500.0000000002,246207.89057907608,256954.11070874694,37292.1094209241,26545.889291253232
49000.00000000002,168769.06739726863,169590.44841581926,-119769.0673972686,-120590.44841581924
197000.00000000015,204262.27475521114,204673.52565059,-7262.274755210994,-7673.525650589843
465000.00000000023,399692.77861785993,425641.2986046421,65307.2213821403,39358.70139535813
369499.9999999999,401760.61347864725,425577.02470226004,-32260.61347864737,-56077.024702260154
219999.99999999983,255471.4758815265,255286.8997972669,-35471.47588152668,-35286.89979726708
289999.9999999999,383261.64382885897,383020.5788606442,-93261.64382885909,-93020.57886064431
255000.0000000001,899221.028370964,887484.0734135738,-644221.0283709639,-632484.0734135737
188999.99999999988,181132.2065350696,179350.8580946897,7867.7934649302915,9649.141905310185
270400.0000000002,275106.8676344461,283454.9355520577,-4706.867634445953,-13054.935552057519
398999.99999999977,168945.86065548728,169255.44892434773,230054.13934451248,229744.55107565204
178999.99999999994,235761.10382072232,238544.0391924587,-56761.103820722376,-59544.03919245876
259974.99999999983,237277.91095340246,226317.33213829,22697.089046597364,33657.66786170984
289999.9999999999,298573.8628988124,309270.64591311803,-8573.862898812513,-19270.645913118147
341000.0000000002,259633.87152764172,265454.24116646056,81366.12847235845,75545.75883353961
106000.00000000001,135571.50279312275,128186.88519161746,-29571.502793122738,-22186.885191617446
80000.0,135210.33997968782,132911.89329560666,-55210.33997968782,-52911.89329560666
28000.00000000002,129293.81377287378,124253.98811142148,-101293.81377287376,-96253.98811142147
375000.00000000006,302715.1544086518,304058.9883240882,72284.84559134825,70941.01167591184
29999.99999999999,106209.69602750259,105954.35442462628,-76209.6960275026,-75954.35442462629
729999.9999999998,451968.6908144452,468817.1975883899,278031.30918555456,261182.80241160985
241500.0,279214.8954461035,270155.48557450343,-37714.895446103474,-28655.48557450343
537600.0000000001,512461.65316552046,553255.1866035337,25138.346834479657,-15655.18660353357
266800.0000000001,111371.18425015261,113110.19001978147,155428.8157498475,153689.80998021865
392000.0,335644.3617293685,331925.58898127096,56355.63827063149,60074.411018729035
515500.0000000003,495066.30846604286,479961.48304014973,20433.691533957433,35538.51695985056
272999.9999999998,191279.83922406432,204797.74610329937,81720.16077593551,68202.25389670045
124000.00000000007,200155.6159872145,209843.58164930085,-76155.61598721442,-85843.58164930077
61049.99999999998,111258.8064921808,108806.92769925247,-50208.80649218082,-47756.92769925249
149000.0,175108.87039917393,171981.5351403236,-26108.87039917393,-22981.535140323598
222599.99999999997,125438.26863804659,133717.20808234383,97161.73136195338,88882.79191765614
719999.9999999995,304792.8216022017,294439.4699764952,415207.17839779786,425560.53002350434
884000.0000000002,447401.22334485146,475297.34358570364,436598.7766551488,408702.6564142966
346500.0000000003,183678.71937114233,179098.58962210538,162821.28062885796,167401.4103778949
447899.99999999977,242516.97632248644,246577.25467092064,205383.02367751332,201322.74532907913
649999.9999999995,431644.3785264869,416808.6151234712,218355.6214735126,233191.38487652835
299000.00000000006,193026.48580667394,185015.64081324553,105973.51419332612,113984.35918675453
222599.99999999997,232568.56204562023,234035.43104963555,-9968.56204562026,-11435.431049635576
739999.9999999999,408614.4656175854,413667.0197114466,331385.5343824145,326332.9802885533
77200.00000000004,128750.19500713167,119192.33028519693,-51550.195007131624,-41992.33028519689
118999.99999999993,209427.56475022054,200019.46249575584,-90427.56475022061,-81019.46249575591
201499.99999999988,161700.9912894254,155113.9688167907,39799.008710574475,46386.03118320918
299999.99999999977,161759.1008768002,160277.38659067682,138240.89912319958,139722.61340932295
349999.9999999997,286934.35850166867,282036.4825069333,63065.64149833104,67963.51749306644
188000.00000000012,175541.354606194,174106.69145399943,12458.645393806102,13893.308546000684
420000.0,524695.275821907,532628.3564507951,-104695.27582190698,-112628.35645079508
198500.00000000006,122950.62710855283,119130.10709341073,75549.37289144723,79369.89290658933
249999.9999999998,270306.6695804545,292479.1728113635,-20306.669580454676,-42479.17281136368
99500.00000000001,171104.29498947502,174473.25699163252,-71604.294989475,-74973.2569916325
165000.00000000015,207927.99274791195,206162.9901713362,-42927.992747911805,-41162.990171336045
1050000.0000000007,310626.0873766042,305543.32112374535,739373.9126233965,744456.6788762554
354165.0000000002,217687.70503122394,208083.619913641,136477.29496877623,146081.38008635916
165000.00000000015,178056.79625387635,175554.38486750628,-13056.796253876208,-10554.38486750613
203999.99999999985,173273.93136016792,172936.43327106108,30726.068639831938,31063.56672893878
189999.9999999999,218619.454801266,221055.19085616068,-28619.45480126608,-31055.19085616077
823999.9999999994,784845.7222556039,853249.360868857,39154.27774439554,-29249.36086885759
674999.9999999998,511898.17244917015,527651.1226893975,163101.82755082962,147348.87731060223
99000.00000000004,204524.17421411647,197617.21592615359,-105524.17421411643,-98617.21592615354
134999.99999999997,261322.80192920522,258660.76001436563,-126322.80192920525,-123660.76001436566
95000.00000000001,130733.86787737813,123748.18060472884,-35733.867877378114,-28748.180604728826
212000.00000000017,236337.0627047701,228794.11810111924,-24337.062704769924,-16794.118101119064
390999.99999999977,311211.1447450968,321843.52521860437,79788.85525490297,69156.4747813954
73000.00000000003,138050.05024900712,134760.96965901568,-65050.050249007094,-61760.96965901565
320000.00000000006,169550.37715171193,170020.1065091167,150449.62284828813,149979.89349088335
193499.99999999985,199535.0767500812,194078.3029882405,-6035.076750081353,-578.3029882406408
120000.00000000004,225296.3293385055,224202.3486416064,-105296.32933850544,-104202.34864160635
95000.00000000001,142772.19962348003,141354.23709083034,-47772.19962348002,-46354.23709083033
545800.0000000005,210550.42531407258,213323.14814906236,335249.5746859279,332476.8518509381
275069.9999999999,307831.92158471554,325347.0043364602,-32761.92158471566,-50277.00433646032
349899.99999999994,273225.071421664,290307.1861292556,76674.92857833597,59592.813870744314
415000.00000000006,348511.9535503472,348787.4153617142,66488.04644965287,66212.58463828586
281999.99999999994,230546.5690046965,228841.9868081595,51453.43099530344,53158.01319184044
718999.9999999999,697933.7773860712,731737.8326246673,21066.222613928723,-12737.83262466744
749999.9999999998,612873.7820217524,677038.9666818329,137126.21797824732,72961.03331816685
318000.0,346845.8303171445,366284.04137294093,-28845.830317144515,-48284.041372940934
745199.9999999998,560996.9512470269,572603.1295943087,184203.04875297286,172596.8704056911
161850.00000000003,203595.12764869985,206736.41237261335,-41745.127648699825,-44886.412372613326
269000.0,236351.35074345203,234155.9189038253,32648.64925654797,34844.08109617469
1229999.9999999995,574220.8648447829,652452.1642062765,655779.1351552167,577547.835793723
101989.99999999997,184418.77172534924,178053.35483153316,-82428.77172534927,-76063.35483153319
549999.9999999998,243662.1824695357,249929.97094278762,306337.81753046403,300070.0290572122
237000.00000000003,230293.4672064081,231214.06611137194,6706.532793591934,5785.933888628089
249999.9999999998,191945.28425471316,188309.7382477343,58054.71574528664,61690.261752265505
219999.99999999983,279660.2580422014,277760.6515228697,-59660.258042201574,-57760.651522869885
490000.0,858461.0873018667,913135.2060811103,-368461.08730186673,-423135.2060811103
686399.9999999998,402436.76517158654,433336.81146340724,283963.23482841323,253063.18853659253
420390.00000000006,916942.7395617999,1073977.9679001574,-496552.73956179986,-653587.9679001574
281999.99999999994,278879.6536129717,279236.6277140099,3120.3463870282285,2763.3722859900445
549000.0000000005,451242.7789808101,421951.58889084065,97757.22101919039,127048.41110915982
178999.99999999994,162713.3126057634,162586.90780098573,16286.687394236535,16413.09219901421
302000.00000000006,255473.27702876288,262575.57281491987,46526.72297123718,39424.42718508019
76999.99999999997,158072.37713680547,148532.29115337858,-81072.3771368055,-71532.29115337861
216899.99999999983,329588.8574299877,330498.0094785153,-112688.85742998787,-113598.00947851548
624000.0000000006,239698.13798457003,250887.11455968375,384301.8620154306,373112.88544031687
1150000.0000000005,566103.3293930906,584475.4624786465,583896.6706069099,565524.5375213539
299000.00000000006,228237.40220830782,225034.00475044796,70762.59779169224,73965.9952495521
794999.9999999998,602477.4343494495,637036.9106779823,192522.5656505503,157963.0893220175
288500.0,274099.6264497055,287726.3899390701,14400.373550294491,773.6100609299028
313899.9999999998,332909.2926391313,311961.9610958671,-19009.292639131483,1938.038904132729
540000.0000000001,311175.23815344146,310271.838273515,228824.76184655866,229728.16172648512
763000.0000000001,823171.2669659145,864190.1117129783,-60171.2669659144,-101190.11171297822
610000.0000000005,318424.6096007929,316403.77242549,291575.3903992076,293596.22757451044
664999.9999999995,475773.2622139399,465119.1563842386,189226.73778605962,199880.8436157609
785000.0000000006,316553.14663440746,305201.8169390238,468446.8533655931,479798.1830609768
399900.0,266232.2120385756,283667.9725365859,133667.7879614244,116232.02746341412
159749.99999999994,165327.05734105106,160334.07518046646,-5577.057341051113,-584.0751804665197
367500.0000000003,271039.9700814506,264067.7944037448,96460.0299185497,103432.20559625549
127999.99999999997,212650.3850511394,203174.56774959873,-84650.38505113943,-75174.56774959876
452000.0000000001,342916.783229196,344767.9254977245,109083.21677080414,107232.07450227562
719999.9999999995,723710.097770947,731785.8791564585,-3710.0977709474973,-11785.879156459006
590000.0000000003,394600.0267477979,388224.0090215438,195399.97325220244,201775.99097845657
275000.0000000002,228142.86545357748,236538.33928037368,46857.13454642269,38461.660719626496
290125.0,295870.3248612346,305449.4984669423,-5745.324861234578,-15324.498466942285
449900.00000000035,248686.44029719158,267884.78846899635,201213.55970280876,182015.211531004
649999.9999999995,810764.4187655221,871051.127878486,-160764.41876552254,-221051.1278784864
1020000.0000000005,569097.1623973924,555558.6238688756,450902.837602608,464441.3761311249
79000.00000000006,382525.7870783966,423432.74491775816,-303525.78707839653,-344432.7449177581
360000.0000000001,357742.32182380895,342405.5995804154,2257.6781761911698,17594.40041958471
974999.9999999999,407020.5528188298,432933.08344686957,567979.4471811701,542066.9165531304
315000.0000000002,183808.3732964595,194216.69807420138,131191.62670354068,120783.30192579879
349999.9999999997,252309.81109127245,253944.15750968203,97690.18890872726,96055.84249031768
123000.00000000009,158664.11746347207,159130.92766341078,-35664.11746347198,-36130.927663410694
158999.99999999997,244973.41370733542,243820.5988646203,-85973.41370733545,-84820.59886462032
899999.9999999995,763983.5546021638,781387.5051340555,136016.4453978357,118612.49486594403
597999.9999999998,405939.4196474841,407236.4118586654,192060.58035251568,190763.58814133436
309000.00000000006,330165.0891032611,318508.83798861527,-21165.089103261067,-9508.83798861521
330000.0000000001,323130.5033884395,335379.59327202063,6869.496611560637,-5379.593272020516
175000.00000000012,122351.52121793664,119825.70796635766,52648.47878206348,55174.29203364246
630000.0000000006,517904.22213894664,493786.1055195489,112095.77786105394,136213.8944804517
1040000.0000000009,425190.94833843736,468017.7475660697,614809.0516615636,571982.2524339312
265999.9999999998,207872.4344196682,208163.6051033509,58127.56558033163,57836.39489664891
149000.0,192693.28008039854,194536.5286792698,-43693.280080398545,-45536.5286792698
270000.00000000006,412529.64413861587,413316.40517857816,-142529.6441386158,-143316.4051785781
269880.0000000001,412977.3093794568,441342.5350391664,-143097.30937945668,-171462.53503916628
249000.00000000006,222212.30089686607,213919.19860516101,26787.699103133986,35080.80139483904
426350.00000000006,428817.8857339143,454794.8419952171,-2467.8857339142705,-28444.841995217022
1200000.0000000005,525033.4823889819,519562.21731371817,674966.5176110186,680437.7826862823
325500.0000000002,248588.48774532412,257271.62787976026,76911.51225467605,68228.37212023992
798999.9999999997,768962.9439038174,811448.2362025655,30037.056096182205,-12448.236202565837
208999.99999999988,221078.34331240336,223923.18670613103,-12078.343312403478,-14923.18670613115
319499.99999999994,284089.9463382388,267733.61841711524,35410.053661761165,51766.3815828847
199999.99999999997,195374.69356118058,205534.20992465736,4625.306438819389,-5534.209924657393
148000.00000000015,248720.38145648158,259976.99527307044,-100720.38145648144,-111976.9952730703
1469999.999999999,549912.8141190325,572567.7302245975,920087.1858809666,897432.2697754016
255999.99999999985,228809.01579269167,224275.66220631127,27190.98420730818,31724.33779368858
210000.0,165161.71514910593,167136.39694648696,44838.284850894066,42863.60305351304
259974.99999999983,248711.36511199156,252003.4453701005,11263.634888008266,7971.554629899329
700000.0000000006,527503.6721286689,602932.1453237354,172496.3278713317,97067.85467626515
320000.00000000006,566106.4609291264,571282.704949182,-246106.4609291263,-251282.70494918193
448999.99999999994,503711.8932444119,507658.2072164809,-54711.89324441197,-58658.20721648098
255000.0000000001,197789.10360506183,198431.82944963538,57210.89639493826,56568.17055036471
299999.99999999977,175232.60279979295,177157.46327229284,124767.39720020682,122842.53672770693
989999.9999999992,1449533.7658138983,1539599.0127501127,-459533.7658138991,-549599.0127501135
124000.00000000007,118295.52383190629,120154.67245717815,5704.476168093781,3845.3275428219204
156999.99999999994,186165.1108225239,188770.52585737538,-29165.110822523944,-31770.52585737544
109000.0,164675.8055094033,161747.65009652424,-55675.80550940329,-52747.650096524245
33999.99999999999,113301.76651911282,113002.65908675209,-79301.76651911283,-79002.6590867521
226899.9999999999,234617.92013752638,234001.49832777499,-7717.920137526467,-7101.4983277750725
494000.0000000004,314074.0388039317,324303.59609284764,179925.96119606873,169696.40390715277
360000.0000000001,343627.9054377883,358502.72547466744,16372.09456221183,1497.274525332672
228000.00000000003,169713.27126790545,168869.31393661734,58286.728732094576,59130.68606338269
276500.00000000006,304949.4895717777,308767.708168973,-28449.489571777638,-32267.708168972924
48000.00000000004,96796.39366482825,92367.61807154656,-48796.39366482822,-44367.61807154652
60999.999999999956,223912.02504742605,236738.4871305893,-162912.0250474261,-175738.48713058932
113399.99999999996,216500.34016591168,212528.00479800202,-103100.34016591172,-99128.00479800206
244999.99999999997,344445.42629229696,337276.800841176,-99445.426292297,-92276.80084117604
520000.0,444430.3432613309,440500.9047956636,75569.65673866909,79499.0952043364
79899.99999999997,147970.00926748387,138585.36875388504,-68070.0092674839,-58685.368753885065
125999.99999999993,158170.0192214534,154121.55575722337,-32170.019221453476,-28121.55575722344
213000.00000000015,298879.03093617596,301159.278519612,-85879.03093617581,-88159.27851961183
195799.99999999994,136122.03716438977,135048.42879738947,59677.962835610175,60751.571202610474
430000.00000000023,408413.5116582201,431451.30012998317,21586.488341780147,-1451.3001299829339
162999.99999999988,290626.652522729,303996.98638714507,-127626.65252272913,-140996.98638714518
244000.00000000003,170467.78438896206,169816.3732338577,73532.21561103797,74183.62676614232
428000.00000000023,304157.210610999,305025.72606996394,123842.7893890012,122974.27393003629
29999.99999999999,87254.33146147482,84107.21900679343,-57254.33146147484,-54107.21900679344
392000.0,280850.51892546535,273106.61941691965,111149.48107453465,118893.38058308035
120000.00000000004,290606.39950944565,283045.9948263753,-170606.3995094456,-163045.99482637522
287999.9999999999,246351.78491774938,258965.9384414963,41648.21508225051,29034.06155850357
375000.00000000006,520773.60274589853,543133.2946984352,-145773.60274589848,-168133.29469843517
157500.00000000006,165488.93430850518,160164.8087973522,-7988.934308505122,-2664.8087973521324
279000.0000000001,560852.558893218,534440.7009468786,-281852.55889321794,-255440.70094687853
535600.0000000002,311902.7879474409,324272.0596383029,223697.2120525593,211327.94036169734
915000.0000000002,855267.7275610766,902438.0975005082,59732.272438923595,12561.902499492047
261999.99999999994,128003.94726565403,126625.93572569227,133996.0527343459,135374.0642743077
645000.0,570770.4290438995,593256.9883101372,74229.57095610048,51743.01168986282
182500.00000000012,235526.3302840824,252457.8071004539,-53026.33028408227,-69957.80710045379
169000.00000000012,212562.6529211291,208984.97903054007,-43562.65292112899,-39984.97903053995
415360.0000000003,419515.1352216461,439543.57067993,-4155.135221645818,-24183.57067992969
249000.00000000006,254187.45694043653,261842.28222838006,-5187.456940436474,-12842.282228380005
1495000.000000001,629502.349030059,647807.2200745711,865497.650969942,847192.7799254298
63999.99999999997,124369.10622632656,120511.7607581082,-60369.10622632659,-56511.76075810823
509499.9999999998,310864.9037523607,343179.5392016098,198635.0962476391,166320.46079839004
619000.0000000003,435956.7618906982,456084.7781189635,183043.23810930212,162915.22188103682
272999.9999999998,166523.54958472445,164726.66866329807,106476.45041527538,108273.33133670175
590000.0000000003,702236.1333641361,693281.1397087008,-112236.13336413575,-103281.13970870047
979999.9999999997,406131.7930542282,434915.873366581,573868.2069457715,545084.1266334187
80000.0,103325.08043545284,100457.39213512049,-23325.080435452837,-20457.39213512049
494400.0000000003,385127.2668260317,411907.25845764414,109272.73317396862,82492.74154235615
279000.0000000001,319851.6849307951,313797.4529368009,-40851.68493079499,-34797.45293680078
232100.0000000001,187238.06501245833,188384.67220150479,44861.934987541754,43715.3277984953
116499.99999999991,171478.28318266588,162234.29136857894,-54978.28318266597,-45734.291368579026
62999.99999999995,135815.47582094488,134774.77739633864,-72815.47582094494,-71774.7773963387
402000.0000000001,210120.4285957672,223828.80956077584,191879.5714042329,178171.19043922427
243800.0,189181.11446170558,183471.6296357544,54618.88553829442,60328.37036424561
320000.00000000006,239127.80514669218,238907.83297298758,80872.19485330788,81092.16702701247
414000.00000000023,316754.448278768,313320.6334611346,97245.55172123224,100679.36653886561
1150000.0000000005,813414.8994708448,864999.5408086979,336585.1005291557,285000.45919130254
659999.9999999995,275592.2792652335,280091.26846724167,384407.72073476604,379908.73153275787
938999.9999999999,475513.13690115174,485127.46367615764,463486.86309884815,453872.53632384224
319000.0,276995.63155078253,291222.1876281248,42004.368449217465,27777.812371875218
415000.00000000006,440505.4285256064,437623.0448214273,-25505.428525606345,-22623.044821427262
936000.0000000008,1286865.13154582,1282162.960971768,-350865.1315458192,-346162.9609717672
444999.9999999997,514853.51208038087,527701.2891581992,-69853.51208038116,-82701.2891581995
87499.0,153502.37269999186,167247.4710098627,-66003.37269999186,-79748.4710098627
344999.9999999997,183162.69554939613,178199.74966919937,161837.30445060358,166800.25033080034
188000.00000000012,181748.09794390306,179230.34499153163,6251.902056097053,8769.655008468486
1099999.9999999998,955830.1467293989,1025675.8875368539,144169.8532706009,74324.11246314587
267999.99999999977,164164.59076055672,167890.39266417894,103835.40923944305,100109.60733582082
727999.9999999999,312852.7651852034,324367.42329794,415147.2348147965,403632.5767020599
232100.0000000001,163132.71399911284,164877.1436018154,68967.28600088725,67222.8563981847
167000.0000000001,157000.67923523815,157618.02117680167,9999.320764761942,9381.978823198413
101199.99999999997,186677.62359222322,181138.22165486816,-85477.62359222324,-79938.22165486819
369000.0000000001,370057.8484865759,372211.678790132,-1057.8484865757637,-3211.678790131875
371999.9999999998,577877.0911691439,635586.4065928794,-205877.09116914409,-263586.4065928796
288999.9999999999,322232.5697994861,303274.5399132427,-33232.5697994862,-14274.5399132428
700000.0000000006,298610.4282373634,304698.1592309771,401389.5717626372,395301.84076902346
222599.99999999997,243976.65878740474,234096.19755471896,-21376.65878740477,-11496.197554718994
995000.0,431217.61361501575,424400.7474097738,563782.3863849842,570599.2525902262
48824.99999999997,132377.05377324118,138261.8891086204,-83552.0537732412,-89436.88910862044
460000.0000000002,1332706.9602547179,1325900.322093613,-872706.9602547176,-865900.3220936127
127500.00000000001,146868.54439114418,146965.22850977277,-19368.54439114417,-19465.228509772758
342000.0000000002,454249.9449669433,425285.2632740077,-112249.94496694312,-83285.26327400754
107000.00000000003,177599.5444822659,181614.1957050579,-70599.54448226586,-74614.19570505788
649000.0000000006,1369771.8537678977,1415377.3250158238,-720771.8537678971,-766377.3250158232
118799.9999999999,127916.00439527859,124014.55945558545,-9116.004395278695,-5214.55945558555
324999.9999999999,201026.09036323338,205645.34422558988,123973.9096367665,119354.65577441
184974.99999999997,328194.17368315614,361021.8877376239,-143219.17368315617,-176046.8877376239
226499.99999999985,217671.97088323638,208068.24365481435,8828.029116763471,18431.75634518551
202000.0000000001,108393.87294918866,102001.24404942345,93606.12705081142,99998.75595057664
76000.0,121322.08338939611,115775.08171285331,-45322.08338939611,-39775.08171285331
315000.0000000002,279545.7578901602,278938.77401591506,35454.24210983998,36061.22598408512
181049.99999999985,165299.42840108275,159686.559517173,15750.5715989171,21363.440482826845
152999.9999999999,201624.19034897359,202366.21938557242,-48624.19034897367,-49366.219385572505
162999.99999999988,172332.06022184365,174558.369674458,-9332.06022184377,-11558.36967445811
60000.000000000015,134068.4723014517,127741.78733335194,-74068.47230145168,-67741.78733335192
272999.9999999998,303646.9406994627,319364.282785685,-30646.940699462895,-46364.28278568515
299000.00000000006,253568.4529462584,266596.1820433988,45431.54705374167,32403.81795660127
398999.99999999977,243677.56165807336,236820.0908478515,155322.4383419264,162179.90915214826
249999.9999999998,206109.74827862342,222979.90343154417,43890.25172137638,27020.09656845563
291000.00000000006,276045.5715833076,292220.4207508201,14954.428416692477,-1220.4207508200197
254000.0000000002,293929.88584502885,297061.28899072105,-39929.88584502865,-43061.288990720845
460000.0000000002,484682.5463411634,524647.3961814166,-24682.546341163223,-64647.39618141641
935000.0000000006,581167.3972060621,616267.1324098245,353832.6027939385,318732.86759017606
634399.9999999999,409250.66985843895,463284.7006595196,225149.33014156093,171115.2993404803
312000.0000000001,373131.0453936449,411635.2444496421,-61131.045393644774,-99635.24444964196
520000.0,276003.02913413796,295368.6030297829,243996.97086586204,224631.39697021712
275000.0000000002,236833.99466442,237942.13550906582,38166.00533558018,37057.86449093436
299999.99999999977,135042.1276745603,129793.7925229997,164957.87232543947,170206.20747700008
520000.0,722752.6508385359,713301.333874462,-202752.65083853586,-193301.33387446206
180000.00000000003,145671.21875371214,144430.25707147468,34328.781246287894,35569.742928525346
134999.99999999997,172812.86213829083,175671.04823696407,-37812.86213829086,-40671.048236964096
249899.9999999999,227720.5851915543,231262.30112812892,22179.41480844561,18637.69887187099
710580.0000000002,348420.4148078016,347241.99521381373,362159.58519219863,363338.0047861865
315000.0000000002,200251.4193579889,204445.7720995525,114748.58064201128,110554.22790044767
284999.99999999994,226575.85589930575,220762.1808786141,58424.14410069419,64237.81912138584
156999.99999999994,192748.3544348674,187906.37469611506,-35748.35443486745,-30906.37469611512
452999.99999999977,390473.27935409243,427450.1184924609,62526.720645907335,25549.88150753884
698999.9999999995,659067.2028956851,696227.8876358751,39932.797104314435,2772.1123641243903
33999.99999999999,81625.42599652418,80427.81665305703,-47625.42599652419,-46427.81665305704
272999.9999999998,275500.9652886123,276846.42625388224,-2500.9652886124677,-3846.4262538824114
388500.0,324451.16997835843,319578.79228254955,64048.83002164157,68921.20771745045
549000.0000000005,385844.7183473916,395498.170313397,163155.2816526089,153501.82968660345
225000.00000000015,200015.68837678153,192450.3490586489,24984.311623218615,32549.650941351254
235999.9999999999,421353.23408859776,427614.7656541565,-185353.23408859785,-191614.7656541566
196000.0000000001,280068.1367999416,282064.39626619854,-84068.13679994151,-86064.39626619846
481199.99999999994,479558.5894274693,481749.38185282884,1641.4105725306435,-549.3818528288975
112000.00000000004,129159.08728612022,127042.77470946478,-17159.08728612018,-15042.774709464735
84000.00000000003,117152.52947685489,114196.19166178055,-33152.52947685486,-30196.191661780525
413799.99999999965,244453.72636087044,240651.82990560675,169346.2736391292,173148.1700943929
209499.9999999999,258732.43312698381,264493.96715969034,-49232.4331269839,-54993.96715969042
844999.9999999993,816299.2629224898,817994.5574760566,28700.73707750952,27005.44252394268
377999.99999999994,331216.9226611569,343707.4014448817,46783.077338843024,34292.59855511825
297000.0000000002,289051.0399119157,287527.31255371054,7948.960088084452,9472.687446289638
379999.9999999999,294211.19976797135,297351.6504115491,85788.80023202853,82648.3495884508
134999.99999999997,174139.4274785476,169208.34136977285,-39139.427478547615,-34208.34136977288
926999.9999999994,1020990.7481817806,1061980.3249364803,-93990.74818178115,-134980.32493648084
255999.99999999985,197387.9043169378,204929.59086572324,58612.09568306204,51070.40913427662
369899.9999999998,359834.0489452862,368205.85117248545,10065.95105471363,1694.1488275143784
153500.0,233603.6463504368,234251.57593087168,-80103.64635043679,-80751.57593087168
110249.99999999994,123927.56138122434,125416.0721034862,-13677.561381224397,-15166.072103486265
269000.0,230203.49957857528,236537.83064920775,38796.50042142472,32462.169350792246
635999.9999999995,606202.414090079,580672.5258524508,29797.58590992051,55327.47414754878
416499.99999999977,320098.66121749696,307653.7579955305,96401.3387825028,108846.24200446927
210000.0,327320.9345917562,317290.00259794644,-117320.9345917562,-107290.00259794644
704999.9999999995,917592.3995708412,951461.0393728185,-212592.3995708417,-246461.039372819
259000.0,153213.27672080856,156507.17488294712,105786.72327919144,102492.82511705288
339999.99999999994,377018.6933516724,389051.34504748555,-37018.69335167244,-49051.34504748561
199999.99999999997,272566.4714015163,276190.1569714045,-72566.47140151632,-76190.15697140453
309750.0000000001,313199.70143408695,334452.9293576666,-3449.7014340868336,-24702.929357666464
109999.99999999991,275649.8089634521,262324.7635259963,-165649.8089634522,-152324.7635259964
208000.00000000003,179091.9804897396,175601.06392748057,28908.019510260434,32398.936072519457
299000.00000000006,276157.561549767,278879.95443201915,22842.43845023308,20120.04556798091
613000.0000000001,433034.41742373514,534288.8663472356,179965.58257626498,78711.13365276449
259999.9999999998,227201.3421337592,230619.408001922,32798.657866240595,29380.591998077784
611325.0000000006,355157.88889535854,355447.6312539855,256167.11110464204,255877.36874601507
86000.00000000001,102180.9661350292,100938.3227428277,-16180.966135029186,-14938.322742827688
252280.00000000017,249866.2273508588,251342.0815847636,2413.7726491413778,937.9184152365779
590000.0000000003,347535.2261043462,370939.3051064345,242464.77389565413,219060.69489356584
444999.9999999997,383763.73624358064,374525.380400299,61236.263756419066,70474.61959970073
362999.9999999999,556169.9513557274,572556.7068317981,-193169.9513557275,-209556.7068317982
148000.00000000015,159988.17501414695,157415.29266693027,-11988.175014146807,-9415.292666930123
1260000.0,638423.9265123381,646351.0085363141,621576.0734876619,613648.9914636859
151499.99999999997,238075.575406061,233663.86301359007,-86575.57540606102,-82163.8630135901
210000.0,255258.26143880576,247523.05711869744,-45258.261438805755,-37523.05711869744
291999.9999999998,202529.65706534247,204908.64457486643,89470.34293465735,87091.3554251334
415000.00000000006,232786.19215428713,236787.14559683573,182213.80784571293,178212.85440316433
202000.0000000001,216187.80276326518,210074.04382189445,-14187.802763265092,-8074.04382189436
259000.0,264953.02364581794,268021.333295411,-5953.023645817942,-9021.333295411023
662000.0,608824.7357514001,633908.7516556482,53175.26424859988,28091.24834435177
435999.99999999965,264621.05497199413,269301.2862068469,171378.94502800552,166698.71379315277
698999.9999999995,401668.8252046241,423242.433476185,297331.17479537544,275757.5665238145
278000.0000000002,333831.6052651985,353423.64649632113,-55831.605265198334,-75423.64649632096
259999.9999999998,237010.26297286572,228979.1956030879,22989.737027134077,31020.804396911903
255000.0000000001,309753.47704468126,308452.5754283963,-54753.477044681174,-53452.5754283962
149800.00000000003,144669.25674418887,138865.09120314993,5130.743255811161,10934.908796850097
68900.00000000004,89345.82847451775,90440.09407416411,-20445.828474517708,-21540.094074164066
995000.0,746034.6402902635,784504.1873177425,248965.35970973654,210495.8126822575
189840.0000000001,171549.3707301053,168238.81848944005,18290.629269894795,21601.18151056004
178295.0000000001,132153.06827555763,127552.92605068324,46141.93172444246,50742.07394931685
449900.00000000035,536390.2266768869,573811.5392875962,-86490.22667688655,-123911.5392875959
302999.9999999998,193776.53388542373,193643.4851763895,109223.46611457609,109356.51482361031
449999.99999999994,496303.1183521567,523944.78033403255,-46303.11835215677,-73944.7803340326
552000.0000000003,382487.7732124671,391843.43727667583,169512.22678753326,160156.56272332452
294999.9999999998,283913.34582469,284840.70135298674,11086.654175309814,10159.298647013085
429900.0000000001,496561.58222761814,478679.24619949225,-66661.58222761803,-48779.24619949213
145000.00000000012,249272.61574528384,246127.00433956503,-104272.61574528372,-101127.00433956491
208999.99999999988,211131.4601452863,217061.78698122263,-2131.46014528643,-8061.786981222744
749000.0,514357.4930295076,524184.9961217318,234642.50697049242,224815.00387826818
299900.0,363111.27975934837,376002.57567627257,-63211.27975934837,-76102.57567627257
281000.0000000001,264819.78283538163,270073.3930897479,16180.217164618487,10926.606910252245
265000.00000000006,194965.52780515503,191645.0098794844,70034.47219484503,73354.99012051566
749999.9999999998,661773.6026866905,692648.1972623316,88226.39731330925,57351.80273766816
339200.00000000023,273736.6729128929,268036.3386346222,65463.32708710735,71163.66136537801
96999.99999999999,179998.91752428125,175846.6523522536,-82998.91752428126,-78846.6523522536
674999.9999999998,602292.0020076763,634606.2119658786,72707.99799232348,40393.78803412116
749999.9999999998,848123.4589841596,881814.6991865711,-98123.45898415986,-131814.6991865713
275599.9999999998,168271.5377759642,163814.56436585102,107328.46222403561,111785.4356341488
339709.99999999994,286868.6901997481,300855.24404426216,52841.30980025185,38854.75595573778
1590000.000000001,693237.1327533057,710807.7477946607,896762.8672466952,879192.2522053402
661349.9999999995,410500.45168892405,441198.0188182406,250849.5483110755,220151.98118175892
142000.0,178724.8942632089,181795.6249139575,-36724.8942632089,-39795.624913957494
275599.9999999998,248842.9471795476,253479.88472493968,26757.052820452227,22120.115275060147
255000.0000000001,298132.0116639267,302435.61601362494,-43132.01166392662,-47435.61601362485
171999.99999999988,220351.61983207302,215649.231133213,-48351.619832073135,-43649.23113321312
124000.00000000007,295797.34778623644,280802.33615411475,-171797.34778623638,-156802.3361541147
279000.0000000001,186609.6833395832,185099.97157949372,92390.31666041692,93900.0284205064
859999.9999999997,729117.2998510665,748579.0656108712,130882.7001489331,111420.93438912847
118799.9999999999,335322.06475636386,324711.8336315934,-216522.06475636398,-205911.8336315935
332700.0000000001,211341.09275475278,215800.50680491942,121358.90724524733,116899.4931950807
998000.0000000008,305877.89423121867,333044.3921682285,692122.1057687821,664955.6078317723
76000.0,147782.79079287866,146709.43381998895,-71782.79079287866,-70709.43381998895
439000.0000000001,215093.1245927825,215022.09797461776,223906.87540721762,223977.90202538235
194000.00000000006,116465.21901536683,112940.91291725077,77534.78098463322,81059.08708274929
1099999.9999999998,767765.6227104346,782766.458154375,332234.37728956516,317233.5418456248
426000.0000000002,483652.887377211,487522.1315007049,-57652.887377210835,-61522.13150070474
253399.9999999999,243190.9619044675,258474.22089471863,10209.038095532422,-5074.220894718717
271999.9999999999,144879.47779081805,141832.55642897123,127120.52220918183,130167.44357102865
118999.99999999993,138553.35311971814,139521.7583810835,-19553.353119718216,-20521.758381083564
649999.9999999995,452027.9532988076,502693.11206531216,197972.04670119192,147306.88793468737
322700.0,278590.43903970334,283872.0799579609,44109.56096029666,38827.92004203913
413000.00000000006,268733.9939424873,281948.43029244547,144266.00605751277,131051.56970755459
969000.0000000008,1485613.135847306,1471817.2471541301,-516613.1358473053,-502817.2471541293
276000.0000000002,236376.38609327894,244114.86313046413,39623.613906721235,31885.136869536043
114999.99999999991,144273.37370204774,138373.97629844263,-29273.37370204783,-23373.97629844272
89500.00000000003,205841.84448972216,196321.48684732695,-116341.84448972213,-106821.48684732692
366999.9999999997,148767.73411895533,148587.59754185413,218232.26588104438,218412.40245814557
205000.0,174493.8534072793,175935.79568497848,30506.146592720703,29064.204315021518
230000.0000000001,157451.89200790552,162835.52518006586,72548.10799209456,67164.47481993423
978999.9999999997,373367.18528829125,382807.14704287925,605632.8147117083,596192.8529571204
203414.99999999994,194991.07981013277,199151.78104759174,8423.920189867174,4263.218952408206
269000.0,338902.24682032,324345.90591195127,-69902.24682032003,-55345.90591195127
175725.00000000006,144241.89937564297,143790.8827067663,31483.10062435709,31934.11729323375
324999.9999999999,327638.4500740743,358724.1569140613,-2638.4500740744406,-33724.1569140614
173999.99999999997,235109.42405137853,234525.2349989809,-61109.42405137856,-60525.234998980915
237000.00000000003,199429.61744291705,196748.24818888467,37570.38255708298,40251.75181111536
116499.99999999991,144924.59478332248,144973.06675727683,-28424.594783322565,-28473.066757276916
286199.9999999998,327337.03453792044,336292.5023056594,-41137.03453792061,-50092.50230565958
307400.0000000002,207565.89181363815,205945.96822771657,99834.10818636202,101454.0317722836
163999.99999999988,135497.08558807737,135984.8165436238,28502.91441192251,28015.18345637608
297999.9999999998,180042.4507766867,181594.42470442283,117957.54922331314,116405.575295577
426000.0000000002,341668.7497336763,343733.0486198879,84331.25026632386,82266.95138011227
89900.00000000007,127535.73372990038,121637.05777532475,-37635.73372990031,-31737.057775324676
198500.00000000006,254429.85078835624,255794.93524423416,-55929.85078835618,-57294.935244234104
272480.00000000006,185453.26997350834,188231.4430969971,87026.73002649171,84248.55690300296
1030000.0,882365.3435915732,904769.672047549,147634.65640842682,125230.32795245096
727999.9999999999,363406.31494376407,393018.5714669819,364593.6850562358,334981.428533018
1150000.0000000005,991931.1820083557,1051609.5902127835,158068.81799164473,98390.40978721692
490000.0,319571.5932244902,328911.1796316509,170428.40677550982,161088.8203683491
312000.0000000001,404932.9224679302,431263.5655956797,-92932.92246793007,-119263.56559567957
336000.00000000006,256749.29360407122,268735.8160205981,79250.70639592884,67264.18397940195
890000.0000000002,584904.5502294686,597592.172136011,305095.4497705316,292407.8278639893
318000.0,282897.57658664236,282301.9060783579,35102.42341335764,35698.09392164211
181125.0,183551.28062338484,187897.21339215338,-2426.2806233848387,-6772.213392153382
203500.0,190288.34837430698,183294.64819355498,13211.651625693019,20205.351806445018
587000.0000000005,528207.4939684361,543524.3911229733,58792.50603156432,43475.608877027174
197024.99999999985,165796.97999929084,167551.170163522,31228.020000709017,29473.829836477846
549999.9999999998,516200.80602982757,551693.6592284068,33799.1939701722,-1693.6592284070794
546499.9999999998,241453.74974514163,250794.22863089733,305046.25025485817,295705.7713691024
118749.9999999999,77368.4859405721,76254.96105448944,41381.51405942779,42495.03894551046
389000.00000000035,822508.6861202846,792577.2715193161,-433508.68612028426,-403577.2715193158
89000.00000000004,132486.49017850557,128979.70373730847,-43486.490178505526,-39979.70373730843
96600.00000000004,142379.56263534914,141032.35646570224,-45779.562635349095,-44432.35646570219
449999.99999999994,637137.5456896162,593076.3346139027,-187137.5456896163,-143076.33461390279
95000.00000000001,131318.0852324042,129095.84456100334,-36318.08523240419,-34095.84456100332
785000.0000000006,523565.9735475072,531279.2322406436,261434.0264524934,253720.767759357
287000.0000000001,416818.6395228006,481860.5013444115,-129818.63952280045,-194860.5013444114
599000.0,346606.5735836617,358024.79467629583,252393.4264163383,240975.20532370417
480000.00000000006,424581.9780982908,440794.9410036287,55418.02190170926,39205.05899637134
399500.00000000035,267706.41922078375,269623.2051796059,131793.5807792166,129876.79482039443
884000.0000000002,531470.185194332,585020.3912128222,352529.8148056682,298979.60878717806
495999.99999999994,393710.67563291953,390583.30892560555,102289.32436708041,105416.69107439439
180000.00000000003,255487.08192319132,247919.5906317707,-75487.08192319129,-67919.59063177067
371999.9999999998,261998.6068054483,264233.79870396235,110001.39319455152,107766.20129603747
355300.00000000023,325205.30029444094,331553.00546673656,30094.699705559295,23746.99453326367
213000.00000000015,264127.7253428532,279070.976986827,-51127.72534285308,-66070.97698682683
462799.99999999994,537600.8067021428,556940.8827273925,-74800.80670214287,-94140.88272739254
273999.99999999994,210252.03927738132,207897.98774326456,63747.96072261862,66102.01225673538
549999.9999999998,465901.96336025617,494880.4749365115,84098.0366397436,55119.52506348828
468999.9999999998,280813.0296422677,268728.940089333,188186.97035773215,200271.05991066684
218325.0,194434.74148813947,200241.23514307922,23890.258511860535,18083.76485692078
625000.0000000002,433279.35836938646,476952.72425338096,191720.64163061377,148047.27574661927
1040000.0000000009,1690000.0,1690000.0,-649999.9999999991,-649999.9999999991
264000.00000000006,245990.72190390463,254790.05565479767,18009.278096095426,9209.944345202384
96500.00000000003,109019.46883967626,108373.4728198569,-12519.468839676236,-11873.472819856877
425000.0000000002,266027.13561277173,269079.4318242618,158972.86438722844,155920.5681757384
75000.00000000004,184462.7262862563,179230.8635773852,-109462.72628625626,-104230.86357738516
166000.00000000003,322658.9697445177,312907.69197169633,-156658.96974451767,-146907.6919716963
656909.9999999999,237430.19143649965,244743.30066336677,419479.80856350024,412166.6993366331
203999.99999999985,458785.3346258976,455317.6237581583,-254785.33462589773,-251317.62375815844
759400.0000000006,343834.127247328,342262.0838161297,415565.8727526726,417137.91618387087
113399.99999999996,160757.85543543648,163917.99767133017,-47357.85543543652,-50517.99767133022
579999.9999999997,581703.4889717447,588467.0054902703,-1703.4889717450133,-8467.005490270676
149000.0,168028.08985240103,167472.62713511314,-19028.089852401026,-18472.627135113144
315000.0000000002,274574.4797263269,290638.0030267526,40425.52027367329,24361.99697324756
130000.00000000009,296934.11793567834,316138.96612991806,-166934.11793567825,-186138.96612991797
187000.00000000012,189046.84635933518,184815.36272468243,-2046.8463593350607,2184.637275317684
504999.99999999977,600401.6808121963,634032.3304126131,-95401.68081219657,-129032.33041261334
570000.0000000001,612814.7455605776,633291.3743467781,-42814.74556057749,-63291.37434677803
148819.99999999997,111353.94545799337,108513.66997788659,37466.054542006605,40306.33002211338
186560.00000000003,162289.99829049595,161366.07674828553,24270.001709504082,25193.9232517145
213000.00000000015,145897.03247912996,140589.26566420845,67102.96752087018,72410.7343357917
304999.99999999977,326092.7490374552,321462.2364332677,-21092.749037455418,-16462.236433267943
276500.00000000006,327566.1040167357,345688.3656296431,-51066.104016735626,-69188.36562964303
775000.0000000007,464473.44795725413,500591.01782261726,310526.55204274657,274408.98217738344
213000.00000000015,214917.47394353824,206604.32028533134,-1917.4739435380907,6395.679714668804
147499.99999999997,195580.54344703595,186352.83209951277,-48080.543447035976,-38852.8320995128
794999.9999999998,897894.3405956302,997066.195851694,-102894.34059563046,-202066.1958516942
255000.0000000001,643617.8019905549,644627.8041520432,-388617.8019905548,-389627.80415204307
349999.9999999997,222764.7612557847,229270.07164619502,127235.23874421502,120729.92835380469
243000.00000000003,169771.4206429918,163465.33228059715,73228.57935700822,79534.66771940287
830000.0000000005,424390.87350215623,418407.4799007867,405609.12649784423,411592.52009921375
139499.9999999999,187485.2353140548,178840.76482814198,-47985.23531405488,-39340.76482814207
217999.99999999988,388353.9553820971,366546.87684428744,-170353.95538209722,-148546.87684428756
433999.99999999965,252839.80020090553,251163.22452569142,181160.19979909412,182836.77547430823
570000.0000000001,186282.5328072216,187674.89454043866,383717.4671927785,382325.10545956146
340259.99999999994,248962.6312360251,249317.41180686015,91297.36876397484,90942.58819313979
230000.0000000001,403832.3407341172,433953.2082760391,-173832.3407341171,-203953.20827603902
320999.9999999999,216134.5651294358,215381.69755097583,104865.43487056409,105618.30244902405
148899.9999999999,174577.06740474224,182609.87576103513,-25677.067404742324,-33709.87576103522
75000.00000000004,121317.0124509915,115569.14123841494,-46317.01245099146,-40569.1412384149
385999.99999999977,129196.0140272558,126511.39172684806,256803.98597274395,259488.6082731517
123699.99999999999,123433.34811851472,124288.47935970638,266.6518814852607,-588.4793597063981
157999.99999999997,142652.39400803353,141388.46732957833,15347.60599196644,16611.532670421642
179900.00000000006,425246.65552955295,404040.310726569,-245346.6555295529,-224140.31072656892
390000.00000000035,1165155.3763053026,1136336.2751292987,-775155.3763053023,-746336.2751292983
149500.00000000012,194085.58810656116,189645.8448623083,-44585.588106561045,-40145.84486230818
254000.0000000002,319612.5597993064,337319.9284328345,-65612.55979930618,-83319.9284328343
136500.00000000006,136986.17055404565,131564.77159277975,-486.1705540455878,4935.228407220304
1260000.0,350452.7256091833,370209.00271279976,909547.2743908167,889790.9972872003
452999.99999999977,282899.1969481332,274559.21300705615,170100.8030518666,178440.7869929436
1499999.9999999986,535146.2293356752,531719.2741995709,964853.7706643234,968280.7258004277
1214000.0000000002,774069.3557292877,804729.4231837287,439930.6442707125,409270.5768162715
146800.0000000001,100536.97252582404,97174.18184315017,46263.02747417605,49625.81815684991
276999.9999999998,252185.6996906046,253897.84239917257,24814.300309395214,23102.157600827253
87999.99999999996,293055.9548882087,296721.1025474542,-205055.95488820877,-208721.10254745424
371999.9999999998,303037.94815877476,307528.05226401525,68962.05184122507,64471.94773598458
689000.0000000006,377181.38167065714,388766.0093479358,311818.61832934344,300233.9906520648
249999.9999999998,216678.12061736768,216640.33533659254,33321.87938263212,33359.66466340725
195000.00000000006,265420.323654838,266005.8471116352,-70420.32365483796,-71005.84711163514
175000.00000000012,168870.66313767407,160351.7171767468,6129.336862326047,14648.282823253307
235999.9999999999,257852.82763774745,254307.11123488154,-21852.82763774754,-18307.111234881624
794999.9999999998,581702.2709737311,597049.8775249833,213297.7290262687,197950.1224750165
455000.0,532158.6237553216,542554.9041036658,-77158.6237553216,-87554.90410366585
729999.9999999998,705110.3882412373,738841.8839009699,24889.611758762505,-8841.883900970104
162999.99999999988,115733.86631592632,113206.5814557618,47266.13368407356,49793.418544238084
243800.0,195378.57445447857,186804.21037712172,48421.42554552143,56995.78962287828
177500.00000000015,252965.34024212,244685.73517490635,-75465.34024211986,-67185.7351749062
242000.00000000017,151163.932581314,154440.77520047268,90836.06741868617,87559.2247995275
339999.99999999994,250851.55506687413,256530.41500106346,89148.44493312581,83469.58499893648
64999.999999999956,185975.47734831227,183911.24304244027,-120975.47734831231,-118911.24304244031
430000.00000000023,259715.91011672927,265046.57459343894,170284.08988327096,164953.4254065613
507000.0000000003,633483.5386283061,671436.7896816626,-126483.53862830583,-164436.78968166228
80990.00000000004,67763.63893841213,64852.06593569864,13226.361061587915,16137.9340643014
252000.0000000001,277563.20674507326,287115.8638397534,-25563.20674507317,-35115.86383975329
149000.0,121875.54848370363,121028.28349802093,27124.451516296365,27971.71650197907
139700.0000000001,249047.53345114863,251155.88044475924,-109347.53345114854,-111455.88044475915
265999.9999999998,222149.17693964587,213660.83615741503,43850.823060353956,52339.16384258479
549499.9999999995,474346.2735801933,501349.1510529839,75153.72641980625,48150.84894701565
126999.99999999991,154584.64831347877,156213.46393026647,-27584.648313478858,-29213.46393026656
616000.0000000005,193937.2079829857,188931.0890835161,422062.79201701476,427068.91091648437
350900.00000000006,227452.53280369367,232739.18383125667,123447.46719630639,118160.81616874339
249999.9999999998,274129.63167114253,301525.3614898139,-24129.631671142735,-51525.361489814095
206699.99999999988,211309.7843920184,205890.30466230353,-4609.784392018511,809.6953376963502
369999.99999999977,255156.0280554775,269499.8176589051,114843.97194452226,100500.18234109465
630000.0000000006,327318.45866295,337825.09797042736,302681.54133705056,292174.9020295732
225999.9999999998,143182.34010084506,147493.09950843075,82817.65989915474,78506.90049156905
95000.00000000001,128882.9199072661,133522.9701403304,-33882.919907266085,-38522.97014033039
178999.99999999994,484595.67025691544,560161.5303544379,-305595.6702569155,-381161.53035443794
575000.0000000001,611802.0676626017,600719.9064412281,-36802.06766260159,-25719.906441228
549999.9999999998,249797.50281169452,256879.13881498622,300202.49718830525,293120.86118501355
1320000.000000001,488170.78424250195,483096.557796898,831829.215757499,836903.4422031029
455000.0,324641.05685994506,337010.6224856423,130358.94314005494,117989.37751435768
798999.9999999997,389683.1415703265,395862.81772803754,409316.8584296731,403137.1822719621
896100.0000000002,558615.773994182,554172.4595248289,337484.22600581823,341927.5404751713
498999.9999999996,315708.555487141,309623.35421305563,183291.44451285858,189376.64578694396
515000.00000000006,261047.76724565725,264250.46948673145,253952.2327543428,250749.5305132686
549000.0000000005,542871.6553770798,539069.6066916928,6128.3446229206165,9930.393308307626
380999.99999999977,370540.52667765686,394907.41139459267,10459.473322342907,-13907.411394592898
217980.0000000001,292394.9776978974,305426.4294968957,-74414.97769789732,-87446.42949689561
124500.00000000003,213708.85833641357,207297.22773964956,-89208.85833641354,-82797.22773964953
233199.99999999994,383454.9995908384,457255.5544198556,-150254.99959083844,-224055.55441985565
188999.99999999988,177380.41159173546,177837.47218734343,11619.588408264419,11162.527812656452
222390.00000000012,205150.6488194628,197064.09326804092,17239.351180537313,25325.9067319592
186599.99999999994,180749.33538151064,182201.52693531368,5850.664618489303,4398.473064686259
364999.99999999977,439537.3754919898,462915.6251287002,-74537.37549199001,-97915.62512870046
412000.0000000001,316390.64953719114,316470.0222678603,95609.35046280897,95529.97773213981
428449.9999999999,411078.01797310985,439880.5009839881,17371.982026890037,-11430.500983988226
167000.0000000001,344368.5824085221,351957.69452468195,-177368.582408522,-184957.69452468187
195000.00000000006,218193.18689589621,216318.5678273626,-23193.186895896157,-21318.567827362538
122000.00000000003,204124.6514601225,201763.02643508077,-82124.65146012246,-79763.02643508074
60000.000000000015,128418.43505356931,126666.2066526317,-68418.4350535693,-66666.20665263169
352000.0000000003,314825.52546726656,334864.01034100284,37174.47453273373,17135.989658997452
339999.99999999994,341260.9325356698,327299.5987799028,-1260.9325356698828,12700.401220097148
134999.99999999997,186130.69692123667,186592.011123754,-51130.6969212367,-51592.011123754026
173999.99999999997,281461.63742313936,286705.71845976193,-107461.63742313939,-112705.71845976196
67999.99999999999,136281.36925580804,137222.55120362013,-68281.36925580805,-69222.55120362014
109999.99999999991,181809.73084293815,181573.91229717358,-71809.73084293824,-71573.91229717367
187000.00000000012,177249.02066995247,170614.4589331445,9750.979330047645,16385.54106685563
230000.0000000001,321127.73136835004,299520.37169677246,-91127.73136834995,-69520.37169677237
1424250.000000001,305894.3041727819,344737.91033220594,1118355.6958272192,1079512.089667795
106000.00000000001,298569.9407796566,297737.9701034678,-192569.94077965658,-191737.97010346781
978499.9999999999,598320.3022444632,625101.8731482617,380179.69775553665,353398.1268517382
371999.9999999998,432262.3179664386,440011.20008573716,-60262.31796643877,-68011.20008573734
579975.0000000001,426698.1976095912,432953.16653483943,153276.80239040894,147021.8334651607
192799.99999999994,144174.27821673782,144794.18277479158,48625.721783262125,48005.81722520836
192150.00000000015,184775.71521658,176506.32946746278,7374.284783420153,15643.670532537362
163499.99999999988,208040.81669965966,199821.03499871193,-44540.81669965977,-36321.03499871204
135999.99999999997,141051.9076120297,140775.5377314592,-5051.907612029725,-4775.537731459219
343000.00000000006,202062.04940998924,202173.95863018933,140937.95059001082,140826.04136981073
319000.0,237102.426524092,233653.83851055603,81897.573475908,85346.16148944397
75000.00000000004,253089.7900645359,244644.52518146476,-178089.79006453586,-169644.52518146473
161000.00000000006,151771.82256617633,149346.7949140315,9228.17743382373,11653.20508596857
549999.9999999998,545629.5785999165,561396.555351462,4370.421400083229,-11396.555351462215
610000.0000000005,426866.0937046515,445458.65002774756,183133.90629534895,164541.3499722529
495000.0000000004,545345.5273636858,547044.6225931973,-50345.52736368537,-52044.622593196866
398999.99999999977,279410.3754299232,284161.1050653414,119589.62457007659,114838.89493465837
148000.00000000015,159828.82601882974,159323.42117502663,-11828.826018829597,-11323.42117502648
281999.99999999994,334597.17073549837,342626.87473062996,-52597.170735498425,-60626.87473063002
719999.9999999995,406973.6267311135,431102.2545269013,313026.37326888606,288897.74547309824
376999.99999999977,202723.33191399128,202388.33991035525,174276.6680860085,174611.66008964452
265000.00000000006,274818.38682075206,271428.0357064351,-9818.386820751999,-6428.035706435039
32999.99999999999,93836.76077066064,90583.56952637606,-60836.76077066064,-57583.569526376064
608999.9999999999,425661.7770001618,454067.4198166217,183338.22299983806,154932.5801833782
425250.00000000035,367738.59498179227,371372.4492407963,57511.40501820808,53877.55075920402
275000.0000000002,266112.3369401202,275605.06552754494,8887.663059879967,-605.0655275447643
286000.00000000023,403807.24065799144,406317.52671515406,-117807.2406579912,-120317.52671515383
126100.00000000006,157125.52985551016,155838.0804834602,-31025.529855510104,-29738.08048346013
149000.0,160201.19279979382,153225.53629817214,-11201.192799793818,-4225.536298172141
1507000.0000000005,764154.5604691764,767839.4734500004,742845.4395308241,739160.5265500001
152999.9999999999,177054.73150759863,173706.90054072652,-24054.731507598714,-20706.90054072661
362128.9999999998,126917.33637705343,125835.28654658653,235211.6636229464,236293.71345341328
62999.99999999995,180984.623749967,176704.8997661682,-117984.62374996705,-113704.89976616827
86500.00000000003,98399.49870841502,94831.61458254316,-11899.49870841499,-8331.61458254313
199000.0000000001,196897.12435737706,206707.1057834793,2102.8756426230248,-7707.105783479201
346000.0,400752.1364409787,408924.79157943046,-54752.13644097868,-62924.79157943046
99990.00000000003,204940.92829222998,213458.2220460891,-104950.92829222995,-113468.22204608907
702999.9999999999,308028.17534538975,318219.7136128086,394971.8246546101,384780.28638719127
534437.9999999998,423509.52279875014,430527.75447229604,110928.47720124963,103910.24552770372
238000.0,269239.66846582637,272767.62125605013,-31239.66846582637,-34767.62125605013
42500.00000000003,101007.19479767205,95058.30428268515,-58507.194797672026,-52558.304282685116
89799.99999999994,188951.20183329194,187553.916246149,-99151.201833292,-97753.91624614905
1552499.9999999988,1193639.7016834836,1690000.0,358860.2983165153,-137500.00000000116
1099999.9999999998,1690000.0,1690000.0,-590000.0000000002,-590000.0000000002
284849.9999999999,206835.32208472135,214947.96741960722,78014.67791527853,69902.03258039267
398999.99999999977,643742.9949126301,650728.4855551566,-244742.9949126303,-251728.48555515683
600000.0000000003,378189.5107535336,380951.1710791657,221810.48924646672,219048.82892083464
299000.00000000006,341375.85305150086,351360.47980469384,-42375.8530515008,-52360.47980469378
467955.00000000023,379391.00039557915,401832.3521525811,88563.99960442109,66122.64784741914
372999.9999999999,342324.3066661788,351916.11067158735,30675.69333382108,21083.889328412537
177000.00000000006,198985.45589086626,191389.7825532434,-21985.4558908662,-14389.782553243334
89000.00000000004,211300.31621032814,211355.5885059152,-122300.31621032809,-122355.58850591515
188999.99999999988,231794.4889127847,251652.86539051138,-42794.488912784815,-62652.86539051149
165989.9999999999,500226.4098231412,511445.0482358264,-334236.4098231413,-345455.04823582654
114999.99999999991,137662.69063510743,130992.81656586812,-22662.690635107516,-15992.816565868212
513000.00000000006,234814.32105715162,235825.81630642005,278185.67894284846,277174.18369358
798999.9999999997,500419.5303592784,527639.843389166,298580.4696407213,271360.1566108336
252000.0000000001,288605.679566898,288653.26925724075,-36605.67956689789,-36653.26925724067
312000.0000000001,243264.17271702256,251139.10880407825,68735.82728297755,60860.89119592187
698999.9999999995,532743.7075050649,587371.1799115876,166256.29249493463,111628.82008841191
221999.99999999983,412001.9126663482,414967.0821317728,-190001.9126663484,-192967.082131773
191999.99999999997,170237.15064220567,165860.29632115696,21762.8493577943,26139.703678843012
725000.0000000006,507252.12255769706,539520.0784337069,217747.87744230352,185479.9215662937
148399.99999999997,254171.35993981131,245869.58940894186,-105771.35993981134,-97469.58940894189
649999.9999999995,460768.99547609914,461197.4187693138,189231.0045239004,188802.58123068576
643749.9999999995,419477.4654386322,407792.7615058406,224272.53456136736,235957.23849415896
429000.00000000006,334546.56255629024,356288.7180518703,94453.43744370982,72711.28194812976
759800.0000000007,384520.7906911883,399897.67973793094,375279.2093088124,359902.32026206976
139000.00000000003,151572.39351459482,148867.15129465814,-12572.39351459479,-9867.151294658106
490000.0,319072.9175455195,335590.37959669204,170927.08245448052,154409.62040330796
210000.0,241610.64447293952,247664.7151052276,-31610.644472939515,-37664.7151052276
498720.00000000035,278635.0460296141,280363.75730361004,220084.95397038624,218356.2426963903
439000.0000000001,333926.2950790054,323842.78892490844,105073.7049209947,115157.21107509168
442000.00000000035,367853.90391870774,376576.5037517947,74146.0960812926,65423.49624820566
299900.0,255014.17765342037,256692.14249295957,44885.82234657963,43207.85750704043
349799.99999999994,303127.2054193946,310190.35905032593,46672.79458060535,39609.64094967401
735000.0000000005,800914.1918317154,820688.5376850683,-65914.19183171494,-85688.53768506786
55000.00000000004,75016.53914055943,72612.14862378243,-20016.53914055939,-17612.148623782392
259000.0,318714.2641526373,330522.07232202566,-59714.264152637275,-71522.07232202566
249569.99999999983,245937.01532809655,257611.23437121135,3632.9846719032794,-8041.234371211525
297700.00000000023,269765.60266378574,276475.31962136715,27934.39733621449,21224.680378633086
719999.9999999995,518478.149091072,506871.16369016573,201521.85090892756,213128.8363098338
87999.99999999996,141267.1762278606,138612.06867176638,-53267.17622786063,-50612.06867176642
125999.99999999993,157494.18055912296,154750.6443429378,-31494.180559123037,-28750.64434293787
116999.99999999991,310257.5423590988,319970.769461441,-193257.54235909888,-202970.76946144112
178999.99999999994,301303.5583092192,315931.8568003649,-122303.55830921925,-136931.85680036497
519000.0,437324.40501960315,464833.4984623872,81675.59498039685,54166.501537612814
409000.0000000001,287298.0969936981,288003.2670012769,121701.90300630202,120996.73299872322
330000.0000000001,529811.6481177504,529296.4486763288,-199811.6481177503,-199296.44867632864
425000.0000000002,193013.48680270667,193237.56480382977,231986.5131972935,231762.4351961704
120000.00000000004,206042.88977635282,207751.07483502873,-86042.88977635278,-87751.07483502869
599000.0,278382.35930402,285000.58068589255,320617.64069598,313999.41931410745
1630000.000000001,886101.9929447917,966833.4919805209,743898.0070552093,663166.50801948
130000.00000000009,219096.13990839606,206296.16458399914,-89096.13990839597,-76296.16458399905
259999.9999999998,190708.6530572195,191904.4630568784,69291.3469427803,68095.5369431214
343999.99999999977,453481.58715449675,466720.60359105613,-109481.58715449699,-122720.60359105637
249999.9999999998,309433.49211388815,320487.49418304214,-59433.49211388835,-70487.49418304235
89450.00000000001,153475.18373804956,154779.76694651938,-64025.18373804954,-65329.76694651936
405000.0000000001,235577.45301046604,241576.5516120518,169422.54698953408,163423.44838794833
310000.0000000002,353315.1101150478,389320.4270472905,-43315.1101150476,-79320.42704729032
346000.0,296120.1653148104,305616.1268492155,49879.83468518959,40383.87315078452
284000.00000000023,329704.45284979616,334741.28719026124,-45704.452849795925,-50741.287190261006
141750.00000000006,128926.6583295205,129342.40638963581,12823.341670479553,12407.593610364245
320000.99999999994,264669.4404313364,271701.0543472063,55331.559568663535,48299.94565279363
226499.99999999985,357048.3702613495,342553.3545565166,-130548.37026134963,-116053.35455651677
221500.0000000002,209456.39840110607,207259.61035249705,12043.601598894136,14240.38964750315
309000.00000000006,362716.18134907214,361671.1996138467,-53716.18134907208,-52671.199613846664
1495000.000000001,964051.4566325635,1055124.516233407,530948.5433674374,439875.48376659397
169000.00000000012,304022.67547016294,292427.39101510326,-135022.67547016282,-123427.39101510315
202999.9999999999,296412.4147197538,305903.38634761976,-93412.41471975387,-102903.38634761985
118899.99999999996,146985.16539347073,141980.2069512131,-28085.165393470772,-23080.206951213142
280000.0,243046.80649016527,240431.87714747002,36953.19350983473,39568.12285252998
420000.0,299037.7312977258,293967.7566235849,120962.26870227419,126032.2433764151
160400.00000000015,232273.38801309426,230944.82674404373,-71873.38801309411,-70544.82674404359
210000.0,175841.1802608005,175204.36747404686,34158.819739199505,34795.632525953144
348999.99999999994,304125.45345547335,311628.05675415817,44874.54654452659,37371.94324584177
280000.0,265569.64810741704,261281.41468603656,14430.351892582956,18718.585313963442
435000.0,387190.21296809823,377608.0326353647,47809.78703190177,57391.96736463532
552699.9999999997,263340.18428533286,262061.26466976097,289359.8157146668,290638.7353302387
334400.0000000001,326630.06358642166,367528.592009538,7769.936413578456,-33128.59200953791
157999.99999999997,227308.25310718486,230227.68828930584,-69308.2531071849,-72227.68828930586
159999.99999999997,201293.4939369337,190212.2014641436,-41293.49393693372,-30212.20146414364
270000.00000000006,174894.07384649199,169322.00737347337,95105.92615350807,100677.99262652668
265000.00000000006,183767.05820990936,179709.88506386397,81232.9417900907,85290.11493613609
622999.9999999998,327605.57214734936,338880.87699129357,295394.4278526504,284119.1230087062
339999.99999999994,284982.80915269715,287794.5873707266,55017.19084730279,52205.41262927337
178999.99999999994,145533.25129944857,137696.5459586863,33466.74870055137,41303.45404131364
160500.00000000003,127411.1286660773,121116.76648959615,33088.871333922725,39383.23351040388
48000.00000000004,151097.52745442235,150999.29656042275,-103097.52745442232,-102999.29656042272
149000.0,161775.53053859272,161945.06564280635,-12775.53053859272,-12945.065642806352
139999.9999999999,164614.46850854397,160382.03612091226,-24614.468508544058,-20382.03612091235
188999.99999999988,178245.84500308894,177414.66667773636,10754.154996910947,11585.333322263526
259700.00000000003,264183.4677715254,277977.49743782193,-4483.467771525349,-18277.497437821905
153700.0,260382.3364454815,247622.46477753823,-106682.33644548149,-93922.46477753823
159899.9999999999,180653.66327656122,188500.2821837246,-20753.663276561303,-28600.28218372469
460000.0000000002,279123.5337723969,283868.6231664148,180876.46622760326,176131.37683358538
172999.9999999999,141984.73732309652,137078.2103247035,31015.262676903396,35921.7896752964
223399.9999999999,171926.68991270426,166476.06405849603,51473.31008729566,56923.93594150388
70000.00000000001,127838.76781180408,127755.11415341814,-57838.767811804064,-57755.11415341812
150000.00000000006,116643.73744927216,114246.8868140649,33356.2625507279,35753.11318593516
249999.9999999998,248416.00460798034,241071.59421759186,1583.995392019453,8928.405782407935
106000.00000000001,179588.40458070522,181530.16484094007,-73588.4045807052,-75530.16484094005
275289.99999999994,167326.1606556061,164976.92604806824,107963.83934439384,110313.0739519317
169900.00000000003,170706.58106459127,167828.92925050858,-806.5810645912425,2071.070749491453
120000.00000000004,166107.46713236303,160360.18840795287,-46107.46713236299,-40360.188407952824
375000.00000000006,326384.5189185947,337744.88175987883,48615.48108140536,37255.11824012123
229000.00000000006,370852.9296075295,377019.15840501385,-141852.92960752943,-148019.1584050138
331450.0000000002,362650.9679647693,371103.4437621758,-31200.96796476911,-39653.44376217562
115989.99999999994,317678.24891914905,294978.7678569049,-201688.2489191491,-178988.76785690495
682499.9999999995,278285.7630191888,262234.23784468265,404214.23698081076,420265.7621553169
249999.9999999998,216535.81228569592,226980.33583223488,33464.18771430387,23019.664167764917
280000.0,284671.8396112991,284702.7024694818,-4671.839611299103,-4702.702469481796
742000.0,1250687.7175684322,1258977.2649215246,-508687.7175684322,-516977.26492152456
484999.99999999965,285772.07480111014,281611.30004851404,199227.9251988895,203388.6999514856
468999.9999999998,341599.16396734235,350618.84213581413,127400.83603265748,118381.15786418569
145999.99999999997,216959.98097636845,225532.18225870852,-70959.98097636848,-79532.18225870855
379999.9999999999,210699.12498492203,214467.443507248,169300.87501507785,165532.55649275187
231999.99999999997,145749.3348461838,147352.51268346986,86250.66515381617,84647.48731653011
321775.0000000002,270960.6623191489,271964.70096246543,50814.337680851284,49810.29903753474
227000.0,525539.067524029,493913.342445747,-298539.06752402894,-266913.342445747
384000.00000000006,315383.3875227475,330445.29177279107,68616.61247725255,53554.70822720899
278000.0000000002,188467.72167515868,188307.04495084324,89532.27832484149,89692.95504915694
330000.0000000001,297615.0042833817,316866.16463384463,32384.995716618432,13133.835366155487
133000.00000000012,279986.686828955,296544.7084574525,-146986.6868289549,-163544.70845745236
546999.9999999999,391019.04407741805,401066.1072393776,155980.95592258184,145933.89276062226
116000.0000000001,140107.12463104288,136965.18975792508,-24107.12463104278,-20965.189757924978
352000.0000000003,245804.80070271072,253776.13357324636,106195.19929728957,98223.86642675393
146489.99999999994,166818.55348891843,168298.74074253283,-20328.553488918493,-21808.740742532886
362000.0,202105.6491819446,198199.0615156088,159894.3508180554,163800.9384843912
139099.99999999997,135061.79131607327,130312.83526404164,4038.2086839266995,8787.16473595833
382000.0000000002,344391.5805258214,353628.20976933016,37608.41947417875,28371.790230670013
188999.99999999988,187932.48340185374,182941.80062734167,1067.5165981461469,6058.199372658215
158999.99999999997,221775.08463364452,226032.17183311,-62775.084633644554,-67032.17183311004
498999.9999999996,964951.5365496885,1013761.168270917,-465951.53654968896,-514761.16827091743
495000.0000000004,296398.6580587118,295060.960038219,198601.3419412886,199939.0399617814
565000.0000000003,400403.6419445838,394329.09388257,164596.35805541655,170670.90611743036
173999.99999999997,128249.88866395097,121223.94845265936,45750.111336049,52776.05154734061
472900.00000000023,298111.46292143146,309274.9181913648,174788.53707856877,163625.08180863544
224000.0,266271.70990499953,279502.04581714876,-42271.70990499953,-55502.045817148755
212868.99999999997,334131.0416261108,333421.04392211884,-121262.04162611082,-120552.04392211887
192999.99999999985,188434.6865335351,190908.67043027267,4565.313466464751,2091.3295697271824
219999.99999999983,247891.95468349988,250359.10545188363,-27891.95468350005,-30359.105451883806
315000.0000000002,217799.14296081118,214353.26447156878,97200.857039189,100646.7355284314
590000.0000000003,417018.29164864175,409312.45781960926,172981.7083513586,180687.5421803911
352000.0000000003,330971.2455652474,322629.6339482944,21028.75443475292,29370.366051705903
1329999.9999999998,712144.5973324995,781128.9177790531,617855.4026675003,548871.0822209467
194000.00000000006,188196.78277786964,199215.91341282916,5803.217222130421,-5215.913412829104
126999.99999999991,224007.02544403967,229805.47754428268,-97007.02544403975,-102805.47754428277
107500.00000000003,109926.2434687344,113935.27652395678,-2426.2434687343775,-6435.2765239567525
588000.0,603210.4093665271,606768.5890699255,-15210.409366527107,-18768.58906992548
332000.0,224452.18552384485,235974.9318089207,107547.81447615515,96025.0681910793
120000.00000000004,150044.8845992948,158190.32655184186,-30044.88459929476,-38190.32655184182
239000.00000000003,358302.0577335165,367591.8168917938,-119302.05773351647,-128591.81689179377
270500.0000000001,277964.016433321,271290.3581548025,-7464.016433320881,-790.3581548024085
359000.00000000023,409763.7154106107,418463.26218232757,-50763.715410610486,-59463.26218232734
1389999.9999999988,791438.4198101677,821886.0016123449,598561.5801898311,568113.998387654
1141400.0000000002,846960.2125191577,875661.9483849392,294439.78748084255,265738.051615061
304999.99999999977,229199.54610228294,224034.3458932609,75800.45389771683,80965.65410673886
99500.00000000001,194115.04622163434,193109.62346182123,-94615.04622163433,-93609.62346182122
218499.99999999985,128175.4722796274,123945.64499166732,90324.52772037245,94554.35500833254
890000.0000000002,624993.8228549093,679625.668841449,265006.1771450909,210374.33115855127
230000.0000000001,174358.71580559446,174993.7739081629,55641.28419440563,55006.22609183719
645000.0,441601.28078070213,436972.03765055054,203398.71921929787,208027.96234944946
150699.9999999999,225442.7867092103,210391.1755322371,-74742.7867092104,-59691.17553223719
124999.9999999999,115502.84898029498,112641.16460972412,9497.151019704921,12358.83539027578
461999.9999999998,380594.96395665494,393442.33306232025,81405.03604334488,68557.66693767958
376999.99999999977,418154.01437062246,441931.8791202821,-41154.014370622695,-64931.879120282305
249599.99999999988,216533.4749266684,218155.66548100312,33066.52507333149,31444.334518996766
158999.99999999997,229053.14983477234,230099.67136483104,-70053.14983477237,-71099.67136483107
235000.0,172116.43353931486,171392.22778122895,62883.566460685135,63607.772218771046
138000.00000000006,150288.9699811837,146328.7016913914,-12288.969981183647,-8328.701691391354
219999.99999999983,222494.37646410475,215271.44478379213,-2494.37646410492,4728.555216207693
265000.00000000006,224036.23991654697,220869.5390968352,40963.76008345309,44130.46090316487
265000.00000000006,291596.3882299022,299221.2637792456,-26596.388229902135,-34221.26377924555
1198999.9999999998,826927.0767480244,858959.718383179,372072.9232519753,340040.2816168207
398999.99999999977,202055.22885476888,201708.29221568565,196944.7711452309,197291.70778431412
96750.00000000004,155702.54710073414,156387.4629194287,-58952.5471007341,-59637.46291942867
112590.00000000004,248228.3097426573,253752.32583827723,-135638.30974265723,-141162.32583827717
136999.9999999999,220901.54254073437,217335.65642938702,-83901.54254073446,-80335.6564293871
194000.00000000006,524813.909293908,515695.6964067567,-330813.909293908,-321695.69640675664
281999.99999999994,299091.9454029631,303838.1536923104,-17091.945402963145,-21838.153692310443
191999.99999999997,256656.48589517764,258457.97456537923,-64656.48589517767,-66457.97456537926
495000.0000000004,361922.93253212183,385789.656320874,133077.06746787857,109210.34367912641
330000.0000000001,223527.58976485726,230026.2600016277,106472.41023514286,99973.73999837242
599000.0,432964.08974088804,448713.01151418773,166035.91025911196,150286.98848581227
377999.99999999994,518687.8556039066,510559.518964635,-140687.85560390668,-132559.51896463503
64999.999999999956,142116.68319847982,143078.61757311903,-77116.68319847986,-78078.61757311907
238499.99999999985,244478.7581665058,244854.74203683954,-5978.758166505955,-6354.742036839685
129989.9999999999,169531.58448387776,164582.26393290574,-39541.58448387786,-34592.263932905844
197000.00000000015,217543.24266174817,203596.7529420284,-20543.242661748023,-6596.752942028252
329175.00000000023,285370.92863300815,287644.4981774836,43804.07136699208,41530.50182251661
75000.00000000004,214451.36191525467,220310.75610109972,-139451.36191525462,-145310.75610109966
457999.99999999965,330870.4845972909,315339.01774175116,127129.51540270873,142660.9822582485
199000.0000000001,199336.95169373584,193855.0662690154,-336.9516937357548,5144.933730984689
620000.0000000005,666742.9027582743,676308.5852046054,-46742.90275827388,-56308.5852046049
240000.00000000003,308394.8263904625,298165.4844592847,-68394.82639046249,-58165.484459284664
95000.00000000001,94083.06446462826,90250.1288700261,916.9355353717547,4749.871129973908
440000.0000000002,345405.4963537748,337755.1968983946,94594.50364622538,102244.80310160556
471999.9999999998,901896.7273434469,845052.7242223453,-429896.7273434471,-373052.72422234545
255800.0000000002,224485.6490122056,236214.0117530528,31314.350987794605,19585.98824694741
99918.99999999996,94067.96487175398,91848.83445232527,5851.035128245974,8070.165547674682
270000.00000000006,287989.8355069825,276475.3524528903,-17989.83550698246,-6475.352452890249
355300.00000000023,805123.3967709375,814920.8753455676,-449823.39677093725,-459620.87534556736
178999.99999999994,221278.32324201064,217971.62207265457,-42278.323242010694,-38971.62207265463
316999.9999999999,134960.89158478458,143269.809778591,182039.1084152153,173730.19022140888
240499.99999999983,408968.5957530656,405069.19468898204,-168468.59575306578,-164569.1946889822
415000.00000000006,622529.1501169543,604920.7529257298,-207529.1501169543,-189920.7529257298
588000.0,342175.6195437016,350685.34501070983,245824.38045629842,237314.65498929017
425000.0000000002,192498.6059867764,192662.13538984896,232501.39401322376,232337.8646101512
515000.00000000006,289086.73970015347,295804.97291513917,225913.2602998466,219195.0270848609
267000.0,205735.90832275827,204973.03612460042,61264.091677241726,62026.96387539958
749000.0,547981.6467493507,559646.5696603422,201018.3532506493,189353.43033965782
206140.00000000006,174345.16906812642,183543.50996901383,31794.830931873643,22596.490030986228
367500.0000000003,173235.68607454278,177806.56378229952,194264.3139254575,189693.43621770077
169499.99999999985,158154.77731274968,155724.11542024315,11345.222687250178,13775.884579756705
680000.0000000003,444128.9215789176,442468.95486054476,235871.07842108276,237531.0451394556
281999.99999999994,255348.09328677275,243744.21747968814,26651.90671322719,38255.7825203118
237299.9999999999,246209.46756625763,250618.4945587629,-8909.467566257721,-13318.494558762992
279899.99999999994,242727.18732753236,239453.45341634858,37172.81267246758,40446.54658365136
369999.99999999977,511002.2955582465,507709.4639590736,-141002.29555824673,-137709.46395907382
152000.00000000006,178473.05122374988,176556.55105359893,-26473.05122374982,-24556.551053598872
69499.99999999996,102510.53494019454,98432.91787600945,-33010.534940194586,-28932.917876009495
242199.99999999994,328682.2580802187,310461.0714638603,-86482.25808021874,-68261.07146386034
156999.99999999994,181764.25153580745,175686.08546023228,-24764.251535807503,-18686.085460232338
1190000.0000000002,553792.2275504121,539366.3890110104,636207.7724495882,650633.6109889898
339000.00000000023,295799.18591514794,280048.3328946332,43200.81408485229,58951.66710536706
197900.0000000001,204187.87060187705,211510.511454024,-6287.870601876959,-13610.511454023916
1190000.0000000002,618985.6284068694,629811.0206820907,571014.3715931309,560188.9793179096
479000.00000000035,511592.1374165456,550419.6518321934,-32592.137416545243,-71419.65183219302
55000.00000000004,106714.3523176229,101925.30457790893,-51714.35231762287,-46925.30457790889
348999.99999999994,646619.8517875335,656066.4841024324,-297619.85178753355,-307066.48410243244
102460.00000000003,132778.50778777612,128423.8319098061,-30318.507787776092,-25963.831909806075
53000.00000000002,146562.47034170642,138266.13451006555,-93562.47034170639,-85266.13451006552
170000.00000000012,231671.48867811618,235164.73512597848,-61671.48867811606,-65164.73512597836
339999.99999999994,304156.3784880098,304413.93636346393,35843.621511990146,35586.06363653601
229000.00000000006,178407.85325671796,181559.14307348957,50592.146743282094,47440.85692651049
419689.0,316416.47271001374,318950.51512438414,103272.52728998626,100738.48487561586
284999.99999999994,335518.52030206105,337616.41124098597,-50518.52030206111,-52616.411240986024
334999.9999999998,190066.10832468842,203190.8537019922,144933.8916753114,131809.14629800763
262351.99999999977,174308.29547491757,169604.91988367098,88043.7045250822,92747.08011632878
280000.0,564061.1827201346,554283.1720591129,-284061.1827201346,-274283.1720591129
565000.0000000003,376621.37613176374,395758.8147786459,188378.6238682366,169241.18522135448
136200.00000000003,112000.16682622604,110217.8647743036,24199.833173773994,25982.13522569643
749000.0,683861.3944352496,702370.5380544857,65138.60556475038,46629.46194551431
398999.99999999977,442900.6255406147,498460.2008033047,-43900.62554061494,-99460.2008033049
679799.9999999994,479413.0989215029,487799.5077981495,200386.90107849654,192000.49220184993
244000.00000000003,266216.0227839902,264632.97601848206,-22216.022783990164,-20632.976018482033
520000.0,324411.19485444925,351207.5810025953,195588.80514555075,168792.4189974047
70999.99999999994,165924.23178415382,162668.9398907013,-94924.23178415388,-91668.93989070135
437000.00000000023,356303.1351741099,380892.6240479735,80696.86482589034,56107.37595202675
599000.0,427500.04738732293,444467.6990154749,171499.95261267707,154532.30098452512
120000.00000000004,130998.70723612461,130354.75034215694,-10998.707236124566,-10354.750342156898
645000.0,571574.5739565328,582222.6562180131,73425.42604346725,62777.343781986856
131999.9999999999,107793.62936114107,104769.60011075244,24206.370638858847,27230.399889247477
999999.9999999997,365167.3060746566,362078.2827010797,634832.693925343,637921.71729892
145000.00000000012,255139.7715600397,250067.33472883032,-110139.77156003957,-105067.3347288302
794000.0000000007,300710.5051682981,291831.27140771545,493289.4948317026,502168.72859228525
178499.99999999985,232598.29225581806,231427.3011310034,-54098.2922558182,-52927.301131003536
1235999.999999999,1055214.331333217,1078173.1116539356,180785.6686667821,157826.88834606344
1139000.0000000002,827934.5128668351,907487.5722484409,311065.4871331651,231512.4277515593
65499.99999999995,148495.4259564991,142603.94699896904,-82995.42595649915,-77103.9469989691
170000.00000000012,200644.02704776527,199654.51553821075,-30644.02704776515,-29654.51553821063
360000.0000000001,240950.36832616135,237323.35429263266,119049.63167383877,122676.64570736745
315000.0000000002,295261.1810708637,303785.54739827046,19738.818929136498,11214.452601729718
314000.0,523302.0607402391,567520.9225601816,-209302.0607402391,-253520.92256018159
185000.00000000006,293319.3371349736,292655.292008907,-108319.33713497355,-107655.29200890695
153999.99999999988,138223.90281091342,132267.98929276352,15776.09718908646,21732.01070723636
682499.9999999995,285116.9271920288,275449.4494376305,397383.07280797075,407050.55056236906
235000.0,225043.331143044,223861.36799303515,9956.668856956006,11138.63200696485
302999.9999999998,552728.7544644437,501003.95224187453,-249728.75446444383,-198003.9522418747
315999.99999999994,280466.81413528114,271392.3861806413,35533.185864718806,44607.61381935864
25000.000000000004,156528.22018265,164505.89432026423,-131528.22018265,-139505.89432026423
249000.00000000006,149808.85498892094,143970.95684518316,99191.14501107912,105029.0431548169
130000.00000000009,184431.88866071455,193117.20924604006,-54431.88866071447,-63117.20924603997
291000.00000000006,464405.12384978833,487197.2402660232,-173405.12384978827,-196197.24026602315
610000.0000000005,646286.9603607213,672997.1288998065,-36286.96036072087,-62997.12889980606
229000.00000000006,205953.49073001643,205669.0100808003,23046.509269983624,23330.989919199754
527999.9999999999,152079.5934751791,157281.56850508353,375920.4065248208,370718.4314949163
223000.00000000003,168935.1076751407,163692.01821842502,54064.892324859335,59307.981781575014
415000.00000000006,383731.462706529,404597.424358498,31268.537293471047,10402.575641502044
743999.9999999993,714939.5275760315,749266.4949403623,29060.47242396779,-5266.494940362987
379999.9999999999,317053.89027179504,323229.0920744526,62946.10972820484,56770.907925547275
139750.0000000001,201808.934944529,209073.19759074136,-62058.93494452891,-69323.19759074127
116999.99999999991,163574.93802746208,160464.6294937773,-46574.938027462165,-43464.62949377738
188000.00000000012,329526.40178735246,335033.017458388,-141526.40178735234,-147033.01745838788
659999.9999999995,551779.6338038835,559449.4567350901,108220.36619611608,100550.54326490941
217000.00000000012,401753.96276726696,420237.7569075636,-184753.96276726684,-203237.75690756348
343399.9999999998,208069.5594399442,210961.46706359484,135330.44056005563,132438.53293640498
349999.9999999997,341964.7184639281,332967.846782733,8035.2815360716195,17032.15321726672
235000.0,196765.38655133254,195851.4926051614,38234.61344866746,39148.50739483861
416000.0,176623.43771138156,186465.4130542926,239376.56228861844,229534.5869457074
1525000.0000000005,646359.4361078367,606482.2715043364,878640.5638921638,918517.7284956641
210000.0,319945.1426123077,305149.00113282516,-109945.14261230768,-95149.00113282516
497999.9999999996,244333.56516848336,241168.58301245814,253666.43483151624,256831.41698754145
230000.0000000001,172263.5127517291,167924.20632627062,57736.487248270976,62075.793673729466
289999.9999999999,479429.80251552205,474154.85877207684,-189429.80251552217,-184154.85877207696
219999.99999999983,210560.16772687316,206469.28849648198,9439.832273126667,13530.711503517843
689999.9999999995,572500.5910061798,632605.4004685001,117499.40899381973,57394.599531499436
184974.99999999997,328387.0903462457,361282.544715317,-143412.0903462457,-176307.54471531705
769999.9999999997,461697.9855423705,461555.0401586117,308302.0144576292,308444.9598413879
132499.9999999999,201836.2124047746,196660.79938781646,-69336.21240477468,-64160.79938781654
84999.99999999996,183046.03185771755,192883.6045882531,-98046.0318577176,-107883.60458825315
131999.9999999999,209275.28790472297,212006.56102701524,-77275.28790472305,-80006.56102701533
449999.99999999994,465264.0680169339,468897.36424443073,-15264.068016933976,-18897.36424443079
79000.00000000006,158484.25015523954,162703.9195683985,-79484.25015523948,-83703.91956839844
139999.9999999999,157726.201040406,151332.25989695993,-17726.2010404061,-11332.259896960022
188999.99999999988,174161.7424359518,179772.71501406436,14838.257564048079,9227.28498593552
698999.9999999995,309920.5836147213,331071.7983168336,389079.4163852782,367928.2016831659
469999.9999999998,346054.9824780651,360887.0467179131,123945.0175219347,109112.9532820867
362999.9999999999,235023.17434222036,236989.86104201496,127976.82565777953,126010.13895798492
227900.00000000006,197162.0834341158,200564.56764117858,30737.916565884254,27335.432358821476
365999.9999999997,611568.9119684054,599217.4670486805,-245568.91196840565,-233217.46704868082
420000.0,336437.73455721233,338626.3472332755,83562.26544278767,81373.65276672452
391229.00000000006,596666.078948208,633319.1143209997,-205437.07894820796,-242090.11432099965
390000.00000000035,319748.8035228881,307956.26325412956,70251.19647711224,82043.73674587079
149800.00000000003,160650.3415119778,158844.4745019997,-10850.341511977778,-9044.474501999677
219999.99999999983,220252.55757515717,228677.88795067483,-252.55757515734877,-8677.887950675009
192799.99999999994,144115.73650645738,144720.41314003192,48684.26349354256,48079.586859968025
273399.9999999999,246622.07620413997,245747.6827431308,26777.92379585991,27652.31725686908
239000.00000000003,273661.19780614844,269250.64532993996,-34661.19780614841,-30250.64532993993
249700.00000000017,299512.96583942155,303623.8683797523,-49812.96583942138,-53923.86837975215
579999.9999999997,456230.3525853835,430303.4069403906,123769.64741461613,149696.59305960906
484000.0000000002,233826.7074716444,257264.08523144783,250173.29252835579,226735.91476855235
180000.00000000003,183103.38359635454,181453.3256271651,-3103.3835963545134,-1453.3256271650607
74500.00000000001,163978.41921964465,166436.97630488244,-89478.41921964464,-91936.97630488242
420000.0,319616.0747961899,314835.68860312464,100383.9252038101,105164.31139687536
89900.00000000007,167109.0731896482,158113.72345667682,-77209.07318964812,-68213.72345667674
156900.00000000012,216461.3309853241,217641.55124813408,-59561.33098532399,-60741.55124813397
674999.9999999998,472305.766125894,482526.4818705503,202694.2338741058,192473.51812944945
275700.0,173002.2536434857,174430.67540850342,102697.74635651431,101269.32459149658
1190000.0000000002,621944.8068572023,669986.555099621,568055.1931427979,520013.4449003793
249000.00000000006,184855.6363532721,184958.00509442005,64144.36364672796,64041.99490558001
89000.00000000004,158383.29101970725,150378.4243547276,-69383.2910197072,-61378.42435472757
215999.99999999985,198850.02623340912,201664.05433947232,17149.97376659073,14335.945660527534
158999.99999999997,143870.94825079312,143672.06924710225,15129.051749206847,15327.930752897722
129000.0000000001,184646.60958489202,172279.84826864323,-55646.60958489192,-43279.84826864312
495000.0000000004,486616.29057954816,496435.914313367,8383.709420452244,-1435.9143133665784
275000.0000000002,301552.62944372965,306410.21462449094,-26552.62944372947,-31410.214624490764
339999.99999999994,540238.363838935,547630.7919459637,-200238.3638389351,-207630.7919459638
315000.0000000002,299639.2607371242,299739.80325839686,15360.739262875984,15260.196741603315
275000.0000000002,228904.8424914864,233005.5496810404,46095.157508513774,41994.450318959774
229000.00000000006,378606.40912505786,409203.4765897212,-149606.4091250578,-180203.47658972116
394000.0000000002,410287.20350461674,435200.6551719735,-16287.20350461657,-41200.65517197334
819000.0000000002,363435.32093819237,374971.3678048395,455564.67906180787,444028.6321951607
167200.00000000003,316981.75465136714,322293.3476982687,-149781.7546513671,-155093.34769826868
379999.9999999999,197003.45860719678,207993.3506332287,182996.5413928031,172006.6493667712
392200.00000000006,192728.31263597653,200417.96008060753,199471.68736402353,191782.03991939253
1680000.0000000005,1050497.2374472558,1067926.0384920402,629502.7625527447,612073.9615079602
484999.99999999965,262985.43782733515,256451.08375747027,222014.5621726645,228548.91624252938
170000.00000000012,264972.4727588742,293535.16855991166,-94972.47275887406,-123535.16855991154
210000.0,172971.5196562256,168173.78638999694,37028.4803437744,41826.21361000306
235000.0,204383.9497416369,201115.340945081,30616.050258363102,33884.659054919
299000.00000000006,273543.15720309835,274734.5312157629,25456.842796901707,24265.468784237164
109999.99999999991,203351.1252394341,204595.01046848163,-93351.12523943419,-94595.01046848172
376500.0000000001,1065070.106601462,1078351.9229838934,-688570.1066014619,-701851.9229838933
67999.99999999999,110910.8998073123,107764.90331421363,-42910.89980731231,-39764.90331421365
420000.0,488718.566037685,511484.795596752,-68718.56603768503,-91484.79559675202
385000.00000000023,343778.3731634048,384842.4333844289,41221.62683659542,157.5666155713261
449349.99999999977,658849.4207761319,634330.6972622257,-209499.42077613214,-184980.6972622259
212000.00000000017,182610.5525032039,176445.72529250843,29389.44749679629,35554.27470749174
600780.0000000001,262027.57616429467,264662.629722114,338752.42383570544,336117.3702778861
336500.0000000001,365555.88691738626,378118.92871938285,-29055.886917386146,-41618.92871938273
232500.00000000017,291508.1550961453,298598.38403497165,-59008.155096145114,-66098.38403497147
213000.00000000015,197899.1519444536,194534.51809693335,15100.84805554655,18465.4819030668
186000.00000000012,225249.5905600897,221239.9084119262,-39249.59056008959,-35239.908411926095
159499.00000000006,214878.13224958835,216816.79398865261,-55379.13224958829,-57317.79398865256
116000.0000000001,143459.56584100545,136085.25654027393,-27459.565841005344,-20085.256540273826
221999.99999999983,222847.68134781028,230647.0350005875,-847.6813478104596,-8647.035000587668
269000.0,315664.2656222089,307270.21980267396,-46664.265622208884,-38270.219802673964
184000.00000000015,186710.79329675357,183018.25149434837,-2710.793296753429,981.7485056517762
118999.99999999993,171022.77011571903,166815.1332909172,-52022.770115719104,-47815.13329091728
252000.0000000001,195136.70606605057,197075.63902962374,56863.29393394952,54924.36097037635
181899.99999999988,165613.48509991847,170797.88704334322,16286.514900081413,11102.112956656667
188999.99999999988,205783.80947954243,199290.3818045559,-16783.809479542542,-10290.381804556004
143500.0000000001,195798.5641039977,193268.43551898358,-52298.5641039976,-49768.43551898349
398999.99999999977,369112.48654879193,358388.59623940027,29887.513451207837,40611.403760599496
256279.99999999994,369643.7714499099,379763.3553136058,-113363.77144990995,-123483.35531360586
231999.99999999997,183728.77243842653,177075.49997006368,48271.22756157344,54924.50002993629
219999.99999999983,279643.14226232603,279248.91076848266,-59643.142262326204,-59248.910768482834
99500.00000000001,126062.16343516692,124986.37771549972,-26562.163435166905,-25486.377715499708
213199.99999999985,338530.03778781445,331052.6586026179,-125330.0377878146,-117852.65860261806
56000.000000000044,141763.06227049002,137563.9383731,-85763.06227048997,-81563.93837309997
590000.0000000003,300599.2787555625,302378.0170405813,289400.72124443785,287621.982959419
156499.99999999985,154074.2956384345,147002.4434092098,2425.704361565353,9497.556590790045
308000.0000000001,207160.8000207968,211053.05416576343,100839.19997920332,96946.94583423669
109999.99999999991,293169.66002576204,286259.24310302053,-183169.66002576213,-176259.24310302062
199999.99999999997,201656.9929210344,195437.48983818231,-1656.9929210344271,4562.510161817656
162999.99999999988,196582.5998777807,200770.3680953405,-33582.59987778083,-37770.368095340615
1050000.0000000007,281804.5443375392,288096.4071431671,768195.4556624615,761903.5928568336
213199.99999999985,355180.73949323705,364483.8970606529,-141980.7394932372,-151283.89706065305
294000.0000000001,170112.79840545676,176028.5865167047,123887.20159454335,117971.41348329542
320819.00000000006,307394.0939301316,314790.81272821367,13424.906069868477,6028.187271786388
316899.9999999998,278369.5249225419,276734.01940988516,38530.4750774579,40165.98059011466
218499.99999999985,128193.46317012429,127313.9852948138,90306.53682987556,91186.01470518605
444999.9999999997,462776.92978971306,472319.33582899685,-17776.92978971335,-27319.335828997137
309899.99999999977,257219.6091027862,261197.26383200497,52680.39089721357,48702.73616799479
372999.9999999999,262124.02677361606,271081.54398702824,110875.97322638382,101918.45601297164
543999.9999999997,341104.3982384237,357903.97992476297,202895.60176157596,186096.02007523668
265000.00000000006,296054.6915257108,300600.5434502734,-31054.691525710747,-35600.54345027334
362000.0,302334.7674266043,316494.4539982526,59665.23257339571,45505.546001747425
379000.0000000002,199508.65622015955,194948.96344973842,179491.34377984062,184051.03655026175
385000.00000000023,234434.85467443906,242965.47529132047,150565.14532556117,142034.52470867976
858999.9999999997,439837.72290651547,511061.0102926458,419162.2770934842,347938.9897073539
214000.00000000017,228554.30163398036,230887.06415034944,-14554.301633980183,-16887.064150349266
313899.9999999998,303083.946826561,308183.42887295864,10816.05317343882,5716.571127041185
645000.0,678083.8877186299,693801.2755899723,-33083.88771862991,-48801.27558997227
177999.99999999994,261297.31406482842,249353.2276316971,-83297.31406482848,-71353.22763169717
323000.0000000003,222110.05658350716,221033.81460313982,100889.94341649313,101966.18539686047
998000.0000000008,733067.6853257458,781864.8523550604,264932.314674255,216135.1476449404
727999.9999999999,228371.31670878833,237499.86470595174,499628.68329121155,490500.1352940481
251894.9999999998,235745.93899193069,249371.8987112159,16149.061008069111,2523.101288783888
379999.9999999999,327710.5213460095,313092.9783092135,52289.47865399037,66907.02169078641
1592000.0000000007,650799.4634372179,736418.3154951037,941200.5365627828,855581.684504897
191000.00000000015,232653.22078935005,231904.74469366248,-41653.2207893499,-40904.74469366233
199571.0000000001,193848.31989334774,195080.04581414562,5722.680106652348,4490.954185854469
430000.00000000023,392668.7625172685,416085.77338445414,37331.237482731754,13914.226615546097
141500.0000000001,192052.86659451548,197589.2965609348,-50552.86659451539,-56089.296560934716
126999.99999999991,163734.34173311113,158809.73229715734,-36734.341733111214,-31809.732297157432
335873.99999999994,486978.33220048976,529668.8209998927,-151104.33220048982,-193794.82099989272
430000.00000000023,399181.91169266554,426208.1777882252,30818.088307334692,3791.8222117750556
219999.99999999983,169985.53428842264,168550.6680752753,50014.465711577184,51449.33192472454
173250.00000000012,162510.42516614238,158437.2661254682,10739.57483385774,14812.733874531928
199000.0000000001,165443.84672339377,163378.86816177404,33556.15327660632,35621.13183822605
182795.99999999985,251998.65919721403,252538.04842765088,-69202.65919721418,-69742.04842765103
238000.0,250736.99508755255,246520.02424288,-12736.995087552554,-8520.024242879997
111799.9999999999,112033.13592170022,108763.66797110424,-233.13592170031916,3036.33202889566
530000.0000000003,344956.2283243951,376232.396840114,185043.77167560527,153767.60315988638
115206.00000000004,85080.57746143502,80024.99052228754,30125.42253856502,35181.009477712505
320000.00000000006,98521.2023132019,95502.66983159554,221478.79768679815,224497.3301684045
415000.00000000006,192002.71762447536,186627.43754533428,222997.2823755247,228372.56245466578
141699.99999999988,173249.9379006215,162965.74934610844,-31549.93790062162,-21265.749346108554
188999.99999999988,342696.1701357727,358759.23152029555,-153696.17013577285,-169759.23152029567
315000.0000000002,375576.7742092572,357914.96169628325,-60576.77420925704,-42914.96169628308
155000.00000000012,261680.39526452756,262170.47261520836,-106680.39526452744,-107170.47261520824
284999.99999999994,218820.31626008986,220745.87505216096,66179.68373991008,64254.12494783898
299999.99999999977,461449.0133527967,470599.87074386503,-161449.01335279696,-170599.87074386526
162999.99999999988,172225.97479426276,174730.87796989735,-9225.974794262875,-11730.877969897469
299000.00000000006,237428.18442818872,244096.5346855453,61571.81557181134,54903.46531445475
174735.0,220663.57828238263,224535.3948679801,-45928.57828238263,-49800.394867980096
215999.99999999985,270433.1712227544,264514.7443671213,-54433.17122275455,-48514.74436712146
287000.0000000001,181098.15579705965,189005.0223831861,105901.84420294047,97994.97761681402
599000.0,210221.1407504772,214663.61955053307,388778.8592495228,384336.38044946693
664500.0000000006,360893.60860243806,361973.85599977145,303606.3913975625,302526.14400022913
739999.9999999999,917179.1458438813,944809.4275351221,-177179.14584388142,-204809.42753512226
277500.0000000001,371341.6656493428,412220.72132232395,-93841.6656493427,-134720.72132232384
171000.00000000012,170774.93943552414,169848.93461013903,225.06056447597803,1151.0653898610908
364000.00000000006,361406.1435723078,375960.39489377197,2593.8564276922843,-11960.39489377191
352000.0000000003,329784.4802307119,335265.9480201501,22215.519769288367,16734.051979850163
152999.9999999999,311590.6910279494,303693.2518085155,-158590.69102794948,-150693.2518085156
382999.9999999997,397334.9741493803,398280.4348171471,-14334.974149380578,-15280.434817147383
146990.00000000006,168938.94138759212,170881.0413851713,-21948.941387592058,-23891.041385171236
62999.99999999995,135947.0100901876,134918.2401746364,-72947.01009018766,-71918.24017463645
440000.0000000002,218732.95808663726,213044.9366742306,221267.04191336292,226955.0633257696
390000.00000000035,325331.74350087106,336813.7479187218,64668.25649912929,53186.25208127854
158999.99999999997,168178.52324525642,172103.3422025457,-9178.523245256452,-13103.342202545726
398999.99999999977,332226.03854472836,340101.7784015681,66773.9614552714,58898.22159843164
483000.00000000023,530553.5168698166,538137.9754957034,-47553.51686981635,-55137.97549570317
310000.0000000002,395768.63085932255,382009.7872107708,-85768.63085932238,-72009.78721077065
166000.00000000003,218188.2383200536,220427.8177461243,-52188.238320053584,-54427.81774612426
495000.0000000004,464799.7743491062,435860.411196156,30200.225650894223,59139.58880384441
159800.0,261648.12427351627,253398.08377789587,-101848.12427351627,-93598.08377789587
233000.0000000001,262593.7966909325,259139.73253336924,-29593.796690932388,-26139.732533369155
114999.99999999991,182450.59549510156,175272.29916723614,-67450.59549510165,-60272.299167236226
678999.9999999995,679534.0619547811,683830.1833885941,-534.0619547815295,-4830.183388594538
364999.99999999977,295424.2645847445,321443.0747099125,69575.73541525524,43556.925290087296
844999.9999999993,279429.97898564354,293715.20951780694,565570.0210143558,551284.7904821923
136500.00000000006,150413.15436181726,150428.14732721745,-13913.1543618172,-13928.14732721739
171199.99999999985,240325.4094885628,241529.4354588842,-69125.40948856293,-70329.43545888434
124999.9999999999,234235.85942310878,242921.84521710145,-109235.85942310888,-117921.84521710155
173999.99999999997,350678.66922017734,375737.6016009439,-176678.66922017737,-201737.60160094392
90000.00000000001,165237.7730787535,156865.9748427508,-75237.77307875348,-66865.97484275077
513999.9999999996,445759.20027256646,483771.7373234637,68240.79972743313,30228.262676535873
499999.99999999977,702376.026567534,733445.365453477,-202376.0265675342,-233445.36545347725
336000.00000000006,343256.3839990581,366564.4198331012,-7256.383999058045,-30564.419833101158
177799.00000000012,169798.96387856192,165789.3885159985,8000.036121438199,12009.611484001623
790000.0000000003,502648.699751586,532019.4328008135,287351.30024841434,257980.5671991869
275000.0000000002,233452.11217346502,226046.31164405745,41547.88782653515,48953.68835594272
261000.00000000012,280900.2207263652,290060.05148977693,-19900.220726365107,-29060.051489776815
255000.0000000001,269801.93691529636,259281.76215477288,-14801.936915296275,-4281.76215477279
504000.00000000023,506999.2349422897,516711.65188711096,-2999.2349422894767,-12711.651887110726
449999.99999999994,385113.81374318164,387685.5252127396,64886.1862568183,62314.47478726035
150000.00000000006,196980.58025997438,198442.10449978668,-46980.58025997432,-48442.10449978663
167499.99999999997,223191.48963402864,222995.9866485868,-55691.489634028665,-55495.98664858684
1600000.0000000012,489756.2692801182,544372.8921343392,1110243.730719883,1055627.1078656618
136999.9999999999,151554.92469955105,150949.31579831112,-14554.924699551135,-13949.315798311203
425000.0000000002,278742.6917479551,271310.97563514055,146257.30825204507,153689.02436485962
148000.00000000015,132062.96275069666,124625.1745161132,15937.037249303481,23374.825483886947
213000.00000000015,286868.1499490357,296838.1389521198,-73868.14994903558,-83838.13895211965
249000.00000000006,232193.22493665922,220443.74229114412,16806.775063340843,28556.257708855934
139000.00000000003,200884.65940485083,202323.89724636852,-61884.6594048508,-63323.89724636849
133749.9999999999,116674.94409858574,112795.2526375035,17075.055901414176,20954.74736249642
248000.0000000002,378074.062494431,384824.01666060195,-130074.06249443078,-136824.01666060174
208100.00000000017,266900.3492766795,251633.40368210073,-58800.349276679335,-43533.40368210056
890000.0000000002,1182880.3713228914,1508791.345670484,-292880.3713228912,-618791.3456704838
177999.99999999994,352849.61394323903,367564.9528196233,-174849.6139432391,-189564.95281962334
159760.0000000001,224827.76412118756,216060.35536334364,-65067.76412118747,-56300.35536334355
989999.9999999992,300298.36487911944,303242.0241977811,689701.6351208797,686757.9758022181
313500.00000000006,408035.4616147196,404302.6581697125,-94535.46161471953,-90802.65816971246
399999.9999999999,336490.4690622679,343911.55408177676,63509.530937731965,56088.44591822312
999100.0000000009,996189.63813001,1026814.024675259,2910.361869990942,-27714.024675258086
259000.0,334146.55514378706,355413.60817195213,-75146.55514378706,-96413.60817195213
168500.0,184774.05487775683,180213.12334126985,-16274.054877756833,-11713.12334126985
334999.9999999998,368698.2850693146,355733.84979821416,-33698.28506931476,-20733.84979821433
160500.00000000003,119615.5921091882,116657.93732266192,40884.407890811824,43842.06267733811
1249999.999999999,573907.3604661281,615830.5002847387,676092.639533871,634169.4997152603
409499.9999999997,269219.89558041166,285256.71200859087,140280.10441958805,124243.28799140884
149250.0,117198.96625843852,113544.93522942088,32051.033741561478,35705.06477057912
133500.00000000003,214413.20972552913,211597.366961277,-80913.2097255291,-78097.36696127697
180000.00000000003,243443.97412607292,233439.03730689947,-63443.97412607289,-53439.03730689944
198000.00000000006,150400.2030474796,149390.775838002,47599.79695252047,48609.22416199805
116499.99999999991,116993.0758239633,113952.05482332098,-493.07582396338694,2547.945176678928
448999.99999999994,382697.46774967987,427955.7876283598,66302.53225032007,21044.21237164014
167000.0000000001,111319.14308670149,107237.46640462318,55680.8569132986,59762.53359537691
162000.00000000012,218826.9394875121,215766.86751487153,-56826.93948751199,-53766.86751487141
167999.9999999999,235131.68953418994,227186.78403943568,-67131.68953419002,-59186.78403943576
136590.00000000006,167087.79592404832,163408.8249327772,-30497.79592404826,-26818.82493277715
466000.0,324204.95633621496,328098.30580339284,141795.04366378504,137901.69419660716
157999.99999999997,201376.36098992062,188826.50468386195,-43376.36098992065,-30826.504683861975
622999.9999999998,416341.02406246733,442008.31988499925,206658.97593753244,180991.68011500052
719999.9999999995,432199.73520715703,456549.0003230945,287800.2647928425,263450.99967690505
304999.99999999977,251431.6209147038,249796.9294443313,53568.37908529598,55203.07055566847
154424.99999999997,172115.5185679538,166702.3538239576,-17690.51856795384,-12277.353823957616
233999.9999999999,534079.1685872189,564984.733805413,-300079.16858721897,-330984.7338054131
215000.0,120866.4069983738,126795.00623005761,94133.5930016262,88204.99376994239
49900.000000000015,94105.6907303062,91777.96190543292,-44205.69073030619,-41877.96190543291
628999.9999999997,422733.91754699085,448454.02987672586,206266.0824530088,180545.9701232738
739999.9999999999,883163.9760800923,979209.8984655963,-143163.97608009237,-239209.89846559637
574000.0000000001,405114.651971186,401217.37488291785,168885.34802881413,172782.62511708227
183000.00000000012,235506.5891896784,228731.43263124683,-52506.589189678285,-45731.43263124672
202999.9999999999,196544.63805032682,206238.41103882756,6455.361949673097,-3238.411038827646
1210000.0000000012,290540.8828594383,300707.1453078495,919459.1171405629,909292.8546921517
279899.99999999994,256524.2859698647,263574.7265536714,23375.71403013525,16325.27344632853
320000.00000000006,466004.7376053468,447223.83241729555,-146004.73760534672,-127223.83241729549
202999.9999999999,217777.26500785665,222245.5049380649,-14777.265007856739,-19245.504938064987
355999.99999999994,249281.32786924057,231981.2027887792,106718.67213075937,124018.79721122075
320000.00000000006,192899.7624497897,190467.47256680985,127100.23755021035,129532.5274331902
82000.0,210750.0259186272,206582.1667914662,-128750.02591862719,-124582.16679146621
320000.00000000006,228005.55914848554,234550.15861521976,91994.44085151452,85449.8413847803
208999.99999999988,280860.3912254611,260365.74445281242,-71860.39122546121,-51365.744452812534
396521.9999999997,264618.15706293547,265302.684145742,131903.84293706424,131219.31585425773
294999.9999999998,265783.38266724977,260448.79281194942,29216.61733275006,34551.20718805041
289999.9999999999,372354.35402170336,381688.5337650034,-82354.35402170348,-91688.53376500349
208000.00000000003,322821.3407585853,313493.39296949835,-114821.34075858528,-105493.39296949832
225000.00000000015,294952.6085228357,301689.5411466316,-69952.60852283557,-76689.54114663144
343999.99999999977,271951.62377658533,276647.53265570523,72048.37622341444,67352.46734429453
69989.99999999997,148815.78629169593,148851.18922108988,-78825.78629169596,-78861.18922108991
169000.00000000012,195969.79585143804,197117.54827219603,-26969.795851437928,-28117.548272195912
279000.0000000001,272849.001873934,272999.1645556917,6150.998126066115,6000.83544430841
171999.99999999988,229923.86038389325,225401.639548352,-57923.86038389336,-53401.639548352105
157999.99999999997,204719.31631181884,204775.09367730154,-46719.31631181887,-46775.09367730157
344999.9999999997,321309.0752545713,319932.2517921046,23690.924745428434,25067.748207895085
199799.99999999983,167038.69253722462,165910.8840486508,32761.307462775207,33889.11595134903
171999.99999999988,308594.8712573541,305465.45759865,-136594.8712573542,-133465.45759865013
199000.0000000001,193447.85145967966,207799.39864092023,5552.148540320428,-8799.398640920146
195000.00000000006,238360.22586581437,236184.66821459544,-43360.22586581431,-41184.66821459538
698499.9999999995,505523.32498116564,539918.3835716549,192976.6750188339,158581.61642834463
160500.00000000003,247674.91635123477,242057.12774770055,-87174.91635123474,-81557.12774770052
749999.9999999998,412579.618741898,413203.9866036422,337420.3812581018,336796.0133963576
177000.00000000006,165961.91872545044,173091.18556670359,11038.081274549622,3908.814433296473
1650000.0000000007,573132.8387399128,570942.4815097945,1076867.161260088,1079057.5184902062
114999.99999999991,240351.97867557756,237911.590708741,-125351.97867557764,-122911.59070874107
237000.00000000003,166358.17888973732,166891.24359517967,70641.82111026271,70108.75640482036
540559.9999999999,528406.279494426,547901.5261700683,12153.720505573903,-7341.5261700684205
349999.9999999997,315943.8493261303,317547.6704680071,34056.150673869415,32452.32953199261
379800.0,190048.89190617696,196648.27719416367,189751.10809382304,183151.72280583633
974999.9999999999,825770.2422863232,813250.9937924576,149229.75771367666,161749.00620754226
326000.0,572839.2156782759,569717.4704706067,-246839.2156782759,-243717.4704706067
178499.99999999985,155741.22286267322,147927.9234220966,22758.77713732663,30572.076577903266
385999.99999999977,229703.1578980063,237381.83322216215,156296.84210199348,148618.1667778376
109999.99999999991,215512.85565978073,228186.7008933518,-105512.85565978082,-118186.7008933519
488000.00000000035,635752.0125079497,669413.5512197963,-147752.01250794937,-181413.55121979595
70000.00000000001,129240.29650570654,125132.54706737972,-59240.29650570653,-55132.54706737971
152249.99999999997,166805.99380037474,164741.0379217738,-14555.993800374767,-12491.037921773823
71500.00000000001,172882.18305550952,170364.92131302468,-101382.18305550951,-98864.92131302466
160500.00000000003,415140.63816239015,463057.8166873849,-254640.63816239013,-302557.81668738485
98000.00000000003,295368.2085387934,347663.3064393985,-197368.20853879335,-249663.30643939847
218999.99999999988,309744.86820163747,303265.2459455722,-90744.86820163758,-84265.24594557233
1036000.0000000001,1690000.0,1690000.0,-653999.9999999999,-653999.9999999999
414000.00000000023,369105.46387916384,353130.13711838424,44894.53612083639,60869.86288161599
155000.00000000012,129608.52501927753,122028.25179885275,25391.47498072259,32971.74820114736
315000.0000000002,355724.33883804956,349451.03438612766,-40724.338838049385,-34451.03438612749
71500.00000000001,114566.66264616812,112807.81008245314,-43066.6626461681,-41307.81008245313
247000.00000000006,157874.96212995754,159330.7176305475,89125.03787004252,87669.28236945256
342000.0000000002,401856.141471402,414696.0219587891,-59856.14147140185,-72696.02195878892
244999.99999999997,120602.35183065475,120989.23528835762,124397.64816934522,124010.76471164235
139000.00000000003,141844.4000806298,136465.85238693655,-2844.40008062977,2534.1476130634837
248000.0000000002,103062.43495668817,103395.75212386508,144937.56504331203,144604.2478761351
201400.00000000006,275421.220977303,266534.88389297115,-74021.22097730293,-65134.88389297109
284849.9999999999,220747.2252542377,221793.18727673191,64102.77474576217,63056.81272326797
248499.99999999994,267966.34460204246,267088.75739213714,-19466.344602042518,-18588.757392137195
196800.0000000001,252387.49210058237,261220.7713906488,-55587.49210058228,-64420.771390648704
90000.00000000001,106523.12643699138,103894.35982721741,-16523.12643699137,-13894.359827217399
330000.0000000001,344258.48782902915,360106.47344660363,-14258.487829029036,-30106.473446603515
630000.0000000006,709905.4107693791,731390.2554184189,-79905.41076937853,-101390.25541841832
840000.0000000005,445204.8777632966,449266.31367698783,394795.1222367039,390733.68632301263
525000.0000000003,468035.7451370574,478650.4911701599,56964.254862942966,46349.50882984046
86000.00000000001,133537.6083518036,133879.9503460791,-47537.608351803574,-47879.95034607909
215000.0,407770.5840721153,393392.6874475333,-192770.5840721153,-178392.6874475333
257000.00000000015,235328.94285996302,237324.96629380135,21671.057140037126,19675.033706198796
143000.0000000001,156230.58626812475,151199.6869761135,-13230.586268124665,-8199.686976113415
668000.0000000002,369174.0417236219,376929.89977084106,298825.95827637834,291070.1002291592
289999.9999999999,241676.41423823478,238659.19785094916,48323.585761765105,51340.80214905072
181000.00000000006,330375.6871416495,341187.12326548557,-149375.68714164943,-160187.1232654855
185000.00000000006,303157.5224027899,303122.8887702189,-118157.52240278985,-118122.88877021882
90000.00000000001,156456.77461725738,150694.73462250127,-66456.77461725737,-60694.73462250126
1050000.0000000007,285780.524711643,289607.05357446277,764219.4752883577,760392.9464255379
940000.0000000006,358946.0224079985,352719.6469136017,581053.9775920021,587280.3530863989
367500.0000000003,460253.0990189298,464627.559237143,-92753.09901892953,-97127.55923714273
231999.99999999997,284626.9252347581,291594.5852684489,-52626.92523475815,-59594.58526844895
150000.00000000006,167722.81311398992,165716.249412239,-17722.81311398986,-15716.249412238947
698999.9999999995,426328.8265049351,474223.2636129343,272671.17349506443,224776.73638706526
178999.99999999994,154132.1337406965,152791.36955096084,24867.86625930344,26208.630449039105
729999.9999999998,567511.6438175173,573847.4852979169,162488.35618248244,156152.51470208284
460000.0000000002,514132.41764730477,534757.497107533,-54132.417647304595,-74757.49710753286
520000.0,747858.7749700064,791890.3393287504,-227858.77497000643,-271890.3393287504
103000.00000000001,158882.39256445767,148920.08478358333,-55882.39256445765,-45920.08478358331
227499.99999999997,428709.471680977,431698.2026726704,-201209.471680977,-204198.20267267045
86999.99999999994,171450.9486442836,178457.8919574477,-84450.94864428366,-91457.89195744775
139000.00000000003,242796.21154205955,242998.6943529351,-103796.21154205952,-103998.69435293507
305999.9999999998,223407.6107506953,231025.47916186534,82592.38924930451,74974.52083813449
314000.0,359852.5152173117,371407.44170922664,-45852.51521731168,-57407.44170922664
289999.9999999999,214835.80024117714,205583.40239356094,75164.19975882274,84416.59760643894
169499.99999999985,209224.51101941743,207074.94658853326,-39724.51101941758,-37574.94658853341
202000.0000000001,175261.58063489388,180396.2862979342,26738.41936510621,21603.7137020659
136999.9999999999,140789.39329715323,135172.16371608977,-3789.3932971533213,1827.8362839101464
418999.9999999998,303044.71631503175,314835.0745498712,115955.28368496808,104164.92545012862
424300.0000000001,432224.1802657498,439570.2057166856,-7924.180265749688,-15270.205716685508
397999.99999999977,214478.60878895535,223623.32207655036,183521.39121104442,174376.6779234494
466999.99999999994,334740.5682183608,336614.52647905267,132259.43178163917,130385.47352094727
386900.0000000003,263962.53086461755,256625.57595846694,122937.46913538274,130274.42404153335
268927.9999999999,142509.80247129942,142831.64989179184,126418.19752870046,126096.35010820805
213499.99999999994,236014.4702361863,240791.24673855363,-22514.470236186346,-27291.246738553687
130000.00000000009,195483.67791865347,193009.18785352694,-65483.67791865338,-63009.18785352685
487100.0000000001,356025.480220586,375322.1691890712,131074.5197794141,111777.83081092889
31999.999999999993,150989.56131653016,146877.67412089984,-118989.56131653016,-114877.67412089984
287000.0000000001,211154.22081016764,207002.45897838983,75845.77918983248,79997.54102161029
393899.9999999997,377979.7232938221,399146.3757132174,15920.276706177625,-5246.3757132177125
59950.000000000015,91769.23543150655,88225.87228014688,-31819.23543150653,-28275.87228014687
630000.0000000006,354243.6980078692,368171.3792486816,275756.3019921314,261828.620751319
87999.99999999996,159322.2448541503,166590.52475001002,-71322.24485415035,-78590.52475001007
261999.99999999994,340222.1930988581,335760.147871598,-78222.19309885817,-73760.14787159808
283000.0000000001,279850.46309278905,288666.66613550694,3149.5369072110625,-5666.666135506821
110989.99999999993,154266.11534965478,150500.47619591065,-43276.11534965485,-39510.47619591073
198251.99999999994,192368.89169469674,193648.90733017054,5883.108305303205,4603.092669829406
457499.99999999994,390293.02100329596,418224.3056247831,67206.97899670398,39275.694375216844
364000.00000000006,211309.8783733519,222096.72280782857,152690.12162664815,141903.2771921715
240000.00000000003,209464.71107743654,202396.0452949132,30535.288922563486,37603.95470508683
199000.0000000001,183101.99365374952,182496.69055157623,15898.006346250564,16503.309448423854
191999.99999999997,299943.79966612445,287925.3942415447,-107943.79966612448,-95925.39424154474
759999.9999999999,661383.685379099,687506.4992132359,98616.3146209009,72493.50078676397
790399.9999999998,1690000.0,1690000.0,-899600.0000000002,-899600.0000000002
114999.99999999991,193201.23683382105,188070.94490260925,-78201.23683382114,-73070.94490260934
186000.00000000012,209160.86100002652,211963.7681057284,-23160.8610000264,-25963.76810572829
118999.99999999993,191804.87538326476,196032.7877423268,-72804.87538326484,-77032.78774232687
820000.0000000005,304153.35258505435,325791.727071738,515846.6474149461,494208.2729282625
570000.0000000001,623303.4621571172,629719.1797034972,-53303.46215711709,-59719.179703497095
159999.99999999997,202564.6897657177,192633.25628860574,-42564.68976571772,-32633.25628860577
249754.99999999997,233123.41495654522,228563.78268189443,16631.585043454746,21191.21731810554
1198000.0000000002,846704.6151339689,855649.3330510881,351295.38486603135,342350.6669489121
299000.00000000006,228562.7473822889,230801.04941374634,70437.25261771117,68198.95058625372
377999.99999999994,356330.32976023125,334453.7939247986,21669.67023976869,43546.206075201335
249000.00000000006,231602.8166767477,234962.95059035148,17397.183323252364,14037.049409648578
235000.0,254371.70188352154,250500.0509633757,-19371.701883521542,-15500.050963375688
410570.99999999965,1215001.7143684477,1261949.3966292099,-804430.714368448,-851378.3966292102
225319.9999999998,277115.0771495595,302454.14769171004,-51795.077149559715,-77134.14769171024
890000.0000000002,473404.5977100758,485533.98787963885,416595.40228992444,404466.0121203614
423999.9999999998,251111.23033597486,247957.60449962935,172888.76966402496,176042.39550037048
95999.99999999996,118639.73574226211,116282.6199698184,-22639.735742262157,-20282.61996981845
399999.9999999999,213693.43636908152,224836.90779861735,186306.56363091836,175163.09220138253
255999.99999999985,346627.9631588964,392112.59244218795,-90627.96315889657,-136112.5924421881
395999.9999999999,182749.3872381875,176299.55008381157,213250.61276181237,219700.4499161883
70000.00000000001,210496.38174907878,216463.60044730818,-140496.38174907875,-146463.60044730816
354999.9999999998,589855.5053360641,590284.1546644638,-234855.50533606432,-235284.154664464
208000.00000000003,217881.01122723063,226339.22190834404,-9881.0112272306,-18339.221908344014
525000.0000000003,278713.87098483177,281294.03047237615,246286.12901516858,243705.9695276242
240000.00000000003,271668.34327356814,271359.30387991667,-31668.343273568113,-31359.30387991664
679799.9999999994,364536.2909555804,378461.6854125196,315263.709044419,301338.3145874798
159999.99999999997,205025.17758506036,209208.5577840256,-45025.17758506039,-49208.557784025616
238970.00000000017,206423.94792400143,210467.14844672417,32546.05207599874,28502.851553276007
529000.0,614589.1767445852,616536.362758149,-85589.17674458516,-87536.36275814904
144400.0000000001,138208.6410860323,137538.18058024632,6191.358913967793,6861.819419753767
315000.0000000002,336293.78242616815,332305.56016974425,-21293.782426167978,-17305.560169744072
103000.00000000001,146245.7855616152,146767.41703296357,-43245.78556161518,-43767.41703296355
163999.99999999988,239108.78200517563,242826.04317038824,-75108.78200517574,-78826.04317038835
448999.99999999994,251151.84868072259,258481.11772315777,197848.15131927736,190518.88227684217
315000.0000000002,234180.64223363975,226377.46536242444,80819.35776636042,88622.53463757574
199000.0000000001,204087.37100911888,194852.47528151787,-5087.371009118797,4147.524718482222
64500.000000000015,224459.27834287027,234893.39646766725,-159959.27834287024,-170393.39646766725
159999.99999999997,202507.63595660144,192579.6910983864,-42507.63595660147,-32579.69109838642
984999.9999999994,373643.2672954682,381012.64065562084,611356.7327045312,603987.3593443786
215000.0,231087.1692415332,219212.47956397766,-16087.169241533207,-4212.479563977657
229000.00000000006,312581.71773901925,301123.31333193433,-83581.7177390192,-72123.31333193427
175000.00000000012,170348.93535882182,172041.90091038647,4651.064641178295,2958.09908961365
330000.0000000001,465283.1256403539,475295.2107194658,-135283.12564035377,-145295.2107194657
566799.9999999997,584780.7270016216,636409.2184275703,-17980.72700162197,-69609.21842757065
167999.9999999999,243989.15012071584,244543.28863827145,-75989.15012071593,-76543.28863827154
282499.99999999977,524448.8245676017,550549.6368596083,-241948.8245676019,-268049.6368596086
145500.0000000001,158797.58967104994,159168.60808766252,-13297.58967104985,-13668.608087662433
124500.00000000003,201905.4050808805,201793.17043005963,-77405.40508088047,-77293.1704300596
109999.99999999991,243320.0282758253,241701.74971651833,-133320.02827582537,-131701.74971651842
149000.0,206377.7517110362,203627.1467382416,-57377.751711036195,-54627.1467382416
960000.0000000006,503805.98091644776,524128.88652237575,456194.0190835528,435871.11347762484
89000.00000000004,192737.35692448256,186194.5871055451,-103737.35692448252,-97194.58710554506
639999.9999999998,742093.3054803074,779583.7073123256,-102093.30548030767,-139583.70731232583
177999.99999999994,206587.51696039666,205526.51228032866,-28587.516960396722,-27526.512280328723
549999.9999999998,410796.35174674424,448971.77679466683,139203.64825325552,101028.22320533294
297999.9999999998,296222.290196444,308013.64550864877,1777.709803555801,-10013.645508648944
138000.00000000006,130767.93136376193,123874.20805303051,7232.068636238124,14125.791946969548
244999.99999999997,463878.61590869236,461551.00621514925,-218878.6159086924,-216551.00621514927
320000.00000000006,364724.393707971,380317.1728720787,-44724.393707970914,-60317.17287207866
225750.00000000003,211269.31369936728,212061.36674099142,14480.686300632748,13688.63325900861
850000.0000000005,787686.2237497343,810479.3883421798,62313.77625026612,39520.61165782064
1175000.0,1599959.9700007231,1690000.0,-424959.97000072314,-515000.0
146200.00000000006,173829.16090374987,165103.07254560807,-27629.160903749813,-18903.07254560801
249000.00000000006,184441.869418572,184504.9909102303,64558.130581428064,64495.00908976977
294999.9999999998,211088.0001874179,206465.57679844752,83911.99981258193,88534.4232015523
139499.9999999999,199872.2977036521,199564.87325911125,-60372.29770365218,-60064.87325911134
127999.99999999997,129630.79808070156,128284.65596258956,-1630.7980807015847,-284.65596258958976
158999.99999999997,143465.21739881515,150691.56703602197,15534.782601184823,8308.432963978004
72150.00000000003,242645.1397035012,260545.81183226182,-170495.13970350116,-188395.8118322618
255000.0000000001,310095.4631759318,315808.80231732357,-55095.46317593174,-60808.80231732348
299000.00000000006,465989.0581480918,461662.37072246714,-166989.05814809172,-162662.37072246708
229000.00000000006,201578.92440750057,206871.54894632174,27421.07559249949,22128.45105367832
221000.00000000006,196717.50436513292,211410.46390754223,24282.49563486714,9589.536092457827
585000.0000000003,614397.0632208323,609594.2051513644,-29397.063220831915,-24594.20515136409
188999.99999999988,238791.37057371717,237109.87460357265,-49791.370573717286,-48109.87460357277
104860.0,100692.99307719353,97794.04467676685,4167.006922806468,7065.955323233153
998999.9999999995,755471.5676817647,786357.077373765,243528.43231823482,212642.9226262346
172499.99999999985,228192.692366982,227620.38521823767,-55692.69236698214,-55120.38521823782
95999.99999999996,120340.72927076828,119390.40619327575,-24340.729270768323,-23390.40619327579
1069999.9999999998,775078.2134786592,784310.3750951677,294921.7865213406,285689.6249048321
334999.9999999998,297695.8744176963,275292.7842874895,37304.1255823035,59707.21571251034
71999.99999999996,138355.59997242654,142325.19962374103,-66355.59997242659,-70325.19962374108
185000.00000000006,312570.35581077146,322915.5269908604,-127570.3558107714,-137915.52699086035
150000.00000000006,157857.69500908256,153721.28226868206,-7857.695009082498,-3721.282268682
364999.99999999977,361574.62041502184,360380.48790706677,3425.379584977927,4619.5120929330005
149000.0,333182.0285499778,332131.920178856,-184182.0285499778,-183131.920178856
146999.99999999988,144113.60563856995,145610.0288676473,2886.394361429935,1389.9711323525698
633000.0000000003,559821.0001991729,565685.4450919318,73178.99980082747,67314.5549080685
379999.9999999999,481314.11709214124,494141.97395059076,-101314.11709214136,-114141.97395059088
263000.0000000002,131909.59168970224,127036.34656678651,131090.40831029793,135963.65343321365
349999.9999999997,293662.7789519983,301400.0990461629,56337.22104800143,48599.9009538368
199000.0000000001,201913.41651328548,205112.25441772,-2913.416513285396,-6112.2544177199015
702000.0000000003,368380.023544227,394169.1535056482,333619.97645577334,307830.84649435215
463999.9999999998,359356.5812108796,380520.2668063768,104643.41878912022,83479.73319362302
304999.99999999977,331796.3578767909,332116.6633449731,-26796.357876791153,-27116.66334497335
149800.00000000003,111231.89218970257,108338.73103752983,38568.10781029746,41461.2689624702
304999.99999999977,260217.64226054327,266454.74294040387,44782.35773945649,38545.2570595959
86000.00000000001,205918.0293584754,207060.56982532464,-119918.0293584754,-121060.56982532462
1048000.0,913904.1184938338,964273.2409052639,134095.8815061662,83726.75909473607
212000.00000000017,396620.57915883156,379186.74331159267,-184620.5791588314,-167186.7433115925
343999.99999999977,249401.43384918428,246873.14179861988,94598.56615081549,97126.85820137989
339830.0000000003,195098.65419580566,201015.43435898426,144731.34580419463,138814.56564101603
49500.0,92901.69926473887,91020.68637991439,-43401.69926473887,-41520.68637991439
698999.9999999995,650072.6059109324,646882.5229858427,48927.39408906712,52117.47701415687
49500.0,143690.23498682922,133814.71440734906,-94190.23498682922,-84314.71440734906
355999.99999999994,336378.83680421335,356558.565386262,19621.16319578659,-558.565386262082
203999.99999999985,201577.0550332409,201454.9381161025,2422.9449667589506,2545.061883897346
304000.00000000023,193958.0091418674,186059.28771971352,110041.99085813283,117940.71228028671
240000.00000000003,264623.1280310481,268956.7567191834,-24623.12803104808,-28956.75671918338
682000.0000000003,549136.7368020822,594028.3014994271,132863.2631979182,87971.69850057329
491999.99999999965,334074.8693025675,348919.40412871423,157925.13069743215,143080.59587128542
56000.000000000044,80726.42500581972,77284.21941727067,-24726.425005819678,-21284.219417270622
741000.0000000006,514260.5781269237,541649.7050994608,226739.42187307688,199350.2949005398
613999.9999999997,582212.8458199501,624141.5228475644,31787.154180049547,-10141.522847564775
928999.9999999995,267273.5482521718,264890.4259661891,661726.4517478277,664109.5740338104
409999.9999999997,184936.63385380467,188643.1548024361,225063.36614619504,221356.8451975636
215000.0,206040.88153111108,195163.14512991605,8959.118468888919,19836.854870083946
549999.9999999998,406119.5360075433,424449.9429930507,143880.46399245644,125550.0570069491
420000.0,337621.50225320074,326836.8779319565,82378.49774679926,93163.1220680435
243000.00000000003,363611.68764335004,338943.3674122824,-120611.68764335001,-95943.36741228236
199499.99999999994,106315.03232621127,101720.92152775743,93184.96767378868,97779.07847224252
157999.99999999997,172184.47145688246,176983.80389948635,-14184.471456882486,-18983.803899486375
279000.0000000001,237473.3300431057,251448.87172600423,41526.66995689442,27551.128273995884
235000.0,211299.99758870964,212261.61943787616,23700.002411290363,22738.380562123843
366999.9999999997,324181.6787053826,340522.38010680315,42818.32129461708,26477.619893196563
261000.00000000012,191019.6271050316,187106.46747253227,69980.37289496852,73893.53252746785
199000.0000000001,222586.29174118684,216293.77854172533,-23586.291741186753,-17293.778541725245
409999.9999999997,414743.59404588526,393546.2707718735,-4743.5940458855475,16453.729228126234
267999.99999999977,230311.79484691657,225992.76169179656,37688.205153083196,42007.2383082032
379999.9999999999,254079.1336282953,244180.46236839634,125920.86637170459,135819.53763160354
348149.99999999994,224394.9028189776,233935.03958434786,123755.09718102234,114214.96041565208
108000.00000000001,196548.5741847018,195920.91237885933,-88548.57418470179,-87920.91237885931
134999.99999999997,170791.0890012913,165675.38122655073,-35791.089001291315,-30675.38122655076
555000.0000000002,426927.40804886766,424938.69676809525,128072.59195113258,130061.30323190498
58999.99999999997,590888.2081604358,603053.2764536894,-531888.2081604358,-544053.2764536894
128399.9999999999,186209.68920953516,193574.68684028625,-57809.68920953527,-65174.68684028635
484999.99999999965,216501.22331238305,229559.94845099395,268498.7766876166,255440.0515490057
553849.9999999998,506909.8899434248,524252.763979771,46940.11005657498,29597.236020228767
167999.9999999999,212616.02498064717,209788.66844142822,-44616.02498064726,-41788.66844142831
208999.99999999988,352143.0865197184,347672.2566623532,-143143.08651971852,-138672.2566623533
217000.00000000012,152107.5527913816,151960.3586601496,64892.44720861851,65039.641339850525
92000.00000000007,151850.48798539102,161333.4206774541,-59850.48798539095,-69333.42067745402
435000.0,345712.9234146477,370123.2978598058,89287.0765853523,64876.70214019419
279000.0000000001,246394.46517513774,247779.4739121247,32605.534824862378,31220.52608787542
389000.00000000035,289630.4067881639,293497.1664329508,99369.59321183647,95502.83356704953
109999.99999999991,201432.57704898439,192002.58536677112,-91432.57704898447,-82002.5853667712
230370.00000000003,294514.86511837295,313191.31743859313,-64144.86511837292,-82821.3174385931
219999.99999999983,227615.15891016068,222350.8009035375,-7615.158910160855,-2350.800903537689
99509.99999999991,98780.54031510846,98668.29106138833,729.4596848914516,841.708938611584
377999.99999999994,1280670.006860024,1250748.3565248277,-902670.0068600241,-872748.3565248277
707199.9999999997,706608.2917774698,730497.7235460826,591.7082225298509,-23297.72354608297
382999.9999999997,324465.12057747465,336279.6425362913,58534.87942252506,46720.35746370838
314000.0,221000.41808488415,215631.06514380215,92999.58191511585,98368.93485619785
267000.0,205008.41683601533,208821.0983949405,61991.58316398467,58178.90160505951
168399.99999999988,276447.59176328086,279825.6436848349,-108047.59176328097,-111425.643684835
585000.0000000003,238831.00634393044,242062.43374646665,346168.9936560699,342937.5662535337
218999.99999999988,243134.2004908021,232980.77193226342,-24134.200490802206,-13980.771932263538
387999.9999999999,298989.3367861304,320079.2654895763,89010.6632138695,67920.73451042356
1400000.0000000007,1045473.2838962377,1095703.5771676314,354526.71610376297,304296.42283236934
64999.999999999956,105187.71083138188,101373.27833163069,-40187.71083138192,-36373.27833163073
187000.00000000012,279872.57424996136,269159.74760065734,-92872.57424996124,-82159.74760065723
207500.0000000001,181125.13006627097,190933.33127454921,26374.86993372912,16566.668725450872
73999.99999999997,262052.6918249271,260761.6681201911,-188052.69182492714,-186761.66812019114
199000.0000000001,242627.22658073707,256570.10985571647,-43627.226580736984,-57570.10985571638
395000.00000000035,258302.72893340388,263491.52935904,136697.27106659647,131508.47064096032
147900.0,136001.63676506764,133292.2754094843,11898.36323493236,14607.724590515689
294000.0000000001,275748.693954983,268290.9403610343,18251.30604501709,25709.059638965817
187249.99999999997,353457.60038720776,391439.3547789515,-166207.60038720779,-204189.35477895153
118999.99999999993,201034.58829090826,194080.041783996,-82034.58829090833,-75080.04178399609
575000.0000000001,520828.92651832564,552693.9689494461,54171.07348167448,22306.03105055401
158999.99999999997,184224.8887561322,188068.40917691865,-25224.88875613222,-29068.409176918678
406174.9999999998,314097.3878580389,323383.5997580982,92077.61214196094,82791.40024190163
105839.99999999997,244750.36213810768,249268.8013220498,-138910.3621381077,-143428.80132204984
139000.00000000003,173461.58405547254,166297.68123649157,-34461.584055472515,-27297.68123649154
235000.0,376204.2119788449,383144.6609504521,-141204.2119788449,-148144.6609504521
239000.00000000003,194811.77008657006,195335.3208472159,44188.22991342997,43664.67915278414
217999.99999999988,217866.2054415576,214936.38628078747,133.79455844228505,3063.613719212415
235000.0,145570.16180451147,147130.05325438437,89429.83819548853,87869.94674561563
509999.9999999998,296590.30086355365,312386.83778386994,213409.69913644617,197613.1622161299
84000.00000000003,144368.94131514072,138589.65423189302,-60368.94131514069,-54589.654231892986
185000.00000000006,240326.07907700693,249362.24872602886,-55326.07907700687,-64362.2487260288
387999.9999999999,313976.65933464805,299453.01110194076,74023.34066535183,88546.98889805912
368000.00000000023,431019.8509491925,434865.4759789215,-63019.850949192245,-66865.47597892128
143989.9999999999,243354.92741014576,241876.493666153,-99364.92741014584,-97886.49366615308
798999.9999999997,410240.5080730838,419483.641369338,388759.4919269158,379516.3586306617
472500.00000000035,336733.7812021222,360693.0262882507,135766.21879787813,111806.97371174966
687000.0,646091.3455405664,714806.0669436617,40908.65445943363,-27806.06694366166
218999.99999999988,353154.7076507121,371344.8541762596,-134154.70765071223,-152344.85417625972
272500.00000000006,180106.90404888164,180518.5520261624,92393.09595111842,91981.44797383767
334000.0000000002,373228.1091973821,370912.44471668114,-39228.10919738194,-36912.44471668097
509999.9999999998,361775.17362450383,369476.9665922554,148224.826375496,140523.03340774443
230000.0000000001,227043.5420980554,223426.11187080183,2956.4579019446974,6573.888129198254
210000.0,224690.69100339315,222855.28300710174,-14690.691003393149,-12855.283007101738
1169999.9999999998,355568.5267006328,365832.20808554476,814431.4732993669,804167.791914455
215000.0,150466.6139665625,156052.95995996715,64533.386033437506,58947.04004003285
560000.0000000003,340151.7348605179,337052.68116036966,219848.26513948245,222947.3188396307
319000.0,300048.17340968526,310487.7224214553,18951.82659031474,8512.277578544687
249999.9999999998,250808.34691855474,238401.06499317824,-808.3469185549475,11598.935006821557
284999.99999999994,216818.51782139324,205975.6471949392,68181.4821786067,79024.35280506074
409999.9999999997,370453.6822919755,385702.54074819846,39546.31770802423,24297.45925180125
175000.00000000012,167842.01306925854,167017.30675122008,7157.986930741579,7982.693248780037
394900.0000000002,654495.6205808163,671950.6901721776,-259595.62058081612,-277050.69017217745
299999.99999999977,361264.8897923207,361193.9975661221,-61264.88979232096,-61193.99756612233
127799.99999999994,129014.3846195426,132023.22706291857,-1214.3846195426595,-4223.227062918624
219999.99999999983,210381.03693237653,217740.25128748897,9618.963067623292,2259.74871251086
449999.99999999994,415273.83851098025,436148.54043964506,34726.161489019694,13851.45956035488
178999.99999999994,173009.40845707798,168677.05266869228,5990.59154292196,10322.94733130766
834000.0,1620117.7594298248,1586557.214972738,-786117.7594298248,-752557.214972738
1134000.0000000005,307078.191042478,306088.7955255001,826921.8089575225,827911.2044745004
254400.00000000006,284920.80613707384,299425.6143692186,-30520.806137073785,-45025.61436921853
52000.000000000044,120524.83036516789,122583.98339749785,-68524.83036516784,-70583.98339749781
606999.9999999995,670694.9282790292,704023.3834541449,-63694.92827902967,-97023.3834541454
66000.0,149379.8230205657,149543.9460934283,-83379.8230205657,-83543.9460934283
144000.0,163949.1219854946,154679.97204839526,-19949.121985494596,-10679.972048395255
82500.00000000001,438351.3516975678,446102.40851069463,-355851.3516975678,-363602.40851069463
367500.0000000003,276473.2460294322,273099.8730848571,91026.75397056807,94400.12691514316
166719.99999999985,142298.91901696112,141975.31063831426,24421.08098303873,24744.689361685596
113999.99999999996,139480.9206940114,142890.8809111728,-25480.920694011453,-28890.880911172848
359000.00000000023,374198.45658141974,378168.2591113622,-15198.456581419508,-19168.259111361986
1128999.9999999993,731106.8399686596,777145.7479928028,397893.16003133974,351854.25200719654
148600.00000000012,154076.19361492712,147500.59365735046,-5476.193614927004,1099.4063426496577
130000.00000000009,171734.58945046412,173443.6143319167,-41734.58945046403,-43443.614331916615
44999.999999999985,221251.60594076713,227621.9769067676,-176251.60594076716,-182621.97690676764
469999.9999999998,480389.98272718914,496508.79334619245,-10389.982727189315,-26508.79334619263
234800.00000000017,160575.72353537043,166141.36691984412,74224.27646462974,68658.63308015605
265000.00000000006,240396.40129357367,239248.37076452727,24603.59870642639,25751.629235472792
1626999.9999999995,997614.998081843,1012997.4742942745,629385.0019181565,614002.5257057251
123500.0,116170.0998961026,111712.58621503158,7329.900103897395,11787.41378496842
173999.99999999997,110136.57527198948,105284.98640888305,63863.42472801049,68715.01359111692
669999.9999999998,421938.25372636935,428444.1809052452,248061.74627363042,241555.81909475458
354999.9999999998,272913.2131329685,279044.67394661036,82086.7868670313,75955.32605338946
136500.00000000006,145362.4091158267,147720.90896142146,-8862.409115826653,-11220.908961421403
230000.0000000001,286794.3120462507,288757.4045165848,-56794.31204625059,-58757.404516584735
950000.0000000008,785393.7609880603,809640.7309422059,164606.23901194055,140359.26905779494
235000.0,124418.53134476933,120374.12632046145,110581.46865523067,114625.87367953855
735000.0000000005,260843.5701454964,259483.33965922272,474156.42985450407,475516.6603407777
398999.99999999977,346043.7804868779,339779.81756464456,52956.219513121876,59220.18243535521
294999.9999999998,396250.70234344807,414723.5114807846,-101250.70234344824,-119723.5114807848
324999.9999999999,338024.733103439,360388.5167812286,-13024.733103439095,-35388.51678122871
255000.0000000001,235957.99058443864,229125.31891560645,19042.00941556145,25874.68108439364
224000.0,317522.00819095795,326067.2565215081,-93522.00819095795,-102067.2565215081
183749.99999999994,261304.3297954748,254342.4952196735,-77554.32979547486,-70592.49521967355
284999.99999999994,304381.00708629243,307897.8186934118,-19381.00708629249,-22897.818693411886
400999.99999999994,324371.7461034402,328724.35369188484,76628.25389655976,72275.6463081151
267266.9999999998,193037.81166763353,192884.4356935532,74229.18833236629,74382.56430644661
330000.0000000001,282916.30733650184,274249.5344377901,47083.69266349828,55750.46556221001
195899.99999999983,203362.13545371636,203654.93432820463,-7462.135453716532,-7754.934328204807
44499.99999999997,113317.70653338703,108495.36492136659,-68817.70653338706,-63995.36492136662
159999.99999999997,248237.6695508445,232914.63074818513,-88237.66955084453,-72914.63074818515
189999.9999999999,219505.85084629047,221920.17791708504,-29505.85084629056,-31920.177917085122
71999.99999999996,111520.47802454264,110098.24074606976,-39520.47802454268,-38098.2407460698
515000.00000000006,355858.8678766868,377067.52013646107,159141.13212331326,137932.479863539
226800.00000000017,243961.8198450436,240275.83576580414,-17161.819845043414,-13475.83576580396
218999.99999999988,475031.25537282176,450396.93482950004,-256031.25537282188,-231396.93482950015
259999.9999999998,119897.36547837502,117421.84177388244,140102.63452162477,142578.15822611738
697999.9999999995,338819.73247208336,358760.84019636933,359180.2675279162,339239.1598036302
299000.00000000006,340169.98468648765,350960.76855334087,-41169.98468648759,-51960.76855334081
375000.00000000006,238061.07544616167,238077.62729634412,136938.92455383838,136922.37270365594
70999.99999999994,132757.04684711815,133010.05472073314,-61757.04684711821,-62010.0547207332
330000.0000000001,387414.99473016494,378011.73308969045,-57414.99473016482,-48011.73308969033
250999.99999999988,413895.5443246607,425934.42057235877,-162895.5443246608,-174934.42057235888
639599.9999999995,676179.7276423192,699961.9211627815,-36579.72764231963,-60361.921162782004
229000.00000000006,179825.30133577174,183608.93542852718,49174.698664228315,45391.064571472874
995000.0,587416.001256315,592811.9381493727,407583.99874368496,402188.0618506273
727999.9999999999,548559.5469601224,600831.3710279086,179440.45303987747,127168.62897209125
198955.0,290986.7336290136,301897.88724073156,-92031.73362901359,-102942.88724073156
792000.0000000006,688111.8662655745,764383.8134082292,103888.13373442611,27616.18659177143
375000.00000000006,271201.29728641716,267802.1858681575,103798.7027135829,107197.81413184258
219999.99999999983,631511.8417669971,632946.0904254281,-411511.8417669973,-412946.0904254283
64999.999999999956,108751.50311242092,103171.99912427191,-43751.50311242096,-38171.999124271955
197500.0,189997.7184204254,187908.59921724262,7502.281579574599,9591.40078275738
1314999.9999999998,531664.4095494859,526920.1266252135,783335.5904505139,788079.8733747862
240000.00000000003,194524.8131484193,192796.4294176223,45475.186851580715,47203.570582377724
549000.0000000005,252627.3196561651,242364.5323176978,296372.6803438354,306635.4676823027
108499.99999999999,161711.41492989287,162236.56636321227,-53211.41492989288,-53736.56636321229
95000.00000000001,218312.48112122086,208131.1845779376,-123312.48112122084,-113131.18457793757
223000.00000000003,235163.4662965432,223915.83829309832,-12163.466296543163,-915.8382930982916
498882.9999999997,701568.658550516,736251.8872017906,-202685.6585505163,-237368.88720179087
442000.00000000035,214511.2558573768,215973.20839301334,227488.74414262356,226026.791606987
1095000.0000000005,855650.2228031837,903165.2047613118,239349.77719681675,191834.7952386887
194000.00000000006,216046.60130135895,207541.38213556894,-22046.601301358896,-13541.382135568885
170500.00000000012,260076.62462066673,272630.8185436764,-89576.62462066661,-102130.81854367629
399999.9999999999,213814.8418201217,224969.51596359603,186185.15817987817,175030.48403640385
66000.0,105212.92271278595,102815.46384113266,-39212.92271278595,-36815.46384113266
197000.00000000015,238304.38599097563,231648.0183462475,-41304.38599097548,-34648.01834624735
348499.9999999998,282660.8836754212,285488.5461642731,65839.11632457864,63011.453835726716
186000.00000000012,199586.79454716283,200557.84937761907,-13586.794547162717,-14557.849377618957
138000.00000000006,150367.96662031705,143128.38339092155,-12367.96662031699,-5128.383390921488
143500.0000000001,172864.32733516645,174073.7369166559,-29364.327335166367,-30573.73691665582
235000.0,345078.78088276717,359404.22169584053,-110078.78088276717,-124404.22169584053
156499.99999999985,194841.88876395248,192765.34011651858,-38341.88876395262,-36265.340116518724
199000.0000000001,226229.99846288376,237823.94238319754,-27229.99846288367,-38823.94238319746
458999.99999999977,512727.57238314865,528548.9055570635,-53727.57238314889,-69548.90555706376
537999.9999999998,501345.5688082612,519864.59460556466,36654.43119173858,18135.405394435104
136500.00000000006,168859.96703811525,166037.02327753094,-32359.967038115195,-29537.023277530883
129989.9999999999,143810.11707667314,136291.79919285153,-13820.11707667324,-6301.799192851628
400999.99999999994,308196.9812227546,319026.6125281968,92803.01877724536,81973.38747180311
337999.99999999977,246718.39088193426,236802.91804532037,91281.6091180655,101197.0819546794
676176.0000000005,211531.84644290418,222113.8629398813,464644.15355709626,454062.1370601192
1198000.0000000002,825884.1349876423,832963.7800112899,372115.86501235794,365036.21998871036
57000.000000000044,88717.75793083946,87270.63511798298,-31717.75793083942,-30270.635117982936
104999.99999999997,178257.15295548164,180846.1547179121,-73257.15295548167,-75846.15471791214
494000.0000000004,472433.30916475557,471790.26377873216,21566.690835244837,22209.73622126825
710000.0,350751.7791826363,354033.274900013,359248.2208173637,355966.725099987
265000.00000000006,271398.1028428114,289121.0121304955,-6398.10284281132,-24121.012130495452
347052.0000000002,408745.7276960621,417181.77970679535,-61693.72769606195,-70129.77970679518
320999.9999999999,377604.71089209645,382532.7718869656,-56604.71089209657,-61532.771886965726
433000.0000000001,221603.22878938378,210202.50507041757,211396.77121061634,222797.49492958255
96359.99999999997,148997.6292084373,141002.9505578375,-52637.62920843734,-44642.950557837525
242000.00000000017,217936.25568019104,218818.63629074759,24063.744319809135,23181.36370925259
548500.0000000001,423744.4364939453,421018.56569477095,124755.56350605481,127481.43430522917
509999.9999999998,499263.3054506002,487619.05028044665,10736.694549399603,22380.949719553173
1150000.0000000005,811546.0404936392,807754.0711018528,338453.9595063613,342245.92889814766
160500.00000000003,333534.33545210597,341979.552211044,-173034.33545210594,-181479.55221104398
513999.9999999996,444773.4021892252,482640.15116264793,69226.5978107744,31359.84883735166
259000.0,454093.4975863116,442747.00895633985,-195093.4975863116,-183747.00895633985
255000.0000000001,242286.14834933396,236225.8257849154,12713.851650666125,18774.1742150847
297999.9999999998,303016.5781800679,298869.4723392675,-5016.578180068056,-869.4723392676678
348999.99999999994,406653.327734852,424385.80183559615,-57653.327734852035,-75385.80183559621
339999.99999999994,449917.53174612136,437833.3458789795,-109917.53174612141,-97833.34587897954
348999.99999999994,436599.3939105842,436671.33014073764,-87599.39391058427,-87671.3301407377
79000.00000000006,98118.5181710955,96532.47422138872,-19118.518171095435,-17532.474221388664
662000.0,712159.4378231475,737911.649563406,-50159.43782314751,-75911.64956340601
458999.99999999977,501341.2716760196,508597.20794809423,-42341.271676019824,-49597.20794809447
349999.9999999997,733438.5128856552,883587.8774033041,-383438.51288565545,-533587.8774033044
830000.0000000005,516355.7192577538,540547.4456580665,313644.28074224666,289452.5543419339
289999.9999999999,354191.37114042725,358413.5337124527,-64191.37114042736,-68413.5337124528
145999.99999999997,126504.99221076866,129294.96714445566,19495.007789231313,16705.032855544312
75989.99999999997,164832.1402287405,171935.46839192972,-88842.14022874052,-95945.46839192975
96500.00000000003,160048.89132854424,152444.80280431922,-63548.89132854421,-55944.80280431919
135999.99999999997,122889.59291354881,122528.35678618822,13110.40708645116,13471.643213811753
167999.9999999999,205770.69246079438,211447.10201663754,-37770.69246079447,-43447.102016637626
278000.0000000002,259178.30011441422,276985.6074253044,18821.699885585957,1014.3925746957539
169000.00000000012,274157.0090226482,264857.7566264235,-105157.0090226481,-95857.75662642339
67999.99999999999,183035.99988250577,178226.6365371766,-115035.99988250578,-110226.6365371766
349999.9999999997,356300.2681468953,349356.55580130726,-6300.268146895571,643.4441986924503
337999.99999999977,221045.0584618374,223911.3074880513,116954.94153816235,114088.69251194847
156999.99999999994,138530.77029515157,144588.56677036747,18469.229704848374,12411.433229632472
217999.99999999988,275040.28507804923,273408.241608077,-57040.285078049346,-55408.241608077136
912999.9999999992,783021.8432418443,840198.7077905899,129978.15675815486,72801.2922094093
386250.0000000001,469237.59294413636,518215.11370161496,-82987.59294413624,-131965.11370161484
78500.00000000004,159487.9328219756,150772.37642808046,-80987.93282197557,-72272.37642808042
175000.00000000012,256860.73839575547,242749.71856912016,-81860.73839575535,-67749.71856912004
95999.99999999996,155043.25629537404,150020.58068085037,-59043.256295374085,-54020.58068085041
50000.000000000015,162170.4696790452,162327.57885773768,-112170.46967904519,-112327.57885773767
997500.0000000007,735627.6503659621,770887.5294057677,261872.34963403863,226612.47059423302
95000.00000000001,287677.3504466376,324748.01961063576,-192677.3504466376,-229748.01961063576
458999.99999999977,537672.8542569474,557048.906279994,-78672.85425694764,-98048.90627999417
146999.99999999988,188516.7517212105,183989.1411830574,-41516.7517212106,-36989.14118305751
430000.00000000023,351655.56416599586,365157.2469099294,78344.43583400437,64842.75309007085
208000.00000000003,354875.89749941445,355397.1319691629,-146875.89749941442,-147397.13196916287
215000.0,137900.19666535006,136336.1949449719,77099.80333464994,78663.80505502809
159999.99999999997,228723.9437221659,225842.66910835973,-68723.94372216592,-65842.66910835975
173999.99999999997,241137.99474039572,241820.00568871977,-67137.99474039575,-67820.0056887198
309000.00000000006,292675.6339588876,297972.893700066,16324.366041112458,11027.106299934036
270000.00000000006,286395.08421073476,289984.4318441222,-16395.084210734698,-19984.431844122126
336000.00000000006,208260.8621540328,208497.80429708568,127739.13784596726,127502.19570291438
461999.9999999998,370107.2784269967,365114.33703656925,91892.7215730031,96885.66296343057
199899.99999999997,319953.7935743483,323621.4040598306,-120053.79357434835,-123721.40405983062
938000.0000000002,253532.92835404546,251144.66893158737,684467.0716459547,686855.3310684129
682499.9999999995,369208.661411188,388921.0329609271,313291.3385888115,293578.9670390724
649000.0000000006,251841.4430880967,258316.86011509187,397158.5569119039,390683.1398849087
649999.9999999995,740350.7155546754,755965.7796839838,-90350.7155546759,-105965.77968398423
289999.9999999999,370978.698523566,359294.51319986745,-80978.69852356613,-69294.51319986756
152000.00000000006,98186.85950794675,94716.95169594692,53813.14049205331,57283.04830405314
80000.0,127529.1602408484,120601.07903592565,-47529.1602408484,-40601.07903592565
337999.99999999977,264209.99976788444,276982.49973135587,73790.00023211533,61017.5002686439
146999.99999999988,242381.97199601165,243933.66443257438,-95381.97199601177,-96933.6644325745
376000.0000000003,207199.2729691005,208709.85484097537,168800.72703089978,167290.14515902492
369000.0000000001,217448.5906124502,212743.77569206821,151551.4093875499,156256.2243079319
594999.9999999997,372928.2756585196,407682.55824975634,222071.72434148006,187317.4417502433
199899.99999999997,146356.52314664098,149932.53333341342,53543.476853358996,49967.46666658655
431500.0000000001,351892.01620151626,386130.4610931047,79607.98379848385,45369.53890689544
599000.0,336227.8114400859,351577.15879876056,262772.1885599141,247422.84120123944
1140000.0000000002,409788.537369484,447068.2139692787,730211.4626305162,692931.7860307216
442999.99999999994,494322.0601446069,528726.0875954502,-51322.06014460698,-85726.08759545028
279000.0000000001,323920.2184475023,325862.2633672948,-44920.21844750218,-46862.26336729468
265000.00000000006,253722.72116016454,254448.54896965323,11277.278839835519,10551.451030346827
245499.99999999988,375838.40635634674,372161.3510630644,-130338.40635634685,-126661.35106306453
349899.99999999994,244981.4728189759,242909.66661090453,104918.52718102405,106990.33338909541
449500.0000000002,435611.3296906074,434973.9665744671,13888.670309392794,14526.033425533096
360000.0000000001,265604.3491624968,267068.239507894,94395.65083750332,92931.76049210614
430000.00000000023,336270.6244064607,346765.4830952526,93729.37559353956,83234.51690474764
177999.99999999994,243756.69697906668,250217.0340338232,-65756.69697906674,-72217.03403382326
228000.00000000003,499624.24781013385,476052.7788000561,-271624.24781013385,-248052.77880005605
55000.00000000004,166579.92258105363,161705.70923907883,-111579.9225810536,-106705.7092390788
208000.00000000003,221941.18030817047,213721.02116912627,-13941.180308170442,-5721.0211691262375
275000.0000000002,225834.02473220017,222835.9585348287,49165.97526780001,52164.04146517147
757000.0000000006,403801.7102472527,420043.0012743189,353198.28975274786,336956.9987256817
634399.9999999999,457300.1775370263,433819.754805412,177099.8224629736,200580.24519458786
599000.0,317395.7049870196,328703.999918863,281604.2950129804,270296.000081137
137500.00000000012,229515.09575514586,234554.1884649251,-92015.09575514574,-97054.18846492498
440000.0000000002,501235.1060193541,474260.4831824873,-61235.1060193539,-34260.483182487136
625000.0000000002,545873.1044661957,555641.5168485153,79126.89553380455,69358.48315148498
210000.0,382182.0954840796,374638.21432395314,-172182.09548407962,-164638.21432395314
339000.00000000023,320080.6148244095,319455.25327593164,18919.385175590753,19544.746724068595
134999.99999999997,117637.67900568568,113441.69625325079,17362.320994314287,21558.30374674918
92000.00000000007,113534.69621035231,111857.10740036058,-21534.69621035224,-19857.107400360503
171999.99999999988,309196.3647301135,306141.4752685902,-137196.3647301136,-134141.47526859032
145999.99999999997,155597.2874600956,154975.01513587136,-9597.287460095627,-8975.015135871392
1229999.9999999995,1350144.953876385,1408763.8741719779,-120144.95387638547,-178763.87417197833
68999.99999999997,120246.5945549034,118964.31235523797,-51246.59455490342,-49964.312355238
1110000.0000000002,772700.9806982974,758518.7766412662,337299.01930170285,351481.22335873405
96399.99999999997,164221.88442748605,167531.2157754305,-67821.88442748607,-71131.21577543052
291999.9999999998,288927.27509964927,301396.7631700722,3072.7249003505567,-9396.763170072401
144000.0,213808.43681975346,216652.4853774105,-69808.43681975346,-72652.48537741051
407999.99999999965,253718.1984352221,258470.3258867277,154281.80156477756,149529.67411327196
989999.9999999992,822396.3951060268,821005.951558904,167603.6048939724,168994.04844109516
907999.9999999992,636630.0489561326,665945.0172969518,271369.9510438666,242054.98270304734
523999.9999999997,587303.2322296211,632161.4741817818,-63303.23222962144,-108161.47418178205
369999.99999999977,207332.1129329916,207557.9745725851,162667.88706700818,162442.02542741466
215000.0,156603.64482603275,161713.8415665796,58396.355173967255,53286.15843342041
398999.99999999977,301577.6196937325,302090.5597977407,97422.3803062673,96909.44020225905
349999.9999999997,487813.60244560934,548655.337089888,-137813.60244560963,-198655.33708988834
359000.00000000023,613959.5533900941,631210.2613292913,-254959.55339009385,-272210.26132929104
109000.0,209156.9845279719,212894.8495161825,-100156.98452797189,-103894.8495161825
228000.00000000003,182161.4424961958,181825.18480497363,45838.557503804215,46174.8151950264
472172.00000000035,222988.101867585,227490.42483199187,249183.89813241534,244681.57516800848
448999.99999999994,315525.8164885602,320827.75793473865,133474.18351143977,128172.2420652613
175000.00000000012,185682.40161414025,179229.5443268406,-10682.401614140137,-4229.544326840492
86000.00000000001,288248.9514878887,330765.94181950897,-202248.9514878887,-244765.94181950897
276000.0000000002,258845.05627137143,274392.4717882043,17154.943728628743,1607.5282117958996
244999.99999999997,286890.68390748644,275903.39712168585,-41890.68390748647,-30903.397121685877
199000.0000000001,196317.90985951095,204815.7782898574,2682.090140489134,-5815.7782898573205
70999.99999999994,118628.73794273863,114911.66962666225,-47628.73794273869,-43911.669626662304
469999.9999999998,286878.2297723549,305898.45891244145,183121.77022764494,164101.54108755838
379000.0000000002,443648.8206869523,462190.47322002024,-64648.82068695215,-83190.47322002007
159499.9999999999,188189.0669696521,178952.4100368159,-28689.066969652195,-19452.410036816
1082000.0000000005,867791.8591338537,924269.8590637676,214208.14086614677,157730.14093623287
157500.00000000006,259925.3921763615,275919.15645205,-102425.39217636143,-118419.15645204997
384000.00000000006,363823.6609768022,374475.3948283268,20176.339023197885,9524.605171673233
700000.0000000006,663608.2973377364,711653.735657978,36391.70266226423,-11653.735657977406
418999.9999999998,394249.9565725385,396495.96801395225,24750.04342746135,22504.031986047572
299000.00000000006,347670.33815858484,364341.3238751369,-48670.33815858478,-65341.32387513685
318000.0,541417.5920430397,520401.47403993143,-223417.59204303974,-202401.47403993143
165000.00000000015,163802.0254740958,166394.67830078027,1197.9745259043411,-1394.6783007801278
490000.0,356710.91072004125,347544.28629030916,133289.08927995875,142455.71370969084
287999.9999999999,299094.19521235855,301854.9260344154,-11094.195212358667,-13854.92603441549
169990.00000000006,189981.02040124687,191023.93553624526,-19991.020401246817,-21033.935536245204
299000.00000000006,468198.85661665566,487702.3349460591,-169198.8566166556,-188702.33494605904
600000.0000000003,307837.2285532489,334954.8160491062,292162.77144675143,265045.18395089416
270000.00000000006,253988.9107616987,256551.72544171652,16011.089238301356,13448.274558283534
207601.0,358873.0806043017,362527.3418173441,-151272.0806043017,-154926.34181734407
162000.00000000012,209952.46809646327,206960.82194827608,-47952.468096463155,-44960.82194827596
490000.0,508635.59330121527,518252.8704195527,-18635.593301215267,-28252.870419552724
230000.0000000001,281981.5686957877,276016.44258120196,-51981.5686957876,-46016.442581201874
379999.9999999999,283455.05239707814,279870.15001981094,96544.94760292175,100129.84998018894
1635000.0000000005,452923.4204653665,474576.88715057285,1182076.579534634,1160423.1128494276
199990.00000000003,149669.63937514703,145784.54295422588,50320.360624853,54205.45704577415
246800.00000000015,193767.6197188875,201871.76870113303,53032.38028111265,44928.23129886712
1080000.0000000002,509505.405693353,510643.6012029761,570494.5943066473,569356.3987970242
455000.0,324539.7149471195,336956.3735712513,130460.28505288053,118043.62642874871
327000.0000000001,208333.5955309865,210264.3305834968,118666.40446901362,116735.66941650331
231000.0000000001,224697.31727227563,233867.05001792227,6302.682727724459,-2867.0500179221854
121000.00000000003,173388.45449641353,165353.36650510586,-52388.4544964135,-44353.366505105834
184000.00000000015,275020.29775261367,284600.22389236605,-91020.29775261352,-100600.2238923659
56000.000000000044,132146.54032385428,131794.91548220202,-76146.54032385423,-75794.91548220198
1150000.0000000005,485567.9517421241,518010.0247537317,664432.0482578764,631989.9752462688
698999.9999999995,413375.97635330673,422053.92900632555,285624.0236466928,276946.070993674
304499.9999999998,295580.69892466767,302484.43227583845,8919.301075332158,2015.567724161374
339900.00000000006,286299.75317073514,292506.0007363827,53600.246829264914,47393.999263617385
242000.00000000017,297281.2881114742,307799.43689246604,-55281.288111474016,-65799.43689246586
409999.9999999997,288545.44752481824,293917.45436390606,121454.55247518147,116082.54563609365
565110.0,513000.26368052413,534874.8456677139,52109.736319475865,30235.154332286096
360000.0000000001,207242.4213398213,208119.79996919987,152757.5786601788,151880.20003080025
144000.0,217638.05929520138,204122.7740066328,-73638.05929520138,-60122.7740066328
139000.00000000003,195041.6563149451,191951.11481611637,-56041.65631494508,-52951.114816116344
183000.00000000012,177306.08289070256,181166.7000840972,5693.917109297559,1833.2999159029278
270000.00000000006,297631.3622410638,298086.04896931275,-27631.362241063733,-28086.048969312687
149000.0,174403.8642875264,166589.04627938083,-25403.864287526405,-17589.046279380826
262500.00000000023,230465.68039856968,233876.0399097494,32034.319601430558,28623.960090250825
181000.00000000006,241004.78126162937,255371.69112171183,-60004.78126162931,-74371.69112171177
454000.0000000002,253389.08866356462,258889.85793071598,200610.91133643556,195110.1420692842
291999.9999999998,347713.7814985498,360111.4501540479,-55713.78149854997,-68111.4501540481
435999.99999999965,413250.6800637563,396059.79490146076,22749.31993624335,39940.20509853889
152499.9999999999,202027.68694253374,195596.85925679601,-49527.68694253382,-43096.8592567961
177500.00000000015,177803.72844209225,173480.8766039957,-303.728442092106,4019.1233960044337
188000.00000000012,145413.90900128102,145081.0400799665,42586.0909987191,42918.95992003361
266499.99999999994,218399.45339956493,207580.8461329628,48100.54660043502,58919.15386703715
465000.00000000023,399879.9039969387,425875.6080153057,65120.09600306151,39124.39198469452
158999.99999999997,252365.57089057402,259031.19608100754,-93365.57089057405,-100031.19608100757
280900.0000000002,210826.11387900176,213601.26822038458,70073.88612099842,67298.7317796156
407000.0000000001,320490.3881150401,327852.2076736737,86509.61188496003,79147.79232632642
590000.0000000003,537539.2577169954,590541.0107264229,52460.74228300492,-541.0107264225371
267799.9999999999,249499.1840037321,260551.00393683137,18300.815996267775,7248.99606316851
261999.99999999994,166242.7567935996,166189.7259949476,95757.24320640034,95810.27400505234
348999.99999999994,543434.7708552947,537907.455011895,-194434.77085529472,-188907.4550118951
1529999.9999999988,417868.5105147172,441584.1934321506,1112131.4894852815,1088415.8065678482
448999.99999999994,584928.9450211792,633651.3470939185,-135928.9450211792,-184651.34709391854
735000.0000000005,725795.4911303492,735681.1743910619,9204.50886965124,-681.1743910614168
149500.00000000012,170775.10888480084,166606.08322795623,-21275.10888480072,-17106.083227956115
178999.99999999994,191159.6708410869,183798.8396372172,-12159.670841086947,-4798.839637217257
139750.0000000001,86877.06619400466,84563.20666521385,52872.93380599543,55186.79333478624
600000.0000000003,416651.4665148478,436823.8142245775,183348.53348515253,163176.18577542284
273999.99999999994,252253.38434873373,262372.7455143859,21746.615651266213,11627.254485614016
275599.9999999998,263609.4220425315,270367.83467651537,11990.57795746834,5232.165323484456
416000.0,287391.132725199,311753.0874910708,128608.86727480101,104246.9125089292
719999.9999999995,554807.6707686657,538534.9397375546,165192.3292313338,181465.0602624449
155000.00000000012,183929.69792480013,200673.03171913972,-28929.697924800013,-45673.0317191396
795500.0000000005,303043.9977170946,297993.0364099782,492456.00228290586,497506.9635900223
104999.99999999997,192150.44711185733,196265.75183747002,-87150.44711185736,-91265.75183747004
235000.0,131129.24348349607,131631.51824516983,103870.75651650393,103368.48175483017
149000.0,200013.2996707683,202286.41414359357,-51013.29967076829,-53286.414143593574
364999.99999999977,284275.28208296286,285810.9227678201,80724.7179170369,79189.07723217964
827999.9999999997,354975.6525844713,352294.67799965566,473024.3474155284,475705.322000344
297000.0000000002,204922.61808210064,196239.2034715337,92077.38191789953,100760.79652846648
44999.999999999985,136033.99386250283,143022.14133769966,-91033.99386250284,-98022.14133769968
989999.9999999992,593567.0299159113,598643.2061573311,396432.9700840879,391356.79384266806
717599.9999999997,515177.77255428623,571158.4364274727,202422.22744571342,146441.5635725269
220899.99999999994,284989.3043599215,287902.77611270273,-64089.304359921545,-67002.77611270279
140999.99999999994,252149.31787830402,258456.59377819457,-111149.31787830408,-117456.59377819463
93999.99999999997,134144.90529857486,144086.1570591689,-40144.905298574886,-50086.15705916894
749000.0,594601.2252985007,572407.5995722554,154398.77470149926,176592.4004277446
280000.0,270008.9695583006,274710.86966340855,9991.030441699375,5289.13033659145
196230.00000000006,297985.2945196029,324987.8342963416,-101755.29451960284,-128757.83429634152
645900.0000000003,510252.3653614894,496693.5681666331,135647.63463851094,149206.43183336727
320000.00000000006,278886.6081096729,293505.6626860553,41113.391890327155,26494.337313944765
138000.00000000006,300458.4433947551,302106.55939832894,-162458.443394755,-164106.55939832889
249999.9999999998,498287.59634161956,467448.8534971829,-248287.59634161976,-217448.8534971831
268499.9999999998,228533.00244583227,225829.29281768692,39966.99755416755,42670.70718231291
382000.0000000002,344178.8835995903,346059.7899780739,37821.1164004099,35940.210021926265
249899.9999999999,260547.16602740838,275874.7616745289,-10647.166027408472,-25974.76167452897
649000.0000000006,776636.0517126968,842492.6367557205,-127636.05171269621,-193492.6367557199
418000.00000000023,257893.1143030358,270153.1240423954,160106.88569696443,147846.87595760485
228000.00000000003,172538.36692253494,167991.05790613304,55461.633077465085,60008.942093866994
562999.9999999997,580286.7996463816,574845.0880315555,-17286.799646381987,-11845.088031555875
279899.99999999994,269594.2437837383,276711.82066874043,10305.756216261652,3188.179331259511
118799.9999999999,128931.29095629837,127723.16649672731,-10131.290956298471,-8923.166496727412
60000.000000000015,138709.1199860471,136639.91411078858,-78709.11998604708,-76639.91411078857
322400.0000000002,261833.92758535844,256228.51205544843,60566.072414641734,66171.48794455174
209200.00000000003,122713.98338860973,120958.25167727542,86486.0166113903,88241.74832272461
180000.00000000003,227942.2337700063,230462.75673260124,-47942.23377000628,-50462.75673260121
249000.00000000006,511487.3151110713,482980.37250031135,-262487.3151110712,-233980.3725003113
289500.0000000002,421525.4364600609,453678.4689248213,-132025.4364600607,-164178.46892482112
229000.00000000006,267218.95342327387,269031.90397494327,-38218.95342327381,-40031.90397494321
600780.0000000001,263305.30809919286,265220.80686462636,337474.69190080726,335559.19313537376
90000.00000000001,130641.78441789708,133075.59496276194,-40641.78441789707,-43075.59496276193
184000.00000000015,219770.07381415772,224320.1985665356,-35770.07381415757,-40320.19856653546
315000.0000000002,489650.98493505124,509333.0767008873,-174650.98493505106,-194333.07670088712
525000.0000000003,579163.1297187016,574630.7169608293,-54163.12971870124,-49630.716960828984
90000.00000000001,194011.7718593992,191538.4121503512,-104011.77185939917,-101538.4121503512
166000.00000000003,194070.4780549529,192896.419369697,-28070.478054952866,-26896.41936969696
706000.0000000001,312020.33998096036,322095.88666170026,393979.66001903976,383904.11333829985
109000.0,194770.70563204185,190504.4322566215,-85770.70563204185,-81504.43225662151
138000.00000000006,151985.5810774151,146314.35253173817,-13985.58107741503,-8314.352531738114
109900.00000000003,318081.11722439365,321290.10814953886,-208181.11722439362,-211390.10814953884
1145799.9999999995,1202270.4801963698,1690000.0,-56470.48019637028,-544200.0000000005
490000.0,544867.8455484876,563749.0631442828,-54867.84554848762,-73749.06314428279
244999.99999999997,229117.0145799074,231346.54336408392,15882.985420092562,13653.456635916053
218400.00000000006,346016.42793691606,354876.2801243269,-127616.427936916,-136476.28012432682
354999.9999999998,267545.0271454482,262612.3197731,87454.97285455163,92387.6802268998
549999.9999999998,481818.0026080382,510608.5965890283,68181.99739196157,39391.403410971456
213000.00000000015,233750.13433980287,232833.3266458105,-20750.134339802724,-19833.32664581036
348999.99999999994,314172.02885530214,316307.33737164503,34827.9711446978,32692.662628354912
276999.9999999998,483292.4276536917,497868.94556356466,-206292.42765369185,-220868.94556356483
359000.00000000023,209862.49404072104,216523.36660359977,149137.5059592792,142476.63339640046
385000.00000000023,925030.8003806013,1088426.386386971,-540030.8003806011,-703426.3863869708
600000.0000000003,528972.7845760338,564734.1969671288,71027.21542396653,35265.80303287157
242000.00000000017,661932.4401942116,622970.1713576043,-419932.4401942114,-380970.17135760415
278249.9999999999,173769.208039843,170276.10533824115,104480.79196015687,107973.89466175874
180500.0,132740.20892295026,128870.60084126946,47759.79107704974,51629.399158730535
790000.0000000003,522809.0621421745,526603.2510232853,267190.93785782583,263396.748976715
114999.99999999991,162309.01696126428,164537.94485141535,-47309.016961264366,-49537.944851415436
150000.00000000006,208572.46641496927,205432.05299923883,-58572.46641496921,-55432.052999238775
114499.99999999991,172801.37987080333,176081.8814977173,-58301.379870803416,-61581.881497717375
996999.9999999999,555981.223435934,577442.076372667,441018.77656406583,419557.9236273329
573000.0000000001,362904.1792900291,370967.7549754814,210095.820709971,202032.2450245187
309000.00000000006,313929.7461004795,309819.53943930013,-4929.746100479446,-819.5394393000752
280000.0,279657.00300585147,299434.97455498774,342.9969941485324,-19434.97455498774
1194999.999999999,415508.6799286737,403714.81491191365,779491.3200713254,791285.1850880855
348999.99999999994,342026.72612430004,354878.1394939939,6973.273875699902,-5878.139493993949
229000.00000000006,273435.47571145673,275323.09329739714,-44435.475711456675,-46323.09329739708
315000.0000000002,234643.35620817053,229491.86242400858,80356.64379182964,85508.1375759916
179500.00000000015,407197.6650692589,447239.511233614,-227697.66506925874,-267739.5112336138
279899.99999999994,220372.11010700263,218151.7363992834,59527.88989299731,61748.26360071654
192999.99999999985,228366.57377055546,226557.11321278854,-35366.57377055561,-33557.11321278868
254400.00000000006,288890.5579471199,287679.3066558272,-34490.557947119814,-33279.30665582715
138000.00000000006,204186.55168193445,221028.5956759528,-66186.55168193439,-83028.59567595273
320000.00000000006,280686.3737283953,279907.01163174375,39313.626271604735,40092.98836825631
211499.99999999983,219229.57876451194,209049.8640782609,-7729.578764512116,2450.1359217389254
129000.0000000001,282503.15927022183,269252.9507342442,-153503.15927022172,-140252.95073424408
349999.9999999997,159182.5803842517,159233.3770340774,190817.41961574802,190766.62296592232
875000.0,702070.8146277762,739410.3637564024,172929.18537222384,135589.6362435976
169000.00000000012,142716.62048731756,142235.90559407772,26283.379512682557,26764.0944059224
235000.0,131047.57926127187,131539.37531695297,103952.42073872813,103460.62468304703
294999.9999999998,304423.34568482195,307285.9232438839,-9423.345684822125,-12285.923243884055
225000.00000000015,207999.57938353575,211167.7827502839,17000.4206164644,13832.217249716254
80500.00000000001,191458.6779392141,188726.96501766483,-110958.67793921409,-108226.96501766481
133999.9999999999,183618.68717476245,179978.78375268818,-49618.68717476254,-45978.783752688265
429900.0000000001,222480.26523064633,230148.93091261853,207419.7347693538,199751.0690873816
244999.99999999997,306087.45637540764,308521.49633657973,-61087.456375407666,-63521.49633657976
110249.99999999994,148609.01306003373,146059.00770553303,-38359.01306003379,-35809.00770553309
315000.0000000002,394794.2248342629,406194.00876760815,-79794.22483426274,-91194.00876760797
392200.00000000006,192863.02118910183,200554.29894405356,199336.97881089823,191645.7010559465
360459.0000000003,385341.27636382147,408677.5435148881,-24882.276363821176,-48218.5435148878
158999.99999999997,208575.68593514783,203282.4015033927,-49575.68593514786,-44282.40150339273
620000.0000000005,461537.9631054219,519590.91268687433,158462.03689457854,100409.08731312613
90500.00000000001,155947.92695648575,152189.0323020014,-65447.92695648574,-61689.03230200139
565000.0000000003,557699.3137623894,549775.9022222406,7300.686237610993,15224.097777759773
1600000.0000000012,1132611.3634260346,1206902.8093308369,467388.6365739666,393097.1906691643
127199.99999999999,217111.7705675325,228283.21713774579,-89911.77056753253,-101083.2171377458
125999.99999999993,149157.08601633157,146501.16491823737,-23157.08601633164,-20501.16491823744
38600.0,105005.04257775255,102710.57428912453,-66405.04257775255,-64110.57428912453
54000.00000000001,226420.45125929505,237815.0272135164,-172420.45125929505,-183815.0272135164
440000.0000000002,411469.03645025525,434255.33553821,28530.96354974492,5744.664461790177
172999.9999999999,254085.20052493823,247394.87859884297,-81085.20052493832,-74394.87859884306
215999.99999999985,167186.50663710243,173270.17145071024,48813.493362897425,42729.82854928961
49000.00000000002,182650.16465935227,183698.2846769615,-133650.16465935225,-134698.28467696148
615000.0,269138.8831703778,264673.6664157285,345861.1168296222,350326.3335842715
145999.99999999997,228112.14370254142,227659.0501089413,-82112.14370254145,-81659.05010894133
309000.00000000006,243161.61945214396,250778.08269059105,65838.3805478561,58221.91730940901
291999.9999999998,186377.59654236466,177415.97555495115,105622.40345763517,114584.02444504868
420000.0,827759.5570506688,803438.6923767427,-407759.55705066875,-383438.6923767427
405120.00000000006,323097.08017770416,354557.69147006155,82022.9198222959,50562.30852993851
89799.99999999994,138865.10040214806,138145.69189419886,-49065.10040214812,-48345.69189419891
90000.00000000001,191697.44179666296,185364.9653799939,-101697.44179666294,-95364.96537999388
374899.9999999999,329655.7548568772,345989.57454560103,45244.24514312268,28910.42545439885
244999.99999999997,195431.53781375644,190015.9835773748,49568.46218624353,54984.016422625165
233500.00000000003,252724.05874574272,240988.44093679986,-19224.05874574269,-7488.4409367998305
570000.0000000001,284358.8012812457,285527.4158661845,285641.1987187544,284472.5841338156
297999.9999999998,262774.7703996482,251536.22642010104,35225.22960035165,46463.773579898785
268749.9999999998,555481.3454088543,630081.3423763389,-286731.3454088545,-361331.3423763391
139999.9999999999,341995.27208364336,342520.2796146596,-201995.27208364345,-202520.2796146597
739000.0000000005,791101.6300310432,834527.8266066548,-52101.63003104273,-95527.82660665433
775000.0000000007,591092.7250394587,642627.4624986164,183907.27496054198,132372.53750138427
191699.99999999994,220572.83618843264,222698.28946601183,-28872.836188432702,-30998.28946601189
169000.00000000012,218182.26360776805,211087.45268024487,-49182.263607767934,-42087.45268024475
387999.9999999999,425534.58131364075,423637.95661524916,-37534.58131364087,-35637.95661524928
309000.00000000006,225742.79197004164,223833.03764818652,83257.20802995842,85166.96235181353
127999.99999999997,196884.49557459034,193673.52672829363,-68884.49557459037,-65673.52672829365
170000.00000000012,239902.4988500133,226178.53482997348,-69902.49885001319,-56178.53482997336
239000.00000000003,265907.6262433425,265259.4311508217,-26907.6262433425,-26259.43115082165
155000.00000000012,168593.43404669376,166271.14971847835,-13593.434046693641,-11271.149718478235
385000.00000000023,397277.0660869835,396182.94343115675,-12277.06608698325,-11182.943431156513
324999.9999999999,274126.8073267798,283523.01848075684,50873.192673220066,41476.98151924304
330999.9999999998,520112.8164051472,577192.9437976719,-189112.81640514737,-246192.9437976721
67999.99999999999,88797.77349909024,89308.24434599622,-20797.773499090254,-21308.244345996238
64500.000000000015,116365.8730777544,112943.0506221891,-51865.87307775438,-48443.05062218908
525000.0000000003,274370.7737651727,274749.0593739835,250629.22623482766,250250.94062601688
649999.9999999995,295942.5906923219,307832.40979140426,354057.40930767765,342167.59020859527
444999.9999999997,426326.0044546029,448382.971372389,18673.995545396814,-3382.971372389293
491000.0000000004,322168.3838582542,313598.71875628445,168831.61614174623,177401.28124371596
173999.99999999997,177904.924053465,174056.9611204934,-3904.924053465016,-56.961120493419
651000.0000000001,522604.5691963949,563844.1994901649,128395.43080360524,87155.80050983524
339000.00000000023,212338.47039677514,210297.04838586418,126661.52960322509,128702.95161413605
75000.00000000004,115612.09358788563,109838.83957881748,-40612.09358788558,-34838.83957881744
540000.0000000001,230737.08782127447,231274.13725756833,309262.91217872564,308725.8627424318
166000.00000000003,277592.7256939525,269824.02435754833,-111592.7256939525,-103824.0243575483
392000.0,304943.71301797865,283245.4822162949,87056.28698202135,108754.51778370509
710000.0,418561.1826021198,414110.8529001219,291438.8173978802,295889.1470998781
171999.99999999988,178495.89853010466,178855.6042522728,-6495.89853010478,-6855.604252272926
238000.0,200008.72506148883,193968.71867837413,37991.27493851117,44031.281321625866
194000.00000000006,331290.975452553,328462.5992151793,-137290.97545255296,-134462.59921517922
430000.00000000023,423600.89968874224,480470.8060451697,6399.100311257993,-50470.80604516948
115989.99999999994,126586.09780139274,124514.05210745403,-10596.097801392796,-8524.052107454088
270000.00000000006,253896.72591698405,256473.44778027665,16103.274083016004,13526.55221972341
79000.00000000006,119627.30482373836,120139.83074432045,-40627.304823738305,-41139.830744320396
582000.0000000003,713864.439068745,751827.6347109884,-131864.43906874466,-169827.63471098803
235000.0,305852.74061033153,318302.4361821955,-70852.74061033153,-83302.4361821955
404249.9999999997,320195.29090470227,329215.59007796645,84054.70909529744,75034.40992203326
759999.9999999999,452111.616377053,449995.6903963663,307888.38362294686,310004.3096036336
217000.00000000012,275943.04926520406,284985.9616573052,-58943.04926520394,-67985.96165730507
299000.00000000006,297321.6464475574,309876.2750728446,1678.3535524426843,-10876.275072844524
76000.0,79770.6088838911,76656.13652456079,-3770.6088838910946,-656.1365245607885
354999.9999999998,336905.24808959087,371412.4305030399,18094.75191040896,-16412.430503040086
237000.00000000003,249114.6696007808,252318.32728310436,-12114.669600780762,-15318.327283104329
255000.0000000001,336335.76715645636,348699.0572768918,-81335.76715645628,-93699.05727689169
261999.99999999994,166109.49179842728,164714.06777798428,95890.50820157267,97285.93222201566
359000.00000000023,332264.63379656634,330221.60129186173,26735.366203433892,28778.3987081385
541750.0000000002,400193.4579914294,429316.40699227905,141556.54200857086,112433.59300772118
259000.0,247203.5079201075,247460.9250095323,11796.492079892487,11539.074990467692
215000.0,317275.8844737416,321885.4175360131,-102275.88447374158,-106885.41753601312
424900.00000000006,387182.20420765405,394824.9378869989,37717.795792346005,30075.062113001186
198000.00000000006,292487.30196796573,319044.0993690026,-94487.30196796567,-121044.09936900256
136999.9999999999,203983.66787917892,209229.8409352449,-66983.667879179,-72229.84093524498
186000.00000000012,173915.3779899065,169405.68404640682,12084.622010093619,16594.315953593294
116999.99999999991,167388.65886951354,165412.50736936415,-50388.65886951363,-48412.50736936423
296800.00000000006,198438.9293498982,208108.64983142907,98361.07065010187,88691.35016857099
322099.99999999994,217359.06704419164,212193.5468261709,104740.9329558083,109906.45317382904
895000.0000000007,282665.13352146826,286751.4546228666,612334.8664785324,608248.5453771341
375000.00000000006,596809.1083254196,597110.7768146836,-221809.10832541954,-222110.77681468352
449999.99999999994,793754.1910492207,797248.5857160741,-343754.1910492208,-347248.58571607416
409999.9999999997,442274.3806086907,434909.1860107656,-32274.38060869102,-24909.1860107659
630000.0000000006,477009.6203785555,477691.8796171784,152990.37962144508,152308.12038282218
109999.99999999991,142584.6179073203,141747.1806718917,-32584.617907320382,-31747.18067189178
191999.99999999997,220872.75161943433,230562.4811104732,-28872.751619434363,-38562.48111047322
697999.9999999995,393114.7840540256,394318.6254936634,304885.21594597393,303681.3745063361
189999.9999999999,218652.8041846339,221124.2468676688,-28652.804184633977,-31124.246867668873
229000.00000000006,286438.82430968486,304211.51088412805,-57438.8243096848,-75211.51088412799
150000.00000000006,174132.04598479747,166557.75071884666,-24132.045984797413,-16557.750718846597
242000.00000000017,252126.86470633093,257490.9310491455,-10126.864706330758,-15490.931049145322
145000.00000000012,236388.01350938756,236226.6914640431,-91388.01350938744,-91226.69146404299
132990.00000000003,281037.3380637514,272361.15918542596,-148047.33806375138,-139371.15918542593
534999.9999999995,545244.1165679699,574454.8470893472,-10244.11656797037,-39454.84708934766
1115000.0000000007,1111208.2233356307,1118486.9394123587,3791.7766643699724,-3486.939412357984
124999.9999999999,161069.11036229105,156930.41174309867,-36069.11036229115,-31930.411743098768
1024999.9999999995,362966.67559256346,374855.76222105365,662033.3244074361,650144.2377789458
459799.9999999999,370150.80640303815,377181.6612599931,89649.19359696173,82618.33874000679
700000.0000000006,553987.1645001482,566579.3477434488,146012.83549985243,133420.65225655178
379000.0000000002,129483.5232014086,125745.42230180025,249516.47679859155,253254.57769819992
46999.99999999999,130895.94945775044,133737.04245763877,-83895.94945775045,-86737.04245763877
349999.9999999997,264417.8789282954,248243.1463924136,85582.12107170431,101756.85360758612
116999.99999999991,122417.38554879194,118559.56333576473,-5417.385548792023,-1559.5633357648185
229900.00000000006,285449.95652459154,310667.3936553572,-55549.956524591486,-80767.39365535713
315000.0000000002,326818.3512315461,343141.5685194529,-11818.351231545908,-28141.568519452703
139000.00000000003,169622.177638998,166100.40732576963,-30622.177638997964,-27100.4073257696
143000.0000000001,253159.2786808394,249706.6738606097,-110159.27868083931,-106706.67386060962
204889.99999999983,197030.7120753503,201958.61048140994,7859.287924649514,2931.3895185898873
158250.00000000012,263904.8359485552,265861.6700905427,-105654.83594855509,-107611.67009054258
474699.99999999994,229901.22570972203,235615.80014453884,244798.7742902779,239084.1998554611
86999.99999999994,174075.9712232842,185123.5873300799,-87075.97122328426,-98123.58733007996
159999.99999999997,225517.99174616052,225476.51513770208,-65517.99174616055,-65476.51513770211
312999.9999999999,323028.0417134848,340809.62057964003,-10028.041713484912,-27809.62057964015
75000.00000000004,110051.61984944953,102870.3291725371,-35051.61984944949,-27870.32917253705
177999.99999999994,157797.27268045832,153983.18238028727,20202.72731954162,24016.817619712674
261999.99999999994,485141.352383396,539490.1564843031,-223141.35238339606,-277490.1564843031
295999.99999999977,366801.943967425,361259.0872173542,-70801.9439674252,-65259.08721735445
979999.9999999997,453154.8450692241,440379.55903750093,526845.1549307755,539620.4409624988
423000.0,339386.92830665095,339889.3137356952,83613.07169334905,83110.6862643048
304999.99999999977,227979.20543484206,224739.5290457032,77020.7945651577,80260.47095429656
187000.00000000012,309876.50258041825,315707.5924528869,-122876.50258041814,-128707.5924528868
263223.00000000023,303330.44502892013,308276.78313256294,-40107.4450289199,-45053.783132562705
421499.99999999965,294390.1823889658,302596.24696364976,127109.81761103385,118903.7530363499
80000.0,114596.95055630109,107583.37890240103,-34596.95055630109,-27583.378902401033
263000.0000000002,206974.33876572145,205943.9597124867,56025.66123427873,57056.04028751346
1120000.0000000005,804179.6829700611,814707.2573111064,315820.3170299394,305292.74268889404
139900.0000000001,195150.46596787,200941.1313837072,-55250.46596786991,-61041.13138370711
509000.0000000002,382271.1889690814,402593.880470106,126728.81103091879,106406.11952989415
86000.00000000001,120112.354836665,117699.7249935639,-34112.35483666499,-31699.724993563883
93989.99999999999,126769.40079948344,129856.19937981019,-32779.400799483454,-35866.199379810205
109499.99999999991,154524.29503827088,152029.39360485392,-45024.29503827097,-42529.393604854005
562000.0000000003,555991.4799587824,571652.5491087893,6008.520041217911,-9652.549108788953
460000.0000000002,332283.428227686,342797.98166078725,127716.5717723142,117202.01833921293
630000.0000000006,654929.7147022951,640694.1881585658,-24929.714702294557,-10694.1881585652
68999.99999999997,107634.68276211419,106952.09387798228,-38634.682762114215,-37952.093877982305
718999.9999999999,693387.1153534395,709083.71117019,25612.884646560415,9916.28882980987
265000.00000000006,341412.96559425275,306924.43637608504,-76412.96559425269,-41924.43637608498
181000.00000000006,140564.8025975487,135886.34997202002,40435.19740245136,45113.65002798004
416999.9999999998,286678.0499425669,288749.79055853304,130321.95005743293,128250.20944146678
199000.0000000001,204499.32361124753,197858.32063095618,-5499.323611247441,1141.679369043908
185000.00000000006,139135.23147127905,136154.42884636036,45864.768528721004,48845.5711536397
84999.99999999996,221016.73861118697,229452.099023581,-136016.73861118703,-144452.09902358102
142000.0,180745.98138574796,174614.37876076763,-38745.98138574796,-32614.378760767635
704999.9999999995,711398.6550926323,735687.3627981088,-6398.655092632747,-30687.3627981093
228974.99999999983,213128.10539864548,200965.33089482138,15846.894601354346,28009.669105178444
759999.9999999999,420221.3146670948,430093.3068305603,339778.6853329051,329906.69316943956
188880.0000000001,168985.96366389087,167566.49490376632,19894.036336109217,21313.50509623377
780000.0000000001,1004017.48122992,1070839.99225566,-224017.48122991994,-290839.9922556599
141327.00000000006,115985.52881545045,113502.7974497964,25341.471184549606,27824.202550203656
321999.99999999994,270487.79475333635,261500.01271555183,51512.205246663594,60499.987284448114
800000.0000000005,667081.3202666355,666497.3636664144,132918.67973336496,133502.63633358607
244500.00000000012,307616.4044008614,300691.88628171704,-63116.4044008613,-56191.88628171693
699919.9999999997,424878.3265027535,447242.5305938592,275041.67349724617,252677.46940614044
149800.00000000003,150630.45727853416,149448.16272145265,-830.4572785341297,351.8372785473766
246750.00000000006,282077.3051545876,291399.6500948285,-35327.30515458755,-44649.65009482845
133000.00000000012,211747.64847418788,222270.60836686648,-78747.64847418776,-89270.60836686636
211849.99999999997,222512.27239080024,227482.21401659728,-10662.272390800266,-15632.21401659731
312999.9999999999,242479.07680527263,250114.31804497197,70520.92319472725,62885.68195502792
244999.99999999997,169125.96288025842,165017.56269276698,75874.03711974155,79982.43730723299
159899.9999999999,163432.25474509655,166791.97429013377,-3532.2547450966376,-6891.974290133861
167999.9999999999,243181.79747664428,244075.6375964493,-75181.79747664437,-76075.63759644938
435000.0,462408.81806615,467811.8159277731,-27408.81806615001,-32811.815927773074
866000.0000000003,744932.8823939173,756748.5901136713,121067.11760608305,109251.40988632909
199999.99999999997,185632.96056709564,183936.38920159332,14367.039432904334,16063.610798406648
179900.00000000006,138569.13674761693,139323.85677827714,41330.86325238313,40576.143221722916
674999.9999999998,631648.651447464,653152.2378435144,43351.348552535754,21847.762156485347
90800.00000000004,151983.42541878443,147115.8823783935,-61183.42541878439,-56315.88237839345
304900.00000000023,230678.84458076413,228018.65594101753,74221.1554192361,76881.34405898271
590000.0000000003,310384.82878986816,321985.1911552091,279615.1712101322,268014.80884479126
294999.9999999998,374938.14512283396,368958.88594095537,-79938.14512283413,-73958.88594095554
247500.0000000002,373784.6382226996,381640.9513274326,-126284.63822269937,-134140.95132743238
199000.0000000001,268242.3969794134,268699.3172543911,-69242.39697941332,-69699.317254391
892499.9999999995,400501.6598153708,413189.3404803783,491998.34018462873,479310.65951962123
309549.99999999994,225391.4347190075,225564.5000797096,84158.56528099245,83985.49992029034
399900.0,320736.86884601903,335103.81841641123,79163.13115398097,64796.18158358877
360000.0000000001,236059.25367554647,240192.02444367195,123940.74632445365,119807.97555632817
270000.00000000006,194297.8846379588,193405.40693445635,75702.11536204125,76594.59306554371
70416.0,69794.9606742957,66234.64283513249,621.0393257043033,4181.357164867513
249000.00000000006,256489.75045898798,270194.21648159437,-7489.7504589879245,-21194.21648159431
179920.0000000001,149456.14653101526,152003.0939604421,30463.85346898483,27916.906039558
229499.99999999997,247704.1458438119,248160.9976234246,-18204.145843811915,-18660.997623424628
460000.0000000002,368082.80246081366,368621.9646115843,91917.19753918651,91378.03538841585
231000.0000000001,160197.91612043936,157155.21842041463,70802.08387956073,73844.78157958545
464200.0000000003,292322.76972316706,293372.7998006816,171877.23027683323,170827.2001993187
139000.00000000003,123227.04656723439,118674.0059215619,15772.953432765644,20325.994078438132
513999.9999999996,305306.50235748175,284187.5402503072,208693.49764251785,229812.4597496924
240000.00000000003,387143.0763836409,412951.2086048148,-147143.07638364084,-172951.20860481475
881999.9999999999,519758.0862466523,545236.650880947,362241.9137533476,336763.3491190529
99000.00000000004,92184.8417364869,84463.02163976064,6815.158263513149,14536.978360239402
409999.9999999997,565451.2068687365,634833.7631551144,-155451.20686873683,-224833.76315511466
540000.0000000001,509858.2214662671,524677.838521552,30141.778533733042,15322.161478448077
240000.00000000003,137827.69034599874,142850.7194860026,102172.30965400129,97149.28051399742
280000.0,365240.5342091354,349877.60717682843,-85240.5342091354,-69877.60717682843
126999.99999999991,150133.3305197448,148912.48351920038,-23133.330519744894,-21912.48351920047
106000.00000000001,99033.5347477918,94359.4443912291,6966.465252208218,11640.555608770912
156000.0,158869.4301526416,159769.05033667467,-2869.4301526416093,-3769.0503366746707
199999.99999999997,303901.3297202346,313066.8177572057,-103901.32972023464,-113066.81775720572
167000.0000000001,154099.16525005002,157469.382394042,12900.834749950067,9530.617605958076
171199.99999999985,121442.34326247434,119362.56306542599,49757.65673752551,51837.43693457387
174399.99999999994,140890.26439055378,134964.44038023677,33509.73560944616,39435.55961976317
360000.0000000001,150131.32327490792,149305.75921249136,209868.6767250922,210694.24078750875
249899.9999999999,243851.13333155046,253687.0879018108,6048.866668449453,-3787.0879018108826
1550000.0000000012,844554.4881505915,907410.3992751203,705445.5118494097,642589.6007248808
210999.99999999994,162653.14229310415,160426.93414776132,48346.8577068958,50573.06585223862
291224.9999999999,186822.83583754767,185409.40973324358,104402.16416245222,105815.5902667563
1474999.999999999,586760.7656178591,629683.8479742584,888239.23438214,845316.1520257407
152499.9999999999,273265.1323767725,269329.85822080163,-120765.13237677261,-116829.85822080172
179900.00000000006,245074.67152523962,250290.0052558562,-65174.671525239566,-70390.00525585614
121900.00000000009,118303.88076929214,114740.82670129678,3596.1192307079473,7159.173298703303
398999.99999999977,231833.27180290144,238343.96861205553,167166.72819709833,160656.03138794424
196000.0000000001,247325.99560034025,238843.70362521659,-51325.99560034016,-42843.7036252165
158999.99999999997,143875.20734274123,143650.2648818076,15124.792657258746,15349.735118192359
227000.0,276151.94137106364,267339.5210186177,-49151.94137106364,-40339.52101861773
362999.9999999999,247745.8191060693,248240.67118177516,115254.18089393058,114759.32881822472
509999.9999999998,291789.739605459,309478.47554883757,218210.26039454085,200521.52445116226
288999.9999999999,356754.0353361358,349370.1468958998,-67754.03533613594,-60370.1468958999
164900.00000000006,166971.91676956168,164175.88188404578,-2071.9167695616197,724.1181159542757
1110000.0000000002,378400.7142505863,387907.3192067616,731599.285749414,722092.6807932386
1140000.0000000002,1093809.701108886,1316169.6410172863,46190.298891114304,-176169.6410172861
344999.9999999997,392348.22359472356,397205.1814361058,-47348.22359472385,-52205.1814361061
86000.00000000001,148208.86503850113,147507.54993291397,-62208.86503850111,-61507.54993291396
800000.0000000005,536814.1349753415,551277.9816650633,263185.86502465897,248722.01833493717
455000.0,359664.83619995666,361066.2493318818,95335.16380004334,93933.75066811818
1279999.9999999988,694487.535508153,749483.6012422834,585512.4644918458,530516.3987577155
211879.99999999997,215498.168421358,212616.09975630435,-3618.1684213580156,-736.0997563043784
148000.00000000015,217229.77568744103,216946.56360645685,-69229.77568744088,-68946.56360645671
87999.99999999996,114739.6781610674,115401.38252011032,-26739.678161067437,-27401.38252011036
134999.99999999997,197995.99791571716,195602.109694578,-62995.99791571719,-60602.109694578015
194249.99999999985,225281.32817120422,238015.61280662107,-31031.328171204368,-43765.61280662121
995000.0,780570.6644821389,765866.0415079917,214429.33551786107,229133.95849200827
599000.0,683775.4836429845,726522.7465673706,-84775.48364298453,-127522.7465673706
399999.9999999999,314059.68115581997,313231.96270934003,85940.31884417991,86768.03729065985
64999.999999999956,152194.06521758795,150653.85421223255,-87194.065217588,-85653.85421223259
599000.0,562485.3617645284,600052.2385851985,36514.63823547156,-1052.238585198531
395000.00000000035,511081.89853772824,528055.0180524582,-116081.89853772789,-133055.01805245783
250999.99999999988,204738.88975179734,207180.82328114187,46261.110248202545,43819.17671885801
131999.9999999999,154761.58315108635,148030.8616130682,-22761.583151086437,-16030.861613068293
159999.99999999997,245589.90420029414,254220.02983093951,-85589.90420029417,-94220.02983093954
118999.99999999993,232627.24602596872,233751.04444361659,-113627.2460259688,-114751.04444361666
590000.0000000003,607225.4736508228,600810.8498492076,-17225.473650822416,-10810.84984920721
95000.00000000001,144338.0021167666,144438.63225278383,-49338.0021167666,-49438.63225278382
157989.99999999997,161148.98299409004,162206.028080237,-3158.982994090067,-4216.02808023704
416999.9999999998,294526.59753249405,296057.2807390947,122473.40246750577,120942.71926090511
511899.9999999996,465553.5715853414,492093.1553245882,46346.42841465818,19806.844675411412
525000.0000000003,537503.0667737882,585661.6814768213,-12503.06677378784,-60661.68147682096
283000.0000000001,310399.71330839425,315760.50346151646,-27399.71330839413,-32760.503461516346
269000.0,291124.557882524,294007.5354696635,-22124.55788252398,-25007.535469663504
496500.0000000001,412262.01832479605,402616.3736152484,84237.98167520406,93883.6263847517
126500.00000000006,223881.215596069,221035.34516195982,-97381.21559606894,-94535.34516195976
1638999.9999999988,727004.5975066021,778764.6328843073,911995.4024933968,860235.3671156915
489250.00000000006,290576.75357430184,287434.6556355577,198673.24642569822,201815.34436444234
259000.0,237221.94873750172,223213.2139829068,21778.05126249828,35786.786017093196
389000.00000000035,351751.69016275735,366670.00483405334,37248.309837242996,22329.99516594701
420000.0,510558.7471146358,520802.4015511942,-90558.74711463577,-100802.4015511942
789000.0000000007,425109.5851405854,416252.44488779246,363890.4148594153,372747.55511220824
915000.0000000002,888092.9357970395,889906.1474183497,26907.064202960697,25093.852581650484
284999.99999999994,308762.21229986596,308130.1540288507,-23762.21229986602,-23130.154028850782
43999.99999999997,115839.22241003063,114043.54469742312,-71839.22241003066,-70043.54469742315
1139599.9999999995,1216486.1217007115,1271357.1357956803,-76886.12170071201,-131757.1357956808
284999.99999999994,323992.25208215474,336103.99860799086,-38992.252082154795,-51103.998607990914
452000.0000000001,292074.82130470587,302729.1876297102,159925.17869529425,149270.81237028993
161800.0000000001,170498.6828885651,171466.4157430475,-8698.682888565003,-9666.4157430474
156000.0,300121.5928506274,292828.25210526056,-144121.59285062738,-136828.25210526056
213000.00000000015,191372.13829826118,187035.97854133797,21627.861701738962,25964.021458662173
649999.9999999995,339094.7651490237,334926.1387082744,310905.23485097586,315073.86129172513
278000.0000000002,213976.1533772145,211015.6722032708,64023.84662278567,66984.32779672937
974999.9999999999,285762.654266935,282328.4236778156,689237.3457330649,692671.5763221843
155149.99999999988,171008.75385657858,164527.07400753052,-15858.753856578696,-9377.074007530638
214840.0,222571.42871927624,220661.74376257934,-7731.428719276242,-5821.743762579339
276500.00000000006,242805.721451628,248310.74395749043,33694.278548372065,28189.25604250963
171582.9999999999,169424.1787902249,170139.4927399955,2158.821209775022,1443.5072600044077
135999.99999999997,192207.9713756119,188749.97474448913,-56207.97137561193,-52749.974744489155
167999.9999999999,173829.77526090958,172605.51995574633,-5829.775260909664,-4605.519955746422
219999.99999999983,219808.14003901722,224343.76642074215,191.85996098260512,-4343.766420742322
288999.9999999999,235637.5542940913,237732.2378602414,53362.44570590858,51267.76213975847
213000.00000000015,507643.2384644984,481523.4161547029,-294643.2384644983,-268523.4161547028
304499.9999999998,265657.04825441964,265767.7344782344,38842.95174558018,38732.265521765454
288999.9999999999,224369.89615897753,229751.31642156994,64630.103841022355,59248.68357842995
187000.00000000012,116376.86878458897,110206.29324569098,70623.13121541115,76793.70675430914
741000.0000000006,731530.4220000783,759104.203750292,9469.57799992233,-18104.203750291374
477000.00000000006,257013.09508156736,252595.607474955,219986.9049184327,224404.39252504506
420000.0,626257.8947963011,633516.740715701,-206257.89479630115,-213516.74071570102
244999.99999999997,214679.92774620766,213032.21316742222,30320.072253792314,31967.786832577753
827999.9999999997,1204288.1886392867,1176136.8151801485,-376288.188639287,-348136.8151801488
293000.0000000001,286946.32435897057,297301.4280207443,6053.675641029549,-4301.428020744177
199999.99999999997,307362.05718148575,308088.3366297586,-107362.05718148578,-108088.33662975862
81000.00000000007,171248.44141979679,161979.40725571697,-90248.44141979671,-80979.4072557169
400999.99999999994,1137716.4042879695,1144389.652947939,-736716.4042879695,-743389.652947939
259999.9999999998,179662.224229153,178100.60062421634,80337.77577084678,81899.39937578345
337999.99999999977,280444.35034692124,293534.6462678123,57555.64965307852,44465.353732187476
261799.99999999994,374581.0534043565,384110.52921642247,-112781.05340435659,-122310.52921642252
129000.0000000001,147893.9833680967,143931.90221569722,-18893.983368096597,-14931.902215697119
342000.0000000002,490661.72016483167,509336.37817790936,-148661.7201648315,-167336.37817790918
215999.99999999985,245619.6267589779,244511.3636615684,-29619.626758978033,-28511.363661568554
200999.99999999997,418121.77426866954,423354.7563343401,-217121.77426866957,-222354.7563343401
169000.00000000012,230876.73396631164,233366.58509222566,-61876.73396631153,-64366.58509222555
264499.9999999999,195731.951394228,197932.0858771994,68768.04860577188,66567.91412280049
289999.9999999999,280604.12250761176,283423.90664516937,9395.877492388128,6576.093354830518
876750.0000000007,247526.66820306896,266257.6019120971,629223.3317969318,610492.3980879036
415000.00000000006,526249.5283972297,539271.5878380006,-111249.52839722967,-124271.58783800056
129000.0000000001,146957.85616026275,138764.45119021425,-17957.856160262643,-9764.451190214153
280000.0,240503.05538708068,227969.04667679672,39496.944612919324,52030.953323203285
205000.0,173733.9434676815,182306.35637405972,31266.0565323185,22693.643625940284
289999.9999999999,247578.67140082983,245837.36429957065,42421.328599170054,44162.63570042924
89500.00000000003,131129.2948363068,131623.66878551748,-41629.29483630677,-42123.66878551745
206999.99999999994,237501.82098063544,262384.6700482498,-30501.8209806355,-55384.670048249885
645000.0,205967.45292460782,209099.81082142156,439032.5470753922,435900.18917857844
495000.0000000004,344721.4876251594,361160.37177492044,150278.51237484103,133839.62822507997
209900.00000000017,193594.6887559036,190476.0614993381,16305.311244096578,19423.938500662072
287000.0000000001,195192.50916819647,200965.88758633187,91807.49083180365,86034.11241366825
347800.0,299800.917785011,304238.8836523131,47999.082214989,43561.11634768691
530000.0000000003,633692.4895491594,639721.1388424918,-103692.48954915907,-109721.13884249143
177000.00000000006,163902.47401763938,160430.19863860658,13097.525982360676,16569.801361393475
265000.00000000006,308460.9823473019,297345.1380590284,-43460.98234730185,-32345.138059028366
70999.99999999994,94970.36393997108,93519.04383186267,-23970.36393997114,-22519.043831862728
597999.9999999998,382214.079663825,405440.9806888241,215785.92033617478,192559.01931117568
425000.0000000002,373707.9631925929,369088.9437918218,51292.036807407276,55911.0562081784
654999.9999999995,297076.3633140586,324069.4374650166,357923.63668594096,330930.5625349829
651000.0000000001,388752.4676692854,415767.79034176096,262247.5323307147,235232.20965823915
890000.0000000002,516501.51786982926,545770.6156072421,373498.482130171,344229.38439275813
127950.00000000007,286190.14975483244,303150.10746986093,-158240.14975483238,-175200.10746986087
816999.9999999993,399835.51833955914,406553.9694868881,417164.48166044016,410446.0305131112
139999.9999999999,213887.1810082807,203928.4720409838,-73887.18100828078,-63928.47204098388
138000.00000000006,136568.3109637731,127927.62226661784,1431.6890362269478,10072.377733382222
217999.99999999988,217274.58326496766,216403.7139917407,725.4167350322241,1596.2860082591942
249999.9999999998,205890.99659425867,204773.76556917265,44109.003405741125,45226.23443082714
289250.00000000006,220468.12840459755,235151.37902166715,68781.87159540251,54098.62097833291
488000.00000000035,184382.65361828014,183662.65970758477,303617.3463817202,304337.3402924156
474999.99999999977,523507.2006855645,546134.1361358427,-48507.20068556472,-71134.13613584288
356999.99999999994,237941.21662589844,233329.5322406427,119058.7833741015,123670.46775935724
320000.00000000006,255037.8369488052,271408.4549431718,64962.16305119486,48591.54505682824
270000.00000000006,189466.93886217772,180603.86078321937,80533.06113782234,89396.13921678069
129000.0000000001,142985.28940891335,137247.861039353,-13985.289408913246,-8247.861039352909
729999.9999999998,366925.66698936553,372621.0177207846,363074.33301063423,357378.9822792152
1270000.0000000002,616119.6282173411,664408.9387439574,653880.3717826591,605591.0612560428
700000.0000000006,404887.5513021382,431978.5672571896,295112.4486978624,268021.432742811
139999.9999999999,235720.12911162668,234794.14064080303,-95720.12911162677,-94794.14064080312
310000.0000000002,280644.54494830925,280930.158805331,29355.455051690922,29069.841194669192
108000.00000000001,88906.7053449389,85777.30323974494,19093.29465506111,22222.696760255072
276999.9999999998,295807.51220938197,302368.3852309814,-18807.51220938214,-25368.38523098157
360000.0000000001,343993.4198918134,365712.5802505804,16006.580108186696,-5712.580250580271
349999.9999999997,299634.0639948287,291530.5709559718,50365.93600517098,58469.42904402793
339000.00000000023,277826.0272843038,274915.5505916446,61173.972715696436,64084.449408355635
399500.00000000035,270102.6587195119,273631.49384689337,129397.34128048847,125868.50615310698
415000.00000000006,525981.8613284472,546422.1134707574,-110981.86132844718,-131422.11347075732
455800.00000000035,442801.83152941137,476222.140217009,12998.168470588978,-20422.14021700865
306799.99999999977,216242.5066413758,226326.11220709645,90557.49335862396,80473.88779290332
339200.00000000023,177375.68334994873,174534.77963737503,161824.3166500515,164665.2203626252
1009999.9999999992,867984.8085880525,864345.6402268645,142015.19141194667,145654.3597731347
175000.00000000012,335150.7482366004,317253.7203644006,-160150.7482366003,-142253.72036440048
687000.0,600288.9943402738,611136.3821160158,86711.00565972622,75863.61788398423
1340000.0000000002,1157853.3199010943,1461449.083950376,182146.68009890593,-121449.08395037567
188000.00000000012,145075.1938509623,140590.53640947866,42924.80614903782,47409.46359052145
109000.0,164459.79409942383,159591.8260167743,-55459.79409942383,-50591.826016774314
637999.9999999997,436999.140551055,455167.4259826663,201000.85944894463,182832.57401733333
188999.99999999988,128341.83563407681,122783.08327149878,60658.164365923076,66216.9167285011
395000.00000000035,218570.29453945806,215360.60343360613,176429.7054605423,179639.39656639422
465000.00000000023,317800.81684074993,309926.96926602547,147199.1831592503,155073.03073397477
244950.00000000015,350441.7116856457,332730.0023780362,-105491.71168564554,-87780.00237803606
588000.0,264085.4236351255,251921.37087248891,323914.5763648745,336078.62912751106
172999.9999999999,197360.87981783302,197163.17181879707,-24360.879817833105,-24163.171818797156
90100.00000000001,141093.71829235353,134079.92446943565,-50993.718292353515,-43979.92446943563
218999.99999999988,137409.23087338242,135721.80347941173,81590.76912661747,83278.19652058816
90500.00000000001,154446.51266022574,150335.35102922664,-63946.51266022572,-59835.35102922663
179500.00000000015,258278.5197853444,254418.79574012628,-78778.51978534425,-74918.79574012614
1298999.999999999,1157638.1818843922,1208319.436235575,141361.8181156069,90680.56376442406
269000.0,155341.749884196,155875.73658097122,113658.250115804,113124.26341902878
225000.00000000015,277693.3672422648,275414.7033150131,-52693.36724226465,-50414.70331501294
725000.0000000006,395849.44397470227,405810.07220989326,329150.5560252983,319189.9277901073
388500.0,262446.65522785636,266871.4680888562,126053.34477214364,121628.5319111438
239499.99999999983,214416.54421391344,215126.11432277106,25083.455786086386,24373.88567722877
210000.0,173296.68833176882,182302.76706913026,36703.31166823118,27697.232930869737
420999.9999999998,261346.2654922842,276411.4777061215,159653.73450771562,144588.5222938783
310000.0000000002,460314.13438623183,474114.53194100934,-150314.13438623166,-164114.53194100916
599000.0,688555.7493780307,680540.7066254546,-89555.74937803065,-81540.7066254546
390000.00000000035,320331.1309273902,322242.037162222,69668.86907261016,67757.96283777832
371500.0000000003,497623.9218157538,505356.3254771568,-126123.9218157535,-133856.3254771565
360000.0000000001,543187.1621037428,636169.520086895,-183187.1621037427,-276169.52008689486
255999.99999999985,319304.08092940465,318274.81337497255,-63304.080929404794,-62274.8133749727
286000.00000000023,272525.1235782717,280220.0304017441,13474.87642172852,5779.96959825611
199999.99999999997,173823.13885086388,175266.95240786817,26176.861149136093,24733.0475921318
229999.0000000002,199921.74208308608,195892.54585332156,30077.257916914125,34106.45414667865
549999.9999999998,777546.4792391028,892889.7677794353,-227546.47923910304,-342889.7677794355
315000.0000000002,644038.3870536219,659864.0079509885,-329038.38705362176,-344864.0079509883
134999.99999999997,245861.19554096973,254261.1282838681,-110861.19554096975,-119261.12828386814
208999.99999999988,292722.05085929355,308438.37795991777,-83722.05085929367,-99438.37795991788
199499.99999999994,325089.15993460413,320697.5822489563,-125589.15993460419,-121197.58224895637
239000.00000000003,379177.4581484425,370979.34221374657,-140177.45814844247,-131979.34221374654
194000.00000000006,198938.44720977577,197014.18903741316,-4938.44720977571,-3014.1890374131035
241000.00000000003,294449.1899588051,336685.3082996369,-53449.18995880507,-95685.30829963685
299000.00000000006,308557.6236663159,342769.84766576113,-9557.623666315863,-43769.84766576107
318000.0,253155.88354419914,236451.9404634741,64844.11645580086,81548.05953652589
248000.0000000002,501606.63252825406,480463.65246411914,-253606.63252825386,-232463.65246411893
209499.9999999999,182818.9439944068,179643.35050400178,26681.0560055931,29856.649495998136
137800.0000000001,141156.7736592192,134358.78769782613,-3356.7736592191213,3441.2123021739535
177799.99999999994,165530.12422443464,164998.1437451899,12269.875775565306,12801.85625481003
84999.99999999996,183515.50675144253,185585.01466068882,-98515.50675144258,-100585.01466068886
353600.0000000002,203246.12661389718,198646.8330109761,150353.873386103,154953.1669890241
49000.00000000002,139424.8023992326,141366.10647551625,-90424.80239923258,-92366.10647551622
387999.9999999999,198940.18466443004,201778.1394721797,189059.81533556985,186221.8605278202
354999.9999999998,421481.40678387234,429788.14319206675,-66481.40678387252,-74788.14319206693
291999.9999999998,325429.0453131903,323018.92920985975,-33429.045313190494,-31018.929209859925
195000.00000000006,276949.72034204606,276411.0446437586,-81949.720342046,-81411.04464375856
368420.9999999997,323048.25319225533,343552.97488031513,45372.74680774438,24868.02511968458
109999.99999999991,114393.4892170953,109212.86107909885,-4393.489217095383,787.1389209010667
228000.00000000003,181395.0660690673,181596.16684697082,46604.93393093272,46403.833153029205
117600.00000000003,189036.23347673818,186878.8361932828,-71436.23347673815,-69278.83619328277
199000.0000000001,269053.1616933933,257007.45283762808,-70053.16169339322,-58007.45283762799
719999.9999999995,557787.695601446,576579.6821428232,162212.30439855356,143420.3178571763
249999.9999999998,164239.2591404199,167266.18492658169,85760.7408595799,82733.81507341811
242000.00000000017,205479.05352604535,212071.41255627683,36520.94647395483,29928.587443723343
169000.00000000012,294341.7864678322,301529.74252536194,-125341.7864678321,-132529.74252536183
359000.00000000023,365190.571220386,355353.29322172096,-6190.571220385784,3646.706778279273
775000.0000000007,633812.5481555918,661751.3441926406,141187.45184440888,113248.65580736008
604999.9999999998,443028.6572851321,463707.14912498486,161971.34271486767,141292.8508750149
116999.99999999991,161040.81659884518,154674.940344476,-44040.81659884527,-37674.94034447608
239000.00000000003,499430.34311357455,521516.8074918349,-260430.34311357452,-282516.80749183486
478399.99999999965,728760.0758026324,725722.6902054432,-250360.07580263272,-247322.69020544353
977000.0000000008,728453.5632592944,710829.8209909974,248546.43674070644,266170.17900900345
166384.00000000006,270885.8694952866,264761.9797398852,-104501.86949528655,-98377.97973988514
158999.99999999997,248975.92870213545,248238.3267408836,-89975.92870213548,-89238.32674088364
1185000.0000000005,362455.4259466796,378617.3977263927,822544.5740533208,806382.6022736077
319000.0,310749.33830787486,308981.4642427821,8250.66169212514,10018.535757217905
210000.0,249747.5773712702,247168.86905158422,-39747.57737127019,-37168.86905158422
114999.99999999991,195833.5810030462,196024.60825640842,-80833.58100304627,-81024.60825640851
697999.9999999995,654317.5339630794,704398.2961725625,43682.46603692009,-6398.296172562987
161000.00000000006,244617.04225412649,239867.96445661955,-83617.04225412643,-78867.96445661949
299000.00000000006,173052.99709849677,163942.24179395867,125947.00290150329,135057.75820604138
90000.00000000001,250768.36078473536,249335.25839489154,-160768.36078473536,-159335.2583948915
186000.00000000012,174238.18853165544,175849.3265020409,11761.811468344677,10150.673497959215
221999.99999999983,230791.97590579765,240965.897095149,-8791.975905797823,-18965.89709514918
263899.9999999999,249273.23856200496,248301.64165717165,14626.761437994923,15598.358342828229
364000.00000000006,1098266.065932295,1071255.8587707167,-734266.065932295,-707255.8587707167
149500.00000000012,258760.8102504451,241813.89644935896,-109260.81025044498,-92313.89644935884
257000.00000000015,233525.6633896742,225498.14728841453,23474.336610325932,31501.852711585612
124899.99999999993,230037.00890129933,220399.28469329776,-105137.0089012994,-95499.28469329783
64400.000000000015,100086.71296715832,99634.23952512944,-35686.71296715831,-35234.23952512942
109999.99999999991,193092.4092425302,190158.4127641572,-83092.4092425303,-80158.41276415728
787499.9999999994,500909.335782949,519272.7503945078,286590.6642170504,268227.24960549164
649000.0000000006,485348.3147813739,495040.26143866905,163651.6852186267,153959.73856133153
364999.99999999977,271412.500696199,276985.4500378787,93587.49930380075,88014.54996212106
162180.0000000001,240211.78580539502,242586.0959530509,-78031.78580539493,-80406.09595305083
880000.0,361741.95145731024,371887.2975863783,518258.04854268976,508112.7024136217
37000.00000000001,93500.7133474687,89689.12666715856,-56500.71334746869,-52689.126667158554
126990.00000000003,182619.96061218492,185755.9989323426,-55629.96061218489,-58765.99893234257
212000.00000000017,194431.294522877,193832.33909668346,17568.705477123178,18167.66090331672
830000.0000000005,487376.9632652794,543306.4746997217,342623.03673472104,286693.5253002788
269000.0,252291.3218718388,244726.50000878717,16708.678128161206,24273.499991212826
146999.99999999988,170987.05951843126,165147.60044297154,-23987.05951843137,-18147.600442971656
299000.00000000006,282883.86931424466,287108.7350473037,16116.130685755401,11891.264952696336
235000.0,197120.78383030428,201194.91971935215,37879.21616969572,33805.080280647846
376999.99999999977,240316.70057569604,241064.2877498173,136683.29942430372,135935.71225018246
287999.9999999999,338678.1806971614,342144.6263567034,-50678.18069716153,-54144.62635670352
229000.00000000006,238974.96439374913,241173.7452516284,-9974.964393749076,-12173.745251628337
149500.00000000012,240025.17967091035,236100.6383026262,-90525.17967091023,-86600.63830262609
229000.00000000006,172943.30700177452,175749.14786770465,56056.69299822554,53250.852132295404
127400.00000000004,260850.04883831262,261387.9762820771,-133450.04883831256,-133987.97628207708
409999.9999999997,535354.8425907174,535144.1451838352,-125354.84259071766,-125144.14518383547
219999.99999999983,161012.29600479343,161197.74060599337,58987.70399520639,58802.259394006454
254499.9999999998,275838.0714063389,267664.1672508862,-21338.07140633909,-13164.167250886414
135999.99999999997,207367.25736364487,208978.25276867786,-71367.2573636449,-72978.25276867789
304999.99999999977,359595.12751758884,362260.36809351586,-54595.12751758908,-57260.368093516096
189999.9999999999,236608.4397888962,240261.63263018648,-46608.4397888963,-50261.63263018656
229000.00000000006,284588.8153156425,289202.80765808315,-55588.81531564245,-60202.8076580831
229900.00000000006,208947.3940995712,208232.6297526914,20952.60590042887,21667.37024730866
227900.00000000006,186691.34699654416,183710.9098280555,41208.6530034559,44189.090171944554
334999.9999999998,349161.8669842739,345487.02465860336,-14161.866984274064,-10487.024658603535
116000.0000000001,133061.6086966535,134548.52772699224,-17061.608696653406,-18548.527726992135
435000.0,404735.3133333097,392684.12490960245,30264.68666669028,42315.875090397545
769999.9999999997,1293090.7482472926,1573066.6782411519,-523090.74824729294,-803066.6782411522
211499.99999999983,188278.00318285008,183257.02670669605,23221.996817149746,28242.973293303774
319000.0,268971.7684570837,285130.413801016,50028.23154291633,33869.586198984005
169000.00000000012,177602.33806367315,169793.75904649674,-8602.338063673029,-793.7590464966197
509999.9999999998,588239.3699085107,584862.2352175416,-78239.36990851088,-74862.23521754175
158999.99999999997,194862.55717060334,206435.2530880489,-35862.557170603366,-47435.25308804892
229000.00000000006,252688.39342789975,251885.62769665752,-23688.39342789969,-22885.627696657466
498999.9999999996,209698.3397579108,206247.03589213762,289301.6602420888,292752.964107862
399999.9999999999,307986.4708431922,319890.7661884031,92013.5291568077,80109.23381159676
566000.0000000005,716079.3173204612,768491.090865685,-150079.3173204607,-202491.09086568456
729000.0000000003,489333.22488404554,498828.5440388675,239666.7751159548,230171.45596113283
1210000.0000000012,511462.5442432907,490298.7622128242,698537.4557567105,719701.237787177
118000.00000000009,258374.75204994835,273727.5434266122,-140374.75204994826,-155727.54342661213
299999.99999999977,207191.54397298122,203098.08905026343,92808.45602701855,96901.91094973634
1329999.9999999998,1378852.4860814672,1468080.6672188775,-48852.486081467476,-138080.6672188777
1575000.0000000002,406227.3993420188,407361.1738392205,1168772.6006579814,1167638.8261607797
120499.99999999996,202961.5317091982,198066.01767054855,-82461.53170919824,-77566.0176705486
249999.9999999998,211054.93807850828,209106.1407262689,38945.06192149152,40893.85927373089
433999.99999999965,553699.354812453,574027.9477831292,-119699.35481245338,-140027.94778312952
1048499.9999999994,1219793.3399477904,1264262.1935947149,-171293.33994779096,-215762.19359471544
275000.0000000002,212143.28005558046,205701.07238316428,62856.71994441972,69298.92761683589
759999.9999999999,569084.6951643543,561348.9227359825,190915.3048356456,198651.07726401743
119214.99999999996,106443.89884406154,105120.10933127654,12771.10115593842,14094.890668723412
339000.00000000023,232662.27224648697,228249.24378953932,106337.72775351326,110750.75621046091
455000.0,401249.9359799836,436650.2349356034,53750.064020016405,18349.765064396604
645000.0,333584.0604441693,347314.33492301375,311415.9395558307,297685.66507698625
377749.9999999998,235490.75254528775,234683.47483728427,142259.24745471208,143066.52516271555
170000.00000000012,264069.20717563183,269581.5399570041,-94069.20717563172,-99581.53995700396
342000.0000000002,395776.20899846655,419565.72239356436,-53776.208998466376,-77565.72239356418
454000.0000000002,260672.42685104205,272720.16480201064,193327.57314895812,181279.83519798954
127999.99999999997,348675.02072909754,352626.6013860622,-220675.02072909757,-224626.60138606225
385000.00000000023,432066.5942274106,437574.1693075259,-47066.59422741039,-52574.16930752568
248354.0,207892.27287776675,209438.12405443797,40461.72712223325,38915.87594556203
139000.00000000003,281943.72246561636,265977.834796443,-142943.72246561633,-126977.83479644297
1179999.9999999993,417058.7348405592,421622.76690846076,762941.2651594401,758377.2330915385
255000.0000000001,255891.76435963972,259288.0169757196,-891.7643596396374,-4288.016975719511
169900.00000000003,318804.207172688,340174.5402162456,-148904.20717268795,-170274.54021624554
156000.0,170775.19341218585,173183.51628041134,-14775.19341218585,-17183.516280411335
348600.0000000001,319707.88054187124,313790.1173800088,28892.119458128873,34809.88261999132
100389.99999999997,116376.19053009975,108508.15852503206,-15986.190530099775,-8118.158525032093
448999.99999999994,406633.70967938314,402552.9998304135,42366.2903206168,46447.00016958645
134899.99999999988,126828.9507935682,123404.83365917315,8071.049206431679,11495.166340826734
498999.9999999996,159602.20473282158,160122.92920433765,339397.795267178,338877.07079566194
487600.0000000004,287144.0633378048,269378.312800095,200455.9366621956,218221.6871999054
49500.0,75575.3486447167,70900.79055603685,-26075.348644716694,-21400.790556036853
109999.99999999991,113086.50281554638,107913.88627067422,-3086.502815546468,2086.1137293256907
186618.00000000012,122365.63986720651,123099.71396607174,64252.360132793605,63518.28603392838
455000.0,536434.999078506,547044.4013458005,-81434.99907850602,-92044.40134580049
395000.00000000035,418424.765654122,463874.8705945131,-23424.765654121642,-68874.87059451273
229000.00000000006,191525.8791163615,191817.53987330053,37474.12088363856,37182.46012669953
166000.00000000003,171721.88533098312,166614.37122741705,-5721.885330983088,-614.3712274170248
116599.99999999991,148399.1263246875,151124.35793859258,-31799.12632468759,-34524.35793859267
210000.0,177288.08107131207,177484.66372332745,32711.918928687926,32515.336276672548
337999.99999999977,301567.6541732041,292470.65868988243,36432.345826795674,45529.341310117336
99000.00000000004,183897.52390871674,189448.818098664,-84897.5239087167,-90448.81809866395
341699.9999999998,455339.3381552962,474283.34600429283,-113639.3381552964,-132583.346004293
530000.0000000003,310020.0594385681,298465.2380427935,219979.94056143227,231534.76195720682
188500.00000000003,181290.69470187102,173326.5494141225,7209.305298129009,15173.450585877523
344999.9999999997,179449.43570926719,171378.34252753513,165550.56429073252,173621.65747246458
594999.9999999997,352772.88981157163,360281.4681792683,242227.11018842802,234718.53182073135
217999.99999999988,334660.3525680407,331108.54286801594,-116660.35256804083,-113108.54286801605
77500.00000000006,171591.7700785316,175497.84695832778,-94091.77007853155,-97997.84695832772
194000.00000000006,183721.4541177982,186623.4635023163,10278.54588220187,7376.536497683759
275000.0000000002,363061.53725641343,356820.8795713848,-88061.53725641326,-81820.87957138463
28000.00000000002,123900.88158059183,124023.1997532902,-95900.88158059181,-96023.19975329019
304999.99999999977,202141.99569430674,205268.68651885117,102858.00430569303,99731.3134811486
401079.9999999998,269698.774426376,284045.2875378874,131381.22557362384,117034.71246211242
129989.9999999999,146398.13951510124,139597.25300851508,-16408.139515101342,-9607.253008515181
124999.9999999999,220346.44348786047,227130.15855016443,-95346.44348786057,-102130.15855016453
400900.0000000001,454414.61215114576,476113.8070116349,-53514.612151145644,-75213.80701163481
484999.99999999965,349978.92847881105,346995.55668833037,135021.0715211886,138004.44331166928
98000.00000000003,141010.36776078795,139761.74446944933,-43010.36776078792,-41761.7444694493
364999.99999999977,409613.1898946309,452501.18633234344,-44613.189894631156,-87501.18633234367
323999.9999999999,383337.196549053,391723.80707696715,-59337.19654905313,-67723.80707696726
509999.9999999998,256295.30263816324,273717.1428215353,253704.6973618366,236282.85717846453
495000.0000000004,379549.9038705638,368936.898710634,115450.09612943663,126063.10128936643
243000.00000000003,363607.8468160416,338941.8944920528,-120607.8468160416,-95941.89449205276
134500.00000000006,135846.81029276043,133260.7028500842,-1346.810292760376,1239.2971499158593
208650.0000000001,275260.8723682502,279597.457034571,-66610.87236825013,-70947.45703457089
104999.99999999997,125763.0473892778,120336.42586543324,-20763.047389277825,-15336.425865433266
449999.99999999994,320985.44951111387,367302.1320537605,129014.55048888607,82697.86794623942
155149.99999999988,240944.58302729527,261980.1405896723,-85794.58302729539,-106830.1405896724
264499.9999999999,205682.95619296373,199696.49504474254,58817.043807036156,64803.50495525735
267500.00000000006,413573.96383012785,425858.86881270265,-146073.9638301278,-158358.8688127026
106930.00000000007,211360.79161766949,220582.91984057394,-104430.79161766941,-113652.91984057387
225000.00000000015,349790.2383996105,326207.97220036626,-124790.23839961036,-101207.97220036612
320999.9999999999,364279.3241210218,364472.73373541393,-43279.3241210219,-43472.73373541405
235000.0,233862.73052991345,223779.0742775176,1137.269470086554,11220.92572248241
607999.9999999998,304910.8348388018,323282.96091685886,303089.16516119795,284717.0390831409
272999.9999999998,296276.6668133362,303292.96368923585,-23276.66681333637,-30292.96368923603
269899.99999999977,271987.2987101718,283062.9446615664,-2087.2987101720064,-13162.944661566638
435000.0,442276.8065400691,431602.8361664547,-7276.806540069112,3397.163833545288
1018499.9999999994,344903.18072600814,373008.58538156265,673596.8192739913,645491.4146184367
235399.99999999985,187329.6294383735,182626.79651697743,48070.37056162636,52773.20348302243
749999.9999999998,472104.12685049244,537827.9253146118,277895.87314950733,212172.074685388
440000.0000000002,440947.4026099697,416336.254804592,-947.4026099695475,23663.745195408177
463000.0000000004,244186.33014525814,254722.09752626438,218813.66985474227,208277.90247373603
57000.000000000044,140329.38136498575,128891.19294925545,-83329.3813649857,-71891.1929492554
156499.99999999985,173182.27353726586,171255.01051259425,-16682.27353726601,-14755.010512594396
898560.0000000007,996180.3855893703,1305711.3192526156,-97620.38558936957,-407151.31925261486
131950.0000000001,157660.86272803077,159299.75486200527,-25710.862728030683,-27349.754862005182
148730.00000000012,205135.2235493641,202324.43316547794,-56405.22354936399,-53594.43316547782
299900.0,212774.58993339454,210651.16957802558,87125.41006660546,89248.83042197442
364000.00000000006,395438.4497775633,379483.3796514755,-31438.44977756322,-15483.379651475465
249899.9999999999,341888.8315901239,341857.46104940627,-91988.83159012397,-91957.46104940635
84999.99999999996,147055.31244314788,148218.83226707266,-62055.31244314792,-63218.83226707271
509999.9999999998,296637.59137246065,312425.7511772771,213362.40862753917,197574.2488227227
324999.9999999999,279967.5623086464,287706.89602534944,45032.437691353494,37293.10397465044
208000.00000000003,201395.66792172965,205022.09175975886,6604.332078270381,2977.908240241173
237000.00000000003,211809.26370903163,214328.66569446964,25190.7362909684,22671.334305530385
321999.99999999994,515920.3509409982,531066.4910770972,-193920.35094099824,-209066.4910770973
184000.00000000015,180336.76050768577,179628.9286925969,3663.239492314373,4371.071307403239
213000.00000000015,309325.6886948385,318526.8126211691,-96325.68869483835,-105526.81262116894
178999.99999999994,200291.7700850639,211083.34532194264,-21291.770085063967,-32083.345321942703
162000.00000000012,230743.96115352277,230771.77612925036,-68743.96115352266,-68771.77612925024
940000.0000000006,897726.8096164363,944548.9014318205,42273.19038356433,-4548.90143181989
590000.0000000003,297922.96737158706,300519.34406488604,292077.0326284133,289480.6559351143
199999.99999999997,348482.4185365446,337092.94151975587,-148482.41853654463,-137092.9415197559
85500.00000000006,135471.25293365796,136355.07226357918,-49971.2529336579,-50855.07226357912
205999.99999999988,274051.1486987019,261257.3182253729,-68051.14869870199,-55257.31822537302
67999.99999999999,136571.31219175272,139449.55418213943,-68571.31219175273,-71449.55418213944
333199.9999999999,654705.8916137244,665339.2032070415,-321505.8916137245,-332139.2032070416
297999.9999999998,303621.5719035318,299501.6146406532,-5621.5719035319635,-1501.6146406533662
138000.00000000006,213967.92392340617,213616.73862930457,-75967.92392340611,-75616.73862930451
228000.00000000003,176656.78592716967,179824.19601127694,51343.214072830364,48175.803988723084
352999.9999999998,358410.6981546484,372500.830126386,-5410.698154648591,-19500.830126386194
568999.9999999995,635110.4478756408,681066.437417498,-66110.44787564129,-112066.43741749844
669999.9999999998,449189.3186262301,469359.0756389521,220810.68137376965,200640.92436104768
249000.00000000006,247812.0216178256,248314.57712707756,1187.9783821744495,685.4228729224997
269899.99999999977,226863.51121008693,223315.02693566465,43036.48878991284,46584.97306433512
144000.0,189980.8576589598,190076.12572318237,-45980.85765895981,-46076.12572318237
428000.00000000023,370457.3154400265,396313.46796059376,57542.68455997371,31686.532039406477
529000.0,334285.20770494465,331232.4519326695,194714.79229505535,197767.5480673305
440000.0000000002,559045.5104372948,560524.7379353688,-119045.51043729467,-120524.73793536861
171000.00000000012,220477.9333666605,212983.91979066856,-49477.93336666038,-41983.91979066844
110500.00000000001,144934.4538476601,139371.5156756627,-34434.45384766009,-28871.515675662682
413000.00000000006,347505.52842564153,343272.9051302515,65494.471574358526,69727.09486974857
213000.00000000015,242887.47558327997,266958.0908787187,-29887.475583279826,-53958.09087871856
332000.0,291235.02376757265,280880.233838987,40764.97623242735,51119.76616101299
134999.99999999997,202071.77002581212,189587.82107849707,-67071.77002581215,-54587.8210784971
414000.00000000023,288655.7314452475,286983.6138783053,125344.26855475275,127016.38612169493
283000.0000000001,276305.8422445368,277710.4148662479,6694.157755463326,5289.585133752204
364999.99999999977,785789.1144028943,783262.9279751575,-420789.1144028945,-418262.92797515774
178999.99999999994,179975.94792172225,173342.8085118404,-975.9479217223125,5657.191488159529
407000.0000000001,648740.5771953998,659266.0293660819,-241740.57719539967,-252266.0293660818
1640000.0000000002,944943.527037292,1034404.4035261214,695056.4729627082,605595.5964738788
1454999.9999999988,536376.9591300439,556508.687453541,918623.040869955,898491.3125464579
273699.99999999977,420976.07788617327,415702.87167989265,-147276.0778861735,-142002.87167989288
468000.0000000003,246620.08531989375,254909.8842770801,221379.91468010654,213090.1157229202
189999.9999999999,175167.20416120265,170038.26029339625,14832.795838797261,19961.739706603665
205000.0,305360.5294361455,313388.18819807156,-100360.5294361455,-108388.18819807156
145000.00000000012,238329.4648899771,253330.98008734008,-93329.46488997698,-108330.98008733997
809999.9999999995,377767.0230038568,393139.58367455174,432232.9769961427,416860.4163254478
998999.9999999995,480855.29498941964,498612.4786443005,518144.7050105799,500387.52135569905
275000.0000000002,315425.6981038508,317596.1780853193,-40425.69810385065,-42596.178085319116
219999.99999999983,440833.3895815498,425950.58088405465,-220833.38958154997,-205950.58088405483
739579.9999999997,340978.970192144,370337.2235748052,398601.02980785567,369242.77642519446
289999.9999999999,365678.1194232246,370516.76803175965,-75678.1194232247,-80516.76803175977
377999.99999999994,669287.7827311433,703132.4501450612,-291287.78273114335,-325132.4501450613
275000.0000000002,338808.6241976119,341259.3893763226,-63808.6241976117,-66259.38937632245
271999.9999999999,197373.26335022238,204442.77152903785,74626.73664977751,67557.22847096203
66800.00000000004,222670.8191393754,218728.23275127684,-155870.81913937535,-151928.2327512768
441000.00000000006,273164.2859621115,273504.3103037096,167835.71403788857,167495.68969629047
395000.00000000035,815654.4747115825,856242.1373898218,-420654.4747115822,-461242.13738982147
233955.00000000017,153168.7915232877,155423.9512291021,80786.20847671246,78531.04877089808
104999.99999999997,195989.12026240485,193610.60371415794,-90989.12026240487,-88610.60371415797
667000.0000000002,290584.02388185385,303046.2788957178,376415.9761181464,363953.7211042824
80000.0,130850.58106063092,133982.64541162443,-50850.581060630924,-53982.64541162443
379600.0000000001,202598.44386239134,203452.9393676882,177001.55613760877,176147.0606323119
432989.9999999997,284122.785982579,294077.7158723364,148867.21401742072,138912.2841276633
288999.9999999999,208948.63630215282,215820.1136495812,80051.36369784706,73179.88635041867
162999.99999999988,188344.9858131748,189782.89467122694,-25344.98581317492,-26782.894671227055
490000.0,615103.2081353687,612187.0764651108,-125103.20813536865,-122187.07646511076
463600.00000000023,321255.88402422675,343760.9137959603,142344.1159757735,119839.08620403992
127500.00000000001,204279.57658036525,189412.92484428157,-76779.57658036523,-61912.92484428156
362899.99999999994,443430.79965671065,447745.79894085356,-80530.7996567107,-84845.79894085362
313500.00000000006,223974.44898957314,227326.45785636862,89525.55101042692,86173.54214363144
1495000.000000001,953351.4658447442,1012575.7506891151,541648.5341552567,482424.2493108858
281999.99999999994,173076.18625042637,172566.13135564464,108923.81374957357,109433.8686443553
217049.9999999999,322757.2562009964,335642.611661672,-105707.25620099649,-118592.6116616721
575000.0000000001,277633.15624804277,289733.99267863255,297366.84375195735,285266.00732136756
134999.99999999997,208214.005515699,208406.48697904265,-73214.00551569904,-73406.48697904267
257000.00000000015,217574.12487250645,214963.80967390366,39425.875127493695,42036.19032609649
433999.99999999965,401887.78100273566,415319.3567022755,32112.21899726399,18680.643297724135
233000.0000000001,293714.3634202626,306610.04378043464,-60714.363420262496,-73610.04378043456
243000.00000000003,294484.3326593574,289619.9047076965,-51484.33265935737,-46619.90470769649
1090000.0000000002,759670.3013057009,819419.1436918523,330329.6986942993,270580.8563081479
498999.9999999996,964966.0091892258,1013779.7896709085,-465966.00918922626,-514779.7896709089
188999.99999999988,194327.53155297582,192168.77881791955,-5327.531552975939,-3168.778817919665
273999.99999999994,267197.17621796636,266448.03468549624,6802.823782033578,7551.965314503701
125600.00000000009,133001.53529551515,126361.74589655008,-7401.535295515059,-761.7458965499973
343999.99999999977,347137.41491613444,350297.5133352801,-3137.4149161346722,-6297.513335280353
449999.99999999994,172680.39551509713,166316.56003861042,277319.6044849028,283683.4399613895
171438.0,227015.7857627072,231348.94653299052,-55577.78576270721,-59910.94653299052
369999.99999999977,356130.74915808486,344459.24040187337,13869.250841914909,25540.759598126402
100000.00000000004,183547.6515338937,176252.95076661507,-83547.65153389364,-76252.95076661503
129000.0000000001,135723.5036203792,136354.06971386727,-6723.503620379095,-7354.069713867168
710000.0,405565.73630497535,394851.5836386226,304434.26369502465,315148.4163613774
118999.99999999993,194323.14802404583,203116.05412191816,-75323.1480240459,-84116.05412191823
655199.9999999995,1690000.0,1690000.0,-1034800.0000000005,-1034800.0000000005
225000.00000000015,148825.31313966087,149409.21921343057,76174.68686033928,75590.78078656958
95999.99999999996,161157.34621399778,159644.11299503097,-65157.34621399782,-63644.11299503101
151000.00000000006,178302.9778024791,182758.40355806766,-27302.97780247903,-31758.4035580676
438959.99999999994,349129.9453987437,390674.1943598361,89830.05460125627,48285.80564016383
789000.0000000007,725902.1237331694,740248.5331714976,63097.8762668313,48751.466828503064
272999.9999999998,386084.55632619164,414453.8424604856,-113084.55632619181,-141453.84246048576
217980.0000000001,359641.3325096721,361970.6490650517,-141661.332509672,-143990.6490650516
214000.00000000017,204208.0676755372,200958.42203015453,9791.932324462978,13041.577969845646
335499.9999999999,163314.1994886279,161224.13110262225,172185.80051137198,174275.86889737763
230000.0000000001,349007.5330895657,361030.33312448225,-119007.53308956561,-131030.33312448216
759999.9999999999,839734.0825308441,897585.9109237506,-79734.08253084426,-137585.91092375072
246399.9999999998,216887.65956275034,209130.53391958497,29512.340437249455,37269.46608041483
250560.0000000001,551566.8055723337,562261.4544492048,-301006.80557233363,-311701.4544492047
385000.00000000023,583755.7927057778,648476.9871759886,-198755.79270577757,-263476.9871759884
238000.0,165603.70847783732,161227.4082803946,72396.29152216268,76772.5917196054
171199.99999999985,127911.69860080646,119971.16211305544,43288.3013991934,51228.83788694441
396999.9999999998,435459.04090790334,420241.84958700446,-38459.040907903516,-23241.84958700463
435000.0,364281.70269810775,374120.3718005131,70718.29730189225,60879.62819948688
913999.9999999998,365474.6679681768,386439.9954734918,548525.332031823,527560.004526508
131999.9999999999,166346.03514625176,162038.7065065431,-34346.035146251845,-30038.70650654318
362999.9999999999,258979.07818058314,260850.90083045358,104020.92181941675,102149.0991695463
388500.0,284174.5187733581,286359.2099143716,104325.48122664192,102140.7900856284
475999.9999999996,393937.62154794444,408936.06580735306,82062.37845205516,67063.93419264653
1490000.0000000002,966128.091312393,1034901.4484147948,523871.90868760727,455098.5515852055
330000.0000000001,304397.965941645,309771.60915142583,25602.034058355144,20228.390848574287
739999.9999999999,409552.472602458,418713.95905733976,330447.5273975419,321286.0409426601
339000.00000000023,335390.2189288665,344345.7525856888,3609.781071133737,-5345.752585688548
223599.99999999997,206395.67538950095,221838.26047879073,17204.324610499025,1761.7395212092379
122000.00000000003,253045.5600755213,253024.75248173543,-131045.56007552127,-131024.7524817354
929999.9999999993,318332.36226199096,319959.1058347459,611667.6377380083,610040.8941652534
524500.0,589880.4716481089,590438.4451413279,-65380.47164810891,-65938.44514132792
198000.00000000006,291711.18909231306,307766.4379427708,-93711.189092313,-109766.43794277072
575000.0000000001,493002.3850760005,502818.7415042232,81997.61492399964,72181.25849577691
86000.00000000001,104962.226136569,100388.92652445585,-18962.226136568992,-14388.926524455834
244999.99999999997,555818.0883235683,550802.4752834203,-310818.08832356834,-305802.4752834203
148000.00000000015,112329.43182688532,106605.39426216332,35670.56817311482,41394.60573783683
346000.0,596942.260815849,652094.8826227908,-250942.26081584895,-306094.88262279076
210000.0,361617.66842797276,353185.1981102547,-151617.66842797276,-143185.1981102547
339000.00000000023,384373.3959132137,380549.2202194736,-45373.39591321349,-41549.220219473355
315000.0000000002,187812.07149655264,188273.80841521872,127187.92850344753,126726.19158478145
363699.99999999994,344654.61368207895,366756.3858903641,19045.386317920987,-3056.3858903641813
780000.0000000001,946394.3006636855,964483.7914107731,-166394.30066368543,-184483.79141077294
332000.0,256597.97555140386,251616.58567290546,75402.02444859614,80383.41432709454
133000.00000000012,212601.6365261686,203114.92211750097,-79601.63652616847,-70114.92211750086
73999.99999999997,182800.0134864128,179398.34191940157,-108800.01348641282,-105398.3419194016
925000.0000000007,847217.4087273204,847739.5562411827,77782.59127268032,77260.44375881797
608999.9999999999,380814.2541960026,392426.9033824596,228185.74580399727,216573.0966175403
449999.99999999994,390748.2078002651,395830.7991982606,59251.79219973483,54169.20080173935
488999.9999999996,385552.23055467376,400597.6886509601,103447.76944532583,88402.31134903949
1249999.999999999,755731.503242748,778653.0834906847,494268.4967572511,471346.9165093143
369999.99999999977,293229.5012299541,290323.65272211184,76770.49877004564,79676.34727788792
376899.9999999999,235690.60876151815,258255.0450047203,141209.39123848174,118644.95499527958
167499.99999999997,203295.23950140635,214613.1230850832,-35795.23950140638,-47113.123085083236
95000.00000000001,102134.71411973359,102344.41408891421,-7134.714119733573,-7344.4140889142
109999.99999999991,273979.90756370034,279881.42313545966,-163979.90756370043,-169881.42313545974
485999.9999999996,522414.81988737715,543060.1379220751,-36414.819887377555,-57060.13792207552
925000.0000000007,531431.7453775374,528522.2441602307,393568.25462246325,396477.75583976996
741000.0000000006,654779.0637564313,713572.9260715339,86220.93624356925,27427.07392846665
238499.99999999985,242509.21263023998,247302.0942228893,-4009.2126302401302,-8802.094222889456
199131.0,191315.55526083283,197157.7456350061,7815.444739167171,1973.2543649938889
265000.00000000006,263241.46877034,268870.0036799296,1758.5312296600314,-3870.003679929534
116000.0000000001,156900.27009469274,154517.8708851723,-40900.270094692634,-38517.870885172204
585000.0000000003,427653.8252718677,409776.5114671735,157346.17472813267,175223.48853282683
219999.99999999983,201687.4517204978,203623.79583560012,18312.54827950202,16376.204164399707
283000.0000000001,200493.691480452,200919.07159067458,82506.30851954813,82080.92840932554
228360.00000000006,240463.01859706314,250030.92610599444,-12103.018597063085,-21670.926105994382
279000.0000000001,461979.49684025033,475410.05690247484,-182979.4968402502,-196410.05690247472
240000.00000000003,361577.9956688223,360359.97878787626,-121577.99566882229,-120359.97878787623
425899.99999999977,782528.0592931731,782985.616187456,-356628.05929317337,-357085.6161874562
181899.99999999988,143985.9713391323,142381.0005385837,37914.028660867596,39518.999461416184
899999.9999999995,1074417.1727880388,1374981.4427930634,-174417.17278803932,-474981.4427930638
197900.0000000001,244371.71580627645,254053.6175811205,-46471.71580627636,-56153.6175811204
590000.0000000003,416140.08566639986,461046.9297522768,173859.9143336005,128953.07024772355
219999.99999999983,323313.06759886985,321172.5130345369,-103313.06759887002,-101172.51303453709
294999.9999999998,333631.96794118494,360987.29020710354,-38631.96794118511,-65987.29020710371
284999.99999999994,223897.0499687121,229734.0977274669,61102.95003128785,55265.90227253304
37975.000000000015,75502.71980807399,75910.44049637731,-37527.719808073976,-37935.4404963773
334999.9999999998,304374.29364504304,299203.9554512613,30625.706354956783,35796.044548738515
225999.9999999998,254103.49239656152,255263.47072891172,-28103.49239656172,-29263.470728911925
134999.99999999997,193333.84896770143,200900.2927767663,-58333.84896770146,-65900.29277676632
178999.99999999994,98391.36417933584,98004.18656111036,80608.6358206641,80995.81343888959
217999.99999999988,165791.9836100185,162530.39426533386,52208.01638998138,55469.60573466602
1495000.000000001,991830.5027863042,1015542.9137205536,503169.4972136967,479457.0862794473
704999.9999999995,698337.1244785131,732190.5528699857,6662.875521486392,-27190.55286998616
76499.99999999996,129915.04366091873,125186.51956425876,-53415.043660918775,-48686.51956425881
340499.99999999994,492680.37037325546,545605.8550219871,-152180.37037325552,-205105.85502198717
139000.00000000003,323385.6197823321,329262.54046412074,-184385.61978233207,-190262.5404641207
695000.0,727636.8446732304,789872.4030848712,-32636.84467323043,-94872.40308487124
235000.0,266056.5633440361,261301.16846196156,-31056.563344036113,-26301.168461961555
480500.0000000003,398414.81976210914,404530.59198005864,82085.18023789115,75969.40801994165
85500.00000000006,108341.19713402334,104409.92984638887,-22841.197134023285,-18909.92984638881
695000.0,979098.0779657874,929603.0601097915,-284098.0779657874,-234603.06010979146
372750.0000000003,232247.68614842868,225335.5642167063,140502.3138515716,147414.435783294
210000.0,197841.81377816122,190008.2081654859,12158.186221838783,19991.791834514093
169000.00000000012,190452.51196707628,193067.13638893346,-21452.511967076163,-24067.136388933344
37000.00000000001,146280.58994401598,150374.237338652,-109280.58994401598,-113374.23733865199
155149.99999999988,283698.58245736454,293809.09171298164,-128548.58245736465,-138659.09171298175
210000.0,186282.71247162475,178366.36961613948,23717.28752837525,31633.630383860524
654000.0000000002,784761.8560580463,843210.8310125782,-130761.8560580461,-189210.83101257798
580999.9999999998,393472.53779099084,411556.7197109711,187527.46220900893,169443.28028902865
238374.99999999985,204165.08636057045,211885.8436014404,34209.913639429404,26489.156398559455
175900.0000000001,206538.5040197642,214153.27384400886,-30638.504019764106,-38253.27384400877
610000.0000000005,367081.11210705835,370994.992785683,242918.88789294212,239005.00721431745
189999.9999999999,201570.3830554307,203462.61767996306,-11570.383055430779,-13462.61767996315
530000.0000000003,311334.3189086668,318265.85301835363,218665.68109133356,211734.1469816467
240350.00000000012,258873.4752493866,267861.7608698495,-18523.47524938648,-27511.760869849357
926999.9999999994,315756.9613371717,338056.50711434893,611243.0386628277,588943.4928856505
198000.00000000006,284614.5812473232,277655.74866353703,-86614.58124732313,-79655.74866353697
689999.9999999995,437287.7194724575,461502.1086066163,252712.28052754205,228497.8913933832
161000.00000000006,502428.5547269168,505320.014453607,-341428.5547269167,-344320.0144536069
532000.0000000002,581958.5415796676,555474.4842953433,-49958.54157966736,-23474.48429534305
567000.0000000005,401825.77580948785,416001.8656283741,165174.2241905126,150998.13437162637
264000.00000000006,203601.6667885266,200053.925646659,60398.33321147345,63946.07435334107
150000.00000000006,117711.57700249019,113361.09028338631,32288.42299750987,36638.90971661375
278000.0000000002,222619.4416351856,226585.472192668,55380.558364814584,51414.52780733217
153999.99999999988,289627.6313233839,290980.8853183462,-135627.631323384,-136980.88531834632
369640.00000000023,283414.8015368766,284832.9602958979,86225.19846312364,84807.03970410232
329000.0000000003,193245.45384777623,195856.47510098742,135754.54615222407,133143.52489901287
294000.0000000001,268813.04227742035,269414.9968163027,25186.95772257977,24585.00318369741
261999.99999999994,379993.0225726769,386642.67817655625,-117993.02257267694,-124642.6781765563
1499999.9999999986,407552.68122314586,436366.60927294724,1092447.3187768527,1063633.3907270513
540000.0000000001,612712.9970855472,666113.2691821064,-72712.99708554707,-126113.26918210625
348000.0000000002,351183.24242843495,343368.84983921965,-3183.24242843478,4631.150160780526
177650.00000000015,168606.93734974985,164164.22453833398,9043.0626502503,13485.77546166617
326000.0,337336.84565791563,343473.89066967374,-11336.845657915634,-17473.89066967374
210999.99999999994,175587.90730948112,174937.00947665446,35412.092690518824,36062.99052334548
84999.99999999996,86375.16676770213,84850.10766064971,-1375.166767702176,149.89233935024822
185000.00000000006,342000.83169119613,335006.8135065002,-157000.83169119607,-150006.81350650016
125999.99999999993,177291.91171650784,170505.9761983094,-51291.91171650791,-44505.976198309465
190799.99999999994,267294.1791249674,275830.3536597056,-76494.17912496749,-85030.35365970567
461999.9999999998,329321.62474152097,326999.3990630695,132678.37525847886,135000.60093693034
259000.0,203495.48777945476,199238.6232791224,55504.512220545235,59761.3767208776
495000.0000000004,778600.4819154957,937131.1875842842,-283600.4819154953,-442131.1875842838
229000.00000000006,207426.20589984546,209609.23276194444,21573.7941001546,19390.767238055618
270000.00000000006,318770.97736249445,316566.5447762637,-48770.97736249439,-46566.54477626365
113999.99999999996,107252.58996387511,98542.52913073187,6747.410036124842,15457.470869268087
95400.00000000003,124083.55774662299,119927.20788225695,-28683.55774662296,-24527.207882256916
75000.00000000004,106748.28028340467,107329.25981870659,-31748.28028340463,-32329.259818706545
49000.00000000002,129033.82429853524,125290.17059698176,-80033.82429853521,-76290.17059698174
310000.0000000002,180249.4004858864,181891.2813804122,129750.59951411377,128108.71861958798
289999.9999999999,382840.68408871454,358655.5592644498,-92840.68408871465,-68655.55926444993
342000.0000000002,329779.58658484207,330565.8276839566,12220.41341515811,11434.17231604358
590000.0000000003,860179.738304307,892722.0631197109,-270179.73830430664,-302722.06311971054
1050000.0000000007,420815.2913212156,424062.3530316126,629184.708678785,625937.6469683881
206999.99999999994,262835.76865847525,271363.503944108,-55835.76865847531,-64363.50394410803
153992.0,232718.32733304705,231351.6664319253,-78726.32733304705,-77359.66643192529
259999.9999999998,255338.14963546404,253451.02851273373,4661.850364535756,6548.97148726607
155000.00000000012,207229.12728881542,199908.9576116726,-52229.1272888153,-44908.95761167249
150000.00000000006,197908.83588384755,195707.02670154895,-47908.835883847496,-45707.02670154889
399999.9999999999,229197.02353714194,229118.88581829102,170802.97646285794,170881.11418170886
210999.99999999994,232250.3463111135,234668.49315753524,-21250.346311113564,-23668.493157535297
183000.00000000012,187573.87311434073,194109.04526556892,-4573.8731143406185,-11109.045265568799
339999.99999999994,303978.32911287056,326868.8028019145,36021.67088712938,13131.197198085429
365999.9999999997,230235.13598577818,234855.03753930202,135764.86401422153,131144.9624606977
490000.0,509098.9702947071,518816.7119572147,-19098.970294707105,-28816.71195721469
1400000.0000000007,643893.3060688472,639058.0659064747,756106.6939311535,760941.934093526
288999.9999999999,215275.32693412885,226571.26390280953,73724.67306587103,62428.736097190354
343000.00000000006,226080.5465735481,220665.04191157556,116919.45342645195,122334.9580884245
228974.99999999983,272806.7966850195,278940.03556827386,-43831.79668501968,-49965.035568274034
84999.99999999996,170355.63172504152,170755.5523563026,-85355.63172504156,-85755.55235630264
84000.00000000003,137794.5851685348,138668.60442477712,-53794.58516853477,-54668.60442477709
495000.0000000004,556099.2321674798,583829.4601327487,-61099.23216747941,-88829.4601327483
54200.0,117257.22562738332,118678.34771778094,-63057.22562738332,-64478.34771778094
228000.00000000003,267485.485162401,272135.32101123274,-39485.48516240096,-44135.32101123271
126999.99999999991,176046.51271884498,181936.46314751465,-49046.51271884507,-54936.46314751473
160500.00000000003,208538.41189464423,205532.78305182655,-48038.4118946442,-45032.783051826525
217300.00000000003,279840.27522859746,270178.6013247228,-62540.27522859743,-52878.60132472278
749999.9999999998,354350.3902407322,366565.6610527224,395649.6097592676,383434.33894727734
329000.0000000003,495742.66339335585,499920.3815897538,-166742.66339335556,-170920.3815897535
134999.99999999997,218950.7727746421,219369.3368652521,-83950.77277464213,-84369.33686525212
1299999.9999999993,1038602.8967351351,1128265.620764508,261397.10326486418,171734.3792354914
262500.00000000023,273648.5330452392,288302.7846705385,-11148.53304523899,-25802.78467053827
499990.00000000023,608271.9886906322,610039.4277878738,-108281.98869063193,-110049.42778787354
173999.99999999997,271958.9108492792,278284.56930555584,-97958.91084927923,-104284.56930555587
124999.9999999999,177159.1285655349,170878.34895573257,-52159.12856553499,-45878.34895573267
186000.00000000012,164501.71118690126,161987.0263825656,21498.288813098858,24012.97361743453
397999.99999999977,355310.6071953581,347026.5162923379,42689.392804641684,50973.48370766186
426000.0000000002,235663.1224928438,229017.14220072274,190336.87750715637,196982.85779927744
133000.00000000012,93534.03930759321,90362.4323111568,39465.96069240691,42637.56768884332
398999.99999999977,192391.79446085502,194688.42597499245,206608.20553914475,204311.5740250073
324899.99999999977,498430.40311702486,489684.4060127205,-173530.4031170251,-164784.40601272072
549999.9999999998,240359.05597242547,246034.60685684756,309640.94402757427,303965.39314315224
297000.0000000002,309142.14619047183,317036.85729330074,-12142.146190471656,-20036.857293300563
359000.00000000023,243385.03576305474,250035.45732771562,115614.9642369455,108964.54267228462
369999.99999999977,358464.57814007363,355303.8059275658,11535.421859926137,14696.19407243398
96999.99999999999,255503.36219303947,243770.08447846648,-158503.3621930395,-146770.08447846648
125999.99999999993,129474.71100274984,125659.80183798465,-3474.7110027499148,340.1981620152801
364000.00000000006,228382.37092604153,225956.7251142613,135617.62907395852,138043.27488573876
189900.00000000015,139763.85795325824,140119.43913863675,50136.14204674191,49780.560861363396
249000.00000000006,162872.86354437785,164340.09786132252,86127.13645562221,84659.90213867754
371000.00000000006,598485.0693611045,633679.9578606305,-227485.06936110446,-262679.9578606304
131999.9999999999,175443.14360146254,174668.53069463198,-43443.14360146262,-42668.53069463206
228000.00000000003,129299.99678251297,133678.69760319853,98700.00321748706,94321.3023968015
199499.99999999994,261871.52113252602,263427.2086704109,-62371.521132526075,-63927.20867041097
116499.99999999991,170962.0838386032,171335.62992162845,-54462.083838603285,-54835.62992162854
243800.0,221874.6466885232,219283.27710566748,21925.353311476792,24516.722894332517
338599.9999999998,439053.1570462382,472801.989729628,-100453.15704623837,-134201.9897296282
435000.0,390607.929249879,399905.944306227,44392.07075012103,35094.05569377303
1090000.0000000002,549988.2594241406,542951.2743291098,540011.7405758597,547048.7256708904
84999.99999999996,124263.67534629848,120061.39761777564,-39263.67534629852,-35061.397617775685
1290000.0000000007,550351.5675733804,567319.9692902316,739648.4324266203,722680.0307097691
611400.0,340441.2318614998,338210.1893229763,270958.7681385002,273189.8106770237
319899.99999999994,258657.64813341608,248834.64548960485,61242.351866583864,71065.35451039509
200999.99999999997,204947.36142029054,196860.8521521188,-3947.3614202905737,4139.147847881162
630000.0000000006,300394.67690984206,301172.8749744691,329605.3230901585,328827.1250255315
249120.00000000003,288700.3326962757,296192.8601679942,-39580.3326962757,-47072.86016799419
249000.00000000006,285770.54449211876,298708.81621803524,-36770.5444921187,-49708.81621803518
297999.9999999998,136154.099477764,130875.36677767028,161845.90052223584,167124.63322232955
199999.99999999997,201394.75371839176,199674.3325227114,-1394.7537183917884,325.66747728857445
122925.00000000009,153731.08485938166,157840.23170587863,-30806.084859381575,-34915.23170587854
214000.00000000017,201879.2933900122,200257.9144960634,12120.706609987974,13742.085503936774
261000.00000000012,181334.11690360415,180818.48906049164,79665.88309639596,80181.51093950847
497120.00000000035,576841.5610980529,608109.5267248187,-79721.56109805254,-110989.5267248184
409999.9999999997,444172.520223321,471877.8806557724,-34172.52022332128,-61877.88065577269
95000.00000000001,118279.17218045678,111753.6163679103,-23279.172180456764,-16753.61636791029
242122.0,351573.03021017235,362302.3668575309,-109451.03021017235,-120180.3668575309
1190000.0000000002,1484703.2075330932,1690000.0,-294703.20753309294,-499999.99999999977
360000.0000000001,359150.92135240376,366439.83292283525,849.0786475963541,-6439.832922835136
86000.00000000001,97970.54043436363,94854.25869224861,-11970.540434363618,-8854.258692248593
55499.99999999996,161849.95520271888,162219.5787480017,-106349.9552027189,-106719.57874800172
850000.0000000005,352359.9438246637,364092.2710940127,497640.05617533677,485907.72890598775
658999.9999999997,198927.55880514297,202874.18895574904,460072.44119485666,456125.8110442506
128199.99999999996,166057.82119216846,159481.95269945753,-37857.8211921685,-31281.95269945757
254000.0000000002,328167.0726300751,332914.6268741748,-74167.0726300749,-78914.6268741746
232399.99999999988,145853.8563213442,149700.63564291515,86546.14367865567,82699.36435708473
468999.9999999998,372536.3750531812,372288.00082169083,96463.62494681863,96711.999178309
189999.9999999999,265648.5741363376,266313.3780291489,-75648.5741363377,-76313.378029149
422000.00000000006,377115.9756964934,407134.1102393247,44884.02430350665,14865.889760675374
229499.99999999997,208151.29070482377,208017.54885368454,21348.709295176202,21482.451146315434
320000.00000000006,384277.88391116395,406853.8385672115,-64277.883911163895,-86853.83856721147
279575.00000000023,227521.8981948959,226737.80503194995,52053.10180510432,52837.19496805029
112999.99999999993,170460.16073103863,174032.72635052135,-57460.160731038704,-61032.72635052142
159999.99999999997,158522.6954280408,159645.66748024922,1477.304571959161,354.3325197507511
214000.00000000017,147451.2641190625,147710.54018248976,66548.73588093766,66289.45981751042
195000.00000000006,342749.2335428051,361100.20868657285,-147749.233542805,-166100.2086865728
395000.00000000035,294330.4873511435,274633.0067513548,100669.51264885685,120366.99324864557
321775.0000000002,287018.78211040725,287210.4255489162,34756.217889592925,34564.57445108396
585000.0000000003,262852.1026656401,261932.99946327865,322147.8973343602,323067.00053672167
235000.0,272999.0861478214,296587.9719087247,-37999.08614782139,-61587.97190872469
75000.00000000004,125080.02405551865,120760.94733068309,-50080.0240555186,-45760.94733068305
188999.99999999988,228357.19557646624,230196.16999865675,-39357.19557646636,-41196.16999865687
124999.9999999999,131609.42198237462,132613.07243216448,-6609.421982374726,-7613.072432164583
231999.99999999997,194348.31672157458,200679.7113269444,37651.68327842539,31320.288673055562
441000.00000000006,442636.50432299374,483992.71245352254,-1636.5043229936855,-42992.71245352249
336000.00000000006,295267.9257908308,302989.38709118264,40732.07420916925,33010.61290881742
297999.9999999998,290584.5945863599,276642.9212722397,7415.405413639906,21357.07872776012
637000.0000000003,367022.62991988804,389787.7773755914,269977.3700801123,247212.22262440895
491000.0000000004,458380.63444281754,476620.72864388453,32619.36555718287,14379.271356115874
241000.00000000003,241963.1126003887,234844.63836445595,-963.1126003886748,6155.361635544075
698999.9999999995,522908.5205851907,526597.340528222,176091.47941480885,172402.6594717775
116499.99999999991,165062.9795655255,161539.4933689687,-48562.97956552557,-45039.493368968775
312000.0000000001,267013.7811683923,281093.82568842015,44986.21883160784,30906.17431157996
162999.99999999988,179323.46571076137,171761.62645630163,-16323.465710761491,-8761.626456301747
175000.00000000012,287349.350083233,289764.69150981336,-112349.35008323286,-114764.69150981324
1450000.0000000002,867560.8487154703,903382.8567590961,582439.15128453,546617.1432409041
187500.0,114557.15964035134,119968.19392577387,72942.84035964866,67531.80607422613
107000.00000000003,229467.04860269377,232341.5924019456,-122467.04860269374,-125341.59240194559
780000.0000000001,610282.10065296,636326.7665287526,169717.8993470401,143673.23347124748
269000.0,227167.76493135205,225957.54599522075,41832.23506864795,43042.454004779254
832000.0000000006,442043.575619072,477338.98557958513,389956.42438092857,354661.01442041545
674999.9999999998,607733.8290182457,635158.796408173,67266.17098175408,39841.20359182672
494000.0000000004,383775.83771629,380106.6271098927,110224.16228371038,113893.37289010768
254000.0000000002,219507.36375329152,226537.36648361286,34492.63624670869,27462.633516387345
304999.99999999977,242122.40636326253,248328.6082823538,62877.593636737234,56671.39171764598
316999.9999999999,485414.784916228,461833.3545317685,-168414.7849162281,-144833.3545317686
159999.99999999997,138271.25643537522,136000.54791113175,21728.743564624747,23999.452088868216
530000.0000000003,411720.4156644033,431429.4125806678,118279.58433559706,98570.58741933253
221000.00000000006,198734.1611914836,194157.21696676308,22265.838808516448,26842.783033236978
397999.99999999977,324215.02780119726,333245.12466403435,73784.97219880251,64754.87533596542
390000.00000000035,383302.3515402419,404977.97447964275,6697.648459758435,-14977.974479642406
146999.99999999988,211131.30913541096,214075.25290402496,-64131.30913541108,-67075.25290402508
310000.0000000002,605962.215759277,578045.7492285712,-295962.2157592768,-268045.749228571
98000.00000000003,155736.57401950937,154363.33504218157,-57736.57401950934,-56363.33504218154
188999.99999999988,221168.11952703368,220271.62425322903,-32168.119527033792,-31271.62425322915
210000.0,268932.09430992976,261710.29821457996,-58932.09430992976,-51710.29821457996
348000.0000000002,310170.6944306697,298404.05129051465,37829.30556933046,49595.94870948553
154600.0,332073.74306664173,326721.6303467061,-177473.74306664173,-172121.63034670608
275000.0000000002,238366.44068893138,236114.0672679932,36633.55931106879,38885.93273200697
418999.9999999998,529359.3893440937,539615.7880633257,-110359.38934409391,-120615.78806332586
148000.00000000015,160769.56630444858,157113.80031341928,-12769.566304448439,-9113.800313419139
271000.0000000002,376292.36024523794,411743.3040521381,-105292.36024523777,-140743.30405213794
739999.9999999999,546375.2655398755,562007.3415128198,193624.7344601244,177992.65848718013
1200000.0000000005,638043.5762464583,633305.5150821243,561956.4237535421,566694.4849178762
405000.0000000001,358120.3557430759,382104.4612448981,46879.64425692422,22895.538755102025
199499.99999999994,272438.84081962146,284975.1015525751,-72938.84081962152,-85475.10155257519
235000.0,282887.91896558076,300043.9336745983,-47887.91896558076,-65043.93367459829
426000.0000000002,403627.416998852,397817.50117285596,22372.58300114819,28182.498827144213
432000.0000000001,428127.84515492315,438457.4989941134,3872.1548450769624,-6457.498994113295
255000.0000000001,306421.5542436968,311075.1478617413,-51421.55424369671,-56075.14786174122
267000.0,157199.38435342177,157459.1498173444,109800.61564657823,109540.85018265559
686399.9999999998,610276.2546186257,617095.9573402591,76123.74538137403,69304.04265974066
330000.0000000001,211183.1395693038,209430.57668638809,118816.86043069631,120569.42331361203
270000.00000000006,275256.487623291,270529.4656664774,-5256.4876232909155,-529.4656664773356
709000.0000000003,453913.45482113876,481312.2506631389,255086.5451788616,227687.74933686142
208999.99999999988,167006.4001521372,159721.8681962838,41993.59984786267,49278.131803716096
155000.00000000012,224684.1169101051,217147.68113127336,-69684.11691010499,-62147.681131273246
55000.00000000004,132978.22359200133,131934.87687853468,-77978.2235920013,-76934.87687853465
219999.99999999983,238671.87399305965,237829.94537961922,-18671.873993059824,-17829.9453796194
245575.00000000015,247940.84515794,242406.3538799306,-2365.8451579398534,3168.6461200695485
211529.99999999994,233188.98039937954,233847.28209892,-21658.980399379594,-22317.282098920055
399999.9999999999,355075.3193682226,366117.0990757294,44924.68063177727,33882.90092427051
785000.0000000006,801951.1754611334,862310.8768052751,-16951.175461132778,-77310.87680527451
446999.9999999999,606578.2376799514,670655.6792246898,-159578.23767995148,-223655.67922468996
337999.99999999977,264328.4466830701,277073.4649681197,73671.55331692967,60926.53503188008
364000.00000000006,466365.655611709,490633.11232480773,-102365.65561170893,-126633.11232480768
315000.0000000002,215051.18420032115,222278.10929159526,99948.81579967903,92721.89070840491
174499.99999999994,210282.72782207886,221302.07176054205,-35782.727822078916,-46802.07176054211
475999.9999999996,358816.6733345805,372959.4404231768,117183.3266654191,103040.5595768228
231000.0000000001,190174.54722670725,191845.58694858992,40825.45277329284,39154.41305141017
294999.9999999998,319629.2888880656,322915.16939914523,-24629.288888065785,-27915.16939914541
1600000.0000000012,1668324.064481557,1690000.0,-68324.06448155595,-89999.99999999884
233199.99999999994,162152.7776554773,171377.86519338464,71047.22234452266,61822.1348066153
261000.00000000012,146025.0976925966,141484.49317297037,114974.9023074035,119515.50682702975
385000.00000000023,450750.6894131715,417701.6122183463,-65750.68941317126,-32701.61221834604
125999.99999999993,164580.64788309974,155759.2916825443,-38580.64788309981,-29759.291682544383
229490.00000000012,293320.2056204512,303350.7222955326,-63830.20562045107,-73860.72229553247
139000.00000000003,242649.8531704583,229908.96145727925,-103649.85317045826,-90908.96145727922
92000.00000000007,161369.20649736116,160218.36146307446,-69369.20649736108,-68218.36146307438
448999.99999999994,205812.28041783327,209283.0393431421,243187.71958216667,239716.96065685785
76999.99999999997,161076.237455321,162421.59141300002,-84076.23745532104,-85421.59141300005
189999.9999999999,187528.3904081249,175842.0427282861,2471.6095918750216,14157.957271713822
79500.00000000004,139328.6426650207,132481.2588775829,-59828.64266502067,-52981.25887758286
492999.99999999965,461730.9038131537,478029.40449254867,31269.09618684597,14970.595507450984
1150000.0000000005,980187.91203099,999712.4830082436,169812.08796901046,150287.51699175686
90000.00000000001,131040.57353755436,125127.12195607246,-41040.573537554345,-35127.12195607244
247336.99999999988,162136.31522894313,163749.44761693958,85200.68477105675,83587.5523830603
149200.0000000001,310867.4158179161,313387.2609670563,-161667.41581791601,-164187.26096705624
950000.0000000008,1196564.9242398227,1326032.6259704286,-246564.92423982185,-376032.62597042776
433999.99999999965,385190.3386136493,379816.96061387664,48809.661386350344,54183.03938612301
136500.00000000006,172565.3640175306,167097.87470535093,-36065.36401753055,-30597.87470535087
1099999.9999999998,323159.59978071885,335726.71100110514,776840.400219281,764273.2889988946
540000.0000000001,441085.2826557318,452576.23357413476,98914.71734426834,87423.76642586535
165000.00000000015,597364.6698892623,646922.9082206902,-432364.6698892622,-481922.9082206901
181049.99999999985,138088.80065159657,136782.30371799564,42961.19934840329,44267.69628200421
95999.99999999996,115887.89257094926,116129.47958789665,-19887.892570949305,-20129.479587896698
1080000.0000000002,460527.0836077149,459548.0888017824,619472.9163922854,620451.9111982179
124999.9999999999,184419.28992374326,180367.74625900504,-59419.28992374336,-55367.746259005144
162999.99999999988,185500.7829182272,198291.3895292968,-22500.782918227313,-35291.389529296925
244999.99999999997,205115.72537758114,196906.35607117217,39884.27462241883,48093.643928827805
334999.9999999998,411179.2348624581,442149.6502051628,-76179.23486245825,-107149.650205163
261999.99999999994,432700.44794944307,395177.7948167668,-170700.44794944313,-133177.79481676687
124999.9999999999,275144.45905264816,271643.95339081244,-150144.45905264828,-146643.95339081256
544700.0,473643.56256913,555265.8288609879,71056.43743087002,-10565.82886098791
416000.0,290177.5218808017,293733.532829102,125822.47811919829,122266.46717089799
398999.99999999977,429394.6292628836,417730.5864984741,-30394.629262883856,-18730.586498474353
194900.00000000006,205153.45976171957,203269.06112610004,-10253.45976171951,-8369.061126099987
1429999.9999999995,863296.5875919051,890671.1669633359,566703.4124080944,539328.8330366636
196000.0000000001,189133.21871482237,185413.9591944579,6866.781285177713,10586.040805542201
956999.9999999998,638194.93443045,666004.1072350553,318805.0655695498,290995.89276494447
121000.00000000003,188298.20752487614,191788.90373704306,-67298.20752487611,-70788.90373704303
49000.00000000002,92716.93568393994,90084.95211246444,-43716.93568393992,-41084.952112464416
229000.00000000006,375020.21062584594,379643.08682135097,-146020.21062584588,-150643.0868213509
287000.0000000001,263214.819555139,268516.09423381806,23785.180444861122,18483.905766182055
244999.99999999997,258885.08037914094,248618.39346886188,-13885.08037914097,-3618.3934688619047
167999.9999999999,238280.72344732014,232209.50873822023,-70280.72344732023,-64209.50873822032
178499.99999999985,290435.2008765195,301495.5101432685,-111935.20087651964,-122995.51014326865
594999.9999999997,419337.2243779145,427862.09209848096,175662.77562208514,167137.9079015187
329900.0000000001,527813.9822354179,520118.7043834069,-197913.98223541782,-190218.7043834068
135999.99999999997,168097.81561193324,165303.79405160717,-32097.81561193327,-29303.794051607198
474999.99999999977,590838.2940440555,594452.2654658469,-115838.29404405574,-119452.2654658471
85500.00000000006,144359.9176079099,149238.23926288524,-58859.917607909854,-63738.23926288518
175000.00000000012,171690.61962212657,167650.26624653887,3309.3803778735455,7349.733753461245
191999.99999999997,288159.8966090731,284003.67646370106,-96159.89660907313,-92003.6764637011
502391.9999999998,516861.6276464899,554107.3453805584,-14469.627646490058,-51715.345380558574
185000.00000000006,273414.725677489,272214.92737392004,-88414.72567748895,-87214.92737391999
109999.99999999991,122093.717424812,118626.17052877195,-12093.717424812086,-8626.17052877204
60000.000000000015,101035.50272508021,98648.61511734122,-41035.502725080194,-38648.61511734121
294580.0,300482.71346244036,327189.0852084068,-5902.713462440355,-32609.08520840679
360000.0000000001,470754.97970567865,458164.15075165813,-110754.97970567853,-98164.15075165802
582000.0000000003,584403.114394784,615998.36053394,-2403.1143947836244,-33998.360533939674
375000.00000000006,404400.9661663076,417254.1314588943,-29400.966166307568,-42254.13145889423
474999.99999999977,406982.8147733873,424308.23377984174,68017.18522661249,50691.766220158024
468999.9999999998,551815.6270798394,563096.6886297275,-82815.62707983953,-94096.68862972764
90000.00000000001,130805.8828537942,133250.8464713822,-40805.88285379419,-43250.846471382174
320000.00000000006,250945.5682646284,252970.24131670705,69054.43173537165,67029.75868329301
682499.9999999995,220681.9049710779,239745.9282562854,461818.0950289216,442754.07174371416
320000.00000000006,326416.13815987814,332962.47164406284,-6416.138159878086,-12962.471644062782
597999.9999999998,269213.8197785087,271366.1995994181,328786.1802214911,326633.8004005817
79500.00000000004,158851.93189903328,154373.99958970715,-79351.93189903324,-74873.9995897071
156000.0,299348.58795695193,309661.99293977005,-143348.58795695193,-153661.99293977005
671000.0,620183.9477924184,685135.8421780514,50816.05220758158,-14135.84217805136
239000.00000000003,270580.72603099525,282680.3617539165,-31580.726030995225,-43680.361753916455
188999.99999999988,312835.14859221166,303714.86528877117,-123835.14859221177,-114714.86528877128
495000.0000000004,323770.0660389298,325612.45958938496,171229.9339610706,169387.54041061545
357899.9999999998,774447.9947343443,775237.9525373005,-416547.9947343445,-417337.9525373007
834999.9999999998,289550.50483881246,278240.3156900045,545449.4951611874,556759.6843099953
227540.00000000003,250332.71498986924,263753.8255431836,-22792.714989869215,-36213.82554318357
460000.0000000002,316630.49435624643,322388.2125474429,143369.50564375374,137611.7874525573
392500.0,465532.4333235005,470649.5423134884,-73032.4333235005,-78149.54231348837
284999.99999999994,412458.29582955834,414917.596754385,-127458.2958295584,-129917.59675438504
208491.99999999994,187941.4854545847,193295.188517338,20550.514545415237,15196.811482661928
239729.9999999998,263097.58681425697,281398.0044181459,-23367.58681425717,-41668.00441814613
328000.0000000002,215532.8359151586,213047.25549241816,112467.16408484158,114952.74450758201
188000.00000000012,178782.77337823322,170785.87774765177,9217.226621766895,17214.122252348345
249100.00000000017,225600.00133921157,222271.27942494926,23499.99866078861,26828.720575050917
383500.0000000002,320900.4140582906,327161.75666475506,62599.58594170958,56338.24333524512
676000.0000000001,572773.9743124716,620951.7346261402,103226.02568752854,55048.265373859904
271999.9999999999,255354.27103223832,259525.8180054395,16645.728967761563,12474.181994560378
109061.0000000001,70151.9694535482,68509.87022755084,38909.030546451904,40551.12977244926
639999.9999999998,278633.7227128209,281288.0992221831,361366.27728717885,358711.90077781666
139999.9999999999,115263.74182082366,118937.02373648602,24736.25817917625,21062.97626351389
129000.0000000001,253284.72446872233,277478.18094108126,-124284.72446872223,-148478.18094108114
375000.00000000006,235207.5462750734,242491.46375424627,139792.45372492666,132508.53624575378
794999.9999999998,400653.8222492942,387511.0793655414,394346.17775070557,407488.92063445837
354999.9999999998,363186.8132839835,376911.8544203762,-8186.813283983676,-21911.85442037636
749000.0,637806.1984923221,661213.1220517255,111193.80150767788,87786.87794827449
189900.00000000015,149485.5000654803,144240.73527380737,40414.499934519845,45659.26472619278
458999.99999999977,594365.0308893193,627842.7487934878,-135365.0308893195,-168842.74879348802
101199.99999999997,160624.34218049396,164255.07672419996,-59424.342180493986,-63055.076724199986
203999.99999999985,202141.55131198798,202064.49840606196,1858.4486880118784,1935.5015939378936
1065000.0000000005,620510.1966405646,636898.752510862,444489.8033594359,428101.2474891385
255000.0000000001,147924.846527139,143252.24838355207,107075.1534728611,111747.75161644802
279000.0000000001,445397.2155412489,422907.0336996163,-166397.2155412488,-143907.0336996162
106899.99999999994,97115.96483106744,94162.83186651174,9784.035168932503,12737.168133488201
39989.99999999999,134649.6724559081,135884.77277311418,-94659.67245590809,-95894.77277311418
95000.00000000001,152211.50909987176,149545.213167005,-57211.50909987175,-54545.21316700497
225000.00000000015,352451.7002357129,338076.2678063384,-127451.70023571278,-113076.26780633823
171999.99999999988,264110.7069435396,264412.91749463545,-92110.70694353973,-92412.91749463556
259000.0,407162.3568060326,405419.06741035654,-148162.3568060326,-146419.06741035654
235000.0,220529.57533758983,208279.130290641,14470.424662410165,26720.869709358987
82000.0,157055.0691780067,162213.25578826418,-75055.0691780067,-80213.25578826418
138000.00000000006,106627.77871279872,102737.57423676368,31372.221287201333,35262.42576323637
297999.9999999998,225019.49422591084,219406.72444613915,72980.50577408899,78593.27555386067
189999.9999999999,194790.7952230823,192545.50158439172,-4790.795223082387,-2545.501584391808
157179.99999999994,116911.97753562251,112500.87071979415,40268.02246437743,44679.12928020579
235999.9999999999,365644.9391977357,378564.4380958595,-129644.93919773577,-142564.43809585957
625000.0000000002,768067.3209718136,803555.576567288,-143067.3209718134,-178555.5765672878
357999.99999999977,508697.77517384297,489980.7622080223,-150697.7751738432,-131980.76220802253
148000.00000000015,205423.03311058925,208323.70675410138,-57423.03311058911,-60323.70675410124
78850.00000000004,124121.94100161448,116685.06035037673,-45271.94100161444,-37835.06035037669
239000.00000000003,329020.5823561381,334885.5059396067,-90020.58235613807,-95885.50593960666
127999.99999999997,255283.40695289383,247970.81845113385,-127283.40695289386,-119970.81845113388
349999.9999999997,198718.38267277152,205343.23807331506,151281.6173272282,144656.76192668465
322899.99999999977,234941.4288035985,225403.90170792508,87958.57119640126,97496.09829207469
75000.00000000004,160667.6081809521,161066.78989162692,-85667.60818095207,-86066.78989162688
364000.00000000006,267040.09304375446,267435.7905625632,96959.9069562456,96564.20943743683
188999.99999999988,203826.50631087765,201790.31095168312,-14826.506310877769,-12790.310951683234
167999.9999999999,162051.52404539599,155319.44294781826,5948.475954603928,12680.557052181655
199280.00000000003,228246.96928670365,220869.781192602,-28966.96928670362,-21589.78119260198
416000.0,268600.90601978655,284372.7093780299,147399.09398021345,131627.29062197008
145999.99999999997,159237.21577230765,152171.87199692652,-13237.215772307682,-6171.871996926551
279000.0000000001,180297.44579699065,186522.72807753718,98702.55420300947,92477.27192246294
82899.99999999997,253622.98018457566,234882.0700444297,-170722.9801845757,-151982.07004442974
156999.99999999994,245972.27094392476,250533.41210468306,-88972.27094392481,-93533.41210468311
385000.00000000023,330980.837159025,328565.4693447549,54019.162840975216,56434.530655245355
214000.00000000017,172428.07981327354,172180.04318044378,41571.92018672664,41819.95681955639
92000.00000000007,162075.95173796415,158094.106445538,-70075.95173796407,-66094.10644553792
252000.0000000001,168401.0389982324,175553.4502438014,83598.96100176769,76446.54975619868
265000.00000000006,499025.05847929354,506518.1906262146,-234025.05847929348,-241518.19062621455
468999.9999999998,423043.5622985909,419178.25236565806,45956.437701408926,49821.747634341766
188000.00000000012,360789.9313997965,373901.90003937465,-172789.9313997964,-185901.90003937454
299000.00000000006,296931.0936699549,298839.70448641566,2068.906330045138,160.29551358439494
155000.00000000012,117672.36859285209,112556.38942870582,37327.63140714803,42443.610571294295
436425.0000000003,303628.52107457956,303083.76106169686,132796.47892542073,133341.23893830343
150499.9999999999,204256.28842110757,192040.78467859648,-53756.28842110766,-41540.78467859657
249000.00000000006,399715.73428968835,381914.5545028137,-150715.7342896883,-132914.55450281367
126999.99999999991,171526.27436199086,168030.51975525453,-44526.274361990945,-41030.519755254616
250999.99999999988,313247.91530248564,319349.39578695566,-62247.91530248575,-68349.39578695578
249999.9999999998,585937.7599878971,641997.3915004369,-335937.75998789736,-391997.39150043717
492999.99999999965,288313.9864338989,298676.12314942153,204686.01356610074,194323.87685057812
95000.00000000001,209531.29904782664,201300.50426448425,-114531.29904782663,-106300.50426448423
1194999.999999999,921642.3220914057,1008236.1045538472,273357.6779085933,186763.89544615184
243500.00000000015,301287.9653954141,310481.4227476897,-57787.96539541395,-66981.42274768956
90000.00000000001,193523.42346399423,195781.13714451774,-103523.42346399422,-105781.13714451772
1420000.0000000012,1405449.8266747498,1495158.6640790466,14550.173325251322,-75158.66407904541
594999.9999999997,577906.3268296501,566796.698237013,17093.67317034956,28203.301762986695
573000.0000000001,401288.2627242942,425585.203201122,171711.7372757059,147414.79679887812
364999.99999999977,217000.3112480221,234631.33908365603,147999.68875197766,130368.66091634374
649999.9999999995,662784.5010624826,667361.1500267712,-12784.501062483061,-17361.150026771706
739999.9999999999,292070.1985441372,301686.90711209795,447929.8014558627,438313.09288790193
212500.00000000017,137364.42694851078,139148.73420790426,75135.5730514894,73351.26579209592
1080000.0000000002,843892.4027917167,892215.2076397989,236107.5972082835,187784.79236020136
214799.99999999983,172778.37367532437,165504.23151808773,42021.62632467545,49295.76848191209
79899.99999999997,131999.7712501517,126022.75221346544,-52099.77125015174,-46122.75221346547
120000.00000000004,117727.16909996734,114770.17898521117,2272.830900032699,5229.821014788875
240499.99999999983,441509.4302255351,449365.64281065343,-201009.4302255353,-208865.6428106536
347000.00000000023,191029.1127508934,204407.3015337649,155970.88724910683,142592.69846623534
167000.0000000001,229708.6541676791,227085.45474206697,-62708.65416767902,-60085.45474206688
89500.00000000003,224746.26721123513,231321.7540090015,-135246.2672112351,-141821.75400900148
269499.9999999999,229485.32361855998,233534.03894705197,40014.6763814399,35965.96105294791
155000.00000000012,192554.68825790336,187943.52397869667,-37554.68825790324,-32943.523978696554
369999.99999999977,328091.64150225994,331755.8604896078,41908.35849773983,38244.13951039198
86000.00000000001,139309.87478929412,135589.8664170938,-53309.8747892941,-49589.8664170938
654999.9999999995,360444.3409755856,360613.39535362495,294555.6590244139,294386.6046463746
415799.99999999977,203292.8404130298,204067.1593300658,212507.15958696997,211732.84066993397
270400.0000000002,260865.340092537,280737.10529071285,9534.659907463181,-10337.105290712672
114999.99999999991,97928.73702964354,90689.83881256262,17071.262970356373,24310.16118743729
398999.99999999977,333497.94723694335,329538.3370356951,65502.05276305642,69461.66296430468
59900.00000000002,96959.04425286126,94522.61803342502,-37059.04425286124,-34622.618033425
297999.9999999998,207671.20121112638,209465.23248949257,90328.79878887345,88534.76751050726
373999.99999999977,207547.56465068692,206476.69420119174,166452.43534931284,167523.30579880803
177000.00000000006,194212.6212646217,196771.25736306314,-17212.621264621645,-19771.25736306308
194000.00000000006,375356.4476056954,410487.27549518814,-181356.44760569534,-216487.27549518808
46999.99999999999,184632.92976134227,187153.61596482946,-137632.92976134227,-140153.61596482946
267000.0,350318.20116269286,339380.42031835567,-83318.20116269286,-72380.42031835567
219999.99999999983,255118.31533555072,246485.7640780084,-35118.3153355509,-26485.764078008564
178999.99999999994,224701.79337445585,211792.7681474549,-45701.79337445591,-32792.768147454946
148000.00000000015,235259.99591603642,231289.3595490601,-87259.99591603628,-83289.35954905994
580900.0000000001,383920.4891272877,406016.09897991805,196979.51087271242,174883.90102008206
299999.99999999977,179181.986320934,175061.1309990447,120818.01367906577,124938.86900095508
573000.0000000001,438224.89498772245,456072.5922078174,134775.10501227767,116927.4077921827
124999.9999999999,182309.80913725862,187276.4537902841,-57309.80913725872,-62276.45379028421
173999.99999999997,198038.59597910568,197410.1420652447,-24038.59597910571,-23410.142065244727
299999.99999999977,350891.41097737977,355366.73296477454,-50891.41097738,-55366.73296477477
263500.0,243353.18301720207,273338.12916294497,20146.81698279793,-9838.12916294497
281999.99999999994,162391.81304142042,158605.69746558543,119608.18695857952,123394.30253441451
289999.9999999999,231522.46210617517,227855.45415939056,58477.537893824716,62144.545840609324
758999.9999999998,1690000.0,1690000.0,-931000.0000000002,-931000.0000000002
526315.0000000001,281627.8872460883,288094.02285734704,244687.11275391182,238220.97714265308
628800.0000000003,287396.8435963886,299778.8301406133,341403.15640361176,329021.16985938704
388500.0,307066.6605368413,322079.0543913468,81433.33946315869,66420.94560865319
498999.9999999996,587710.7347846824,579448.3209709241,-88710.7347846828,-80448.32097092451
169000.00000000012,240364.00406544338,240605.0002702552,-71364.00406544327,-71605.00027025508
463999.9999999998,335523.2593252115,363535.7678718039,128476.7406747883,100464.23212819593
287999.9999999999,308839.6936375201,313600.08361091337,-20839.69363752019,-25600.083610913483
1095000.0000000005,824472.4349411398,840301.0507276071,270527.5650588607,254698.94927239337
407000.0000000001,512515.67628537095,551473.1636661667,-105515.67628537084,-144473.1636661666
249999.9999999998,294899.4570179431,291736.05117934133,-44899.45701794329,-41736.051179341535
184000.00000000015,172880.54419051687,170894.2808520014,11119.455809483276,13105.719147998752
315000.0000000002,226907.9116984761,223218.57913691242,88092.08830152408,91781.42086308775
156999.99999999994,189325.74281078513,182675.0915136785,-32325.74281078519,-25675.091513678548
182500.00000000012,241625.7098354188,240655.33542365726,-59125.709835418675,-58155.33542365715
70000.00000000001,144749.16538266322,141153.9343677273,-74749.16538266321,-71153.9343677273
599000.0,376156.59349557274,404743.5025964617,222843.40650442726,194256.49740353832
233999.9999999999,380043.2484236093,397230.4826743699,-146043.2484236094,-163230.48267436997
257000.00000000015,227073.89367776617,214654.84415735627,29926.106322233973,42345.15584264387
1579000.0000000007,432475.70816988894,453690.40933815675,1146524.2918301118,1125309.590661844
169000.00000000012,184915.51510199733,183790.48592059902,-15915.51510199721,-14790.485920598905
170000.00000000012,234478.4916657238,220902.14157504827,-64478.491665723675,-50902.141575048154
152000.00000000006,158994.60461781514,157191.1683903629,-6994.604617815086,-5191.168390362844
134999.99999999997,244241.11964361335,240156.60772498246,-109241.11964361338,-105156.60772498249
171199.99999999985,259680.15280828622,254306.97320929382,-88480.15280828637,-83106.97320929397
144000.0,291557.94864110823,300375.30792499584,-147557.94864110823,-156375.30792499584
233999.9999999999,215487.91690211988,211160.8359056439,18512.083097880037,22839.164094356005
249000.00000000006,191404.32281470828,191044.65979532007,57595.677185291774,57955.34020467999
554000.0,265910.8114907594,273138.11681350943,288089.1885092406,280861.88318649057
414000.00000000023,446768.05362622195,459940.8536505776,-32768.05362622172,-45940.853650577366
594000.0000000005,384606.627013775,386061.09502455086,209393.37298622547,207938.9049754496
264000.00000000006,317147.6753447365,322227.0013260675,-53147.67534473643,-58227.00132606743
185000.00000000006,207143.86051857323,199420.24196102127,-22143.860518573172,-14420.24196102121
106499.99999999996,160833.48955201206,162377.55487964954,-54333.489552012106,-55877.554879649586
92000.00000000007,251354.7680509587,256849.0660763883,-159354.76805095864,-164849.06607638823
261000.00000000012,347943.947390073,337220.30866260297,-86943.94739007286,-76220.30866260285
525000.0000000003,753115.3043961286,740255.8586342268,-228115.30439612828,-215255.8586342265
156000.0,206603.02503203397,209102.16193530656,-50603.02503203397,-53102.16193530656
574000.0000000001,458724.74327148485,489555.8139483865,115275.25672851526,84444.1860516136
509999.9999999998,358461.6223337751,377042.8460982793,151538.37766622473,132957.15390172054
387999.9999999999,233059.9799237044,243694.37407235522,154940.02007629548,144305.62592764467
193200.00000000012,176386.72078209216,177877.12003926648,16813.279217907955,15322.87996073364
199999.99999999997,183261.65344579212,176667.47899813997,16738.34655420785,23332.521001860005
169000.00000000012,238710.59076509814,236042.48891870788,-69710.59076509802,-67042.48891870776
313500.00000000006,182017.7366115871,177686.66539869804,131482.26338841295,135813.33460130202
299000.00000000006,354035.5584170803,373726.0203675443,-55035.55841708026,-74726.02036754426
116000.0000000001,94525.36491642555,92130.98348495633,21474.635083574554,23869.016515043768
86999.99999999994,349693.0259801706,403668.72904079926,-262693.02598017064,-316668.7290407993
541999.9999999995,265205.14080969704,277016.0025894897,276794.8591903025,264983.99741050985
199000.0000000001,188458.5019459095,193451.68821692962,10541.498054090596,5548.311783070472
275000.0000000002,590017.5414258097,660610.6814691637,-315017.54142580956,-385610.68146916357
195000.00000000006,199633.73366573037,191963.7441290011,-4633.733665730309,3036.2558709989535
794999.9999999998,672076.5120914995,756080.3922248321,122923.48790850025,38919.60777516768
163499.99999999988,378547.7747617045,376979.4353046829,-215047.7747617046,-213479.435304683
145000.00000000012,150737.51814824322,149083.74142024404,-5737.518148243107,-4083.741420243925
821999.9999999998,341266.7517951206,365823.5003314986,480733.2482048792,456176.49966850114
318000.0,319745.85658518824,312873.4073407983,-1745.856585188245,5126.592659201706
363974.9999999997,219230.20481241317,230018.2345318926,144744.79518758654,133956.7654681071
167999.9999999999,346745.950808621,361496.6242013379,-178745.9508086211,-193496.624201338
202000.0000000001,168600.15559404134,168611.20349097432,33399.84440595875,33388.796509025764
659999.9999999995,454164.24512940005,450275.82488344796,205835.75487059949,209724.17511655157
269000.0,444560.48107732035,419196.4794767537,-175560.48107732035,-150196.47947675368
700000.0000000006,562038.7049293611,588473.6888362099,137961.29507063946,111526.31116379064
680000.0000000003,1441381.9934222978,1690000.0,-761381.9934222974,-1009999.9999999997
178499.99999999985,248238.99465807428,267996.5293554934,-69738.99465807443,-89496.52935549352
165000.00000000015,170558.2438688557,172816.49771262606,-5558.243868855556,-7816.497712625918
324999.9999999999,272729.7481428394,288737.2675542701,52270.251857160474,36262.73244572978
649999.9999999995,721786.9974156187,725188.0219063314,-71786.9974156192,-75188.02190633188
130000.00000000009,165483.67406374717,165560.13719274558,-35483.67406374708,-35560.13719274549
144000.0,170677.27201722283,165725.55322408275,-26677.27201722283,-21725.553224082745
229499.99999999997,419753.3574556089,414550.69806340436,-190253.35745560893,-185050.6980634044
360000.0000000001,349860.4598566571,347987.8408433449,10139.540143343038,12012.159156655194
182000.00000000003,107982.61957318272,113845.01358685333,74017.38042681731,68154.9864131467
215000.0,321161.94235552935,324246.1085867888,-106161.94235552935,-109246.10858678882
215000.0,155710.5226481163,161200.12134370283,59289.47735188369,53799.878656297165
229000.00000000006,150445.08235593452,150129.23886765292,78554.91764406554,78870.76113234714
467955.00000000023,449396.25395693653,454297.3839952724,18558.7460430637,13657.616004727839
195000.00000000006,179325.31416397318,176430.49753266035,15674.685836026882,18569.502467339713
479000.00000000035,371822.5414933899,349305.4428592603,107177.45850661048,129694.55714074004
369999.99999999977,328580.54928929283,329819.8907721053,41419.45071070694,40180.109227894456
221000.00000000006,149692.6541428185,147157.28091496584,71307.34585718156,73842.71908503422
645000.0,533325.0873089215,551181.7610290636,111674.9126910785,93818.23897093639
244999.99999999997,187234.2991003949,194795.7986013767,57765.70089960506,50204.20139862326
120000.00000000004,227076.26633485776,226287.0068155164,-107076.26633485772,-106287.00681551635
178999.99999999994,155118.28853828655,157980.89597872898,23881.711461713392,21019.104021270963
280000.0,281769.91883009026,285492.9845529671,-1769.9188300902606,-5492.984552967071
158999.99999999997,166990.44986478408,162599.60088281042,-7990.44986478411,-3599.600882810453
77999.99999999994,193054.86249878432,201755.93595927555,-115054.86249878438,-123755.93595927561
890000.0000000002,987457.6374744674,1001502.0191019584,-97457.63747446716,-111502.01910195814
420000.0,274877.4487359661,275414.01928333874,145122.5512640339,144585.98071666126
297999.9999999998,149073.4481940207,147447.00257855942,148926.55180597914,150552.9974214404
208999.99999999988,141287.6456565718,141826.7197951429,67712.35434342807,67173.28020485697
180000.00000000003,199014.12405558774,195539.60045542964,-19014.124055587716,-15539.600455429609
178100.00000000006,169379.9281596914,176920.91716740647,8720.071840308665,1179.0828325935872
267000.0,210672.7171695538,204712.1726942819,56327.2828304462,62287.82730571809
299000.00000000006,296644.36220664607,320181.0815588144,2355.6377933539916,-21181.08155881433
90999.99999999991,136244.4298042486,139651.67965845572,-45244.42980424868,-48651.6796584558
291000.00000000006,301038.38739369373,299528.88534968987,-10038.387393693672,-8528.885349689808
244999.99999999997,248016.91579264213,247013.32037229772,-3016.9157926421613,-2013.3203722977487
398999.99999999977,288851.4457758717,285415.58848879574,110148.55422412808,113584.41151120403
46099.99999999998,116045.12661535978,114332.64369132364,-69945.1266153598,-68232.64369132367
215999.99999999985,168320.06027483504,161176.6964213787,47679.93972516482,54823.303578621155
299000.00000000006,334069.2641325935,308081.7762276879,-35069.26413259347,-9081.776227687835
186375.00000000015,211112.902856863,204632.21104311413,-24737.902856862842,-18257.211043113988
249999.9999999998,298557.38384625333,288672.5984878311,-48557.383846253535,-38672.59848783133
178499.99999999985,238463.22451829378,228614.05355443776,-59963.22451829392,-50114.05355443791
884000.0000000002,376502.2795767082,368238.7362081788,507497.720423292,515761.26379182143
1169999.9999999998,450140.8840855189,456084.6721651594,719859.1159144809,713915.3278348404
478399.99999999965,304650.57328375283,296790.85022296215,173749.42671624682,181609.1497770375
498999.9999999996,354926.5275238133,355742.1630505432,144073.4724761863,143257.83694945637
192999.99999999985,136175.7251414704,134114.2154950624,56824.27485852945,58885.784504937445
420000.0,489826.97199462366,479968.58206201385,-69826.97199462366,-59968.582062013855
534999.9999999995,234159.61062713087,246957.00038640597,300840.3893728687,288042.99961359357
77350.00000000003,180700.47616788078,179759.63408070267,-103350.47616788076,-102409.63408070264
794999.9999999998,406208.9192651122,393355.80310838786,388791.08073488757,401644.1968916119
415000.00000000006,218904.11150046682,222307.04301651582,196095.88849953323,192692.95698348424
468999.9999999998,388911.74070495775,390723.50524930016,80088.25929504208,78276.49475069967
64999.999999999956,107400.32972652542,103513.49050580221,-42400.329726525466,-38513.490505802256
895000.0000000007,819981.1746248191,846559.3815626879,75018.82537518162,48440.618437312776
238101.99999999994,242726.72078047183,246863.00031566338,-4624.720780471893,-8761.000315663434
725999.9999999998,1690000.0,1690000.0,-964000.0000000002,-964000.0000000002
195000.00000000006,195474.91994113644,199945.9449560366,-474.91994113638066,-4945.9449560365465
1247999.9999999995,376563.35645045637,412816.43015971506,871436.6435495431,835183.5698402845
130000.00000000009,126609.71903145689,123959.55954372844,3390.2809685432003,6040.440456271652
1020000.0000000005,569489.728436145,555906.529802548,450510.27156385547,464093.47019745247
131999.9999999999,260796.05119231166,258569.65991307877,-128796.05119231174,-126569.65991307885
729166.0000000002,323903.7877374918,322424.3914172363,405262.21226250846,406741.60858276393
174075.9999999999,208036.57084607033,207145.98132696043,-33960.57084607042,-33069.98132696052
520000.0,576426.5994959477,623481.4863270805,-56426.59949594771,-103481.48632708052
346000.0,607096.7264666862,611974.3944111285,-261096.72646668623,-265974.3944111285
147200.00000000012,151304.03528183216,146005.74861906376,-4104.035281832039,1194.251380936359
89500.00000000003,173284.6730378609,166758.77361873598,-83784.67303786086,-77258.77361873596
189999.9999999999,219523.21187656917,217007.61522245983,-29523.211876569258,-27007.61522245992
150000.00000000006,188534.895562199,181895.02024505343,-38534.895562198944,-31895.02024505337
294999.9999999998,226078.92661861004,225989.46440133674,68921.07338138978,69010.53559866309
362249.99999999977,215641.8311117444,214961.28871962556,146608.16888825537,147288.7112803742
177999.99999999994,166965.049781564,161359.60320307588,11034.95021843593,16640.396796924062
749999.9999999998,440136.3249913927,506571.6038503571,309863.67500860704,243428.39614964265
196099.99999999983,237877.4913618141,239858.15901044785,-41777.49136181429,-43758.15901044803
269000.0,281617.51657301676,273716.3492686673,-12617.516573016765,-4716.3492686672835
215999.99999999985,234616.10014748617,237276.33408342165,-18616.100147486315,-21276.334083421796
160500.00000000003,262106.65963448875,257417.06497596917,-101606.65963448872,-96917.06497596914
293000.0000000001,328780.69791848544,329871.8592413524,-35780.697918485326,-36871.8592413523
498999.9999999996,573523.2575968817,570774.151040214,-74523.25759688212,-71774.1510402144
371999.9999999998,241013.50332656704,249662.94605764403,130986.49667343279,122337.0539423558
617999.9999999999,675347.2957209285,709027.9867008819,-57347.29572092858,-91027.98670088197
148000.00000000015,208275.7182757358,200243.31598477004,-60275.71827573565,-52243.3159847699
698999.9999999995,542702.6748245583,547769.3405595002,156297.32517544122,151230.65944049938
224128.0,127228.7764054811,127834.15415721701,96899.2235945189,96293.84584278299
136999.9999999999,171367.78648452723,172155.6253560004,-34367.786484527314,-35155.6253560005
289899.9999999999,301248.66090115573,308294.44038062537,-11348.660901155847,-18394.440380625485
399900.0,422126.015573356,414341.4661286896,-22226.01557335601,-14441.466128689586
126999.99999999991,164927.44323945613,168682.60950572058,-37927.44323945622,-41682.60950572067
364000.00000000006,312331.7663596517,319417.63850214717,51668.233640348364,44582.36149785289
383433.00000000006,379254.2659890493,377845.5804495301,4178.734010950779,5587.41955046996
225999.9999999998,147407.58115887883,144543.04856694097,78592.41884112096,81456.95143305883
399500.00000000035,291079.86372020905,313378.53714322473,108420.1362797913,86121.46285677562
312000.0000000001,212558.68821550062,218401.56354947994,99441.3117844995,93598.43645052018
149800.00000000003,179981.20315664142,190521.23301634076,-30181.203156641393,-40721.23301634073
375000.00000000006,336450.6925571249,320337.1613847121,38549.30744287517,54662.83861528797
364999.99999999977,393355.3474913835,392166.78429971257,-28355.347491383727,-27166.784299712803
77350.00000000003,86070.2978590435,81168.87357854667,-8720.297859043465,-3818.8735785466415
188999.99999999988,211071.91309627067,213378.6373437036,-22071.913096270786,-24378.63734370371
1110000.0000000002,580238.1057343633,604800.1586187418,529761.8942656369,505199.84138125845
452999.99999999977,383943.5689324043,402027.71960131754,69056.43106759549,50972.280398682225
145000.00000000012,169988.70709558055,169998.23697210132,-24988.707095580437,-24998.236972101207
620000.0000000005,312217.1345691729,325979.4150218501,307782.86543082754,294020.5849781504
273999.99999999994,239014.6713969305,236893.8306439028,34985.32860306944,37106.16935609715
237000.00000000003,257572.1494449257,260038.6163079401,-20572.149444925657,-23038.616307940072
1380000.0000000005,603622.4050527882,638177.0187830945,776377.5949472123,741822.981216906
1262000.0000000007,1010898.14575728,1015323.0173928989,251101.85424272064,246676.9826071018
170000.00000000012,233068.4784822116,230912.9841565714,-63068.478482211474,-60912.98415657127
158999.99999999997,247753.88383859652,247334.12882993193,-88753.88383859655,-88334.12882993196
215000.0,245104.7683133572,244881.7088787863,-30104.7683133572,-29881.708878786303
742999.9999999998,492046.9167079984,509847.26214084425,250953.0832920014,233152.73785915552
369000.0000000001,252852.23766800287,258552.63941598963,116147.76233199725,110447.36058401049
186300.00000000012,159974.95100624056,162415.37672964254,26325.048993759556,23884.62327035758
297900.0,241972.59953387443,231063.35373910906,55927.400466125575,66836.64626089094
364999.99999999977,508390.33456841105,523593.22495358234,-143390.3345684113,-158593.22495358257
1690000.0000000007,1131172.0870618075,1189686.4717298432,558827.9129381932,500313.5282701575
480000.00000000006,303137.7648501708,305915.92818570236,176862.23514982924,174084.0718142977
995000.0,671937.9753486505,697829.4236403506,323062.0246513495,297170.5763596494
390000.00000000035,533238.2284641471,521727.92173553404,-143238.22846414673,-131727.9217355337
267000.0,263629.1967493218,261648.03572363287,3370.8032506781747,5351.964276367129
97900.00000000003,191190.92119333087,190614.34390006796,-93290.92119333084,-92714.34390006794
1271999.9999999998,481071.512508998,495612.66031564784,790928.4874910018,776387.3396843519
299990.0,352506.1513761072,346427.6367911529,-52516.151376107184,-46437.63679115288
540000.0000000001,320721.48227357183,331456.2848009417,219278.51772642828,208543.7151990584
249000.00000000006,332690.3152466085,322783.1623051251,-83690.31524660846,-73783.16230512504
210000.0,267166.59116690996,272915.52718563,-57166.59116690996,-62915.527185629995
315000.0000000002,296872.6047840506,304655.66624332056,18127.395215949568,10344.33375667961
685000.0000000005,436217.90884756454,455817.83488262433,248782.09115243593,229182.16511737613
128900.00000000003,165027.9379240923,162579.53594191212,-36127.93792409226,-33679.535941912094
239625.0,324601.82379127544,313948.92326724273,-84976.82379127544,-74323.92326724273
261500.00000000012,238914.46576304108,239436.21888273297,22585.534236959036,22063.78111726715
739999.9999999999,584005.6708437391,605571.7694606958,155994.32915626082,134428.2305393041
146999.99999999988,113485.94207354773,110251.59645385221,33514.05792645215,36748.403546147674
65700.00000000004,168722.11364172495,165636.72061196703,-103022.1136417249,-99936.72061196699
328000.0000000002,1030889.5658416953,1023781.928736924,-702889.5658416951,-695781.9287369237
480000.00000000006,312032.55875840696,315316.1671049655,167967.4412415931,164683.83289503457
53500.00000000004,151560.4069793319,153297.47531212177,-98060.40697933186,-99797.47531212174
639999.9999999998,375939.38978395093,382894.8118677458,264060.61021604884,257105.18813225394
474999.99999999977,295277.8014455894,296758.369915157,179722.19855441037,178241.6300848428
178999.99999999994,180122.1417187868,184350.38115840705,-1122.14171878685,-5350.381158407108
255999.99999999985,158097.60354918227,149646.74772559147,97902.39645081758,106353.25227440838
358700.0000000003,513954.00896639656,562389.80334772,-155254.00896639627,-203689.80334771966
685000.0000000005,236798.13628042463,232412.84797726542,448201.8637195758,452587.15202273504
228000.00000000003,581209.4458355588,531027.7042839301,-353209.4458355588,-303027.7042839301
249999.9999999998,192088.154821186,180885.92464763133,57911.84517881379,69114.07535236847
375000.00000000006,395008.5825879432,393462.7880844522,-20008.58258794312,-18462.788084452157
530000.0000000003,260498.14588665369,275685.80573973665,269501.85411334666,254314.1942602637
235000.0,181577.67528503784,177445.8202388189,53422.32471496216,57554.17976118109
221490.00000000012,212376.88308860562,223991.94295248142,9113.116911394492,-2501.942952481302
149099.99999999994,150173.77015006263,149397.09878455536,-1073.7701500626863,-297.0987845554191
925000.0000000007,461033.63569427875,487035.78070541116,463966.36430572195,437964.21929458954
342000.0000000002,210049.53190446872,213894.87543187407,131950.46809553145,128105.1245681261
164299.99999999988,169079.1168318569,163498.730276098,-4779.116831857013,801.2697239018744
448999.99999999994,321026.7418847768,327293.5664182859,127973.25811522314,121706.43358171405
364999.99999999977,529786.5058113795,526722.8665425276,-164786.50581137976,-161722.8665425278
292875.0000000001,216310.11181773298,212165.0535089884,76564.88818226714,80709.94649101171
149000.0,248586.92328536187,252861.2975122393,-99586.92328536187,-103861.29751223931
490000.0,632292.2968309935,667328.8300419023,-142292.2968309935,-177328.83004190226
180000.00000000003,217349.3269004578,206246.88087747342,-37349.32690045776,-26246.88087747339
542420.0000000005,574682.3377385163,614446.2832186556,-32262.33773851581,-72026.28321865515
177000.00000000006,256282.92852730225,265529.3671234481,-79282.9285273022,-88529.36712344806
299000.00000000006,344471.3264298357,354009.34786049236,-45471.32642983564,-55009.3478604923
420000.0,690192.4840021088,795212.6764460694,-270192.4840021088,-375212.6764460694
145000.00000000012,114763.31479282895,111757.56415525888,30236.685207171162,33242.43584474124
435999.99999999965,368175.0133649136,377829.57390984043,67824.98663508607,58170.42609015922
134999.99999999997,164595.87626279023,167218.59978476175,-29595.87626279026,-32218.599784761784
343199.9999999997,382405.3530669836,380821.19439354265,-39205.353066983866,-37621.194393542944
362000.0,627537.7714067957,612918.3352340269,-265537.7714067957,-250918.3352340269
259999.9999999998,213718.43186121224,216567.7517611931,46281.56813878755,43432.2482388067
120000.00000000004,181938.8269295729,180037.81324818457,-61938.82692957287,-60037.813248184524
394500.00000000006,290396.01031956216,283714.68223617005,104103.9896804379,110785.31776383001
104500.00000000003,156064.6831261959,153777.48483496928,-51564.68312619586,-49277.48483496925
175000.00000000012,231672.66229886006,221595.2245365109,-56672.66229885994,-46595.224536510796
309600.0,275108.56835999776,286734.49850337295,34491.431640002236,22865.501496627054
103000.00000000001,134034.91174752812,130593.19583262279,-31034.91174752811,-27593.195832622776
190799.99999999994,190597.796340003,187410.8395943064,202.20365999694332,3389.1604056935466
385999.99999999977,523160.1666780636,525403.3333151869,-137160.1666780638,-139403.33331518713
590000.0000000003,278541.54883333377,281474.6587430122,311458.4511666666,308525.3412569882
375000.00000000006,374794.4615965102,386334.6036374131,205.53840348985977,-11334.603637413064
166000.00000000003,93263.01019647384,94305.3114472424,72736.98980352619,71694.68855275762
165000.00000000015,180312.31069106393,175973.96450185028,-15312.310691063787,-10973.964501850132
1249999.999999999,799110.9057540323,816471.5851786215,450889.09424596676,433528.4148213776
230000.0000000001,257850.01115342352,255342.17677784007,-27850.01115342343,-25342.17677783998
634999.9999999997,542871.5527070757,590853.3453213027,92128.44729292393,44146.654678697
870000.0000000006,496133.8329285321,525931.8107747295,373866.1670714685,344068.1892252711
85749.99999999994,130510.0285448568,136168.26568643164,-44760.02854485686,-50418.265686431696
170000.00000000012,283814.19552875217,289893.54983258445,-113814.19552875205,-119893.54983258434
158999.99999999997,175958.16921909744,175158.35936433528,-16958.16921909747,-16158.359364335309
714999.9999999995,284193.86712808156,280208.395940054,430806.132871918,434791.60405994556
339999.99999999994,447205.46031570144,434779.67282141297,-107205.4603157015,-94779.67282141303
390000.00000000035,445653.35244137724,441887.9867257516,-55653.35244137689,-51887.98672575125
532000.0000000002,637641.903007777,644464.03947956,-105641.90300777671,-112464.03947955975
178999.99999999994,171140.15073086295,168491.42836828195,7859.84926913699,10508.57163171799
289999.9999999999,323467.7475028954,308846.01311972534,-33467.74750289554,-18846.013119725452
300149.99999999977,232216.15385200828,230159.7941749205,67933.84614799148,69990.20582507926
208999.99999999988,204907.35529329872,211349.3944257432,4092.6447067011613,-2349.3944257433177
162999.99999999988,243478.5139217904,245973.526996415,-80478.51392179052,-82973.52699641511
182239.99999999997,224508.11808357143,211922.77206142558,-42268.11808357146,-29682.77206142561
227000.0,186313.46374663533,184083.53394862832,40686.53625336467,42916.46605137168
224499.99999999985,240790.43797618954,242811.82755420127,-16290.437976189685,-18311.827554201416
544999.9999999997,364907.56395192083,356027.6168685718,180092.43604807882,188972.38313142787
177999.99999999994,215537.38493385745,227982.9696662705,-37537.38493385751,-49982.96966627057
396999.9999999998,580013.1066665087,589847.4350693863,-183013.1066665089,-192847.43506938644
149000.0,227678.45821759454,243451.0844286912,-78678.45821759454,-94451.08442869119
113999.99999999996,135540.02380386146,124586.49696442182,-21540.023803861506,-10586.496964421865
330000.0000000001,331224.55235141475,339604.76661027706,-1224.5523514146334,-9604.766610276944
114499.99999999991,165361.56133746155,174763.43448996075,-50861.56133746164,-60263.43448996084
133000.00000000012,167608.42847592515,163089.54404161926,-34608.42847592503,-30089.54404161914
188000.00000000012,156700.82206083034,149992.1396096059,31299.17793916978,38007.86039039423
148399.99999999997,159732.77902303028,169150.67611120976,-11332.779023030307,-20750.67611120979
364999.99999999977,400957.1313419979,409632.1140108346,-35957.131341998116,-44632.11401083483
151000.00000000006,235286.71945811217,219307.82051079508,-84286.71945811211,-68307.82051079502
392000.0,312919.77433710796,320835.567611368,79080.22566289204,71164.43238863198
126999.99999999991,141711.91697715898,141500.2241423536,-14711.916977159068,-14500.22414235369
1350000.0,435776.76046460046,433838.7775122054,914223.2395353995,916161.2224877946
77999.99999999994,147444.57247569357,151256.4791899288,-69444.57247569363,-73256.47918992885
188999.99999999988,168215.14556236521,169584.1022692506,20784.85443763467,19415.897730749275
546999.9999999999,337288.76661832375,367245.00627312955,209711.23338167614,179754.99372687034
171999.99999999988,167864.00418433483,168073.58249292802,4135.995815665054,3926.417507071863
208650.0000000001,208554.64926866765,200346.07619469723,95.35073133243714,8303.923805302853
116999.99999999991,167489.03510796558,167468.25454884634,-50489.03510796567,-50468.254548846424
302000.00000000006,282785.42256752733,279000.29741370294,19214.577432472724,22999.70258629712
1090000.0000000002,296723.0620656385,324313.92032119527,793276.9379343617,765686.079678805
1090000.0000000002,536889.2594670287,549621.1560483176,553110.7405329716,540378.8439516827
362075.0000000001,268154.17389379547,285390.97979727766,93920.82610620465,76684.02020272246
210000.0,293730.2029825039,284856.2915865022,-83730.20298250392,-74856.29158650222
233199.99999999994,317745.95056522585,320954.59379964345,-84545.95056522591,-87754.59379964351
297000.0000000002,344937.169636288,347267.47630030976,-47937.16963628784,-50267.47630030959
488999.9999999996,439765.0325865511,454409.76646627666,49234.967413448496,34590.23353372293
779000.0000000001,463650.03135100787,477772.2583451906,315349.96864899225,301227.7416548095
312000.0000000001,253473.27199371197,263990.56901615637,58526.72800628815,48009.43098384375
114999.99999999991,150397.59811238953,146678.91036471372,-35397.59811238962,-31678.91036471381
396999.9999999998,484245.2434140427,497311.03490639944,-87245.24341404287,-100311.03490639961
194249.99999999985,178817.641537163,188620.7531274038,15432.358462836855,5629.246872596064
449999.99999999994,275867.74984971853,290158.5742226617,174132.2501502814,159841.42577733827
283000.0000000001,196801.03289647962,199420.31386985254,86198.9671035205,83579.68613014757
239000.00000000003,393813.1488487403,432224.8424318629,-154813.1488487403,-193224.84243186287
138000.00000000006,126643.68085905146,124732.98282043026,11356.319140948603,13267.017179569797
305950.0000000002,179574.16356070474,173276.03836057856,126375.83643929544,132673.9616394216
374500.0000000001,631259.9396034849,617860.8169596742,-256759.93960348482,-243360.81695967412
254000.0000000002,209450.52117353462,214898.44176399958,44549.47882646558,39101.55823600062
240350.00000000012,128583.56412155423,134640.6891187906,111766.43587844589,105709.31088120953
449999.99999999994,261204.49223192016,260827.8679175186,188795.50776807978,189172.13208248134
310500.00000000006,172375.26255409743,167955.38349863753,138124.73744590263,142544.61650136253
199000.0000000001,660603.746210949,623161.4174100581,-461603.7462109489,-424161.41741005797
57500.00000000001,113164.71754370764,111381.18246900014,-55664.71754370763,-53881.18246900013
390000.00000000035,426007.0212958124,427733.9062968786,-36007.02129581204,-37733.90629687824
149000.0,176065.6356684453,176668.32894528323,-27065.63566844529,-27668.328945283225
81000.00000000007,109374.7123539459,104688.02842376403,-28374.712353945826,-23688.028423763957
1150000.0000000005,811386.0006742061,805643.6930541951,338613.9993257944,344356.3069458053
174699.9999999999,249708.02024851175,258751.50885998883,-75008.02024851184,-84051.50885998891
604500.0000000005,207579.30968874504,212150.844526847,396920.6903112554,392349.15547315346
286329.99999999994,207590.62087667707,209234.4802596615,78739.37912332287,77095.51974033844
318000.0,173824.55647183376,171518.31518660867,144175.44352816624,146481.68481339133
478124.99999999977,399685.26691038656,369926.8910313132,78439.7330896132,108198.10896868655
369999.99999999977,253035.00726127034,250606.12505614647,116964.99273872943,119393.8749438533
625000.0000000002,331494.46806694195,337467.1260059526,293505.5319330583,287532.87399404764
177498.99999999997,284685.31546636275,276196.2963589656,-107186.31546636278,-98697.29635896566
99500.00000000001,343634.83850386983,328260.7748318056,-244134.83850386983,-228760.7748318056
344499.9999999999,219781.7842798248,214823.23211301022,124718.2157201751,129676.76788698966
265000.00000000006,236257.2423382858,238076.0406787482,28742.757661714248,26923.959321251867
336000.00000000006,163281.18703992112,161386.92311894984,172718.81296007894,174613.07688105022
460000.0000000002,411157.2087248379,419630.34642875206,48842.79127516225,40369.65357124811
188999.99999999988,258636.5209213898,265310.66861155734,-69636.52092138992,-76310.66861155746
483400.00000000035,352003.10825772485,370412.1119925927,131396.8917422755,112987.88800740766
124999.9999999999,135005.6439539206,134582.0921597534,-10005.643953920706,-9582.092159753505
588000.0,579239.114293462,596477.7027433251,8760.885706537985,-8477.70274332515
280200.0,368426.1305289376,359689.8001169092,-88226.13052893762,-79489.8001169092
890000.0000000002,899246.6340797406,927849.0753333337,-9246.634079740383,-37849.07533333346
152000.00000000006,167879.45235526425,163342.62685676536,-15879.452355264191,-11342.626856765302
1317699.9999999995,1690000.0,1690000.0,-372300.00000000047,-372300.00000000047
334999.9999999998,165013.65643671755,163295.82015110223,169986.34356328228,171704.1798488976
84800.00000000007,193713.68990824732,188574.16911445707,-108913.68990824725,-103774.16911445699
54499.99999999998,251170.8255791699,257686.7116267084,-196670.82557916993,-203186.71162670842
304999.99999999977,360257.55085532606,364126.28505979327,-55257.55085532629,-59126.2850597935
249100.00000000017,353474.0679443899,338692.2654390411,-104374.06794438971,-89592.2654390409
291499.9999999999,315313.5271864648,328369.84489183995,-23813.527186464926,-36869.84489184007
206999.99999999994,323098.5338258777,328905.56961653277,-116098.53382587776,-121905.56961653283
195500.00000000006,198576.6905208835,198110.42471214963,-3076.6905208834505,-2610.424712149572
129000.0000000001,350017.65560443513,343309.01774688007,-221017.655604435,-214309.01774687995
525000.0000000003,417352.7215991317,405173.3083854684,107647.27840086864,119826.69161453197
530000.0000000003,262012.77820166157,263495.4814999583,267987.2217983388,266504.51850004203
312500.00000000023,273206.0550411165,263864.4806008984,39293.944958883745,48635.519399101846
302083.0,369967.7241338004,365914.94112059346,-67884.72413380042,-63831.94112059346
339999.99999999994,462143.84937196184,462688.52611091617,-122143.8493719619,-122688.52611091622
540000.0000000001,312342.0616693338,328633.7137003311,227657.93833066634,211366.286299669
240350.00000000012,344080.16667528404,362472.5329885767,-103730.16667528392,-122122.53298857657
995000.0,912278.5721914681,942644.1143960783,82721.42780853191,52355.88560392172
189999.9999999999,240293.1241528085,234752.21984108433,-50293.124152808596,-44752.219841084414
261000.00000000012,173822.34518897854,174400.15697392973,87177.65481102158,86599.84302607039
998000.0000000008,741003.3892246063,772023.2472736475,256996.61077539448,225976.75272635336
429500.00000000023,635683.496537099,700727.2250959037,-206183.49653709878,-271227.2250959035
177000.00000000006,293327.61708970775,302324.9927170529,-116327.6170897077,-125324.99271705287
177999.99999999994,365457.2701359715,375967.65816730366,-187457.27013597154,-197967.6581673037
864999.9999999994,296351.7802307594,307229.7465883662,568648.21976924,557770.2534116332
579999.9999999997,213392.98033068146,231176.80816569223,366607.0196693182,348823.1918343074
209241.99999999985,178365.80939461506,178904.4442743382,30876.190605384792,30337.55572566166
238000.0,275856.5128991422,270750.1597182492,-37856.512899142224,-32750.159718249226
476682.9999999998,634209.0192336602,738737.995201442,-157526.01923366036,-262054.99520144222
122000.00000000003,135220.74842020252,135633.03163335763,-13220.748420202493,-13633.031633357605
649999.9999999995,274017.4761641129,277420.8784255786,375982.5238358866,372579.12157442095
254400.00000000006,343945.64653669484,333721.4234402699,-89545.64653669478,-79321.42344026983
438000.00000000035,492380.97373479727,506123.12535155413,-54380.97373479692,-68123.12535155378
642000.0000000006,548112.4336018582,536871.1649364363,93887.56639814237,105128.83506356424
259000.0,153410.42718857212,156770.48066773126,105589.57281142788,102229.51933226874
223000.00000000003,418772.46201866394,490776.5122444127,-195772.4620186639,-267776.5122444127
130000.00000000009,165205.69788313642,160760.41437229922,-35205.69788313634,-30760.41437229913
194000.00000000006,245884.11650482554,238412.96646071013,-51884.11650482548,-44412.96646071007
297999.9999999998,223774.96705598797,218382.95888881234,74225.03294401185,79617.04111118749
88500.0,97084.37727093099,95184.78972339834,-8584.377270930985,-6684.7897233983385
121820.99999999996,101732.61381477531,101673.21768957895,20088.38618522465,20147.78231042101
369000.0000000001,284879.1442875243,289344.3721445975,84120.85571247584,79655.62785540259
431599.9999999998,376658.7522992104,368749.1335261877,54941.24770078942,62850.866473812144
620000.0000000005,414110.0626437673,430461.8310730158,205889.9373562332,189538.16892698465
96299.99999999997,248160.2976156788,247859.24326597847,-151860.29761567884,-151559.2432659785
192099.99999999985,194938.36588707453,200641.63169173533,-2838.365887074673,-8541.63169173547
635999.9999999995,482605.6568885968,464939.7948828655,153394.34311140276,171060.20511713403
1173999.999999999,579564.767229732,602592.6376246511,594435.2327702671,571407.362375348
167000.0000000001,141690.1187892755,139432.10964193134,25309.88121072459,27567.890358068747
244999.99999999997,287520.4328814262,287536.06050067866,-42520.43288142621,-42536.060500678694
261999.99999999994,202048.4159094708,195465.69343749149,59951.584090529155,66534.30656250846
513999.9999999996,440563.9382695135,463695.334383883,73436.06173048611,50304.6656161166
139750.0000000001,167580.1049005095,163144.0962820538,-27830.10490050941,-23394.09628205371
615000.0,369476.903355802,360661.6953673374,245523.096644198,254338.30463266262
385000.00000000023,239491.3722828682,239135.02531102113,145508.62771713204,145864.9746889791
1550000.0000000012,1045573.4803591105,1092916.4973537715,504426.51964089065,457083.5026462297
206999.99999999994,254005.23540385396,246895.30616893,-47005.23540385402,-39895.30616893005
202000.0000000001,192954.70145070003,188656.34838386558,9045.29854930006,13343.651616134506
124999.9999999999,376879.0853799359,389493.8425340408,-251879.08537993603,-264493.8425340409
394900.0000000002,654666.658000451,672126.6512864967,-259766.65800045087,-277226.6512864965
348999.99999999994,392544.33792543766,376528.33479931834,-43544.33792543772,-27528.3347993184
1190000.0000000002,459956.9319709937,470145.15640074934,730043.0680290065,719854.8435992509
294000.0000000001,393090.311161933,428362.63179538824,-99090.31116193288,-134362.63179538812
199899.99999999997,359294.4829033876,377478.7484565227,-159394.4829033876,-177578.74845652274
265000.00000000006,239105.05422638915,240437.62325778932,25894.945773610903,24562.376742210734
142000.0,233617.69381391688,231236.08812352974,-91617.69381391688,-89236.08812352974
148499.99999999988,127649.38006979392,128068.49087517468,20850.61993020597,20431.5091248252
87999.99999999996,127176.86714035727,128454.7349803419,-39176.86714035731,-40454.73498034195
274299.9999999999,254922.03471790045,252168.43397799393,19377.965282099438,22131.56602200595
227000.0,277025.4149336878,268244.55348997255,-50025.414933687774,-41244.553489972546
472500.00000000035,389902.96075888193,391620.37361201644,82597.03924111841,80879.62638798391
484000.0000000002,460343.76049109956,484717.15228213585,23656.239508900617,-717.1522821356775
283500.0000000002,212407.4696524053,206576.18264035808,71092.53034759487,76923.8173596421
614250.0,356878.6620667942,369061.90277045633,257371.33793320582,245188.09722954367
238499.99999999985,245537.07657743822,245194.77303585445,-7037.076577438362,-6694.773035854596
239000.00000000003,289245.7607213541,296898.7932336311,-50245.760721354076,-57898.79323363109
178999.99999999994,127588.40296232695,127393.96934655578,51411.597037673,51606.03065344416
64999.999999999956,179498.48599711218,183040.54368200377,-114498.48599711222,-118040.54368200382
299000.00000000006,308889.2794679398,317223.39621907077,-9889.279467939748,-18223.39621907071
893999.9999999998,570614.9654600164,566389.0545335351,323385.0345399834,327610.9454664646
258000.00000000015,306037.301546855,293989.8294721789,-48037.30154685487,-35989.82947217874
60000.000000000015,142647.71482049025,138845.44093592445,-82647.71482049023,-78845.44093592443
100700.00000000006,232822.40314416197,223448.49640090764,-132122.40314416192,-122748.49640090758
120000.00000000004,321082.41135512665,320962.5054901032,-201082.4113551266,-200962.50549010315
315000.0000000002,337829.1435369677,362533.85153744713,-22829.143536967516,-47533.85153744696
261999.99999999994,225513.30295200454,237127.3218302074,36486.6970479954,24872.678169792547
129000.0000000001,201263.9490632943,205970.5563765826,-72263.9490632942,-76970.55637658249
171999.99999999988,129621.30154692841,129675.31264613937,42378.69845307147,42324.687353860514
420000.0,593363.3657359186,604060.5889104512,-173363.36573591863,-184060.58891045116
175000.00000000012,198390.84754135914,194108.14514113366,-23390.84754135902,-19108.145141133544
149000.0,277546.08213635377,278374.2967558209,-128546.08213635377,-129374.29675582092
70320.00000000001,138315.40106495857,127804.70525744229,-67995.40106495855,-57484.70525744227
189999.9999999999,171717.5847279486,164912.10226993597,18282.415272051323,25087.897730063938
38990.00000000001,108678.12889629976,110071.33815159345,-69688.12889629975,-71081.33815159343
98000.00000000003,151090.59381516784,154336.1721952969,-53090.59381516781,-56336.17219529688
348999.99999999994,309394.7513663772,311417.72720392107,39605.248633622716,37582.272796078876
75959.99999999997,143971.47551172134,143098.6897387117,-68011.47551172136,-67138.68973871172
369000.0000000001,365264.3450472724,369748.4231295407,3735.654952727724,-748.4231295405771
437000.00000000023,482397.98713304626,472631.34669783735,-45397.98713304603,-35631.346697837114
999500.0000000003,742179.9643271067,771271.3644480854,257320.03567289363,228228.63555191492
170000.00000000012,226170.75580162366,225785.82685723627,-56170.75580162354,-55785.826857236156
830000.0000000005,461703.5790200877,478675.24990668905,368296.42097991274,351324.7500933114
294999.9999999998,612214.5648065815,780682.4049278933,-317214.56480658165,-485682.4049278935
469999.9999999998,319518.3515508572,322028.2683853932,150481.64844914264,147971.73161460663
314000.0,482428.6995532481,496722.7324582431,-168428.69955324812,-182722.7324582431
269000.0,398522.8728515855,403100.3883065382,-129522.8728515855,-134100.38830653823
979999.9999999997,1414368.2604843266,1511946.4626564335,-434368.260484327,-531946.4626564338
162999.99999999988,135132.0760496692,135667.22378360183,27867.923950330674,27332.77621639805
497999.9999999996,227133.3672275014,237089.80655551946,270866.6327724982,260910.19344448013
294999.9999999998,259805.69419285396,257731.61240351884,35194.305807145865,37268.387596480985
95999.99999999996,117140.84547287517,113460.74217954295,-21140.84547287521,-17460.742179543
305950.0000000002,284531.1541413372,283572.79120388976,21418.84585866297,22377.20879611041
330000.0000000001,261396.96621950084,256924.1313403012,68603.03378049927,73075.86865969893
294999.9999999998,199047.71738021888,201610.7232067801,95952.28261978095,93389.27679321973
298200.0000000002,216396.88382799775,221544.90062917888,81803.11617200242,76655.09937082129
241000.00000000003,277081.157761033,270168.139521707,-36081.157761032955,-29168.139521706995
390999.99999999977,990297.4791936775,997750.3634552475,-599297.4791936778,-606750.3634552477
1198999.9999999998,521159.8495752879,548566.9258679561,677840.1504247119,650433.0741320436
199000.0000000001,220160.65353574892,218264.97755216737,-21160.653535748832,-19264.977552167285
299999.99999999977,338292.50141741603,347748.9264404802,-38292.501417416264,-47748.926440480456
656938.0000000002,209777.83291340605,208763.79911120978,447160.16708659416,448174.2008887904
1140000.0000000002,784268.9466991049,829830.8745548872,355731.0533008954,310169.12544511305
259999.9999999998,239734.71538012757,241413.76591623956,20265.284619872225,18586.23408376024
555000.0000000002,263728.8536539768,254541.55744355216,291271.1463460234,300458.44255644805
469999.9999999998,424739.90397927695,436218.75939663337,45260.09602072288,33781.24060336646
265000.00000000006,238148.82469106605,256511.7057136621,26851.175308934005,8488.294286337972
458500.00000000035,306029.9507779703,322605.7563214068,152470.04922203004,135894.24367859354
197500.0,520623.8107742583,564954.7140387857,-323123.8107742583,-367454.71403878566
227499.99999999997,260934.4599993407,268353.058957162,-33434.45999934073,-40853.05895716205
658999.9999999997,640102.0263269851,638317.1206978882,18897.973673014552,20682.879302111454
91299.99999999996,79375.28946835677,74530.44220020194,11924.710531643184,16769.557799798014
1229999.9999999995,1347232.8205429453,1405836.0285250072,-117232.82054294576,-175836.02852500766
398999.99999999977,534712.4119672112,551917.2774499636,-135712.4119672114,-152917.27744996385
544199.9999999995,788558.4255928445,844744.6948788712,-244358.42559284496,-300544.69487887167
719999.9999999995,562603.5484987814,608354.7953122603,157396.45150121814,111645.20468773926
249000.00000000006,238973.88429062205,237743.35465453623,10026.115709378006,11256.645345463825
329000.0000000003,198822.08059037488,194683.36499714223,130177.9194096254,134316.63500285806
68999.99999999997,180651.98547176467,182777.22974032818,-111651.9854717647,-113777.22974032821
205999.99999999988,164683.12407677903,161916.5829738835,41316.875923220854,44083.417026116396
457999.99999999965,708338.6888177973,737264.977228241,-250338.6888177977,-279264.9772282414
229000.00000000006,303720.2225042119,299199.7705927773,-74720.22250421182,-70199.77059277723
255000.0000000001,386849.71464816615,363686.07170144113,-131849.71464816606,-108686.07170144105
507000.0000000003,601791.4849469811,617340.8999760848,-94791.48494698078,-110340.89997608453
398999.99999999977,383791.4592285665,392129.5739952027,15208.540771433269,6870.426004797046
1249999.999999999,613277.0239115293,692071.8123227555,636722.9760884697,557928.1876772436
360000.0000000001,332037.6714850283,333462.6377632175,27962.32851497183,26537.362236782617
348400.0,286451.71738282294,298750.32978606113,61948.28261717706,49649.670213938865
396500.00000000035,252124.83858724366,265262.11371730926,144375.1614127567,131237.8862826911
1190000.0000000002,683916.7854119176,716696.4346178381,506083.2145880826,473303.5653821621
291999.9999999998,193216.98108179207,197837.3587270888,98783.01891820776,94162.64127291102
125990.00000000004,99358.95430805464,99539.71544322102,26631.0456919454,26450.28455677902
283000.0000000001,334971.3986418362,324915.89861199865,-51971.39864183607,-41915.898611998535
328000.0000000002,295792.81398919615,300983.3082270199,32207.186010804027,27016.691772980266
84000.00000000003,135828.67796821668,132945.09808920507,-51828.67796821665,-48945.09808920504
788880.0000000002,773867.150196916,966143.9392038372,15012.849803084275,-177263.93920383696
377360.0000000002,390564.1690572372,383679.72999450675,-13204.169057237043,-6319.729994506575
138000.00000000006,204118.1822104928,200315.193438053,-66118.18221049276,-62315.19343805293
155989.99999999988,190072.04177184965,201776.48566591035,-34082.04177184976,-45786.48566591047
315000.0000000002,317873.21181234275,327102.3514887593,-2873.2118123425753,-12102.3514887591
649999.9999999995,164803.43641330136,165441.92133921938,485196.56358669815,484558.07866078016
379999.9999999999,318553.43350699154,322054.8720551372,61446.566493008344,57945.1279448627
297999.9999999998,271475.4851334414,282277.8474845818,26524.514866558427,15722.152515418013
124500.00000000003,201870.29074627036,201773.84437493255,-77370.29074627033,-77273.84437493252
749000.0,683695.9528282444,702103.7426352693,65304.04717175558,46896.2573647307
205000.0,418797.11118922156,450855.88186479383,-213797.11118922156,-245855.88186479383
40000.0,80748.46357224595,79851.67540500232,-40748.46357224595,-39851.675405002316
351449.99999999994,301174.9631138501,299703.3558320613,50275.03688614984,51746.64416793862
649999.9999999995,297781.50067570485,299028.3091522623,352218.4993242947,350971.69084773725
60999.999999999956,168455.42028627463,162649.09974969487,-107455.42028627468,-101649.09974969491
534999.9999999995,478322.36864872393,461689.4092059801,56677.6313512756,73310.59079401946
794000.0000000007,426149.3958456996,442409.3543140399,367850.6041543011,351590.6456859608
382999.9999999997,266798.02054755704,286139.0744751312,116201.97945244267,96860.92552486854
134160.0,167602.2531856162,166789.70672137008,-33442.253185616195,-32629.70672137008
607999.9999999998,449481.7456954812,485040.3206828148,158518.25430451857,122959.67931718496
540000.0000000001,424913.3960082592,449559.15038133715,115086.6039917409,90440.84961866296
440000.0000000002,391927.5335869984,400598.58440057846,48072.46641300176,39401.415599421714
120000.00000000004,189623.36196840476,182901.8103991914,-69623.36196840472,-62901.81039919135
215999.99999999985,357224.4211778759,364254.36546872056,-141224.42117787604,-148254.3654687207
64800.000000000044,84439.94590044826,81289.37341607086,-19639.94590044822,-16489.37341607081
1194999.999999999,377370.355092856,394280.96159421094,817629.6449071431,800719.0384057881
579999.9999999997,382582.7592381838,398231.03894153686,197417.24076181586,181768.9610584628
1099999.9999999998,788246.1804372648,769438.8187871975,311753.8195627349,330561.1812128023
455999.99999999977,325843.6866194423,338459.07043263176,130156.31338055746,117540.929567368
134999.99999999997,181301.0774097344,176874.62607359653,-46301.077409734426,-41874.62607359656
242000.00000000017,206178.43753411132,200489.84767132645,35821.562465888856,41510.15232867372
218400.00000000006,252800.21499066995,247484.25986825445,-34400.21499066989,-29084.25986825439
343000.00000000006,246316.07334680195,252519.298543299,96683.92665319811,90480.70145670106
1485000.0000000012,877931.4171685223,954161.7813746559,607068.5828314789,530838.2186253453
416999.9999999998,386796.05596818496,406006.50001242745,30203.94403181487,10993.499987572373
149800.00000000003,134440.15549010158,134319.72767743398,15359.844509898452,15480.272322566045
214000.00000000017,234344.1923932875,234947.15459517934,-20344.192393287318,-20947.154595179163
415000.00000000006,519315.98277528415,537053.3496328663,-104315.9827752841,-122053.34963286627
187500.0,114487.62463458098,119875.62362434554,73012.37536541902,67624.37637565446
312999.9999999999,250325.25996107393,253018.5694931231,62674.74003892596,59981.430506876786
330150.00000000023,262271.0307814015,261660.95260434863,67878.96921859874,68489.0473956516
1175000.0,565519.4384476538,583868.9861020299,609480.5615523462,591131.0138979701
576800.0000000005,520544.94090904185,557610.903469998,56255.05909095862,19189.096530002425
625000.0000000002,593693.1189070563,596904.6624017732,31306.88109294395,28095.33759822708
794999.9999999998,672391.0560575603,756401.0960297288,122608.94394243951,38598.903970271
198000.00000000006,132561.0204949324,128592.8393136206,65438.97950506766,69407.16068637946
